
Note: No compatibility mode selected!

warning, model type mismatch in line
    q121a nmiri nmiri nme1 ls350
warning, model type mismatch in line
    q121b nhi nmiri nme2 ls350
warning, model type mismatch in line
    q121a nmiri nmiri nme1 ls350
warning, model type mismatch in line
    q121b nhi nmiri nme2 ls350

Circuit: tb_l48b_scatti - l48b variante 4: il gradino al jack a uno scatto del volume o del trim

Warning: Model issue on line 122 :
  .model lsk489a njf(beta=2.2m betatce=-.5 rd=11 rs=30 lambda=4.3m vto=-1. ...
unrecognized parameter (isr) - ignored
unrecognized parameter (alpha) - ignored
unrecognized parameter (vk) - ignored
unrecognized parameter (mj) - ignored

Doing analysis at TEMP = 27.000000 and TNOM = 27.000000

Using SPARSE 1.3 as Direct Linear Solver

Initial Transient Solution
--------------------------

Node                                   Voltage
----                                   -------
vplus                                       15
vminus                                     -15
vsn                                          0
jin                                          0
sel                                4.87995e-09
selk                               4.87995e-09
ain                                2.30749e-05
xa.nref                               -13.6718
xa.ncasc                               9.86857
xa.nx                                   1.0187
xa.nhi                                 13.5712
aout                               -0.00660002
afb                                    -0.0066
xa.vpf                                 14.8482
xa.nrefm                              -14.3359
xa.d1n                                 9.18095
xa.g1                              2.30749e-05
xa.s1                                0.0672412
xa.d2n                                 9.18118
xa.g2                                  -0.0066
xa.s2                                0.0653525
xa.src                               -0.158975
xa.nte                                -14.3772
xa.nmiri                               13.6537
xa.nme1                                14.3604
xa.nme2                                14.3593
xa.nve                                 14.2437
xa.ny                                 -1.00245
xa.nvle                                -14.401
xa.nbb                                -0.27485
xa.nbn                                  1.0167
xa.nen                                0.448695
xa.nbp                                -1.00156
xa.nep                               -0.461977
arg                                -0.00659998
arg10                                  -0.0066
aoc                                -0.00660002
tap6                               -0.00345449
tap12                              -0.00172725
atop                               -0.00660002
nt1r                                         1
t2c                                -0.00345449
nt1s                                         0
nt2r                                         1
nt2s                                         0
att                                7.15936e-11
t1                                 7.15936e-11
t2                                 5.68688e-11
wip                                7.15951e-11
nw1                                          1
nw2                                          0
bin                                7.15951e-11
xb.nref                               -13.6718
xb.ncasc                               9.86857
xb.nx                                  1.01872
xb.nhi                                 13.5712
bout                               -0.00662318
bfb                                -0.00662316
xb.vpf                                 14.8482
xb.nrefm                              -14.3359
xb.d1n                                 9.18095
xb.g1                              7.31214e-11
xb.s1                                0.0672181
xb.d2n                                 9.18118
xb.g2                              -0.00662316
xb.s2                                0.0653295
xb.src                               -0.158998
xb.nte                                -14.3772
xb.nmiri                               13.6537
xb.nme1                                14.3604
xb.nme2                                14.3593
xb.nve                                 14.2437
xb.ny                                 -1.00243
xb.nvle                                -14.401
xb.nbb                                -0.27483
xb.nbn                                 1.01672
xb.nen                                0.448713
xb.nbp                                -1.00154
xb.nep                               -0.461959
brg                                -0.00662313
brg10                              -0.00662315
bouta                              -0.00662318
jack                                         0
vw2#branch                                   0
vw1#branch                                   0
vt2s#branch                                  0
vt2r#branch                                  0
vt1s#branch                                  0
vt1r#branch                                  0
vosa#branch                       -1.03829e-14
vsrc#branch                                  0
vmm#branch                           0.0754484
vpp#branch                          -0.0734032


No. of Data Rows : 24038
vam                 =  -6.60002e-03
jb                  =  -2.78417e-11
jmax                =  1.52072e-08 at=  2.07566e-02
jmin                =  -7.37285e-10 at=  2.10017e-02
Doing analysis at TEMP = 27.000000 and TNOM = 27.000000

Using SPARSE 1.3 as Direct Linear Solver

Initial Transient Solution
--------------------------

Node                                   Voltage
----                                   -------
vplus                                       15
vminus                                     -15
vsn                                          0
jin                                          0
sel                                4.87995e-09
selk                               4.87995e-09
ain                                2.30749e-05
xa.nref                               -13.6718
xa.ncasc                               9.86857
xa.nx                                   1.0187
xa.nhi                                 13.5712
aout                               -0.00660002
afb                                    -0.0066
xa.vpf                                 14.8482
xa.nrefm                              -14.3359
xa.d1n                                 9.18095
xa.g1                              2.30749e-05
xa.s1                                0.0672412
xa.d2n                                 9.18118
xa.g2                                  -0.0066
xa.s2                                0.0653525
xa.src                               -0.158975
xa.nte                                -14.3772
xa.nmiri                               13.6537
xa.nme1                                14.3604
xa.nme2                                14.3593
xa.nve                                 14.2437
xa.ny                                 -1.00245
xa.nvle                                -14.401
xa.nbb                                -0.27485
xa.nbn                                  1.0167
xa.nen                                0.448695
xa.nbp                                -1.00156
xa.nep                               -0.461977
arg                                -0.00659998
arg10                                  -0.0066
aoc                                -0.00660002
tap6                               -0.00345449
tap12                              -0.00172725
atop                               -0.00660002
nt1r                                         1
t2c                                -0.00345449
nt1s                                         0
nt2r                                         1
nt2s                                         0
att                                7.15936e-11
t1                                 7.15936e-11
t2                                 5.68688e-11
wip                                7.15951e-11
nw1                                          1
nw2                                          0
bin                                7.15951e-11
xb.nref                               -13.6718
xb.ncasc                               9.86857
xb.nx                                  1.01872
xb.nhi                                 13.5712
bout                               -0.00662318
bfb                                -0.00662316
xb.vpf                                 14.8482
xb.nrefm                              -14.3359
xb.d1n                                 9.18095
xb.g1                              7.31214e-11
xb.s1                                0.0672181
xb.d2n                                 9.18118
xb.g2                              -0.00662316
xb.s2                                0.0653295
xb.src                               -0.158998
xb.nte                                -14.3772
xb.nmiri                               13.6537
xb.nme1                                14.3604
xb.nme2                                14.3593
xb.nve                                 14.2437
xb.ny                                 -1.00243
xb.nvle                                -14.401
xb.nbb                                -0.27483
xb.nbn                                 1.01672
xb.nen                                0.448713
xb.nbp                                -1.00154
xb.nep                               -0.461959
brg                                -0.00662313
brg10                              -0.00662315
bouta                              -0.00662318
jack                                         0
vw2#branch                                   0
vw1#branch                                   0
vt2s#branch                                  0
vt2r#branch                                  0
vt1s#branch                                  0
vt1r#branch                                  0
vosa#branch                       -1.03829e-14
vsrc#branch                                  0
vmm#branch                           0.0754484
vpp#branch                          -0.0734032


No. of Data Rows : 24038
vam                 =  -6.60002e-03
jb                  =  -2.78417e-11
jmax                =  3.97230e-11 at=  1.13537e-01
jmin                =  -4.44478e-11 at=  2.02366e-02
Doing analysis at TEMP = 27.000000 and TNOM = 27.000000

Using SPARSE 1.3 as Direct Linear Solver

Initial Transient Solution
--------------------------

Node                                   Voltage
----                                   -------
vplus                                       15
vminus                                     -15
vsn                                          0
jin                                          0
sel                                4.87995e-09
selk                               4.87995e-09
ain                                2.30749e-05
xa.nref                               -13.6718
xa.ncasc                               9.86857
xa.nx                                   1.0187
xa.nhi                                 13.5712
aout                               -0.00660002
afb                                    -0.0066
xa.vpf                                 14.8482
xa.nrefm                              -14.3359
xa.d1n                                 9.18095
xa.g1                              2.30749e-05
xa.s1                                0.0672412
xa.d2n                                 9.18118
xa.g2                                  -0.0066
xa.s2                                0.0653525
xa.src                               -0.158975
xa.nte                                -14.3772
xa.nmiri                               13.6537
xa.nme1                                14.3604
xa.nme2                                14.3593
xa.nve                                 14.2437
xa.ny                                 -1.00245
xa.nvle                                -14.401
xa.nbb                                -0.27485
xa.nbn                                  1.0167
xa.nen                                0.448695
xa.nbp                                -1.00156
xa.nep                               -0.461977
arg                                -0.00659998
arg10                                  -0.0066
aoc                                -0.00660002
tap6                               -0.00345449
tap12                              -0.00172725
atop                               -0.00660002
nt1r                                         1
t2c                                -0.00345449
nt1s                                         0
nt2r                                         1
nt2s                                         0
att                               -5.04883e-11
t1                                 2.91717e-12
t2                                 3.43074e-12
wip                                3.43227e-12
nw1                                          0
nw2                                          1
bin                                3.43228e-12
xb.nref                               -13.6718
xb.ncasc                               9.86857
xb.nx                                  1.01872
xb.nhi                                 13.5712
bout                               -0.00662318
bfb                                -0.00662316
xb.vpf                                 14.8482
xb.nrefm                              -14.3359
xb.d1n                                 9.18095
xb.g1                              4.95857e-12
xb.s1                                0.0672181
xb.d2n                                 9.18118
xb.g2                              -0.00662316
xb.s2                                0.0653295
xb.src                               -0.158998
xb.nte                                -14.3772
xb.nmiri                               13.6537
xb.nme1                                14.3604
xb.nme2                                14.3593
xb.nve                                 14.2437
xb.ny                                 -1.00243
xb.nvle                                -14.401
xb.nbb                                -0.27483
xb.nbn                                 1.01672
xb.nen                                0.448713
xb.nbp                                -1.00154
xb.nep                               -0.461959
brg                                -0.00662313
brg10                              -0.00662315
bouta                              -0.00662318
jack                                         0
vw2#branch                                   0
vw1#branch                                   0
vt2s#branch                                  0
vt2r#branch                                  0
vt1s#branch                                  0
vt1r#branch                                  0
vosa#branch                       -1.03829e-14
vsrc#branch                                  0
vmm#branch                           0.0754484
vpp#branch                          -0.0734032


No. of Data Rows : 24038
vam                 =  -6.60002e-03
jb                  =  4.23091e-11
jmax                =  1.52647e-08 at=  2.07716e-02
jmin                =  -6.39358e-10 at=  2.10017e-02
Doing analysis at TEMP = 27.000000 and TNOM = 27.000000

Using SPARSE 1.3 as Direct Linear Solver

Initial Transient Solution
--------------------------

Node                                   Voltage
----                                   -------
vplus                                       15
vminus                                     -15
vsn                                          0
jin                                          0
sel                                4.87995e-09
selk                               4.87995e-09
ain                                2.30749e-05
xa.nref                               -13.6718
xa.ncasc                               9.86857
xa.nx                                   1.0187
xa.nhi                                 13.5712
aout                               -0.00660002
afb                                    -0.0066
xa.vpf                                 14.8482
xa.nrefm                              -14.3359
xa.d1n                                 9.18095
xa.g1                              2.30749e-05
xa.s1                                0.0672412
xa.d2n                                 9.18118
xa.g2                                  -0.0066
xa.s2                                0.0653525
xa.src                               -0.158975
xa.nte                                -14.3772
xa.nmiri                               13.6537
xa.nme1                                14.3604
xa.nme2                                14.3593
xa.nve                                 14.2437
xa.ny                                 -1.00245
xa.nvle                                -14.401
xa.nbb                                -0.27485
xa.nbn                                  1.0167
xa.nen                                0.448695
xa.nbp                                -1.00156
xa.nep                               -0.461977
arg                                -0.00659998
arg10                                  -0.0066
aoc                                -0.00660002
tap6                               -0.00345449
tap12                              -0.00172725
atop                               -0.00660002
nt1r                                         1
t2c                                -0.00345449
nt1s                                         0
nt2r                                         1
nt2s                                         0
att                               -5.04883e-11
t1                                 2.91717e-12
t2                                 3.43074e-12
wip                                3.43227e-12
nw1                                          0
nw2                                          1
bin                                3.43228e-12
xb.nref                               -13.6718
xb.ncasc                               9.86857
xb.nx                                  1.01872
xb.nhi                                 13.5712
bout                               -0.00662318
bfb                                -0.00662316
xb.vpf                                 14.8482
xb.nrefm                              -14.3359
xb.d1n                                 9.18095
xb.g1                              4.95857e-12
xb.s1                                0.0672181
xb.d2n                                 9.18118
xb.g2                              -0.00662316
xb.s2                                0.0653295
xb.src                               -0.158998
xb.nte                                -14.3772
xb.nmiri                               13.6537
xb.nme1                                14.3604
xb.nme2                                14.3593
xb.nve                                 14.2437
xb.ny                                 -1.00243
xb.nvle                                -14.401
xb.nbb                                -0.27483
xb.nbn                                 1.01672
xb.nen                                0.448713
xb.nbp                                -1.00154
xb.nep                               -0.461959
brg                                -0.00662313
brg10                              -0.00662315
bouta                              -0.00662318
jack                                         0
vw2#branch                                   0
vw1#branch                                   0
vt2s#branch                                  0
vt2r#branch                                  0
vt1s#branch                                  0
vt1r#branch                                  0
vosa#branch                       -1.03829e-14
vsrc#branch                                  0
vmm#branch                           0.0754484
vpp#branch                          -0.0734032


No. of Data Rows : 24038
vam                 =  -6.60002e-03
jb                  =  4.23091e-11
jmax                =  5.76756e-11 at=  2.01016e-02
jmin                =  2.69546e-11 at=  1.19907e-01
Doing analysis at TEMP = 27.000000 and TNOM = 27.000000

Using SPARSE 1.3 as Direct Linear Solver

Initial Transient Solution
--------------------------

Node                                   Voltage
----                                   -------
vplus                                       15
vminus                                     -15
vsn                                          0
jin                                          0
sel                                4.87995e-09
selk                               4.87995e-09
ain                                2.30749e-05
xa.nref                               -13.6718
xa.ncasc                               9.86857
xa.nx                                   1.0187
xa.nhi                                 13.5712
aout                               -0.00660002
afb                                    -0.0066
xa.vpf                                 14.8482
xa.nrefm                              -14.3359
xa.d1n                                 9.18095
xa.g1                              2.30749e-05
xa.s1                                0.0672412
xa.d2n                                 9.18118
xa.g2                                  -0.0066
xa.s2                                0.0653525
xa.src                               -0.158975
xa.nte                                -14.3772
xa.nmiri                               13.6537
xa.nme1                                14.3604
xa.nme2                                14.3593
xa.nve                                 14.2437
xa.ny                                 -1.00245
xa.nvle                                -14.401
xa.nbb                                -0.27485
xa.nbn                                  1.0167
xa.nen                                0.448695
xa.nbp                                -1.00156
xa.nep                               -0.461977
arg                                -0.00659998
arg10                                  -0.0066
aoc                                -0.00660002
tap6                               -0.00345449
tap12                              -0.00172725
atop                               -0.00660002
nt1r                                         1
t2c                                -0.00345449
nt1s                                         0
nt2r                                         1
nt2s                                         0
att                                7.15936e-11
t1                                 7.15936e-11
t2                                 5.68688e-11
wip                                7.15951e-11
nw1                                          1
nw2                                          0
bin                                7.15951e-11
xb.nref                               -13.6718
xb.ncasc                               9.86857
xb.nx                                  1.01872
xb.nhi                                 13.5712
bout                               -0.00662318
bfb                                -0.00662316
xb.vpf                                 14.8482
xb.nrefm                              -14.3359
xb.d1n                                 9.18095
xb.g1                              7.31214e-11
xb.s1                                0.0672181
xb.d2n                                 9.18118
xb.g2                              -0.00662316
xb.s2                                0.0653295
xb.src                               -0.158998
xb.nte                                -14.3772
xb.nmiri                               13.6537
xb.nme1                                14.3604
xb.nme2                                14.3593
xb.nve                                 14.2437
xb.ny                                 -1.00243
xb.nvle                                -14.401
xb.nbb                                -0.27483
xb.nbn                                 1.01672
xb.nen                                0.448713
xb.nbp                                -1.00154
xb.nep                               -0.461959
brg                                -0.00662313
brg10                              -0.00662315
bouta                              -0.00662318
jack                                         0
vw2#branch                                   0
vw1#branch                                   0
vt2s#branch                                  0
vt2r#branch                                  0
vt1s#branch                                  0
vt1r#branch                                  0
vosa#branch                       -1.03829e-14
vsrc#branch                                  0
vmm#branch                           0.0754484
vpp#branch                          -0.0734032


No. of Data Rows : 24048
vam                 =  -6.60002e-03
jb                  =  -2.78417e-11
jmax                =  3.10937e-03 at=  2.10016e-02
jmin                =  -3.87100e-11 at=  1.99714e-02
Doing analysis at TEMP = 27.000000 and TNOM = 27.000000

Using SPARSE 1.3 as Direct Linear Solver

Initial Transient Solution
--------------------------

Node                                   Voltage
----                                   -------
vplus                                       15
vminus                                     -15
vsn                                          0
jin                                          0
sel                                4.87995e-09
selk                               4.87995e-09
ain                                2.30749e-05
xa.nref                               -13.6718
xa.ncasc                               9.86857
xa.nx                                   1.0187
xa.nhi                                 13.5712
aout                               -0.00660002
afb                                    -0.0066
xa.vpf                                 14.8482
xa.nrefm                              -14.3359
xa.d1n                                 9.18095
xa.g1                              2.30749e-05
xa.s1                                0.0672412
xa.d2n                                 9.18118
xa.g2                                  -0.0066
xa.s2                                0.0653525
xa.src                               -0.158975
xa.nte                                -14.3772
xa.nmiri                               13.6537
xa.nme1                                14.3604
xa.nme2                                14.3593
xa.nve                                 14.2437
xa.ny                                 -1.00245
xa.nvle                                -14.401
xa.nbb                                -0.27485
xa.nbn                                  1.0167
xa.nen                                0.448695
xa.nbp                                -1.00156
xa.nep                               -0.461977
arg                                -0.00659998
arg10                                  -0.0066
aoc                                -0.00660002
tap6                               -0.00345449
tap12                              -0.00172725
atop                               -0.00345449
nt1r                                         0
t2c                                -0.00345449
nt1s                                         1
nt2r                                         1
nt2s                                         0
att                                9.75896e-11
t1                                 9.75896e-11
t2                                 7.75182e-11
wip                                9.75912e-11
nw1                                          1
nw2                                          0
bin                                9.75912e-11
xb.nref                               -13.6718
xb.ncasc                               9.86857
xb.nx                                  1.01872
xb.nhi                                 13.5712
bout                               -0.00662318
bfb                                -0.00662316
xb.vpf                                 14.8482
xb.nrefm                              -14.3359
xb.d1n                                 9.18095
xb.g1                              9.91175e-11
xb.s1                                0.0672181
xb.d2n                                 9.18118
xb.g2                              -0.00662316
xb.s2                                0.0653295
xb.src                               -0.158998
xb.nte                                -14.3772
xb.nmiri                               13.6537
xb.nme1                                14.3604
xb.nme2                                14.3593
xb.nve                                 14.2437
xb.ny                                 -1.00243
xb.nvle                                -14.401
xb.nbb                                -0.27483
xb.nbn                                 1.01672
xb.nen                                0.448713
xb.nbp                                -1.00154
xb.nep                               -0.461959
brg                                -0.00662313
brg10                              -0.00662315
bouta                              -0.00662318
jack                                         0
vw2#branch                                   0
vw1#branch                                   0
vt2s#branch                                  0
vt2r#branch                                  0
vt1s#branch                                  0
vt1r#branch                                  0
vosa#branch                       -1.03829e-14
vsrc#branch                                  0
vmm#branch                           0.0754484
vpp#branch                          -0.0734032


No. of Data Rows : 24047
vam                 =  -6.60002e-03
jb                  =  9.44995e-11
jmax                =  1.72857e-03 at=  2.10014e-02
jmin                =  5.96536e-11 at=  2.01316e-02
Doing analysis at TEMP = 27.000000 and TNOM = 27.000000

Using SPARSE 1.3 as Direct Linear Solver

Initial Transient Solution
--------------------------

Node                                   Voltage
----                                   -------
vplus                                       15
vminus                                     -15
vsn                                          0
jin                                          0
sel                                4.87995e-09
selk                               4.87995e-09
ain                                2.30749e-05
xa.nref                               -13.6718
xa.ncasc                               9.86857
xa.nx                                   1.0187
xa.nhi                                 13.5712
aout                               -0.00660002
afb                                    -0.0066
xa.vpf                                 14.8482
xa.nrefm                              -14.3359
xa.d1n                                 9.18095
xa.g1                              2.30749e-05
xa.s1                                0.0672412
xa.d2n                                 9.18118
xa.g2                                  -0.0066
xa.s2                                0.0653525
xa.src                               -0.158975
xa.nte                                -14.3772
xa.nmiri                               13.6537
xa.nme1                                14.3604
xa.nme2                                14.3593
xa.nve                                 14.2437
xa.ny                                 -1.00245
xa.nvle                                -14.401
xa.nbb                                -0.27485
xa.nbn                                  1.0167
xa.nen                                0.448695
xa.nbp                                -1.00156
xa.nep                               -0.461977
arg                                -0.00659998
arg10                                  -0.0066
aoc                                -0.00660002
tap6                               -0.00345449
tap12                              -0.00172725
atop                               -0.00660002
nt1r                                         1
t2c                                -0.00345449
nt1s                                         0
nt2r                                         1
nt2s                                         0
att                                7.15936e-11
t1                                 7.15936e-11
t2                                 5.68688e-11
wip                                7.15951e-11
nw1                                          1
nw2                                          0
bin                                7.15951e-11
xb.nref                               -13.6718
xb.ncasc                               9.86857
xb.nx                                  1.01591
xb.nhi                                 13.5712
bout                               -0.00940541
bfb                                 -0.0066228
xb.vpf                                 14.8482
xb.nrefm                              -14.3359
xb.d1n                                 9.18095
xb.g1                              7.31214e-11
xb.s1                                0.0672183
xb.d2n                                 9.18118
xb.g2                               -0.0066228
xb.s2                                0.0653297
xb.src                               -0.158998
xb.nte                                -14.3772
xb.nmiri                               13.6537
xb.nme1                                14.3604
xb.nme2                                14.3593
xb.nve                                 14.2437
xb.ny                                 -1.00523
xb.nvle                                -14.401
xb.nbb                               -0.277637
xb.nbn                                 1.01391
xb.nen                                0.445909
xb.nbp                                -1.00435
xb.nep                               -0.464761
brg                               -1.85507e-07
brg10                              -0.00662279
bouta                              -0.00940541
jack                                         0
vw2#branch                                   0
vw1#branch                                   0
vt2s#branch                                  0
vt2r#branch                                  0
vt1s#branch                                  0
vt1r#branch                                  0
vosa#branch                       -1.03829e-14
vsrc#branch                                  0
vmm#branch                           0.0754493
vpp#branch                          -0.0734022


No. of Data Rows : 24038
vam                 =  -6.60002e-03
jb                  =  5.55723e-11
jmax                =  2.15669e-08 at=  2.07816e-02
jmin                =  -5.60394e-11 at=  2.10038e-02
Doing analysis at TEMP = 27.000000 and TNOM = 27.000000

Using SPARSE 1.3 as Direct Linear Solver

Initial Transient Solution
--------------------------

Node                                   Voltage
----                                   -------
vplus                                       15
vminus                                     -15
vsn                                          0
jin                                          0
sel                                4.87995e-09
selk                               4.87995e-09
ain                                2.30749e-05
xa.nref                               -13.6718
xa.ncasc                               9.86857
xa.nx                                   1.0187
xa.nhi                                 13.5712
aout                               -0.00660002
afb                                    -0.0066
xa.vpf                                 14.8482
xa.nrefm                              -14.3359
xa.d1n                                 9.18095
xa.g1                              2.30749e-05
xa.s1                                0.0672412
xa.d2n                                 9.18118
xa.g2                                  -0.0066
xa.s2                                0.0653525
xa.src                               -0.158975
xa.nte                                -14.3772
xa.nmiri                               13.6537
xa.nme1                                14.3604
xa.nme2                                14.3593
xa.nve                                 14.2437
xa.ny                                 -1.00245
xa.nvle                                -14.401
xa.nbb                                -0.27485
xa.nbn                                  1.0167
xa.nen                                0.448695
xa.nbp                                -1.00156
xa.nep                               -0.461977
arg                                -0.00659998
arg10                                  -0.0066
aoc                                -0.00660002
tap6                               -0.00345449
tap12                              -0.00172725
atop                               -0.00660002
nt1r                                         1
t2c                                -0.00345449
nt1s                                         0
nt2r                                         1
nt2s                                         0
att                                7.15936e-11
t1                                 7.15936e-11
t2                                 5.68688e-11
wip                                7.15951e-11
nw1                                          1
nw2                                          0
bin                                7.15951e-11
xb.nref                               -13.6718
xb.ncasc                               9.86857
xb.nx                                  1.01591
xb.nhi                                 13.5712
bout                               -0.00940541
bfb                                 -0.0066228
xb.vpf                                 14.8482
xb.nrefm                              -14.3359
xb.d1n                                 9.18095
xb.g1                              7.31214e-11
xb.s1                                0.0672183
xb.d2n                                 9.18118
xb.g2                               -0.0066228
xb.s2                                0.0653297
xb.src                               -0.158998
xb.nte                                -14.3772
xb.nmiri                               13.6537
xb.nme1                                14.3604
xb.nme2                                14.3593
xb.nve                                 14.2437
xb.ny                                 -1.00523
xb.nvle                                -14.401
xb.nbb                               -0.277637
xb.nbn                                 1.01391
xb.nen                                0.445909
xb.nbp                                -1.00435
xb.nep                               -0.464761
brg                               -1.85507e-07
brg10                              -0.00662279
bouta                              -0.00940541
jack                                         0
vw2#branch                                   0
vw1#branch                                   0
vt2s#branch                                  0
vt2r#branch                                  0
vt1s#branch                                  0
vt1r#branch                                  0
vosa#branch                       -1.03829e-14
vsrc#branch                                  0
vmm#branch                           0.0754493
vpp#branch                          -0.0734022


No. of Data Rows : 24038
vam                 =  -6.60002e-03
jb                  =  5.55723e-11
jmax                =  8.13613e-11 at=  2.17766e-02
jmin                =  2.18637e-11 at=  1.19447e-01
Doing analysis at TEMP = 27.000000 and TNOM = 27.000000

Using SPARSE 1.3 as Direct Linear Solver

Initial Transient Solution
--------------------------

Node                                   Voltage
----                                   -------
vplus                                       15
vminus                                     -15
vsn                                          0
jin                                          0
sel                                4.87995e-09
selk                               4.87995e-09
ain                                2.30749e-05
xa.nref                               -13.6718
xa.ncasc                               9.86857
xa.nx                                   1.0187
xa.nhi                                 13.5712
aout                               -0.00660002
afb                                    -0.0066
xa.vpf                                 14.8482
xa.nrefm                              -14.3359
xa.d1n                                 9.18095
xa.g1                              2.30749e-05
xa.s1                                0.0672412
xa.d2n                                 9.18118
xa.g2                                  -0.0066
xa.s2                                0.0653525
xa.src                               -0.158975
xa.nte                                -14.3772
xa.nmiri                               13.6537
xa.nme1                                14.3604
xa.nme2                                14.3593
xa.nve                                 14.2437
xa.ny                                 -1.00245
xa.nvle                                -14.401
xa.nbb                                -0.27485
xa.nbn                                  1.0167
xa.nen                                0.448695
xa.nbp                                -1.00156
xa.nep                               -0.461977
arg                                -0.00659998
arg10                                  -0.0066
aoc                                -0.00660002
tap6                               -0.00345449
tap12                              -0.00172725
atop                               -0.00660002
nt1r                                         1
t2c                                -0.00345449
nt1s                                         0
nt2r                                         1
nt2s                                         0
att                               -5.04883e-11
t1                                 2.91717e-12
t2                                 3.43074e-12
wip                                3.43227e-12
nw1                                          0
nw2                                          1
bin                                3.43228e-12
xb.nref                               -13.6718
xb.ncasc                               9.86857
xb.nx                                  1.01591
xb.nhi                                 13.5712
bout                               -0.00940541
bfb                                 -0.0066228
xb.vpf                                 14.8482
xb.nrefm                              -14.3359
xb.d1n                                 9.18095
xb.g1                              4.95857e-12
xb.s1                                0.0672183
xb.d2n                                 9.18118
xb.g2                               -0.0066228
xb.s2                                0.0653297
xb.src                               -0.158998
xb.nte                                -14.3772
xb.nmiri                               13.6537
xb.nme1                                14.3604
xb.nme2                                14.3593
xb.nve                                 14.2437
xb.ny                                 -1.00523
xb.nvle                                -14.401
xb.nbb                               -0.277637
xb.nbn                                 1.01391
xb.nen                                0.445909
xb.nbp                                -1.00435
xb.nep                               -0.464761
brg                               -1.85507e-07
brg10                              -0.00662279
bouta                              -0.00940541
jack                                         0
vw2#branch                                   0
vw1#branch                                   0
vt2s#branch                                  0
vt2r#branch                                  0
vt1s#branch                                  0
vt1r#branch                                  0
vosa#branch                       -1.03829e-14
vsrc#branch                                  0
vmm#branch                           0.0754493
vpp#branch                          -0.0734022


No. of Data Rows : 24038
vam                 =  -6.60002e-03
jb                  =  5.63430e-11
jmax                =  2.16609e-08 at=  2.08616e-02
jmin                =  -8.77956e-11 at=  2.10038e-02
Doing analysis at TEMP = 27.000000 and TNOM = 27.000000

Using SPARSE 1.3 as Direct Linear Solver

Initial Transient Solution
--------------------------

Node                                   Voltage
----                                   -------
vplus                                       15
vminus                                     -15
vsn                                          0
jin                                          0
sel                                4.87995e-09
selk                               4.87995e-09
ain                                2.30749e-05
xa.nref                               -13.6718
xa.ncasc                               9.86857
xa.nx                                   1.0187
xa.nhi                                 13.5712
aout                               -0.00660002
afb                                    -0.0066
xa.vpf                                 14.8482
xa.nrefm                              -14.3359
xa.d1n                                 9.18095
xa.g1                              2.30749e-05
xa.s1                                0.0672412
xa.d2n                                 9.18118
xa.g2                                  -0.0066
xa.s2                                0.0653525
xa.src                               -0.158975
xa.nte                                -14.3772
xa.nmiri                               13.6537
xa.nme1                                14.3604
xa.nme2                                14.3593
xa.nve                                 14.2437
xa.ny                                 -1.00245
xa.nvle                                -14.401
xa.nbb                                -0.27485
xa.nbn                                  1.0167
xa.nen                                0.448695
xa.nbp                                -1.00156
xa.nep                               -0.461977
arg                                -0.00659998
arg10                                  -0.0066
aoc                                -0.00660002
tap6                               -0.00345449
tap12                              -0.00172725
atop                               -0.00660002
nt1r                                         1
t2c                                -0.00345449
nt1s                                         0
nt2r                                         1
nt2s                                         0
att                               -5.04883e-11
t1                                 2.91717e-12
t2                                 3.43074e-12
wip                                3.43227e-12
nw1                                          0
nw2                                          1
bin                                3.43228e-12
xb.nref                               -13.6718
xb.ncasc                               9.86857
xb.nx                                  1.01591
xb.nhi                                 13.5712
bout                               -0.00940541
bfb                                 -0.0066228
xb.vpf                                 14.8482
xb.nrefm                              -14.3359
xb.d1n                                 9.18095
xb.g1                              4.95857e-12
xb.s1                                0.0672183
xb.d2n                                 9.18118
xb.g2                               -0.0066228
xb.s2                                0.0653297
xb.src                               -0.158998
xb.nte                                -14.3772
xb.nmiri                               13.6537
xb.nme1                                14.3604
xb.nme2                                14.3593
xb.nve                                 14.2437
xb.ny                                 -1.00523
xb.nvle                                -14.401
xb.nbb                               -0.277637
xb.nbn                                 1.01391
xb.nen                                0.445909
xb.nbp                                -1.00435
xb.nep                               -0.464761
brg                               -1.85507e-07
brg10                              -0.00662279
bouta                              -0.00940541
jack                                         0
vw2#branch                                   0
vw1#branch                                   0
vt2s#branch                                  0
vt2r#branch                                  0
vt1s#branch                                  0
vt1r#branch                                  0
vosa#branch                       -1.03829e-14
vsrc#branch                                  0
vmm#branch                           0.0754493
vpp#branch                          -0.0734022


No. of Data Rows : 24038
vam                 =  -6.60002e-03
jb                  =  5.63430e-11
jmax                =  6.79112e-11 at=  2.01316e-02
jmin                =  3.05257e-11 at=  1.09912e-01
Doing analysis at TEMP = 27.000000 and TNOM = 27.000000

Using SPARSE 1.3 as Direct Linear Solver

Initial Transient Solution
--------------------------

Node                                   Voltage
----                                   -------
vplus                                       15
vminus                                     -15
vsn                                          0
jin                                          0
sel                                4.87995e-09
selk                               4.87995e-09
ain                                2.30749e-05
xa.nref                               -13.6718
xa.ncasc                               9.86857
xa.nx                                   1.0187
xa.nhi                                 13.5712
aout                               -0.00660002
afb                                    -0.0066
xa.vpf                                 14.8482
xa.nrefm                              -14.3359
xa.d1n                                 9.18095
xa.g1                              2.30749e-05
xa.s1                                0.0672412
xa.d2n                                 9.18118
xa.g2                                  -0.0066
xa.s2                                0.0653525
xa.src                               -0.158975
xa.nte                                -14.3772
xa.nmiri                               13.6537
xa.nme1                                14.3604
xa.nme2                                14.3593
xa.nve                                 14.2437
xa.ny                                 -1.00245
xa.nvle                                -14.401
xa.nbb                                -0.27485
xa.nbn                                  1.0167
xa.nen                                0.448695
xa.nbp                                -1.00156
xa.nep                               -0.461977
arg                                -0.00659998
arg10                                  -0.0066
aoc                                -0.00660002
tap6                               -0.00345449
tap12                              -0.00172725
atop                               -0.00660002
nt1r                                         1
t2c                                -0.00345449
nt1s                                         0
nt2r                                         1
nt2s                                         0
att                                7.15936e-11
t1                                 7.15936e-11
t2                                 5.68688e-11
wip                                7.15951e-11
nw1                                          1
nw2                                          0
bin                                7.15951e-11
xb.nref                               -13.6718
xb.ncasc                               9.86857
xb.nx                                  1.01591
xb.nhi                                 13.5712
bout                               -0.00940541
bfb                                 -0.0066228
xb.vpf                                 14.8482
xb.nrefm                              -14.3359
xb.d1n                                 9.18095
xb.g1                              7.31214e-11
xb.s1                                0.0672183
xb.d2n                                 9.18118
xb.g2                               -0.0066228
xb.s2                                0.0653297
xb.src                               -0.158998
xb.nte                                -14.3772
xb.nmiri                               13.6537
xb.nme1                                14.3604
xb.nme2                                14.3593
xb.nve                                 14.2437
xb.ny                                 -1.00523
xb.nvle                                -14.401
xb.nbb                               -0.277637
xb.nbn                                 1.01391
xb.nen                                0.445909
xb.nbp                                -1.00435
xb.nep                               -0.464761
brg                               -1.85507e-07
brg10                              -0.00662279
bouta                              -0.00940541
jack                                         0
vw2#branch                                   0
vw1#branch                                   0
vt2s#branch                                  0
vt2r#branch                                  0
vt1s#branch                                  0
vt1r#branch                                  0
vosa#branch                       -1.03829e-14
vsrc#branch                                  0
vmm#branch                           0.0754493
vpp#branch                          -0.0734022


No. of Data Rows : 24044
vam                 =  -6.60002e-03
jb                  =  5.55723e-11
jmax                =  4.23720e-03 at=  2.10053e-02
jmin                =  4.89426e-11 at=  2.00000e-02
Doing analysis at TEMP = 27.000000 and TNOM = 27.000000

Using SPARSE 1.3 as Direct Linear Solver

Initial Transient Solution
--------------------------

Node                                   Voltage
----                                   -------
vplus                                       15
vminus                                     -15
vsn                                          0
jin                                          0
sel                                4.87995e-09
selk                               4.87995e-09
ain                                2.30749e-05
xa.nref                               -13.6718
xa.ncasc                               9.86857
xa.nx                                   1.0187
xa.nhi                                 13.5712
aout                               -0.00660002
afb                                    -0.0066
xa.vpf                                 14.8482
xa.nrefm                              -14.3359
xa.d1n                                 9.18095
xa.g1                              2.30749e-05
xa.s1                                0.0672412
xa.d2n                                 9.18118
xa.g2                                  -0.0066
xa.s2                                0.0653525
xa.src                               -0.158975
xa.nte                                -14.3772
xa.nmiri                               13.6537
xa.nme1                                14.3604
xa.nme2                                14.3593
xa.nve                                 14.2437
xa.ny                                 -1.00245
xa.nvle                                -14.401
xa.nbb                                -0.27485
xa.nbn                                  1.0167
xa.nen                                0.448695
xa.nbp                                -1.00156
xa.nep                               -0.461977
arg                                -0.00659998
arg10                                  -0.0066
aoc                                -0.00660002
tap6                               -0.00345449
tap12                              -0.00172725
atop                               -0.00345449
nt1r                                         0
t2c                                -0.00345449
nt1s                                         1
nt2r                                         1
nt2s                                         0
att                                9.75896e-11
t1                                 9.75896e-11
t2                                 7.75182e-11
wip                                9.75912e-11
nw1                                          1
nw2                                          0
bin                                9.75912e-11
xb.nref                               -13.6718
xb.ncasc                               9.86857
xb.nx                                  1.01591
xb.nhi                                 13.5712
bout                               -0.00940541
bfb                                 -0.0066228
xb.vpf                                 14.8482
xb.nrefm                              -14.3359
xb.d1n                                 9.18095
xb.g1                              9.91175e-11
xb.s1                                0.0672183
xb.d2n                                 9.18118
xb.g2                               -0.0066228
xb.s2                                0.0653297
xb.src                               -0.158998
xb.nte                                -14.3772
xb.nmiri                               13.6537
xb.nme1                                14.3604
xb.nme2                                14.3593
xb.nve                                 14.2437
xb.ny                                 -1.00523
xb.nvle                                -14.401
xb.nbb                               -0.277637
xb.nbn                                 1.01391
xb.nen                                0.445909
xb.nbp                                -1.00435
xb.nep                               -0.464761
brg                               -1.85507e-07
brg10                              -0.00662279
bouta                              -0.00940541
jack                                         0
vw2#branch                                   0
vw1#branch                                   0
vt2s#branch                                  0
vt2r#branch                                  0
vt1s#branch                                  0
vt1r#branch                                  0
vosa#branch                       -1.03829e-14
vsrc#branch                                  0
vmm#branch                           0.0754493
vpp#branch                          -0.0734022


No. of Data Rows : 24043
vam                 =  -6.60002e-03
jb                  =  5.30279e-11
jmax                =  2.35476e-03 at=  2.10036e-02
jmin                =  4.86307e-11 at=  2.00010e-02
Doing analysis at TEMP = 27.000000 and TNOM = 27.000000

Using SPARSE 1.3 as Direct Linear Solver

Initial Transient Solution
--------------------------

Node                                   Voltage
----                                   -------
vplus                                       15
vminus                                     -15
vsn                                          0
jin                                          0
sel                                4.87995e-09
selk                               4.87995e-09
ain                                2.30749e-05
xa.nref                               -13.6718
xa.ncasc                               9.86857
xa.nx                                   1.0187
xa.nhi                                 13.5712
aout                               -0.00660002
afb                                    -0.0066
xa.vpf                                 14.8482
xa.nrefm                              -14.3359
xa.d1n                                 9.18095
xa.g1                              2.30749e-05
xa.s1                                0.0672412
xa.d2n                                 9.18118
xa.g2                                  -0.0066
xa.s2                                0.0653525
xa.src                               -0.158975
xa.nte                                -14.3772
xa.nmiri                               13.6537
xa.nme1                                14.3604
xa.nme2                                14.3593
xa.nve                                 14.2437
xa.ny                                 -1.00245
xa.nvle                                -14.401
xa.nbb                                -0.27485
xa.nbn                                  1.0167
xa.nen                                0.448695
xa.nbp                                -1.00156
xa.nep                               -0.461977
arg                                -0.00659998
arg10                                  -0.0066
aoc                                -0.00660002
tap6                               -0.00345449
tap12                              -0.00172725
atop                               -0.00660002
nt1r                                         1
t2c                                -0.00345449
nt1s                                         0
nt2r                                         1
nt2s                                         0
att                                7.15936e-11
t1                                 7.15936e-11
t2                                 5.68688e-11
wip                                7.15951e-11
nw1                                          1
nw2                                          0
bin                                7.15951e-11
xb.nref                               -13.6718
xb.ncasc                               9.86857
xb.nx                                  1.00434
xb.nhi                                 13.5712
bout                                -0.0208707
bfb                                -0.00662131
xb.vpf                                 14.8482
xb.nrefm                              -14.3359
xb.d1n                                 9.18095
xb.g1                              7.31214e-11
xb.s1                                 0.067219
xb.d2n                                 9.18118
xb.g2                              -0.00662131
xb.s2                                0.0653309
xb.src                               -0.158997
xb.nte                                -14.3772
xb.nmiri                               13.6537
xb.nme1                                14.3604
xb.nme2                                14.3593
xb.nve                                 14.2437
xb.ny                                  -1.0168
xb.nvle                                -14.401
xb.nbb                               -0.289207
xb.nbn                                 1.00234
xb.nen                                0.434356
xb.nbp                                -1.01592
xb.nep                               -0.476306
brg                               -1.85466e-07
brg10                             -7.64497e-07
bouta                               -0.0208707
jack                                         0
vw2#branch                                   0
vw1#branch                                   0
vt2s#branch                                  0
vt2r#branch                                  0
vt1s#branch                                  0
vt1r#branch                                  0
vosa#branch                       -1.03829e-14
vsrc#branch                                  0
vmm#branch                           0.0754529
vpp#branch                          -0.0733981


No. of Data Rows : 24038
vam                 =  -6.60002e-03
jb                  =  1.08875e-10
jmax                =  4.78446e-08 at=  2.08066e-02
jmin                =  -2.66432e-10 at=  2.10066e-02
Doing analysis at TEMP = 27.000000 and TNOM = 27.000000

Using SPARSE 1.3 as Direct Linear Solver

Initial Transient Solution
--------------------------

Node                                   Voltage
----                                   -------
vplus                                       15
vminus                                     -15
vsn                                          0
jin                                          0
sel                                4.87995e-09
selk                               4.87995e-09
ain                                2.30749e-05
xa.nref                               -13.6718
xa.ncasc                               9.86857
xa.nx                                   1.0187
xa.nhi                                 13.5712
aout                               -0.00660002
afb                                    -0.0066
xa.vpf                                 14.8482
xa.nrefm                              -14.3359
xa.d1n                                 9.18095
xa.g1                              2.30749e-05
xa.s1                                0.0672412
xa.d2n                                 9.18118
xa.g2                                  -0.0066
xa.s2                                0.0653525
xa.src                               -0.158975
xa.nte                                -14.3772
xa.nmiri                               13.6537
xa.nme1                                14.3604
xa.nme2                                14.3593
xa.nve                                 14.2437
xa.ny                                 -1.00245
xa.nvle                                -14.401
xa.nbb                                -0.27485
xa.nbn                                  1.0167
xa.nen                                0.448695
xa.nbp                                -1.00156
xa.nep                               -0.461977
arg                                -0.00659998
arg10                                  -0.0066
aoc                                -0.00660002
tap6                               -0.00345449
tap12                              -0.00172725
atop                               -0.00660002
nt1r                                         1
t2c                                -0.00345449
nt1s                                         0
nt2r                                         1
nt2s                                         0
att                                7.15936e-11
t1                                 7.15936e-11
t2                                 5.68688e-11
wip                                7.15951e-11
nw1                                          1
nw2                                          0
bin                                7.15951e-11
xb.nref                               -13.6718
xb.ncasc                               9.86857
xb.nx                                  1.00434
xb.nhi                                 13.5712
bout                                -0.0208707
bfb                                -0.00662131
xb.vpf                                 14.8482
xb.nrefm                              -14.3359
xb.d1n                                 9.18095
xb.g1                              7.31214e-11
xb.s1                                 0.067219
xb.d2n                                 9.18118
xb.g2                              -0.00662131
xb.s2                                0.0653309
xb.src                               -0.158997
xb.nte                                -14.3772
xb.nmiri                               13.6537
xb.nme1                                14.3604
xb.nme2                                14.3593
xb.nve                                 14.2437
xb.ny                                  -1.0168
xb.nvle                                -14.401
xb.nbb                               -0.289207
xb.nbn                                 1.00234
xb.nen                                0.434356
xb.nbp                                -1.01592
xb.nep                               -0.476306
brg                               -1.85466e-07
brg10                             -7.64497e-07
bouta                               -0.0208707
jack                                         0
vw2#branch                                   0
vw1#branch                                   0
vt2s#branch                                  0
vt2r#branch                                  0
vt1s#branch                                  0
vt1r#branch                                  0
vosa#branch                       -1.03829e-14
vsrc#branch                                  0
vmm#branch                           0.0754529
vpp#branch                          -0.0733981


No. of Data Rows : 24038
vam                 =  -6.60002e-03
jb                  =  1.08875e-10
jmax                =  1.62038e-10 at=  2.18516e-02
jmin                =  4.26125e-11 at=  1.18857e-01
Doing analysis at TEMP = 27.000000 and TNOM = 27.000000

Using SPARSE 1.3 as Direct Linear Solver

Initial Transient Solution
--------------------------

Node                                   Voltage
----                                   -------
vplus                                       15
vminus                                     -15
vsn                                          0
jin                                          0
sel                                4.87995e-09
selk                               4.87995e-09
ain                                2.30749e-05
xa.nref                               -13.6718
xa.ncasc                               9.86857
xa.nx                                   1.0187
xa.nhi                                 13.5712
aout                               -0.00660002
afb                                    -0.0066
xa.vpf                                 14.8482
xa.nrefm                              -14.3359
xa.d1n                                 9.18095
xa.g1                              2.30749e-05
xa.s1                                0.0672412
xa.d2n                                 9.18118
xa.g2                                  -0.0066
xa.s2                                0.0653525
xa.src                               -0.158975
xa.nte                                -14.3772
xa.nmiri                               13.6537
xa.nme1                                14.3604
xa.nme2                                14.3593
xa.nve                                 14.2437
xa.ny                                 -1.00245
xa.nvle                                -14.401
xa.nbb                                -0.27485
xa.nbn                                  1.0167
xa.nen                                0.448695
xa.nbp                                -1.00156
xa.nep                               -0.461977
arg                                -0.00659998
arg10                                  -0.0066
aoc                                -0.00660002
tap6                               -0.00345449
tap12                              -0.00172725
atop                               -0.00660002
nt1r                                         1
t2c                                -0.00345449
nt1s                                         0
nt2r                                         1
nt2s                                         0
att                               -5.04883e-11
t1                                 2.91717e-12
t2                                 3.43074e-12
wip                                3.43227e-12
nw1                                          0
nw2                                          1
bin                                3.43228e-12
xb.nref                               -13.6718
xb.ncasc                               9.86857
xb.nx                                  1.00434
xb.nhi                                 13.5712
bout                                -0.0208707
bfb                                -0.00662131
xb.vpf                                 14.8482
xb.nrefm                              -14.3359
xb.d1n                                 9.18095
xb.g1                              4.95857e-12
xb.s1                                 0.067219
xb.d2n                                 9.18118
xb.g2                              -0.00662131
xb.s2                                0.0653309
xb.src                               -0.158997
xb.nte                                -14.3772
xb.nmiri                               13.6537
xb.nme1                                14.3604
xb.nme2                                14.3593
xb.nve                                 14.2437
xb.ny                                  -1.0168
xb.nvle                                -14.401
xb.nbb                               -0.289207
xb.nbn                                 1.00234
xb.nen                                0.434356
xb.nbp                                -1.01592
xb.nep                               -0.476306
brg                               -1.85466e-07
brg10                             -7.64497e-07
bouta                               -0.0208707
jack                                         0
vw2#branch                                   0
vw1#branch                                   0
vt2s#branch                                  0
vt2r#branch                                  0
vt1s#branch                                  0
vt1r#branch                                  0
vosa#branch                       -1.03829e-14
vsrc#branch                                  0
vmm#branch                           0.0754529
vpp#branch                          -0.0733981


No. of Data Rows : 24038
vam                 =  -6.60002e-03
jb                  =  1.05983e-10
jmax                =  4.80478e-08 at=  2.07516e-02
jmin                =  -2.41000e-10 at=  2.10066e-02
Doing analysis at TEMP = 27.000000 and TNOM = 27.000000

Using SPARSE 1.3 as Direct Linear Solver

Initial Transient Solution
--------------------------

Node                                   Voltage
----                                   -------
vplus                                       15
vminus                                     -15
vsn                                          0
jin                                          0
sel                                4.87995e-09
selk                               4.87995e-09
ain                                2.30749e-05
xa.nref                               -13.6718
xa.ncasc                               9.86857
xa.nx                                   1.0187
xa.nhi                                 13.5712
aout                               -0.00660002
afb                                    -0.0066
xa.vpf                                 14.8482
xa.nrefm                              -14.3359
xa.d1n                                 9.18095
xa.g1                              2.30749e-05
xa.s1                                0.0672412
xa.d2n                                 9.18118
xa.g2                                  -0.0066
xa.s2                                0.0653525
xa.src                               -0.158975
xa.nte                                -14.3772
xa.nmiri                               13.6537
xa.nme1                                14.3604
xa.nme2                                14.3593
xa.nve                                 14.2437
xa.ny                                 -1.00245
xa.nvle                                -14.401
xa.nbb                                -0.27485
xa.nbn                                  1.0167
xa.nen                                0.448695
xa.nbp                                -1.00156
xa.nep                               -0.461977
arg                                -0.00659998
arg10                                  -0.0066
aoc                                -0.00660002
tap6                               -0.00345449
tap12                              -0.00172725
atop                               -0.00660002
nt1r                                         1
t2c                                -0.00345449
nt1s                                         0
nt2r                                         1
nt2s                                         0
att                               -5.04883e-11
t1                                 2.91717e-12
t2                                 3.43074e-12
wip                                3.43227e-12
nw1                                          0
nw2                                          1
bin                                3.43228e-12
xb.nref                               -13.6718
xb.ncasc                               9.86857
xb.nx                                  1.00434
xb.nhi                                 13.5712
bout                                -0.0208707
bfb                                -0.00662131
xb.vpf                                 14.8482
xb.nrefm                              -14.3359
xb.d1n                                 9.18095
xb.g1                              4.95857e-12
xb.s1                                 0.067219
xb.d2n                                 9.18118
xb.g2                              -0.00662131
xb.s2                                0.0653309
xb.src                               -0.158997
xb.nte                                -14.3772
xb.nmiri                               13.6537
xb.nme1                                14.3604
xb.nme2                                14.3593
xb.nve                                 14.2437
xb.ny                                  -1.0168
xb.nvle                                -14.401
xb.nbb                               -0.289207
xb.nbn                                 1.00234
xb.nen                                0.434356
xb.nbp                                -1.01592
xb.nep                               -0.476306
brg                               -1.85466e-07
brg10                             -7.64497e-07
bouta                               -0.0208707
jack                                         0
vw2#branch                                   0
vw1#branch                                   0
vt2s#branch                                  0
vt2r#branch                                  0
vt1s#branch                                  0
vt1r#branch                                  0
vosa#branch                       -1.03829e-14
vsrc#branch                                  0
vmm#branch                           0.0754529
vpp#branch                          -0.0733981


No. of Data Rows : 24038
vam                 =  -6.60002e-03
jb                  =  1.05983e-10
jmax                =  1.32576e-10 at=  2.05766e-02
jmin                =  5.93225e-11 at=  1.13857e-01
Doing analysis at TEMP = 27.000000 and TNOM = 27.000000

Using SPARSE 1.3 as Direct Linear Solver

Initial Transient Solution
--------------------------

Node                                   Voltage
----                                   -------
vplus                                       15
vminus                                     -15
vsn                                          0
jin                                          0
sel                                4.87995e-09
selk                               4.87995e-09
ain                                2.30749e-05
xa.nref                               -13.6718
xa.ncasc                               9.86857
xa.nx                                   1.0187
xa.nhi                                 13.5712
aout                               -0.00660002
afb                                    -0.0066
xa.vpf                                 14.8482
xa.nrefm                              -14.3359
xa.d1n                                 9.18095
xa.g1                              2.30749e-05
xa.s1                                0.0672412
xa.d2n                                 9.18118
xa.g2                                  -0.0066
xa.s2                                0.0653525
xa.src                               -0.158975
xa.nte                                -14.3772
xa.nmiri                               13.6537
xa.nme1                                14.3604
xa.nme2                                14.3593
xa.nve                                 14.2437
xa.ny                                 -1.00245
xa.nvle                                -14.401
xa.nbb                                -0.27485
xa.nbn                                  1.0167
xa.nen                                0.448695
xa.nbp                                -1.00156
xa.nep                               -0.461977
arg                                -0.00659998
arg10                                  -0.0066
aoc                                -0.00660002
tap6                               -0.00345449
tap12                              -0.00172725
atop                               -0.00660002
nt1r                                         1
t2c                                -0.00345449
nt1s                                         0
nt2r                                         1
nt2s                                         0
att                                7.15936e-11
t1                                 7.15936e-11
t2                                 5.68688e-11
wip                                7.15951e-11
nw1                                          1
nw2                                          0
bin                                7.15951e-11
xb.nref                               -13.6718
xb.ncasc                               9.86857
xb.nx                                  1.00434
xb.nhi                                 13.5712
bout                                -0.0208707
bfb                                -0.00662131
xb.vpf                                 14.8482
xb.nrefm                              -14.3359
xb.d1n                                 9.18095
xb.g1                              7.31214e-11
xb.s1                                 0.067219
xb.d2n                                 9.18118
xb.g2                              -0.00662131
xb.s2                                0.0653309
xb.src                               -0.158997
xb.nte                                -14.3772
xb.nmiri                               13.6537
xb.nme1                                14.3604
xb.nme2                                14.3593
xb.nve                                 14.2437
xb.ny                                  -1.0168
xb.nvle                                -14.401
xb.nbb                               -0.289207
xb.nbn                                 1.00234
xb.nen                                0.434356
xb.nbp                                -1.01592
xb.nep                               -0.476306
brg                               -1.85466e-07
brg10                             -7.64497e-07
bouta                               -0.0208707
jack                                         0
vw2#branch                                   0
vw1#branch                                   0
vt2s#branch                                  0
vt2r#branch                                  0
vt1s#branch                                  0
vt1r#branch                                  0
vosa#branch                       -1.03829e-14
vsrc#branch                                  0
vmm#branch                           0.0754529
vpp#branch                          -0.0733981


No. of Data Rows : 24044
vam                 =  -6.60002e-03
jb                  =  1.08875e-10
jmax                =  9.40259e-03 at=  2.10071e-02
jmin                =  9.33966e-11 at=  1.99864e-02
Doing analysis at TEMP = 27.000000 and TNOM = 27.000000

Using SPARSE 1.3 as Direct Linear Solver

Initial Transient Solution
--------------------------

Node                                   Voltage
----                                   -------
vplus                                       15
vminus                                     -15
vsn                                          0
jin                                          0
sel                                4.87995e-09
selk                               4.87995e-09
ain                                2.30749e-05
xa.nref                               -13.6718
xa.ncasc                               9.86857
xa.nx                                   1.0187
xa.nhi                                 13.5712
aout                               -0.00660002
afb                                    -0.0066
xa.vpf                                 14.8482
xa.nrefm                              -14.3359
xa.d1n                                 9.18095
xa.g1                              2.30749e-05
xa.s1                                0.0672412
xa.d2n                                 9.18118
xa.g2                                  -0.0066
xa.s2                                0.0653525
xa.src                               -0.158975
xa.nte                                -14.3772
xa.nmiri                               13.6537
xa.nme1                                14.3604
xa.nme2                                14.3593
xa.nve                                 14.2437
xa.ny                                 -1.00245
xa.nvle                                -14.401
xa.nbb                                -0.27485
xa.nbn                                  1.0167
xa.nen                                0.448695
xa.nbp                                -1.00156
xa.nep                               -0.461977
arg                                -0.00659998
arg10                                  -0.0066
aoc                                -0.00660002
tap6                               -0.00345449
tap12                              -0.00172725
atop                               -0.00345449
nt1r                                         0
t2c                                -0.00345449
nt1s                                         1
nt2r                                         1
nt2s                                         0
att                                9.75897e-11
t1                                 9.75897e-11
t2                                 7.75182e-11
wip                                9.75912e-11
nw1                                          1
nw2                                          0
bin                                9.75912e-11
xb.nref                               -13.6718
xb.ncasc                               9.86857
xb.nx                                  1.00434
xb.nhi                                 13.5712
bout                                -0.0208707
bfb                                -0.00662131
xb.vpf                                 14.8482
xb.nrefm                              -14.3359
xb.d1n                                 9.18095
xb.g1                              9.91175e-11
xb.s1                                 0.067219
xb.d2n                                 9.18118
xb.g2                              -0.00662131
xb.s2                                0.0653309
xb.src                               -0.158997
xb.nte                                -14.3772
xb.nmiri                               13.6537
xb.nme1                                14.3604
xb.nme2                                14.3593
xb.nve                                 14.2437
xb.ny                                  -1.0168
xb.nvle                                -14.401
xb.nbb                               -0.289207
xb.nbn                                 1.00234
xb.nen                                0.434356
xb.nbp                                -1.01592
xb.nep                               -0.476306
brg                               -1.85466e-07
brg10                             -7.64497e-07
bouta                               -0.0208707
jack                                         0
vw2#branch                                   0
vw1#branch                                   0
vt2s#branch                                  0
vt2r#branch                                  0
vt1s#branch                                  0
vt1r#branch                                  0
vosa#branch                       -1.03829e-14
vsrc#branch                                  0
vmm#branch                           0.0754529
vpp#branch                          -0.0733981


No. of Data Rows : 24043
vam                 =  -6.60002e-03
jb                  =  9.97445e-11
jmax                =  5.22369e-03 at=  2.10062e-02
jmin                =  9.07161e-11 at=  1.99364e-02
Doing analysis at TEMP = 27.000000 and TNOM = 27.000000

Using SPARSE 1.3 as Direct Linear Solver

Initial Transient Solution
--------------------------

Node                                   Voltage
----                                   -------
vplus                                       15
vminus                                     -15
vsn                                          0
jin                                          0
sel                                4.88745e-09
selk                               4.88746e-09
ain                                 -0.0233769
xa.nref                               -13.6718
xa.ncasc                               9.86857
xa.nx                                 0.995113
xa.nhi                                 13.5712
aout                                 -0.029997
afb                                 -0.0299969
xa.vpf                                 14.8482
xa.nrefm                              -14.3359
xa.d1n                                 9.18095
xa.g1                               -0.0233769
xa.s1                                 0.043893
xa.d2n                                 9.18118
xa.g2                               -0.0299969
xa.s2                                0.0420052
xa.src                               -0.182322
xa.nte                                -14.3772
xa.nmiri                               13.6537
xa.nme1                                14.3604
xa.nme2                                14.3593
xa.nve                                 14.2437
xa.ny                                 -1.02603
xa.nvle                                -14.401
xa.nbb                               -0.298432
xa.nbn                                0.993116
xa.nen                                0.425144
xa.nbp                                -1.02514
xa.nep                               -0.485511
arg                                 -0.0299968
arg10                               -0.0299968
aoc                                 -0.0299969
tap6                                -0.0157006
tap12                               -0.0078503
atop                                -0.0299969
nt1r                                         1
t2c                                 -0.0157006
nt1s                                         0
nt2r                                         1
nt2s                                         0
att                               -1.21769e-10
t1                                -1.21769e-10
t2                                -9.67248e-11
wip                               -1.21768e-10
nw1                                          1
nw2                                          0
bin                               -1.21768e-10
xb.nref                               -13.6718
xb.ncasc                               9.86857
xb.nx                                  1.01872
xb.nhi                                 13.5712
bout                               -0.00662318
bfb                                -0.00662316
xb.vpf                                 14.8482
xb.nrefm                              -14.3359
xb.d1n                                 9.18095
xb.g1                             -1.20242e-10
xb.s1                                0.0672181
xb.d2n                                 9.18118
xb.g2                              -0.00662316
xb.s2                                0.0653295
xb.src                               -0.158998
xb.nte                                -14.3772
xb.nmiri                               13.6537
xb.nme1                                14.3604
xb.nme2                                14.3593
xb.nve                                 14.2437
xb.ny                                 -1.00243
xb.nvle                                -14.401
xb.nbb                                -0.27483
xb.nbn                                 1.01672
xb.nen                                0.448713
xb.nbp                                -1.00154
xb.nep                               -0.461959
brg                                -0.00662313
brg10                              -0.00662315
bouta                              -0.00662318
jack                                         0
vw2#branch                                   0
vw1#branch                                   0
vt2s#branch                                  0
vt2r#branch                                  0
vt1s#branch                                  0
vt1r#branch                                  0
vosa#branch                       -1.03989e-14
vsrc#branch                                  0
vmm#branch                           0.0754545
vpp#branch                           -0.073396


No. of Data Rows : 24038
vam                 =  -2.99970e-02
jb                  =  6.87146e-11
jmax                =  1.53906e-08 at=  2.07466e-02
jmin                =  -6.26688e-10 at=  2.10017e-02
Doing analysis at TEMP = 27.000000 and TNOM = 27.000000

Using SPARSE 1.3 as Direct Linear Solver

Initial Transient Solution
--------------------------

Node                                   Voltage
----                                   -------
vplus                                       15
vminus                                     -15
vsn                                          0
jin                                          0
sel                                4.88745e-09
selk                               4.88746e-09
ain                                 -0.0233769
xa.nref                               -13.6718
xa.ncasc                               9.86857
xa.nx                                 0.995113
xa.nhi                                 13.5712
aout                                 -0.029997
afb                                 -0.0299969
xa.vpf                                 14.8482
xa.nrefm                              -14.3359
xa.d1n                                 9.18095
xa.g1                               -0.0233769
xa.s1                                 0.043893
xa.d2n                                 9.18118
xa.g2                               -0.0299969
xa.s2                                0.0420052
xa.src                               -0.182322
xa.nte                                -14.3772
xa.nmiri                               13.6537
xa.nme1                                14.3604
xa.nme2                                14.3593
xa.nve                                 14.2437
xa.ny                                 -1.02603
xa.nvle                                -14.401
xa.nbb                               -0.298432
xa.nbn                                0.993116
xa.nen                                0.425144
xa.nbp                                -1.02514
xa.nep                               -0.485511
arg                                 -0.0299968
arg10                               -0.0299968
aoc                                 -0.0299969
tap6                                -0.0157006
tap12                               -0.0078503
atop                                -0.0299969
nt1r                                         1
t2c                                 -0.0157006
nt1s                                         0
nt2r                                         1
nt2s                                         0
att                               -1.21769e-10
t1                                -1.21769e-10
t2                                -9.67248e-11
wip                               -1.21768e-10
nw1                                          1
nw2                                          0
bin                               -1.21768e-10
xb.nref                               -13.6718
xb.ncasc                               9.86857
xb.nx                                  1.01872
xb.nhi                                 13.5712
bout                               -0.00662318
bfb                                -0.00662316
xb.vpf                                 14.8482
xb.nrefm                              -14.3359
xb.d1n                                 9.18095
xb.g1                             -1.20242e-10
xb.s1                                0.0672181
xb.d2n                                 9.18118
xb.g2                              -0.00662316
xb.s2                                0.0653295
xb.src                               -0.158998
xb.nte                                -14.3772
xb.nmiri                               13.6537
xb.nme1                                14.3604
xb.nme2                                14.3593
xb.nve                                 14.2437
xb.ny                                 -1.00243
xb.nvle                                -14.401
xb.nbb                                -0.27483
xb.nbn                                 1.01672
xb.nen                                0.448713
xb.nbp                                -1.00154
xb.nep                               -0.461959
brg                                -0.00662313
brg10                              -0.00662315
bouta                              -0.00662318
jack                                         0
vw2#branch                                   0
vw1#branch                                   0
vt2s#branch                                  0
vt2r#branch                                  0
vt1s#branch                                  0
vt1r#branch                                  0
vosa#branch                       -1.03989e-14
vsrc#branch                                  0
vmm#branch                           0.0754545
vpp#branch                           -0.073396


No. of Data Rows : 24038
vam                 =  -2.99970e-02
jb                  =  6.87146e-11
jmax                =  1.23118e-10 at=  2.21016e-02
jmin                =  5.26883e-11 at=  1.18642e-01
Doing analysis at TEMP = 27.000000 and TNOM = 27.000000

Using SPARSE 1.3 as Direct Linear Solver

Initial Transient Solution
--------------------------

Node                                   Voltage
----                                   -------
vplus                                       15
vminus                                     -15
vsn                                          0
jin                                          0
sel                                4.88745e-09
selk                               4.88746e-09
ain                                 -0.0233769
xa.nref                               -13.6718
xa.ncasc                               9.86857
xa.nx                                 0.995113
xa.nhi                                 13.5712
aout                                 -0.029997
afb                                 -0.0299969
xa.vpf                                 14.8482
xa.nrefm                              -14.3359
xa.d1n                                 9.18095
xa.g1                               -0.0233769
xa.s1                                 0.043893
xa.d2n                                 9.18118
xa.g2                               -0.0299969
xa.s2                                0.0420052
xa.src                               -0.182322
xa.nte                                -14.3772
xa.nmiri                               13.6537
xa.nme1                                14.3604
xa.nme2                                14.3593
xa.nve                                 14.2437
xa.ny                                 -1.02603
xa.nvle                                -14.401
xa.nbb                               -0.298432
xa.nbn                                0.993116
xa.nen                                0.425144
xa.nbp                                -1.02514
xa.nep                               -0.485511
arg                                 -0.0299968
arg10                               -0.0299968
aoc                                 -0.0299969
tap6                                -0.0157006
tap12                               -0.0078503
atop                                -0.0299969
nt1r                                         1
t2c                                 -0.0157006
nt1s                                         0
nt2r                                         1
nt2s                                         0
att                               -2.45461e-10
t1                                -5.78957e-12
t2                                -3.48476e-12
wip                               -3.48323e-12
nw1                                          0
nw2                                          1
bin                               -3.48322e-12
xb.nref                               -13.6718
xb.ncasc                               9.86857
xb.nx                                  1.01872
xb.nhi                                 13.5712
bout                               -0.00662318
bfb                                -0.00662316
xb.vpf                                 14.8482
xb.nrefm                              -14.3359
xb.d1n                                 9.18095
xb.g1                             -1.95693e-12
xb.s1                                0.0672181
xb.d2n                                 9.18118
xb.g2                              -0.00662316
xb.s2                                0.0653295
xb.src                               -0.158998
xb.nte                                -14.3772
xb.nmiri                               13.6537
xb.nme1                                14.3604
xb.nme2                                14.3593
xb.nve                                 14.2437
xb.ny                                 -1.00243
xb.nvle                                -14.401
xb.nbb                                -0.27483
xb.nbn                                 1.01672
xb.nen                                0.448713
xb.nbp                                -1.00154
xb.nep                               -0.461959
brg                                -0.00662313
brg10                              -0.00662315
bouta                              -0.00662318
jack                                         0
vw2#branch                                   0
vw1#branch                                   0
vt2s#branch                                  0
vt2r#branch                                  0
vt1s#branch                                  0
vt1r#branch                                  0
vosa#branch                       -1.03989e-14
vsrc#branch                                  0
vmm#branch                           0.0754545
vpp#branch                           -0.073396


No. of Data Rows : 24038
vam                 =  -2.99970e-02
jb                  =  5.39889e-11
jmax                =  1.52745e-08 at=  2.08766e-02
jmin                =  -6.31582e-10 at=  2.10017e-02
Doing analysis at TEMP = 27.000000 and TNOM = 27.000000

Using SPARSE 1.3 as Direct Linear Solver

Initial Transient Solution
--------------------------

Node                                   Voltage
----                                   -------
vplus                                       15
vminus                                     -15
vsn                                          0
jin                                          0
sel                                4.88745e-09
selk                               4.88746e-09
ain                                 -0.0233769
xa.nref                               -13.6718
xa.ncasc                               9.86857
xa.nx                                 0.995113
xa.nhi                                 13.5712
aout                                 -0.029997
afb                                 -0.0299969
xa.vpf                                 14.8482
xa.nrefm                              -14.3359
xa.d1n                                 9.18095
xa.g1                               -0.0233769
xa.s1                                 0.043893
xa.d2n                                 9.18118
xa.g2                               -0.0299969
xa.s2                                0.0420052
xa.src                               -0.182322
xa.nte                                -14.3772
xa.nmiri                               13.6537
xa.nme1                                14.3604
xa.nme2                                14.3593
xa.nve                                 14.2437
xa.ny                                 -1.02603
xa.nvle                                -14.401
xa.nbb                               -0.298432
xa.nbn                                0.993116
xa.nen                                0.425144
xa.nbp                                -1.02514
xa.nep                               -0.485511
arg                                 -0.0299968
arg10                               -0.0299968
aoc                                 -0.0299969
tap6                                -0.0157006
tap12                               -0.0078503
atop                                -0.0299969
nt1r                                         1
t2c                                 -0.0157006
nt1s                                         0
nt2r                                         1
nt2s                                         0
att                               -2.45461e-10
t1                                -5.78957e-12
t2                                -3.48476e-12
wip                               -3.48323e-12
nw1                                          0
nw2                                          1
bin                               -3.48322e-12
xb.nref                               -13.6718
xb.ncasc                               9.86857
xb.nx                                  1.01872
xb.nhi                                 13.5712
bout                               -0.00662318
bfb                                -0.00662316
xb.vpf                                 14.8482
xb.nrefm                              -14.3359
xb.d1n                                 9.18095
xb.g1                             -1.95693e-12
xb.s1                                0.0672181
xb.d2n                                 9.18118
xb.g2                              -0.00662316
xb.s2                                0.0653295
xb.src                               -0.158998
xb.nte                                -14.3772
xb.nmiri                               13.6537
xb.nme1                                14.3604
xb.nme2                                14.3593
xb.nve                                 14.2437
xb.ny                                 -1.00243
xb.nvle                                -14.401
xb.nbb                                -0.27483
xb.nbn                                 1.01672
xb.nen                                0.448713
xb.nbp                                -1.00154
xb.nep                               -0.461959
brg                                -0.00662313
brg10                              -0.00662315
bouta                              -0.00662318
jack                                         0
vw2#branch                                   0
vw1#branch                                   0
vt2s#branch                                  0
vt2r#branch                                  0
vt1s#branch                                  0
vt1r#branch                                  0
vosa#branch                       -1.03989e-14
vsrc#branch                                  0
vmm#branch                           0.0754545
vpp#branch                           -0.073396


No. of Data Rows : 24038
vam                 =  -2.99970e-02
jb                  =  5.39889e-11
jmax                =  6.55782e-11 at=  2.01216e-02
jmin                =  3.00766e-11 at=  1.19342e-01
Doing analysis at TEMP = 27.000000 and TNOM = 27.000000

Using SPARSE 1.3 as Direct Linear Solver

Initial Transient Solution
--------------------------

Node                                   Voltage
----                                   -------
vplus                                       15
vminus                                     -15
vsn                                          0
jin                                          0
sel                                4.88745e-09
selk                               4.88746e-09
ain                                 -0.0233769
xa.nref                               -13.6718
xa.ncasc                               9.86857
xa.nx                                 0.995113
xa.nhi                                 13.5712
aout                                 -0.029997
afb                                 -0.0299969
xa.vpf                                 14.8482
xa.nrefm                              -14.3359
xa.d1n                                 9.18095
xa.g1                               -0.0233769
xa.s1                                 0.043893
xa.d2n                                 9.18118
xa.g2                               -0.0299969
xa.s2                                0.0420052
xa.src                               -0.182322
xa.nte                                -14.3772
xa.nmiri                               13.6537
xa.nme1                                14.3604
xa.nme2                                14.3593
xa.nve                                 14.2437
xa.ny                                 -1.02603
xa.nvle                                -14.401
xa.nbb                               -0.298432
xa.nbn                                0.993116
xa.nen                                0.425144
xa.nbp                                -1.02514
xa.nep                               -0.485511
arg                                 -0.0299968
arg10                               -0.0299968
aoc                                 -0.0299969
tap6                                -0.0157006
tap12                               -0.0078503
atop                                -0.0299969
nt1r                                         1
t2c                                 -0.0157006
nt1s                                         0
nt2r                                         1
nt2s                                         0
att                               -1.21769e-10
t1                                -1.21769e-10
t2                                -9.67248e-11
wip                               -1.21768e-10
nw1                                          1
nw2                                          0
bin                               -1.21768e-10
xb.nref                               -13.6718
xb.ncasc                               9.86857
xb.nx                                  1.01872
xb.nhi                                 13.5712
bout                               -0.00662318
bfb                                -0.00662316
xb.vpf                                 14.8482
xb.nrefm                              -14.3359
xb.d1n                                 9.18095
xb.g1                             -1.20242e-10
xb.s1                                0.0672181
xb.d2n                                 9.18118
xb.g2                              -0.00662316
xb.s2                                0.0653295
xb.src                               -0.158998
xb.nte                                -14.3772
xb.nmiri                               13.6537
xb.nme1                                14.3604
xb.nme2                                14.3593
xb.nve                                 14.2437
xb.ny                                 -1.00243
xb.nvle                                -14.401
xb.nbb                                -0.27483
xb.nbn                                 1.01672
xb.nen                                0.448713
xb.nbp                                -1.00154
xb.nep                               -0.461959
brg                                -0.00662313
brg10                              -0.00662315
bouta                              -0.00662318
jack                                         0
vw2#branch                                   0
vw1#branch                                   0
vt2s#branch                                  0
vt2r#branch                                  0
vt1s#branch                                  0
vt1r#branch                                  0
vosa#branch                       -1.03989e-14
vsrc#branch                                  0
vmm#branch                           0.0754545
vpp#branch                           -0.073396


No. of Data Rows : 24050
vam                 =  -2.99970e-02
jb                  =  6.87146e-11
jmax                =  1.41320e-02 at=  2.10016e-02
jmin                =  6.16313e-11 at=  1.99814e-02
Doing analysis at TEMP = 27.000000 and TNOM = 27.000000

Using SPARSE 1.3 as Direct Linear Solver

Initial Transient Solution
--------------------------

Node                                   Voltage
----                                   -------
vplus                                       15
vminus                                     -15
vsn                                          0
jin                                          0
sel                                4.88745e-09
selk                               4.88746e-09
ain                                 -0.0233769
xa.nref                               -13.6718
xa.ncasc                               9.86857
xa.nx                                 0.995113
xa.nhi                                 13.5712
aout                                 -0.029997
afb                                 -0.0299969
xa.vpf                                 14.8482
xa.nrefm                              -14.3359
xa.d1n                                 9.18095
xa.g1                               -0.0233769
xa.s1                                 0.043893
xa.d2n                                 9.18118
xa.g2                               -0.0299969
xa.s2                                0.0420052
xa.src                               -0.182322
xa.nte                                -14.3772
xa.nmiri                               13.6537
xa.nme1                                14.3604
xa.nme2                                14.3593
xa.nve                                 14.2437
xa.ny                                 -1.02603
xa.nvle                                -14.401
xa.nbb                               -0.298432
xa.nbn                                0.993116
xa.nen                                0.425144
xa.nbp                                -1.02514
xa.nep                               -0.485511
arg                                 -0.0299968
arg10                               -0.0299968
aoc                                 -0.0299969
tap6                                -0.0157006
tap12                               -0.0078503
atop                                -0.0157006
nt1r                                         0
t2c                                 -0.0157006
nt1s                                         1
nt2r                                         1
nt2s                                         0
att                               -3.61783e-12
t1                                -3.61781e-12
t2                                -2.87373e-12
wip                               -3.61629e-12
nw1                                          1
nw2                                          0
bin                               -3.61627e-12
xb.nref                               -13.6718
xb.ncasc                               9.86857
xb.nx                                  1.01872
xb.nhi                                 13.5712
bout                               -0.00662318
bfb                                -0.00662316
xb.vpf                                 14.8482
xb.nrefm                              -14.3359
xb.d1n                                 9.18095
xb.g1                             -2.08999e-12
xb.s1                                0.0672181
xb.d2n                                 9.18118
xb.g2                              -0.00662316
xb.s2                                0.0653295
xb.src                               -0.158998
xb.nte                                -14.3772
xb.nmiri                               13.6537
xb.nme1                                14.3604
xb.nme2                                14.3593
xb.nve                                 14.2437
xb.ny                                 -1.00243
xb.nvle                                -14.401
xb.nbb                                -0.27483
xb.nbn                                 1.01672
xb.nen                                0.448713
xb.nbp                                -1.00154
xb.nep                               -0.461959
brg                                -0.00662313
brg10                              -0.00662315
bouta                              -0.00662318
jack                                         0
vw2#branch                                   0
vw1#branch                                   0
vt2s#branch                                  0
vt2r#branch                                  0
vt1s#branch                                  0
vt1r#branch                                  0
vosa#branch                       -1.03989e-14
vsrc#branch                                  0
vmm#branch                           0.0754545
vpp#branch                           -0.073396


No. of Data Rows : 24051
vam                 =  -2.99970e-02
jb                  =  7.77582e-11
jmax                =  7.84971e-03 at=  2.10014e-02
jmin                =  7.11646e-11 at=  2.00007e-02
Doing analysis at TEMP = 27.000000 and TNOM = 27.000000

Using SPARSE 1.3 as Direct Linear Solver

Initial Transient Solution
--------------------------

Node                                   Voltage
----                                   -------
vplus                                       15
vminus                                     -15
vsn                                          0
jin                                          0
sel                                4.88745e-09
selk                               4.88746e-09
ain                                 -0.0233769
xa.nref                               -13.6718
xa.ncasc                               9.86857
xa.nx                                 0.995113
xa.nhi                                 13.5712
aout                                 -0.029997
afb                                 -0.0299969
xa.vpf                                 14.8482
xa.nrefm                              -14.3359
xa.d1n                                 9.18095
xa.g1                               -0.0233769
xa.s1                                 0.043893
xa.d2n                                 9.18118
xa.g2                               -0.0299969
xa.s2                                0.0420052
xa.src                               -0.182322
xa.nte                                -14.3772
xa.nmiri                               13.6537
xa.nme1                                14.3604
xa.nme2                                14.3593
xa.nve                                 14.2437
xa.ny                                 -1.02603
xa.nvle                                -14.401
xa.nbb                               -0.298432
xa.nbn                                0.993116
xa.nen                                0.425144
xa.nbp                                -1.02514
xa.nep                               -0.485511
arg                                 -0.0299968
arg10                               -0.0299968
aoc                                 -0.0299969
tap6                                -0.0157006
tap12                               -0.0078503
atop                                -0.0299969
nt1r                                         1
t2c                                 -0.0157006
nt1s                                         0
nt2r                                         1
nt2s                                         0
att                               -1.21769e-10
t1                                -1.21769e-10
t2                                -9.67248e-11
wip                               -1.21768e-10
nw1                                          1
nw2                                          0
bin                               -1.21768e-10
xb.nref                               -13.6718
xb.ncasc                               9.86857
xb.nx                                  1.01591
xb.nhi                                 13.5712
bout                               -0.00940541
bfb                                 -0.0066228
xb.vpf                                 14.8482
xb.nrefm                              -14.3359
xb.d1n                                 9.18095
xb.g1                             -1.20242e-10
xb.s1                                0.0672183
xb.d2n                                 9.18118
xb.g2                               -0.0066228
xb.s2                                0.0653297
xb.src                               -0.158998
xb.nte                                -14.3772
xb.nmiri                               13.6537
xb.nme1                                14.3604
xb.nme2                                14.3593
xb.nve                                 14.2437
xb.ny                                 -1.00523
xb.nvle                                -14.401
xb.nbb                               -0.277637
xb.nbn                                 1.01391
xb.nen                                0.445909
xb.nbp                                -1.00435
xb.nep                               -0.464761
brg                               -1.85507e-07
brg10                              -0.00662279
bouta                              -0.00940541
jack                                         0
vw2#branch                                   0
vw1#branch                                   0
vt2s#branch                                  0
vt2r#branch                                  0
vt1s#branch                                  0
vt1r#branch                                  0
vosa#branch                       -1.03989e-14
vsrc#branch                                  0
vmm#branch                           0.0754553
vpp#branch                           -0.073395


No. of Data Rows : 24038
vam                 =  -2.99970e-02
jb                  =  6.36255e-11
jmax                =  2.18381e-08 at=  2.08016e-02
jmin                =  1.19413e-13 at=  2.10038e-02
Doing analysis at TEMP = 27.000000 and TNOM = 27.000000

Using SPARSE 1.3 as Direct Linear Solver

Initial Transient Solution
--------------------------

Node                                   Voltage
----                                   -------
vplus                                       15
vminus                                     -15
vsn                                          0
jin                                          0
sel                                4.88745e-09
selk                               4.88746e-09
ain                                 -0.0233769
xa.nref                               -13.6718
xa.ncasc                               9.86857
xa.nx                                 0.995113
xa.nhi                                 13.5712
aout                                 -0.029997
afb                                 -0.0299969
xa.vpf                                 14.8482
xa.nrefm                              -14.3359
xa.d1n                                 9.18095
xa.g1                               -0.0233769
xa.s1                                 0.043893
xa.d2n                                 9.18118
xa.g2                               -0.0299969
xa.s2                                0.0420052
xa.src                               -0.182322
xa.nte                                -14.3772
xa.nmiri                               13.6537
xa.nme1                                14.3604
xa.nme2                                14.3593
xa.nve                                 14.2437
xa.ny                                 -1.02603
xa.nvle                                -14.401
xa.nbb                               -0.298432
xa.nbn                                0.993116
xa.nen                                0.425144
xa.nbp                                -1.02514
xa.nep                               -0.485511
arg                                 -0.0299968
arg10                               -0.0299968
aoc                                 -0.0299969
tap6                                -0.0157006
tap12                               -0.0078503
atop                                -0.0299969
nt1r                                         1
t2c                                 -0.0157006
nt1s                                         0
nt2r                                         1
nt2s                                         0
att                               -1.21769e-10
t1                                -1.21769e-10
t2                                -9.67248e-11
wip                               -1.21768e-10
nw1                                          1
nw2                                          0
bin                               -1.21768e-10
xb.nref                               -13.6718
xb.ncasc                               9.86857
xb.nx                                  1.01591
xb.nhi                                 13.5712
bout                               -0.00940541
bfb                                 -0.0066228
xb.vpf                                 14.8482
xb.nrefm                              -14.3359
xb.d1n                                 9.18095
xb.g1                             -1.20242e-10
xb.s1                                0.0672183
xb.d2n                                 9.18118
xb.g2                               -0.0066228
xb.s2                                0.0653297
xb.src                               -0.158998
xb.nte                                -14.3772
xb.nmiri                               13.6537
xb.nme1                                14.3604
xb.nme2                                14.3593
xb.nve                                 14.2437
xb.ny                                 -1.00523
xb.nvle                                -14.401
xb.nbb                               -0.277637
xb.nbn                                 1.01391
xb.nen                                0.445909
xb.nbp                                -1.00435
xb.nep                               -0.464761
brg                               -1.85507e-07
brg10                              -0.00662279
bouta                              -0.00940541
jack                                         0
vw2#branch                                   0
vw1#branch                                   0
vt2s#branch                                  0
vt2r#branch                                  0
vt1s#branch                                  0
vt1r#branch                                  0
vosa#branch                       -1.03989e-14
vsrc#branch                                  0
vmm#branch                           0.0754553
vpp#branch                           -0.073395


No. of Data Rows : 24038
vam                 =  -2.99970e-02
jb                  =  6.36255e-11
jmax                =  1.42159e-10 at=  2.12016e-02
jmin                =  4.60797e-11 at=  2.07916e-02
Doing analysis at TEMP = 27.000000 and TNOM = 27.000000

Using SPARSE 1.3 as Direct Linear Solver

Initial Transient Solution
--------------------------

Node                                   Voltage
----                                   -------
vplus                                       15
vminus                                     -15
vsn                                          0
jin                                          0
sel                                4.88745e-09
selk                               4.88746e-09
ain                                 -0.0233769
xa.nref                               -13.6718
xa.ncasc                               9.86857
xa.nx                                 0.995113
xa.nhi                                 13.5712
aout                                 -0.029997
afb                                 -0.0299969
xa.vpf                                 14.8482
xa.nrefm                              -14.3359
xa.d1n                                 9.18095
xa.g1                               -0.0233769
xa.s1                                 0.043893
xa.d2n                                 9.18118
xa.g2                               -0.0299969
xa.s2                                0.0420052
xa.src                               -0.182322
xa.nte                                -14.3772
xa.nmiri                               13.6537
xa.nme1                                14.3604
xa.nme2                                14.3593
xa.nve                                 14.2437
xa.ny                                 -1.02603
xa.nvle                                -14.401
xa.nbb                               -0.298432
xa.nbn                                0.993116
xa.nen                                0.425144
xa.nbp                                -1.02514
xa.nep                               -0.485511
arg                                 -0.0299968
arg10                               -0.0299968
aoc                                 -0.0299969
tap6                                -0.0157006
tap12                               -0.0078503
atop                                -0.0299969
nt1r                                         1
t2c                                 -0.0157006
nt1s                                         0
nt2r                                         1
nt2s                                         0
att                               -2.45461e-10
t1                                -5.78957e-12
t2                                -3.48476e-12
wip                               -3.48323e-12
nw1                                          0
nw2                                          1
bin                               -3.48322e-12
xb.nref                               -13.6718
xb.ncasc                               9.86857
xb.nx                                  1.01591
xb.nhi                                 13.5712
bout                               -0.00940541
bfb                                 -0.0066228
xb.vpf                                 14.8482
xb.nrefm                              -14.3359
xb.d1n                                 9.18095
xb.g1                             -1.95693e-12
xb.s1                                0.0672183
xb.d2n                                 9.18118
xb.g2                               -0.0066228
xb.s2                                0.0653297
xb.src                               -0.158998
xb.nte                                -14.3772
xb.nmiri                               13.6537
xb.nme1                                14.3604
xb.nme2                                14.3593
xb.nve                                 14.2437
xb.ny                                 -1.00523
xb.nvle                                -14.401
xb.nbb                               -0.277637
xb.nbn                                 1.01391
xb.nen                                0.445909
xb.nbp                                -1.00435
xb.nep                               -0.464761
brg                               -1.85507e-07
brg10                              -0.00662279
bouta                              -0.00940541
jack                                         0
vw2#branch                                   0
vw1#branch                                   0
vt2s#branch                                  0
vt2r#branch                                  0
vt1s#branch                                  0
vt1r#branch                                  0
vosa#branch                       -1.03989e-14
vsrc#branch                                  0
vmm#branch                           0.0754553
vpp#branch                           -0.073395


No. of Data Rows : 24038
vam                 =  -2.99970e-02
jb                  =  6.02461e-11
jmax                =  2.16723e-08 at=  2.08516e-02
jmin                =  -8.13597e-11 at=  2.10038e-02
Doing analysis at TEMP = 27.000000 and TNOM = 27.000000

Using SPARSE 1.3 as Direct Linear Solver

Initial Transient Solution
--------------------------

Node                                   Voltage
----                                   -------
vplus                                       15
vminus                                     -15
vsn                                          0
jin                                          0
sel                                4.88745e-09
selk                               4.88746e-09
ain                                 -0.0233769
xa.nref                               -13.6718
xa.ncasc                               9.86857
xa.nx                                 0.995113
xa.nhi                                 13.5712
aout                                 -0.029997
afb                                 -0.0299969
xa.vpf                                 14.8482
xa.nrefm                              -14.3359
xa.d1n                                 9.18095
xa.g1                               -0.0233769
xa.s1                                 0.043893
xa.d2n                                 9.18118
xa.g2                               -0.0299969
xa.s2                                0.0420052
xa.src                               -0.182322
xa.nte                                -14.3772
xa.nmiri                               13.6537
xa.nme1                                14.3604
xa.nme2                                14.3593
xa.nve                                 14.2437
xa.ny                                 -1.02603
xa.nvle                                -14.401
xa.nbb                               -0.298432
xa.nbn                                0.993116
xa.nen                                0.425144
xa.nbp                                -1.02514
xa.nep                               -0.485511
arg                                 -0.0299968
arg10                               -0.0299968
aoc                                 -0.0299969
tap6                                -0.0157006
tap12                               -0.0078503
atop                                -0.0299969
nt1r                                         1
t2c                                 -0.0157006
nt1s                                         0
nt2r                                         1
nt2s                                         0
att                               -2.45461e-10
t1                                -5.78957e-12
t2                                -3.48476e-12
wip                               -3.48323e-12
nw1                                          0
nw2                                          1
bin                               -3.48322e-12
xb.nref                               -13.6718
xb.ncasc                               9.86857
xb.nx                                  1.01591
xb.nhi                                 13.5712
bout                               -0.00940541
bfb                                 -0.0066228
xb.vpf                                 14.8482
xb.nrefm                              -14.3359
xb.d1n                                 9.18095
xb.g1                             -1.95693e-12
xb.s1                                0.0672183
xb.d2n                                 9.18118
xb.g2                               -0.0066228
xb.s2                                0.0653297
xb.src                               -0.158998
xb.nte                                -14.3772
xb.nmiri                               13.6537
xb.nme1                                14.3604
xb.nme2                                14.3593
xb.nve                                 14.2437
xb.ny                                 -1.00523
xb.nvle                                -14.401
xb.nbb                               -0.277637
xb.nbn                                 1.01391
xb.nen                                0.445909
xb.nbp                                -1.00435
xb.nep                               -0.464761
brg                               -1.85507e-07
brg10                              -0.00662279
bouta                              -0.00940541
jack                                         0
vw2#branch                                   0
vw1#branch                                   0
vt2s#branch                                  0
vt2r#branch                                  0
vt1s#branch                                  0
vt1r#branch                                  0
vosa#branch                       -1.03989e-14
vsrc#branch                                  0
vmm#branch                           0.0754553
vpp#branch                           -0.073395


No. of Data Rows : 24038
vam                 =  -2.99970e-02
jb                  =  6.02461e-11
jmax                =  7.23585e-11 at=  2.65916e-02
jmin                =  3.19532e-11 at=  1.19232e-01
Doing analysis at TEMP = 27.000000 and TNOM = 27.000000

Using SPARSE 1.3 as Direct Linear Solver

Initial Transient Solution
--------------------------

Node                                   Voltage
----                                   -------
vplus                                       15
vminus                                     -15
vsn                                          0
jin                                          0
sel                                4.88745e-09
selk                               4.88746e-09
ain                                 -0.0233769
xa.nref                               -13.6718
xa.ncasc                               9.86857
xa.nx                                 0.995113
xa.nhi                                 13.5712
aout                                 -0.029997
afb                                 -0.0299969
xa.vpf                                 14.8482
xa.nrefm                              -14.3359
xa.d1n                                 9.18095
xa.g1                               -0.0233769
xa.s1                                 0.043893
xa.d2n                                 9.18118
xa.g2                               -0.0299969
xa.s2                                0.0420052
xa.src                               -0.182322
xa.nte                                -14.3772
xa.nmiri                               13.6537
xa.nme1                                14.3604
xa.nme2                                14.3593
xa.nve                                 14.2437
xa.ny                                 -1.02603
xa.nvle                                -14.401
xa.nbb                               -0.298432
xa.nbn                                0.993116
xa.nen                                0.425144
xa.nbp                                -1.02514
xa.nep                               -0.485511
arg                                 -0.0299968
arg10                               -0.0299968
aoc                                 -0.0299969
tap6                                -0.0157006
tap12                               -0.0078503
atop                                -0.0299969
nt1r                                         1
t2c                                 -0.0157006
nt1s                                         0
nt2r                                         1
nt2s                                         0
att                               -1.21769e-10
t1                                -1.21769e-10
t2                                -9.67248e-11
wip                               -1.21768e-10
nw1                                          1
nw2                                          0
bin                               -1.21768e-10
xb.nref                               -13.6718
xb.ncasc                               9.86857
xb.nx                                  1.01591
xb.nhi                                 13.5712
bout                               -0.00940541
bfb                                 -0.0066228
xb.vpf                                 14.8482
xb.nrefm                              -14.3359
xb.d1n                                 9.18095
xb.g1                             -1.20242e-10
xb.s1                                0.0672183
xb.d2n                                 9.18118
xb.g2                               -0.0066228
xb.s2                                0.0653297
xb.src                               -0.158998
xb.nte                                -14.3772
xb.nmiri                               13.6537
xb.nme1                                14.3604
xb.nme2                                14.3593
xb.nve                                 14.2437
xb.ny                                 -1.00523
xb.nvle                                -14.401
xb.nbb                               -0.277637
xb.nbn                                 1.01391
xb.nen                                0.445909
xb.nbp                                -1.00435
xb.nep                               -0.464761
brg                               -1.85507e-07
brg10                              -0.00662279
bouta                              -0.00940541
jack                                         0
vw2#branch                                   0
vw1#branch                                   0
vt2s#branch                                  0
vt2r#branch                                  0
vt1s#branch                                  0
vt1r#branch                                  0
vosa#branch                       -1.03989e-14
vsrc#branch                                  0
vmm#branch                           0.0754553
vpp#branch                           -0.073395


No. of Data Rows : 24046
vam                 =  -2.99970e-02
jb                  =  6.36255e-11
jmax                =  1.92544e-02 at=  2.10064e-02
jmin                =  5.31693e-11 at=  1.99264e-02
Doing analysis at TEMP = 27.000000 and TNOM = 27.000000

Using SPARSE 1.3 as Direct Linear Solver

Initial Transient Solution
--------------------------

Node                                   Voltage
----                                   -------
vplus                                       15
vminus                                     -15
vsn                                          0
jin                                          0
sel                                4.88745e-09
selk                               4.88746e-09
ain                                 -0.0233769
xa.nref                               -13.6718
xa.ncasc                               9.86857
xa.nx                                 0.995113
xa.nhi                                 13.5712
aout                                 -0.029997
afb                                 -0.0299969
xa.vpf                                 14.8482
xa.nrefm                              -14.3359
xa.d1n                                 9.18095
xa.g1                               -0.0233769
xa.s1                                 0.043893
xa.d2n                                 9.18118
xa.g2                               -0.0299969
xa.s2                                0.0420052
xa.src                               -0.182322
xa.nte                                -14.3772
xa.nmiri                               13.6537
xa.nme1                                14.3604
xa.nme2                                14.3593
xa.nve                                 14.2437
xa.ny                                 -1.02603
xa.nvle                                -14.401
xa.nbb                               -0.298432
xa.nbn                                0.993116
xa.nen                                0.425144
xa.nbp                                -1.02514
xa.nep                               -0.485511
arg                                 -0.0299968
arg10                               -0.0299968
aoc                                 -0.0299969
tap6                                -0.0157006
tap12                               -0.0078503
atop                                -0.0157006
nt1r                                         0
t2c                                 -0.0157006
nt1s                                         1
nt2r                                         1
nt2s                                         0
att                               -3.61783e-12
t1                                -3.61781e-12
t2                                -2.87373e-12
wip                               -3.61628e-12
nw1                                          1
nw2                                          0
bin                               -3.61627e-12
xb.nref                               -13.6718
xb.ncasc                               9.86857
xb.nx                                  1.01591
xb.nhi                                 13.5712
bout                               -0.00940541
bfb                                 -0.0066228
xb.vpf                                 14.8482
xb.nrefm                              -14.3359
xb.d1n                                 9.18095
xb.g1                             -2.08999e-12
xb.s1                                0.0672183
xb.d2n                                 9.18118
xb.g2                               -0.0066228
xb.s2                                0.0653297
xb.src                               -0.158998
xb.nte                                -14.3772
xb.nmiri                               13.6537
xb.nme1                                14.3604
xb.nme2                                14.3593
xb.nve                                 14.2437
xb.ny                                 -1.00523
xb.nvle                                -14.401
xb.nbb                               -0.277637
xb.nbn                                 1.01391
xb.nen                                0.445909
xb.nbp                                -1.00435
xb.nep                               -0.464761
brg                               -1.85507e-07
brg10                              -0.00662279
bouta                              -0.00940541
jack                                         0
vw2#branch                                   0
vw1#branch                                   0
vt2s#branch                                  0
vt2r#branch                                  0
vt1s#branch                                  0
vt1r#branch                                  0
vosa#branch                       -1.03989e-14
vsrc#branch                                  0
vmm#branch                           0.0754553
vpp#branch                           -0.073395


No. of Data Rows : 24049
vam                 =  -2.99970e-02
jb                  =  5.73706e-11
jmax                =  1.06945e-02 at=  2.10056e-02
jmin                =  5.00728e-11 at=  1.99214e-02
Doing analysis at TEMP = 27.000000 and TNOM = 27.000000

Using SPARSE 1.3 as Direct Linear Solver

Initial Transient Solution
--------------------------

Node                                   Voltage
----                                   -------
vplus                                       15
vminus                                     -15
vsn                                          0
jin                                          0
sel                                4.88745e-09
selk                               4.88746e-09
ain                                 -0.0233769
xa.nref                               -13.6718
xa.ncasc                               9.86857
xa.nx                                 0.995113
xa.nhi                                 13.5712
aout                                 -0.029997
afb                                 -0.0299969
xa.vpf                                 14.8482
xa.nrefm                              -14.3359
xa.d1n                                 9.18095
xa.g1                               -0.0233769
xa.s1                                 0.043893
xa.d2n                                 9.18118
xa.g2                               -0.0299969
xa.s2                                0.0420052
xa.src                               -0.182322
xa.nte                                -14.3772
xa.nmiri                               13.6537
xa.nme1                                14.3604
xa.nme2                                14.3593
xa.nve                                 14.2437
xa.ny                                 -1.02603
xa.nvle                                -14.401
xa.nbb                               -0.298432
xa.nbn                                0.993116
xa.nen                                0.425144
xa.nbp                                -1.02514
xa.nep                               -0.485511
arg                                 -0.0299968
arg10                               -0.0299968
aoc                                 -0.0299969
tap6                                -0.0157006
tap12                               -0.0078503
atop                                -0.0299969
nt1r                                         1
t2c                                 -0.0157006
nt1s                                         0
nt2r                                         1
nt2s                                         0
att                               -1.21769e-10
t1                                -1.21769e-10
t2                                -9.67248e-11
wip                               -1.21768e-10
nw1                                          1
nw2                                          0
bin                               -1.21768e-10
xb.nref                               -13.6718
xb.ncasc                               9.86857
xb.nx                                  1.00434
xb.nhi                                 13.5712
bout                                -0.0208707
bfb                                -0.00662131
xb.vpf                                 14.8482
xb.nrefm                              -14.3359
xb.d1n                                 9.18095
xb.g1                             -1.20242e-10
xb.s1                                 0.067219
xb.d2n                                 9.18118
xb.g2                              -0.00662131
xb.s2                                0.0653309
xb.src                               -0.158997
xb.nte                                -14.3772
xb.nmiri                               13.6537
xb.nme1                                14.3604
xb.nme2                                14.3593
xb.nve                                 14.2437
xb.ny                                  -1.0168
xb.nvle                                -14.401
xb.nbb                               -0.289207
xb.nbn                                 1.00234
xb.nen                                0.434356
xb.nbp                                -1.01592
xb.nep                               -0.476306
brg                               -1.85466e-07
brg10                             -7.64497e-07
bouta                               -0.0208707
jack                                         0
vw2#branch                                   0
vw1#branch                                   0
vt2s#branch                                  0
vt2r#branch                                  0
vt1s#branch                                  0
vt1r#branch                                  0
vosa#branch                       -1.03989e-14
vsrc#branch                                  0
vmm#branch                           0.0754589
vpp#branch                           -0.073391


No. of Data Rows : 24038
vam                 =  -2.99970e-02
jb                  =  1.03723e-10
jmax                =  4.84274e-08 at=  2.07766e-02
jmin                =  -1.42562e-10 at=  2.10066e-02
Doing analysis at TEMP = 27.000000 and TNOM = 27.000000

Using SPARSE 1.3 as Direct Linear Solver

Initial Transient Solution
--------------------------

Node                                   Voltage
----                                   -------
vplus                                       15
vminus                                     -15
vsn                                          0
jin                                          0
sel                                4.88745e-09
selk                               4.88746e-09
ain                                 -0.0233769
xa.nref                               -13.6718
xa.ncasc                               9.86857
xa.nx                                 0.995113
xa.nhi                                 13.5712
aout                                 -0.029997
afb                                 -0.0299969
xa.vpf                                 14.8482
xa.nrefm                              -14.3359
xa.d1n                                 9.18095
xa.g1                               -0.0233769
xa.s1                                 0.043893
xa.d2n                                 9.18118
xa.g2                               -0.0299969
xa.s2                                0.0420052
xa.src                               -0.182322
xa.nte                                -14.3772
xa.nmiri                               13.6537
xa.nme1                                14.3604
xa.nme2                                14.3593
xa.nve                                 14.2437
xa.ny                                 -1.02603
xa.nvle                                -14.401
xa.nbb                               -0.298432
xa.nbn                                0.993116
xa.nen                                0.425144
xa.nbp                                -1.02514
xa.nep                               -0.485511
arg                                 -0.0299968
arg10                               -0.0299968
aoc                                 -0.0299969
tap6                                -0.0157006
tap12                               -0.0078503
atop                                -0.0299969
nt1r                                         1
t2c                                 -0.0157006
nt1s                                         0
nt2r                                         1
nt2s                                         0
att                               -1.21769e-10
t1                                -1.21769e-10
t2                                -9.67248e-11
wip                               -1.21768e-10
nw1                                          1
nw2                                          0
bin                               -1.21768e-10
xb.nref                               -13.6718
xb.ncasc                               9.86857
xb.nx                                  1.00434
xb.nhi                                 13.5712
bout                                -0.0208707
bfb                                -0.00662131
xb.vpf                                 14.8482
xb.nrefm                              -14.3359
xb.d1n                                 9.18095
xb.g1                             -1.20242e-10
xb.s1                                 0.067219
xb.d2n                                 9.18118
xb.g2                              -0.00662131
xb.s2                                0.0653309
xb.src                               -0.158997
xb.nte                                -14.3772
xb.nmiri                               13.6537
xb.nme1                                14.3604
xb.nme2                                14.3593
xb.nve                                 14.2437
xb.ny                                  -1.0168
xb.nvle                                -14.401
xb.nbb                               -0.289207
xb.nbn                                 1.00234
xb.nen                                0.434356
xb.nbp                                -1.01592
xb.nep                               -0.476306
brg                               -1.85466e-07
brg10                             -7.64497e-07
bouta                               -0.0208707
jack                                         0
vw2#branch                                   0
vw1#branch                                   0
vt2s#branch                                  0
vt2r#branch                                  0
vt1s#branch                                  0
vt1r#branch                                  0
vosa#branch                       -1.03989e-14
vsrc#branch                                  0
vmm#branch                           0.0754589
vpp#branch                           -0.073391


No. of Data Rows : 24038
vam                 =  -2.99970e-02
jb                  =  1.03723e-10
jmax                =  2.87622e-10 at=  2.14216e-02
jmin                =  7.64478e-11 at=  2.07816e-02
Doing analysis at TEMP = 27.000000 and TNOM = 27.000000

Using SPARSE 1.3 as Direct Linear Solver

Initial Transient Solution
--------------------------

Node                                   Voltage
----                                   -------
vplus                                       15
vminus                                     -15
vsn                                          0
jin                                          0
sel                                4.88745e-09
selk                               4.88746e-09
ain                                 -0.0233769
xa.nref                               -13.6718
xa.ncasc                               9.86857
xa.nx                                 0.995113
xa.nhi                                 13.5712
aout                                 -0.029997
afb                                 -0.0299969
xa.vpf                                 14.8482
xa.nrefm                              -14.3359
xa.d1n                                 9.18095
xa.g1                               -0.0233769
xa.s1                                 0.043893
xa.d2n                                 9.18118
xa.g2                               -0.0299969
xa.s2                                0.0420052
xa.src                               -0.182322
xa.nte                                -14.3772
xa.nmiri                               13.6537
xa.nme1                                14.3604
xa.nme2                                14.3593
xa.nve                                 14.2437
xa.ny                                 -1.02603
xa.nvle                                -14.401
xa.nbb                               -0.298432
xa.nbn                                0.993116
xa.nen                                0.425144
xa.nbp                                -1.02514
xa.nep                               -0.485511
arg                                 -0.0299968
arg10                               -0.0299968
aoc                                 -0.0299969
tap6                                -0.0157006
tap12                               -0.0078503
atop                                -0.0299969
nt1r                                         1
t2c                                 -0.0157006
nt1s                                         0
nt2r                                         1
nt2s                                         0
att                               -2.45461e-10
t1                                -5.78957e-12
t2                                -3.48476e-12
wip                               -3.48323e-12
nw1                                          0
nw2                                          1
bin                               -3.48322e-12
xb.nref                               -13.6718
xb.ncasc                               9.86857
xb.nx                                  1.00434
xb.nhi                                 13.5712
bout                                -0.0208707
bfb                                -0.00662131
xb.vpf                                 14.8482
xb.nrefm                              -14.3359
xb.d1n                                 9.18095
xb.g1                             -1.95693e-12
xb.s1                                 0.067219
xb.d2n                                 9.18118
xb.g2                              -0.00662131
xb.s2                                0.0653309
xb.src                               -0.158997
xb.nte                                -14.3772
xb.nmiri                               13.6537
xb.nme1                                14.3604
xb.nme2                                14.3593
xb.nve                                 14.2437
xb.ny                                  -1.0168
xb.nvle                                -14.401
xb.nbb                               -0.289207
xb.nbn                                 1.00234
xb.nen                                0.434356
xb.nbp                                -1.01592
xb.nep                               -0.476306
brg                               -1.85466e-07
brg10                             -7.64497e-07
bouta                               -0.0208707
jack                                         0
vw2#branch                                   0
vw1#branch                                   0
vt2s#branch                                  0
vt2r#branch                                  0
vt1s#branch                                  0
vt1r#branch                                  0
vosa#branch                       -1.03989e-14
vsrc#branch                                  0
vmm#branch                           0.0754589
vpp#branch                           -0.073391


No. of Data Rows : 24038
vam                 =  -2.99970e-02
jb                  =  1.08715e-10
jmax                =  4.80703e-08 at=  2.08116e-02
jmin                =  -2.41598e-10 at=  2.10066e-02
Doing analysis at TEMP = 27.000000 and TNOM = 27.000000

Using SPARSE 1.3 as Direct Linear Solver

Initial Transient Solution
--------------------------

Node                                   Voltage
----                                   -------
vplus                                       15
vminus                                     -15
vsn                                          0
jin                                          0
sel                                4.88745e-09
selk                               4.88746e-09
ain                                 -0.0233769
xa.nref                               -13.6718
xa.ncasc                               9.86857
xa.nx                                 0.995113
xa.nhi                                 13.5712
aout                                 -0.029997
afb                                 -0.0299969
xa.vpf                                 14.8482
xa.nrefm                              -14.3359
xa.d1n                                 9.18095
xa.g1                               -0.0233769
xa.s1                                 0.043893
xa.d2n                                 9.18118
xa.g2                               -0.0299969
xa.s2                                0.0420052
xa.src                               -0.182322
xa.nte                                -14.3772
xa.nmiri                               13.6537
xa.nme1                                14.3604
xa.nme2                                14.3593
xa.nve                                 14.2437
xa.ny                                 -1.02603
xa.nvle                                -14.401
xa.nbb                               -0.298432
xa.nbn                                0.993116
xa.nen                                0.425144
xa.nbp                                -1.02514
xa.nep                               -0.485511
arg                                 -0.0299968
arg10                               -0.0299968
aoc                                 -0.0299969
tap6                                -0.0157006
tap12                               -0.0078503
atop                                -0.0299969
nt1r                                         1
t2c                                 -0.0157006
nt1s                                         0
nt2r                                         1
nt2s                                         0
att                               -2.45461e-10
t1                                -5.78957e-12
t2                                -3.48476e-12
wip                               -3.48323e-12
nw1                                          0
nw2                                          1
bin                               -3.48322e-12
xb.nref                               -13.6718
xb.ncasc                               9.86857
xb.nx                                  1.00434
xb.nhi                                 13.5712
bout                                -0.0208707
bfb                                -0.00662131
xb.vpf                                 14.8482
xb.nrefm                              -14.3359
xb.d1n                                 9.18095
xb.g1                             -1.95693e-12
xb.s1                                 0.067219
xb.d2n                                 9.18118
xb.g2                              -0.00662131
xb.s2                                0.0653309
xb.src                               -0.158997
xb.nte                                -14.3772
xb.nmiri                               13.6537
xb.nme1                                14.3604
xb.nme2                                14.3593
xb.nve                                 14.2437
xb.ny                                  -1.0168
xb.nvle                                -14.401
xb.nbb                               -0.289207
xb.nbn                                 1.00234
xb.nen                                0.434356
xb.nbp                                -1.01592
xb.nep                               -0.476306
brg                               -1.85466e-07
brg10                             -7.64497e-07
bouta                               -0.0208707
jack                                         0
vw2#branch                                   0
vw1#branch                                   0
vt2s#branch                                  0
vt2r#branch                                  0
vt1s#branch                                  0
vt1r#branch                                  0
vosa#branch                       -1.03989e-14
vsrc#branch                                  0
vmm#branch                           0.0754589
vpp#branch                           -0.073391


No. of Data Rows : 24038
vam                 =  -2.99970e-02
jb                  =  1.08715e-10
jmax                =  1.28523e-10 at=  1.99614e-02
jmin                =  5.71519e-11 at=  1.19717e-01
Doing analysis at TEMP = 27.000000 and TNOM = 27.000000

Using SPARSE 1.3 as Direct Linear Solver

Initial Transient Solution
--------------------------

Node                                   Voltage
----                                   -------
vplus                                       15
vminus                                     -15
vsn                                          0
jin                                          0
sel                                4.88745e-09
selk                               4.88746e-09
ain                                 -0.0233769
xa.nref                               -13.6718
xa.ncasc                               9.86857
xa.nx                                 0.995113
xa.nhi                                 13.5712
aout                                 -0.029997
afb                                 -0.0299969
xa.vpf                                 14.8482
xa.nrefm                              -14.3359
xa.d1n                                 9.18095
xa.g1                               -0.0233769
xa.s1                                 0.043893
xa.d2n                                 9.18118
xa.g2                               -0.0299969
xa.s2                                0.0420052
xa.src                               -0.182322
xa.nte                                -14.3772
xa.nmiri                               13.6537
xa.nme1                                14.3604
xa.nme2                                14.3593
xa.nve                                 14.2437
xa.ny                                 -1.02603
xa.nvle                                -14.401
xa.nbb                               -0.298432
xa.nbn                                0.993116
xa.nen                                0.425144
xa.nbp                                -1.02514
xa.nep                               -0.485511
arg                                 -0.0299968
arg10                               -0.0299968
aoc                                 -0.0299969
tap6                                -0.0157006
tap12                               -0.0078503
atop                                -0.0299969
nt1r                                         1
t2c                                 -0.0157006
nt1s                                         0
nt2r                                         1
nt2s                                         0
att                               -1.21769e-10
t1                                -1.21769e-10
t2                                -9.67248e-11
wip                               -1.21768e-10
nw1                                          1
nw2                                          0
bin                               -1.21768e-10
xb.nref                               -13.6718
xb.ncasc                               9.86857
xb.nx                                  1.00434
xb.nhi                                 13.5712
bout                                -0.0208707
bfb                                -0.00662131
xb.vpf                                 14.8482
xb.nrefm                              -14.3359
xb.d1n                                 9.18095
xb.g1                             -1.20242e-10
xb.s1                                 0.067219
xb.d2n                                 9.18118
xb.g2                              -0.00662131
xb.s2                                0.0653309
xb.src                               -0.158997
xb.nte                                -14.3772
xb.nmiri                               13.6537
xb.nme1                                14.3604
xb.nme2                                14.3593
xb.nve                                 14.2437
xb.ny                                  -1.0168
xb.nvle                                -14.401
xb.nbb                               -0.289207
xb.nbn                                 1.00234
xb.nen                                0.434356
xb.nbp                                -1.01592
xb.nep                               -0.476306
brg                               -1.85466e-07
brg10                             -7.64497e-07
bouta                               -0.0208707
jack                                         0
vw2#branch                                   0
vw1#branch                                   0
vt2s#branch                                  0
vt2r#branch                                  0
vt1s#branch                                  0
vt1r#branch                                  0
vosa#branch                       -1.03989e-14
vsrc#branch                                  0
vmm#branch                           0.0754589
vpp#branch                           -0.073391


No. of Data Rows : 24045
vam                 =  -2.99970e-02
jb                  =  1.03723e-10
jmax                =  4.27243e-02 at=  2.10098e-02
jmin                =  8.69742e-11 at=  1.99264e-02
Doing analysis at TEMP = 27.000000 and TNOM = 27.000000

Using SPARSE 1.3 as Direct Linear Solver

Initial Transient Solution
--------------------------

Node                                   Voltage
----                                   -------
vplus                                       15
vminus                                     -15
vsn                                          0
jin                                          0
sel                                4.88745e-09
selk                               4.88746e-09
ain                                 -0.0233769
xa.nref                               -13.6718
xa.ncasc                               9.86857
xa.nx                                 0.995113
xa.nhi                                 13.5712
aout                                 -0.029997
afb                                 -0.0299969
xa.vpf                                 14.8482
xa.nrefm                              -14.3359
xa.d1n                                 9.18095
xa.g1                               -0.0233769
xa.s1                                 0.043893
xa.d2n                                 9.18118
xa.g2                               -0.0299969
xa.s2                                0.0420052
xa.src                               -0.182322
xa.nte                                -14.3772
xa.nmiri                               13.6537
xa.nme1                                14.3604
xa.nme2                                14.3593
xa.nve                                 14.2437
xa.ny                                 -1.02603
xa.nvle                                -14.401
xa.nbb                               -0.298432
xa.nbn                                0.993116
xa.nen                                0.425144
xa.nbp                                -1.02514
xa.nep                               -0.485511
arg                                 -0.0299968
arg10                               -0.0299968
aoc                                 -0.0299969
tap6                                -0.0157006
tap12                               -0.0078503
atop                                -0.0157006
nt1r                                         0
t2c                                 -0.0157006
nt1s                                         1
nt2r                                         1
nt2s                                         0
att                               -3.61782e-12
t1                                 -3.6178e-12
t2                                -2.87372e-12
wip                               -3.61628e-12
nw1                                          1
nw2                                          0
bin                               -3.61626e-12
xb.nref                               -13.6718
xb.ncasc                               9.86857
xb.nx                                  1.00434
xb.nhi                                 13.5712
bout                                -0.0208707
bfb                                -0.00662131
xb.vpf                                 14.8482
xb.nrefm                              -14.3359
xb.d1n                                 9.18095
xb.g1                             -2.08998e-12
xb.s1                                 0.067219
xb.d2n                                 9.18118
xb.g2                              -0.00662131
xb.s2                                0.0653309
xb.src                               -0.158997
xb.nte                                -14.3772
xb.nmiri                               13.6537
xb.nme1                                14.3604
xb.nme2                                14.3593
xb.nve                                 14.2437
xb.ny                                  -1.0168
xb.nvle                                -14.401
xb.nbb                               -0.289207
xb.nbn                                 1.00234
xb.nen                                0.434356
xb.nbp                                -1.01592
xb.nep                               -0.476306
brg                               -1.85466e-07
brg10                             -7.64497e-07
bouta                               -0.0208707
jack                                         0
vw2#branch                                   0
vw1#branch                                   0
vt2s#branch                                  0
vt2r#branch                                  0
vt1s#branch                                  0
vt1r#branch                                  0
vosa#branch                       -1.03989e-14
vsrc#branch                                  0
vmm#branch                           0.0754589
vpp#branch                           -0.073391


No. of Data Rows : 24047
vam                 =  -2.99970e-02
jb                  =  1.09943e-10
jmax                =  2.37318e-02 at=  2.10099e-02
jmin                =  8.94512e-11 at=  1.99614e-02
Doing analysis at TEMP = 27.000000 and TNOM = 27.000000

Using SPARSE 1.3 as Direct Linear Solver

Initial Transient Solution
--------------------------

Node                                   Voltage
----                                   -------
vplus                                       15
vminus                                     -15
vsn                                          0
jin                                          0
sel                                4.86822e-09
selk                               4.86822e-09
ain                                  0.0366231
xa.nref                               -13.6718
xa.ncasc                               9.86857
xa.nx                                  1.05559
xa.nhi                                 13.5711
aout                                 0.0299953
afb                                  0.0299952
xa.vpf                                 14.8482
xa.nrefm                              -14.3359
xa.d1n                                 9.18095
xa.g1                                0.0366231
xa.s1                                  0.10376
xa.d2n                                 9.18118
xa.g2                                0.0299952
xa.s2                                  0.10187
xa.src                               -0.122459
xa.nte                                -14.3772
xa.nmiri                               13.6537
xa.nme1                                14.3604
xa.nme2                                14.3593
xa.nve                                 14.2436
xa.ny                                -0.965565
xa.nvle                                -14.401
xa.nbb                               -0.237966
xa.nbn                                 1.05359
xa.nen                                 0.48553
xa.nbp                                -0.96468
xa.nep                               -0.425167
arg                                  0.0299951
arg10                                0.0299951
aoc                                  0.0299952
tap6                                 0.0156997
tap12                               0.00784985
atop                                 0.0299952
nt1r                                         1
t2c                                  0.0156997
nt1s                                         0
nt2r                                         1
nt2s                                         0
att                                3.74034e-10
t1                                 3.74034e-10
t2                                 2.97105e-10
wip                                3.74035e-10
nw1                                          1
nw2                                          0
bin                                3.74035e-10
xb.nref                               -13.6718
xb.ncasc                               9.86857
xb.nx                                  1.01872
xb.nhi                                 13.5712
bout                               -0.00662318
bfb                                -0.00662316
xb.vpf                                 14.8482
xb.nrefm                              -14.3359
xb.d1n                                 9.18095
xb.g1                              3.75561e-10
xb.s1                                0.0672181
xb.d2n                                 9.18118
xb.g2                              -0.00662316
xb.s2                                0.0653295
xb.src                               -0.158998
xb.nte                                -14.3772
xb.nmiri                               13.6537
xb.nme1                                14.3604
xb.nme2                                14.3593
xb.nve                                 14.2437
xb.ny                                 -1.00243
xb.nvle                                -14.401
xb.nbb                                -0.27483
xb.nbn                                 1.01672
xb.nen                                0.448713
xb.nbp                                -1.00154
xb.nep                               -0.461959
brg                                -0.00662313
brg10                              -0.00662315
bouta                              -0.00662318
jack                                         0
vw2#branch                                   0
vw1#branch                                   0
vt2s#branch                                  0
vt2r#branch                                  0
vt1s#branch                                  0
vt1r#branch                                  0
vosa#branch                       -1.03579e-14
vsrc#branch                                  0
vmm#branch                            0.075439
vpp#branch                          -0.0734144


No. of Data Rows : 24038
vam                 =  2.99953e-02
jb                  =  1.61498e-10
jmax                =  1.48878e-08 at=  2.07866e-02
jmin                =  -6.35987e-10 at=  2.10017e-02
Doing analysis at TEMP = 27.000000 and TNOM = 27.000000

Using SPARSE 1.3 as Direct Linear Solver

Initial Transient Solution
--------------------------

Node                                   Voltage
----                                   -------
vplus                                       15
vminus                                     -15
vsn                                          0
jin                                          0
sel                                4.86822e-09
selk                               4.86822e-09
ain                                  0.0366231
xa.nref                               -13.6718
xa.ncasc                               9.86857
xa.nx                                  1.05559
xa.nhi                                 13.5711
aout                                 0.0299953
afb                                  0.0299952
xa.vpf                                 14.8482
xa.nrefm                              -14.3359
xa.d1n                                 9.18095
xa.g1                                0.0366231
xa.s1                                  0.10376
xa.d2n                                 9.18118
xa.g2                                0.0299952
xa.s2                                  0.10187
xa.src                               -0.122459
xa.nte                                -14.3772
xa.nmiri                               13.6537
xa.nme1                                14.3604
xa.nme2                                14.3593
xa.nve                                 14.2436
xa.ny                                -0.965565
xa.nvle                                -14.401
xa.nbb                               -0.237966
xa.nbn                                 1.05359
xa.nen                                 0.48553
xa.nbp                                -0.96468
xa.nep                               -0.425167
arg                                  0.0299951
arg10                                0.0299951
aoc                                  0.0299952
tap6                                 0.0156997
tap12                               0.00784985
atop                                 0.0299952
nt1r                                         1
t2c                                  0.0156997
nt1s                                         0
nt2r                                         1
nt2s                                         0
att                                3.74034e-10
t1                                 3.74034e-10
t2                                 2.97105e-10
wip                                3.74035e-10
nw1                                          1
nw2                                          0
bin                                3.74035e-10
xb.nref                               -13.6718
xb.ncasc                               9.86857
xb.nx                                  1.01872
xb.nhi                                 13.5712
bout                               -0.00662318
bfb                                -0.00662316
xb.vpf                                 14.8482
xb.nrefm                              -14.3359
xb.d1n                                 9.18095
xb.g1                              3.75561e-10
xb.s1                                0.0672181
xb.d2n                                 9.18118
xb.g2                              -0.00662316
xb.s2                                0.0653295
xb.src                               -0.158998
xb.nte                                -14.3772
xb.nmiri                               13.6537
xb.nme1                                14.3604
xb.nme2                                14.3593
xb.nve                                 14.2437
xb.ny                                 -1.00243
xb.nvle                                -14.401
xb.nbb                                -0.27483
xb.nbn                                 1.01672
xb.nen                                0.448713
xb.nbp                                -1.00154
xb.nep                               -0.461959
brg                                -0.00662313
brg10                              -0.00662315
bouta                              -0.00662318
jack                                         0
vw2#branch                                   0
vw1#branch                                   0
vt2s#branch                                  0
vt2r#branch                                  0
vt1s#branch                                  0
vt1r#branch                                  0
vosa#branch                       -1.03579e-14
vsrc#branch                                  0
vmm#branch                            0.075439
vpp#branch                          -0.0734144


No. of Data Rows : 24038
vam                 =  2.99953e-02
jb                  =  1.61498e-10
jmax                =  1.72854e-10 at=  2.04266e-02
jmin                =  -1.43434e-11 at=  1.17832e-01
Doing analysis at TEMP = 27.000000 and TNOM = 27.000000

Using SPARSE 1.3 as Direct Linear Solver

Initial Transient Solution
--------------------------

Node                                   Voltage
----                                   -------
vplus                                       15
vminus                                     -15
vsn                                          0
jin                                          0
sel                                4.86822e-09
selk                               4.86822e-09
ain                                  0.0366231
xa.nref                               -13.6718
xa.ncasc                               9.86857
xa.nx                                  1.05559
xa.nhi                                 13.5711
aout                                 0.0299953
afb                                  0.0299952
xa.vpf                                 14.8482
xa.nrefm                              -14.3359
xa.d1n                                 9.18095
xa.g1                                0.0366231
xa.s1                                  0.10376
xa.d2n                                 9.18118
xa.g2                                0.0299952
xa.s2                                  0.10187
xa.src                               -0.122459
xa.nte                                -14.3772
xa.nmiri                               13.6537
xa.nme1                                14.3604
xa.nme2                                14.3593
xa.nve                                 14.2436
xa.ny                                -0.965565
xa.nvle                                -14.401
xa.nbb                               -0.237966
xa.nbn                                 1.05359
xa.nen                                 0.48553
xa.nbp                                -0.96468
xa.nep                               -0.425167
arg                                  0.0299951
arg10                                0.0299951
aoc                                  0.0299952
tap6                                 0.0156997
tap12                               0.00784985
atop                                 0.0299952
nt1r                                         1
t2c                                  0.0156997
nt1s                                         0
nt2r                                         1
nt2s                                         0
att                                2.54469e-10
t1                                 1.65354e-11
t2                                 1.42473e-11
wip                                1.42488e-11
nw1                                          0
nw2                                          1
bin                                1.42489e-11
xb.nref                               -13.6718
xb.ncasc                               9.86857
xb.nx                                  1.01872
xb.nhi                                 13.5712
bout                               -0.00662318
bfb                                -0.00662316
xb.vpf                                 14.8482
xb.nrefm                              -14.3359
xb.d1n                                 9.18095
xb.g1                              1.57751e-11
xb.s1                                0.0672181
xb.d2n                                 9.18118
xb.g2                              -0.00662316
xb.s2                                0.0653295
xb.src                               -0.158998
xb.nte                                -14.3772
xb.nmiri                               13.6537
xb.nme1                                14.3604
xb.nme2                                14.3593
xb.nve                                 14.2437
xb.ny                                 -1.00243
xb.nvle                                -14.401
xb.nbb                                -0.27483
xb.nbn                                 1.01672
xb.nen                                0.448713
xb.nbp                                -1.00154
xb.nep                               -0.461959
brg                                -0.00662313
brg10                              -0.00662315
bouta                              -0.00662318
jack                                         0
vw2#branch                                   0
vw1#branch                                   0
vt2s#branch                                  0
vt2r#branch                                  0
vt1s#branch                                  0
vt1r#branch                                  0
vosa#branch                       -1.03579e-14
vsrc#branch                                  0
vmm#branch                            0.075439
vpp#branch                          -0.0734144


No. of Data Rows : 24038
vam                 =  2.99953e-02
jb                  =  5.64752e-11
jmax                =  1.52579e-08 at=  2.08166e-02
jmin                =  -6.23520e-10 at=  2.10017e-02
Doing analysis at TEMP = 27.000000 and TNOM = 27.000000

Using SPARSE 1.3 as Direct Linear Solver

Initial Transient Solution
--------------------------

Node                                   Voltage
----                                   -------
vplus                                       15
vminus                                     -15
vsn                                          0
jin                                          0
sel                                4.86822e-09
selk                               4.86822e-09
ain                                  0.0366231
xa.nref                               -13.6718
xa.ncasc                               9.86857
xa.nx                                  1.05559
xa.nhi                                 13.5711
aout                                 0.0299953
afb                                  0.0299952
xa.vpf                                 14.8482
xa.nrefm                              -14.3359
xa.d1n                                 9.18095
xa.g1                                0.0366231
xa.s1                                  0.10376
xa.d2n                                 9.18118
xa.g2                                0.0299952
xa.s2                                  0.10187
xa.src                               -0.122459
xa.nte                                -14.3772
xa.nmiri                               13.6537
xa.nme1                                14.3604
xa.nme2                                14.3593
xa.nve                                 14.2436
xa.ny                                -0.965565
xa.nvle                                -14.401
xa.nbb                               -0.237966
xa.nbn                                 1.05359
xa.nen                                 0.48553
xa.nbp                                -0.96468
xa.nep                               -0.425167
arg                                  0.0299951
arg10                                0.0299951
aoc                                  0.0299952
tap6                                 0.0156997
tap12                               0.00784985
atop                                 0.0299952
nt1r                                         1
t2c                                  0.0156997
nt1s                                         0
nt2r                                         1
nt2s                                         0
att                                2.54469e-10
t1                                 1.65354e-11
t2                                 1.42473e-11
wip                                1.42488e-11
nw1                                          0
nw2                                          1
bin                                1.42489e-11
xb.nref                               -13.6718
xb.ncasc                               9.86857
xb.nx                                  1.01872
xb.nhi                                 13.5712
bout                               -0.00662318
bfb                                -0.00662316
xb.vpf                                 14.8482
xb.nrefm                              -14.3359
xb.d1n                                 9.18095
xb.g1                              1.57751e-11
xb.s1                                0.0672181
xb.d2n                                 9.18118
xb.g2                              -0.00662316
xb.s2                                0.0653295
xb.src                               -0.158998
xb.nte                                -14.3772
xb.nmiri                               13.6537
xb.nme1                                14.3604
xb.nme2                                14.3593
xb.nve                                 14.2437
xb.ny                                 -1.00243
xb.nvle                                -14.401
xb.nbb                                -0.27483
xb.nbn                                 1.01672
xb.nen                                0.448713
xb.nbp                                -1.00154
xb.nep                               -0.461959
brg                                -0.00662313
brg10                              -0.00662315
bouta                              -0.00662318
jack                                         0
vw2#branch                                   0
vw1#branch                                   0
vt2s#branch                                  0
vt2r#branch                                  0
vt1s#branch                                  0
vt1r#branch                                  0
vosa#branch                       -1.03579e-14
vsrc#branch                                  0
vmm#branch                            0.075439
vpp#branch                          -0.0734144


No. of Data Rows : 24038
vam                 =  2.99953e-02
jb                  =  5.64752e-11
jmax                =  6.99710e-11 at=  2.50416e-02
jmin                =  3.30835e-11 at=  1.18822e-01
Doing analysis at TEMP = 27.000000 and TNOM = 27.000000

Using SPARSE 1.3 as Direct Linear Solver

Initial Transient Solution
--------------------------

Node                                   Voltage
----                                   -------
vplus                                       15
vminus                                     -15
vsn                                          0
jin                                          0
sel                                4.86822e-09
selk                               4.86822e-09
ain                                  0.0366231
xa.nref                               -13.6718
xa.ncasc                               9.86857
xa.nx                                  1.05559
xa.nhi                                 13.5711
aout                                 0.0299953
afb                                  0.0299952
xa.vpf                                 14.8482
xa.nrefm                              -14.3359
xa.d1n                                 9.18095
xa.g1                                0.0366231
xa.s1                                  0.10376
xa.d2n                                 9.18118
xa.g2                                0.0299952
xa.s2                                  0.10187
xa.src                               -0.122459
xa.nte                                -14.3772
xa.nmiri                               13.6537
xa.nme1                                14.3604
xa.nme2                                14.3593
xa.nve                                 14.2436
xa.ny                                -0.965565
xa.nvle                                -14.401
xa.nbb                               -0.237966
xa.nbn                                 1.05359
xa.nen                                 0.48553
xa.nbp                                -0.96468
xa.nep                               -0.425167
arg                                  0.0299951
arg10                                0.0299951
aoc                                  0.0299952
tap6                                 0.0156997
tap12                               0.00784985
atop                                 0.0299952
nt1r                                         1
t2c                                  0.0156997
nt1s                                         0
nt2r                                         1
nt2s                                         0
att                                3.74034e-10
t1                                 3.74034e-10
t2                                 2.97105e-10
wip                                3.74035e-10
nw1                                          1
nw2                                          0
bin                                3.74035e-10
xb.nref                               -13.6718
xb.ncasc                               9.86857
xb.nx                                  1.01872
xb.nhi                                 13.5712
bout                               -0.00662318
bfb                                -0.00662316
xb.vpf                                 14.8482
xb.nrefm                              -14.3359
xb.d1n                                 9.18095
xb.g1                              3.75561e-10
xb.s1                                0.0672181
xb.d2n                                 9.18118
xb.g2                              -0.00662316
xb.s2                                0.0653295
xb.src                               -0.158998
xb.nte                                -14.3772
xb.nmiri                               13.6537
xb.nme1                                14.3604
xb.nme2                                14.3593
xb.nve                                 14.2437
xb.ny                                 -1.00243
xb.nvle                                -14.401
xb.nbb                                -0.27483
xb.nbn                                 1.01672
xb.nen                                0.448713
xb.nbp                                -1.00154
xb.nep                               -0.461959
brg                                -0.00662313
brg10                              -0.00662315
bouta                              -0.00662318
jack                                         0
vw2#branch                                   0
vw1#branch                                   0
vt2s#branch                                  0
vt2r#branch                                  0
vt1s#branch                                  0
vt1r#branch                                  0
vosa#branch                       -1.03579e-14
vsrc#branch                                  0
vmm#branch                            0.075439
vpp#branch                          -0.0734144


No. of Data Rows : 24050
vam                 =  2.99953e-02
jb                  =  1.61498e-10
jmax                =  1.71809e-10 at=  2.00003e-02
jmin                =  -1.41312e-02 at=  2.10016e-02
Doing analysis at TEMP = 27.000000 and TNOM = 27.000000

Using SPARSE 1.3 as Direct Linear Solver

Initial Transient Solution
--------------------------

Node                                   Voltage
----                                   -------
vplus                                       15
vminus                                     -15
vsn                                          0
jin                                          0
sel                                4.86822e-09
selk                               4.86822e-09
ain                                  0.0366231
xa.nref                               -13.6718
xa.ncasc                               9.86857
xa.nx                                  1.05559
xa.nhi                                 13.5711
aout                                 0.0299953
afb                                  0.0299952
xa.vpf                                 14.8482
xa.nrefm                              -14.3359
xa.d1n                                 9.18095
xa.g1                                0.0366231
xa.s1                                  0.10376
xa.d2n                                 9.18118
xa.g2                                0.0299952
xa.s2                                  0.10187
xa.src                               -0.122459
xa.nte                                -14.3772
xa.nmiri                               13.6537
xa.nme1                                14.3604
xa.nme2                                14.3593
xa.nve                                 14.2436
xa.ny                                -0.965565
xa.nvle                                -14.401
xa.nbb                               -0.237966
xa.nbn                                 1.05359
xa.nen                                 0.48553
xa.nbp                                -0.96468
xa.nep                               -0.425167
arg                                  0.0299951
arg10                                0.0299951
aoc                                  0.0299952
tap6                                 0.0156997
tap12                               0.00784985
atop                                 0.0156997
nt1r                                         0
t2c                                  0.0156997
nt1s                                         1
nt2r                                         1
nt2s                                         0
att                                2.55889e-10
t1                                 2.55889e-10
t2                                  2.0326e-10
wip                                 2.5589e-10
nw1                                          1
nw2                                          0
bin                                 2.5589e-10
xb.nref                               -13.6718
xb.ncasc                               9.86857
xb.nx                                  1.01872
xb.nhi                                 13.5712
bout                               -0.00662318
bfb                                -0.00662316
xb.vpf                                 14.8482
xb.nrefm                              -14.3359
xb.d1n                                 9.18095
xb.g1                              2.57417e-10
xb.s1                                0.0672181
xb.d2n                                 9.18118
xb.g2                              -0.00662316
xb.s2                                0.0653295
xb.src                               -0.158998
xb.nte                                -14.3772
xb.nmiri                               13.6537
xb.nme1                                14.3604
xb.nme2                                14.3593
xb.nve                                 14.2437
xb.ny                                 -1.00243
xb.nvle                                -14.401
xb.nbb                                -0.27483
xb.nbn                                 1.01672
xb.nen                                0.448713
xb.nbp                                -1.00154
xb.nep                               -0.461959
brg                                -0.00662313
brg10                              -0.00662315
bouta                              -0.00662318
jack                                         0
vw2#branch                                   0
vw1#branch                                   0
vt2s#branch                                  0
vt2r#branch                                  0
vt1s#branch                                  0
vt1r#branch                                  0
vosa#branch                       -1.03579e-14
vsrc#branch                                  0
vmm#branch                            0.075439
vpp#branch                          -0.0734144


No. of Data Rows : 24050
vam                 =  2.99953e-02
jb                  =  7.76275e-11
jmax                =  8.41986e-11 at=  1.99714e-02
jmin                =  -7.85618e-03 at=  2.10014e-02
Doing analysis at TEMP = 27.000000 and TNOM = 27.000000

Using SPARSE 1.3 as Direct Linear Solver

Initial Transient Solution
--------------------------

Node                                   Voltage
----                                   -------
vplus                                       15
vminus                                     -15
vsn                                          0
jin                                          0
sel                                4.86822e-09
selk                               4.86822e-09
ain                                  0.0366231
xa.nref                               -13.6718
xa.ncasc                               9.86857
xa.nx                                  1.05559
xa.nhi                                 13.5711
aout                                 0.0299953
afb                                  0.0299952
xa.vpf                                 14.8482
xa.nrefm                              -14.3359
xa.d1n                                 9.18095
xa.g1                                0.0366231
xa.s1                                  0.10376
xa.d2n                                 9.18118
xa.g2                                0.0299952
xa.s2                                  0.10187
xa.src                               -0.122459
xa.nte                                -14.3772
xa.nmiri                               13.6537
xa.nme1                                14.3604
xa.nme2                                14.3593
xa.nve                                 14.2436
xa.ny                                -0.965565
xa.nvle                                -14.401
xa.nbb                               -0.237966
xa.nbn                                 1.05359
xa.nen                                 0.48553
xa.nbp                                -0.96468
xa.nep                               -0.425167
arg                                  0.0299951
arg10                                0.0299951
aoc                                  0.0299952
tap6                                 0.0156997
tap12                               0.00784985
atop                                 0.0299952
nt1r                                         1
t2c                                  0.0156997
nt1s                                         0
nt2r                                         1
nt2s                                         0
att                                3.74034e-10
t1                                 3.74034e-10
t2                                 2.97105e-10
wip                                3.74035e-10
nw1                                          1
nw2                                          0
bin                                3.74035e-10
xb.nref                               -13.6718
xb.ncasc                               9.86857
xb.nx                                  1.01591
xb.nhi                                 13.5712
bout                               -0.00940541
bfb                                 -0.0066228
xb.vpf                                 14.8482
xb.nrefm                              -14.3359
xb.d1n                                 9.18095
xb.g1                              3.75561e-10
xb.s1                                0.0672183
xb.d2n                                 9.18118
xb.g2                               -0.0066228
xb.s2                                0.0653297
xb.src                               -0.158998
xb.nte                                -14.3772
xb.nmiri                               13.6537
xb.nme1                                14.3604
xb.nme2                                14.3593
xb.nve                                 14.2437
xb.ny                                 -1.00523
xb.nvle                                -14.401
xb.nbb                               -0.277637
xb.nbn                                 1.01391
xb.nen                                0.445909
xb.nbp                                -1.00435
xb.nep                               -0.464761
brg                               -1.85507e-07
brg10                              -0.00662279
bouta                              -0.00940541
jack                                         0
vw2#branch                                   0
vw1#branch                                   0
vt2s#branch                                  0
vt2r#branch                                  0
vt1s#branch                                  0
vt1r#branch                                  0
vosa#branch                       -1.03579e-14
vsrc#branch                                  0
vmm#branch                           0.0754399
vpp#branch                          -0.0734134


No. of Data Rows : 24038
vam                 =  2.99953e-02
jb                  =  5.72116e-11
jmax                =  2.11404e-08 at=  2.08316e-02
jmin                =  -1.40314e-10 at=  2.10038e-02
Doing analysis at TEMP = 27.000000 and TNOM = 27.000000

Using SPARSE 1.3 as Direct Linear Solver

Initial Transient Solution
--------------------------

Node                                   Voltage
----                                   -------
vplus                                       15
vminus                                     -15
vsn                                          0
jin                                          0
sel                                4.86822e-09
selk                               4.86822e-09
ain                                  0.0366231
xa.nref                               -13.6718
xa.ncasc                               9.86857
xa.nx                                  1.05559
xa.nhi                                 13.5711
aout                                 0.0299953
afb                                  0.0299952
xa.vpf                                 14.8482
xa.nrefm                              -14.3359
xa.d1n                                 9.18095
xa.g1                                0.0366231
xa.s1                                  0.10376
xa.d2n                                 9.18118
xa.g2                                0.0299952
xa.s2                                  0.10187
xa.src                               -0.122459
xa.nte                                -14.3772
xa.nmiri                               13.6537
xa.nme1                                14.3604
xa.nme2                                14.3593
xa.nve                                 14.2436
xa.ny                                -0.965565
xa.nvle                                -14.401
xa.nbb                               -0.237966
xa.nbn                                 1.05359
xa.nen                                 0.48553
xa.nbp                                -0.96468
xa.nep                               -0.425167
arg                                  0.0299951
arg10                                0.0299951
aoc                                  0.0299952
tap6                                 0.0156997
tap12                               0.00784985
atop                                 0.0299952
nt1r                                         1
t2c                                  0.0156997
nt1s                                         0
nt2r                                         1
nt2s                                         0
att                                3.74034e-10
t1                                 3.74034e-10
t2                                 2.97105e-10
wip                                3.74035e-10
nw1                                          1
nw2                                          0
bin                                3.74035e-10
xb.nref                               -13.6718
xb.ncasc                               9.86857
xb.nx                                  1.01591
xb.nhi                                 13.5712
bout                               -0.00940541
bfb                                 -0.0066228
xb.vpf                                 14.8482
xb.nrefm                              -14.3359
xb.d1n                                 9.18095
xb.g1                              3.75561e-10
xb.s1                                0.0672183
xb.d2n                                 9.18118
xb.g2                               -0.0066228
xb.s2                                0.0653297
xb.src                               -0.158998
xb.nte                                -14.3772
xb.nmiri                               13.6537
xb.nme1                                14.3604
xb.nme2                                14.3593
xb.nve                                 14.2437
xb.ny                                 -1.00523
xb.nvle                                -14.401
xb.nbb                               -0.277637
xb.nbn                                 1.01391
xb.nen                                0.445909
xb.nbp                                -1.00435
xb.nep                               -0.464761
brg                               -1.85507e-07
brg10                              -0.00662279
bouta                              -0.00940541
jack                                         0
vw2#branch                                   0
vw1#branch                                   0
vt2s#branch                                  0
vt2r#branch                                  0
vt1s#branch                                  0
vt1r#branch                                  0
vosa#branch                       -1.03579e-14
vsrc#branch                                  0
vmm#branch                           0.0754399
vpp#branch                          -0.0734134


No. of Data Rows : 24038
vam                 =  2.99953e-02
jb                  =  5.72116e-11
jmax                =  7.50856e-11 at=  2.03716e-02
jmin                =  -3.91134e-11 at=  1.07502e-01
Doing analysis at TEMP = 27.000000 and TNOM = 27.000000

Using SPARSE 1.3 as Direct Linear Solver

Initial Transient Solution
--------------------------

Node                                   Voltage
----                                   -------
vplus                                       15
vminus                                     -15
vsn                                          0
jin                                          0
sel                                4.86822e-09
selk                               4.86822e-09
ain                                  0.0366231
xa.nref                               -13.6718
xa.ncasc                               9.86857
xa.nx                                  1.05559
xa.nhi                                 13.5711
aout                                 0.0299953
afb                                  0.0299952
xa.vpf                                 14.8482
xa.nrefm                              -14.3359
xa.d1n                                 9.18095
xa.g1                                0.0366231
xa.s1                                  0.10376
xa.d2n                                 9.18118
xa.g2                                0.0299952
xa.s2                                  0.10187
xa.src                               -0.122459
xa.nte                                -14.3772
xa.nmiri                               13.6537
xa.nme1                                14.3604
xa.nme2                                14.3593
xa.nve                                 14.2436
xa.ny                                -0.965565
xa.nvle                                -14.401
xa.nbb                               -0.237966
xa.nbn                                 1.05359
xa.nen                                 0.48553
xa.nbp                                -0.96468
xa.nep                               -0.425167
arg                                  0.0299951
arg10                                0.0299951
aoc                                  0.0299952
tap6                                 0.0156997
tap12                               0.00784985
atop                                 0.0299952
nt1r                                         1
t2c                                  0.0156997
nt1s                                         0
nt2r                                         1
nt2s                                         0
att                                2.54469e-10
t1                                 1.65354e-11
t2                                 1.42473e-11
wip                                1.42488e-11
nw1                                          0
nw2                                          1
bin                                1.42489e-11
xb.nref                               -13.6718
xb.ncasc                               9.86857
xb.nx                                  1.01591
xb.nhi                                 13.5712
bout                               -0.00940541
bfb                                 -0.0066228
xb.vpf                                 14.8482
xb.nrefm                              -14.3359
xb.d1n                                 9.18095
xb.g1                              1.57751e-11
xb.s1                                0.0672183
xb.d2n                                 9.18118
xb.g2                               -0.0066228
xb.s2                                0.0653297
xb.src                               -0.158998
xb.nte                                -14.3772
xb.nmiri                               13.6537
xb.nme1                                14.3604
xb.nme2                                14.3593
xb.nve                                 14.2437
xb.ny                                 -1.00523
xb.nvle                                -14.401
xb.nbb                               -0.277637
xb.nbn                                 1.01391
xb.nen                                0.445909
xb.nbp                                -1.00435
xb.nep                               -0.464761
brg                               -1.85507e-07
brg10                              -0.00662279
bouta                              -0.00940541
jack                                         0
vw2#branch                                   0
vw1#branch                                   0
vt2s#branch                                  0
vt2r#branch                                  0
vt1s#branch                                  0
vt1r#branch                                  0
vosa#branch                       -1.03579e-14
vsrc#branch                                  0
vmm#branch                           0.0754399
vpp#branch                          -0.0734134


No. of Data Rows : 24038
vam                 =  2.99953e-02
jb                  =  6.91758e-11
jmax                =  2.16500e-08 at=  2.07916e-02
jmin                =  -7.67017e-11 at=  2.10038e-02
Doing analysis at TEMP = 27.000000 and TNOM = 27.000000

Using SPARSE 1.3 as Direct Linear Solver

Initial Transient Solution
--------------------------

Node                                   Voltage
----                                   -------
vplus                                       15
vminus                                     -15
vsn                                          0
jin                                          0
sel                                4.86822e-09
selk                               4.86822e-09
ain                                  0.0366231
xa.nref                               -13.6718
xa.ncasc                               9.86857
xa.nx                                  1.05559
xa.nhi                                 13.5711
aout                                 0.0299953
afb                                  0.0299952
xa.vpf                                 14.8482
xa.nrefm                              -14.3359
xa.d1n                                 9.18095
xa.g1                                0.0366231
xa.s1                                  0.10376
xa.d2n                                 9.18118
xa.g2                                0.0299952
xa.s2                                  0.10187
xa.src                               -0.122459
xa.nte                                -14.3772
xa.nmiri                               13.6537
xa.nme1                                14.3604
xa.nme2                                14.3593
xa.nve                                 14.2436
xa.ny                                -0.965565
xa.nvle                                -14.401
xa.nbb                               -0.237966
xa.nbn                                 1.05359
xa.nen                                 0.48553
xa.nbp                                -0.96468
xa.nep                               -0.425167
arg                                  0.0299951
arg10                                0.0299951
aoc                                  0.0299952
tap6                                 0.0156997
tap12                               0.00784985
atop                                 0.0299952
nt1r                                         1
t2c                                  0.0156997
nt1s                                         0
nt2r                                         1
nt2s                                         0
att                                2.54469e-10
t1                                 1.65354e-11
t2                                 1.42473e-11
wip                                1.42488e-11
nw1                                          0
nw2                                          1
bin                                1.42489e-11
xb.nref                               -13.6718
xb.ncasc                               9.86857
xb.nx                                  1.01591
xb.nhi                                 13.5712
bout                               -0.00940541
bfb                                 -0.0066228
xb.vpf                                 14.8482
xb.nrefm                              -14.3359
xb.d1n                                 9.18095
xb.g1                              1.57751e-11
xb.s1                                0.0672183
xb.d2n                                 9.18118
xb.g2                               -0.0066228
xb.s2                                0.0653297
xb.src                               -0.158998
xb.nte                                -14.3772
xb.nmiri                               13.6537
xb.nme1                                14.3604
xb.nme2                                14.3593
xb.nve                                 14.2437
xb.ny                                 -1.00523
xb.nvle                                -14.401
xb.nbb                               -0.277637
xb.nbn                                 1.01391
xb.nen                                0.445909
xb.nbp                                -1.00435
xb.nep                               -0.464761
brg                               -1.85507e-07
brg10                              -0.00662279
bouta                              -0.00940541
jack                                         0
vw2#branch                                   0
vw1#branch                                   0
vt2s#branch                                  0
vt2r#branch                                  0
vt1s#branch                                  0
vt1r#branch                                  0
vosa#branch                       -1.03579e-14
vsrc#branch                                  0
vmm#branch                           0.0754399
vpp#branch                          -0.0734134


No. of Data Rows : 24038
vam                 =  2.99953e-02
jb                  =  6.91758e-11
jmax                =  7.57270e-11 at=  2.37166e-02
jmin                =  3.63324e-11 at=  1.16472e-01
Doing analysis at TEMP = 27.000000 and TNOM = 27.000000

Using SPARSE 1.3 as Direct Linear Solver

Initial Transient Solution
--------------------------

Node                                   Voltage
----                                   -------
vplus                                       15
vminus                                     -15
vsn                                          0
jin                                          0
sel                                4.86822e-09
selk                               4.86822e-09
ain                                  0.0366231
xa.nref                               -13.6718
xa.ncasc                               9.86857
xa.nx                                  1.05559
xa.nhi                                 13.5711
aout                                 0.0299953
afb                                  0.0299952
xa.vpf                                 14.8482
xa.nrefm                              -14.3359
xa.d1n                                 9.18095
xa.g1                                0.0366231
xa.s1                                  0.10376
xa.d2n                                 9.18118
xa.g2                                0.0299952
xa.s2                                  0.10187
xa.src                               -0.122459
xa.nte                                -14.3772
xa.nmiri                               13.6537
xa.nme1                                14.3604
xa.nme2                                14.3593
xa.nve                                 14.2436
xa.ny                                -0.965565
xa.nvle                                -14.401
xa.nbb                               -0.237966
xa.nbn                                 1.05359
xa.nen                                 0.48553
xa.nbp                                -0.96468
xa.nep                               -0.425167
arg                                  0.0299951
arg10                                0.0299951
aoc                                  0.0299952
tap6                                 0.0156997
tap12                               0.00784985
atop                                 0.0299952
nt1r                                         1
t2c                                  0.0156997
nt1s                                         0
nt2r                                         1
nt2s                                         0
att                                3.74034e-10
t1                                 3.74034e-10
t2                                 2.97105e-10
wip                                3.74035e-10
nw1                                          1
nw2                                          0
bin                                3.74035e-10
xb.nref                               -13.6718
xb.ncasc                               9.86857
xb.nx                                  1.01591
xb.nhi                                 13.5712
bout                               -0.00940541
bfb                                 -0.0066228
xb.vpf                                 14.8482
xb.nrefm                              -14.3359
xb.d1n                                 9.18095
xb.g1                              3.75561e-10
xb.s1                                0.0672183
xb.d2n                                 9.18118
xb.g2                               -0.0066228
xb.s2                                0.0653297
xb.src                               -0.158998
xb.nte                                -14.3772
xb.nmiri                               13.6537
xb.nme1                                14.3604
xb.nme2                                14.3593
xb.nve                                 14.2437
xb.ny                                 -1.00523
xb.nvle                                -14.401
xb.nbb                               -0.277637
xb.nbn                                 1.01391
xb.nen                                0.445909
xb.nbp                                -1.00435
xb.nep                               -0.464761
brg                               -1.85507e-07
brg10                              -0.00662279
bouta                              -0.00940541
jack                                         0
vw2#branch                                   0
vw1#branch                                   0
vt2s#branch                                  0
vt2r#branch                                  0
vt1s#branch                                  0
vt1r#branch                                  0
vosa#branch                       -1.03579e-14
vsrc#branch                                  0
vmm#branch                           0.0754399
vpp#branch                          -0.0734134


No. of Data Rows : 24044
vam                 =  2.99953e-02
jb                  =  5.72116e-11
jmax                =  7.09556e-11 at=  1.99414e-02
jmin                =  -1.92570e-02 at=  2.10056e-02
Doing analysis at TEMP = 27.000000 and TNOM = 27.000000

Using SPARSE 1.3 as Direct Linear Solver

Initial Transient Solution
--------------------------

Node                                   Voltage
----                                   -------
vplus                                       15
vminus                                     -15
vsn                                          0
jin                                          0
sel                                4.86822e-09
selk                               4.86822e-09
ain                                  0.0366231
xa.nref                               -13.6718
xa.ncasc                               9.86857
xa.nx                                  1.05559
xa.nhi                                 13.5711
aout                                 0.0299953
afb                                  0.0299952
xa.vpf                                 14.8482
xa.nrefm                              -14.3359
xa.d1n                                 9.18095
xa.g1                                0.0366231
xa.s1                                  0.10376
xa.d2n                                 9.18118
xa.g2                                0.0299952
xa.s2                                  0.10187
xa.src                               -0.122459
xa.nte                                -14.3772
xa.nmiri                               13.6537
xa.nme1                                14.3604
xa.nme2                                14.3593
xa.nve                                 14.2436
xa.ny                                -0.965565
xa.nvle                                -14.401
xa.nbb                               -0.237966
xa.nbn                                 1.05359
xa.nen                                 0.48553
xa.nbp                                -0.96468
xa.nep                               -0.425167
arg                                  0.0299951
arg10                                0.0299951
aoc                                  0.0299952
tap6                                 0.0156997
tap12                               0.00784985
atop                                 0.0156997
nt1r                                         0
t2c                                  0.0156997
nt1s                                         1
nt2r                                         1
nt2s                                         0
att                                2.55889e-10
t1                                 2.55889e-10
t2                                  2.0326e-10
wip                                 2.5589e-10
nw1                                          1
nw2                                          0
bin                                 2.5589e-10
xb.nref                               -13.6718
xb.ncasc                               9.86857
xb.nx                                  1.01591
xb.nhi                                 13.5712
bout                               -0.00940541
bfb                                 -0.0066228
xb.vpf                                 14.8482
xb.nrefm                              -14.3359
xb.d1n                                 9.18095
xb.g1                              2.57417e-10
xb.s1                                0.0672183
xb.d2n                                 9.18118
xb.g2                               -0.0066228
xb.s2                                0.0653297
xb.src                               -0.158998
xb.nte                                -14.3772
xb.nmiri                               13.6537
xb.nme1                                14.3604
xb.nme2                                14.3593
xb.nve                                 14.2437
xb.ny                                 -1.00523
xb.nvle                                -14.401
xb.nbb                               -0.277637
xb.nbn                                 1.01391
xb.nen                                0.445909
xb.nbp                                -1.00435
xb.nep                               -0.464761
brg                               -1.85507e-07
brg10                              -0.00662279
bouta                              -0.00940541
jack                                         0
vw2#branch                                   0
vw1#branch                                   0
vt2s#branch                                  0
vt2r#branch                                  0
vt1s#branch                                  0
vt1r#branch                                  0
vosa#branch                       -1.03579e-14
vsrc#branch                                  0
vmm#branch                           0.0754399
vpp#branch                          -0.0734134


No. of Data Rows : 24044
vam                 =  2.99953e-02
jb                  =  6.41796e-11
jmax                =  6.78927e-11 at=  1.99164e-02
jmin                =  -1.06959e-02 at=  2.10064e-02
Doing analysis at TEMP = 27.000000 and TNOM = 27.000000

Using SPARSE 1.3 as Direct Linear Solver

Initial Transient Solution
--------------------------

Node                                   Voltage
----                                   -------
vplus                                       15
vminus                                     -15
vsn                                          0
jin                                          0
sel                                4.86822e-09
selk                               4.86822e-09
ain                                  0.0366231
xa.nref                               -13.6718
xa.ncasc                               9.86857
xa.nx                                  1.05559
xa.nhi                                 13.5711
aout                                 0.0299953
afb                                  0.0299952
xa.vpf                                 14.8482
xa.nrefm                              -14.3359
xa.d1n                                 9.18095
xa.g1                                0.0366231
xa.s1                                  0.10376
xa.d2n                                 9.18118
xa.g2                                0.0299952
xa.s2                                  0.10187
xa.src                               -0.122459
xa.nte                                -14.3772
xa.nmiri                               13.6537
xa.nme1                                14.3604
xa.nme2                                14.3593
xa.nve                                 14.2436
xa.ny                                -0.965565
xa.nvle                                -14.401
xa.nbb                               -0.237966
xa.nbn                                 1.05359
xa.nen                                 0.48553
xa.nbp                                -0.96468
xa.nep                               -0.425167
arg                                  0.0299951
arg10                                0.0299951
aoc                                  0.0299952
tap6                                 0.0156997
tap12                               0.00784985
atop                                 0.0299952
nt1r                                         1
t2c                                  0.0156997
nt1s                                         0
nt2r                                         1
nt2s                                         0
att                                3.74034e-10
t1                                 3.74034e-10
t2                                 2.97105e-10
wip                                3.74035e-10
nw1                                          1
nw2                                          0
bin                                3.74035e-10
xb.nref                               -13.6718
xb.ncasc                               9.86857
xb.nx                                  1.00434
xb.nhi                                 13.5712
bout                                -0.0208707
bfb                                 -0.0066213
xb.vpf                                 14.8482
xb.nrefm                              -14.3359
xb.d1n                                 9.18095
xb.g1                              3.75562e-10
xb.s1                                 0.067219
xb.d2n                                 9.18118
xb.g2                               -0.0066213
xb.s2                                0.0653309
xb.src                               -0.158997
xb.nte                                -14.3772
xb.nmiri                               13.6537
xb.nme1                                14.3604
xb.nme2                                14.3593
xb.nve                                 14.2437
xb.ny                                  -1.0168
xb.nvle                                -14.401
xb.nbb                               -0.289207
xb.nbn                                 1.00234
xb.nen                                0.434356
xb.nbp                                -1.01592
xb.nep                               -0.476306
brg                               -1.85466e-07
brg10                             -7.64497e-07
bouta                               -0.0208707
jack                                         0
vw2#branch                                   0
vw1#branch                                   0
vt2s#branch                                  0
vt2r#branch                                  0
vt1s#branch                                  0
vt1r#branch                                  0
vosa#branch                       -1.03579e-14
vsrc#branch                                  0
vmm#branch                           0.0754434
vpp#branch                          -0.0734093


No. of Data Rows : 24038
vam                 =  2.99953e-02
jb                  =  1.22879e-10
jmax                =  4.68911e-08 at=  2.08216e-02
jmin                =  -4.53454e-10 at=  2.10066e-02
Doing analysis at TEMP = 27.000000 and TNOM = 27.000000

Using SPARSE 1.3 as Direct Linear Solver

Initial Transient Solution
--------------------------

Node                                   Voltage
----                                   -------
vplus                                       15
vminus                                     -15
vsn                                          0
jin                                          0
sel                                4.86822e-09
selk                               4.86822e-09
ain                                  0.0366231
xa.nref                               -13.6718
xa.ncasc                               9.86857
xa.nx                                  1.05559
xa.nhi                                 13.5711
aout                                 0.0299953
afb                                  0.0299952
xa.vpf                                 14.8482
xa.nrefm                              -14.3359
xa.d1n                                 9.18095
xa.g1                                0.0366231
xa.s1                                  0.10376
xa.d2n                                 9.18118
xa.g2                                0.0299952
xa.s2                                  0.10187
xa.src                               -0.122459
xa.nte                                -14.3772
xa.nmiri                               13.6537
xa.nme1                                14.3604
xa.nme2                                14.3593
xa.nve                                 14.2436
xa.ny                                -0.965565
xa.nvle                                -14.401
xa.nbb                               -0.237966
xa.nbn                                 1.05359
xa.nen                                 0.48553
xa.nbp                                -0.96468
xa.nep                               -0.425167
arg                                  0.0299951
arg10                                0.0299951
aoc                                  0.0299952
tap6                                 0.0156997
tap12                               0.00784985
atop                                 0.0299952
nt1r                                         1
t2c                                  0.0156997
nt1s                                         0
nt2r                                         1
nt2s                                         0
att                                3.74034e-10
t1                                 3.74034e-10
t2                                 2.97105e-10
wip                                3.74035e-10
nw1                                          1
nw2                                          0
bin                                3.74035e-10
xb.nref                               -13.6718
xb.ncasc                               9.86857
xb.nx                                  1.00434
xb.nhi                                 13.5712
bout                                -0.0208707
bfb                                 -0.0066213
xb.vpf                                 14.8482
xb.nrefm                              -14.3359
xb.d1n                                 9.18095
xb.g1                              3.75562e-10
xb.s1                                 0.067219
xb.d2n                                 9.18118
xb.g2                               -0.0066213
xb.s2                                0.0653309
xb.src                               -0.158997
xb.nte                                -14.3772
xb.nmiri                               13.6537
xb.nme1                                14.3604
xb.nme2                                14.3593
xb.nve                                 14.2437
xb.ny                                  -1.0168
xb.nvle                                -14.401
xb.nbb                               -0.289207
xb.nbn                                 1.00234
xb.nen                                0.434356
xb.nbp                                -1.01592
xb.nep                               -0.476306
brg                               -1.85466e-07
brg10                             -7.64497e-07
bouta                               -0.0208707
jack                                         0
vw2#branch                                   0
vw1#branch                                   0
vt2s#branch                                  0
vt2r#branch                                  0
vt1s#branch                                  0
vt1r#branch                                  0
vosa#branch                       -1.03579e-14
vsrc#branch                                  0
vmm#branch                           0.0754434
vpp#branch                          -0.0734093


No. of Data Rows : 24038
vam                 =  2.99953e-02
jb                  =  1.22879e-10
jmax                =  1.37038e-10 at=  2.03416e-02
jmin                =  -1.04460e-10 at=  9.99166e-02
Doing analysis at TEMP = 27.000000 and TNOM = 27.000000

Using SPARSE 1.3 as Direct Linear Solver

Initial Transient Solution
--------------------------

Node                                   Voltage
----                                   -------
vplus                                       15
vminus                                     -15
vsn                                          0
jin                                          0
sel                                4.86822e-09
selk                               4.86822e-09
ain                                  0.0366231
xa.nref                               -13.6718
xa.ncasc                               9.86857
xa.nx                                  1.05559
xa.nhi                                 13.5711
aout                                 0.0299953
afb                                  0.0299952
xa.vpf                                 14.8482
xa.nrefm                              -14.3359
xa.d1n                                 9.18095
xa.g1                                0.0366231
xa.s1                                  0.10376
xa.d2n                                 9.18118
xa.g2                                0.0299952
xa.s2                                  0.10187
xa.src                               -0.122459
xa.nte                                -14.3772
xa.nmiri                               13.6537
xa.nme1                                14.3604
xa.nme2                                14.3593
xa.nve                                 14.2436
xa.ny                                -0.965565
xa.nvle                                -14.401
xa.nbb                               -0.237966
xa.nbn                                 1.05359
xa.nen                                 0.48553
xa.nbp                                -0.96468
xa.nep                               -0.425167
arg                                  0.0299951
arg10                                0.0299951
aoc                                  0.0299952
tap6                                 0.0156997
tap12                               0.00784985
atop                                 0.0299952
nt1r                                         1
t2c                                  0.0156997
nt1s                                         0
nt2r                                         1
nt2s                                         0
att                                2.54469e-10
t1                                 1.65354e-11
t2                                 1.42473e-11
wip                                1.42488e-11
nw1                                          0
nw2                                          1
bin                                1.42489e-11
xb.nref                               -13.6718
xb.ncasc                               9.86857
xb.nx                                  1.00434
xb.nhi                                 13.5712
bout                                -0.0208707
bfb                                -0.00662131
xb.vpf                                 14.8482
xb.nrefm                              -14.3359
xb.d1n                                 9.18095
xb.g1                              1.57751e-11
xb.s1                                 0.067219
xb.d2n                                 9.18118
xb.g2                              -0.00662131
xb.s2                                0.0653309
xb.src                               -0.158997
xb.nte                                -14.3772
xb.nmiri                               13.6537
xb.nme1                                14.3604
xb.nme2                                14.3593
xb.nve                                 14.2437
xb.ny                                  -1.0168
xb.nvle                                -14.401
xb.nbb                               -0.289207
xb.nbn                                 1.00234
xb.nen                                0.434356
xb.nbp                                -1.01592
xb.nep                               -0.476306
brg                               -1.85466e-07
brg10                             -7.64497e-07
bouta                               -0.0208707
jack                                         0
vw2#branch                                   0
vw1#branch                                   0
vt2s#branch                                  0
vt2r#branch                                  0
vt1s#branch                                  0
vt1r#branch                                  0
vosa#branch                       -1.03579e-14
vsrc#branch                                  0
vmm#branch                           0.0754434
vpp#branch                          -0.0734093


No. of Data Rows : 24038
vam                 =  2.99953e-02
jb                  =  9.88760e-11
jmax                =  4.80090e-08 at=  2.07666e-02
jmin                =  -2.37750e-10 at=  2.10066e-02
Doing analysis at TEMP = 27.000000 and TNOM = 27.000000

Using SPARSE 1.3 as Direct Linear Solver

Initial Transient Solution
--------------------------

Node                                   Voltage
----                                   -------
vplus                                       15
vminus                                     -15
vsn                                          0
jin                                          0
sel                                4.86822e-09
selk                               4.86822e-09
ain                                  0.0366231
xa.nref                               -13.6718
xa.ncasc                               9.86857
xa.nx                                  1.05559
xa.nhi                                 13.5711
aout                                 0.0299953
afb                                  0.0299952
xa.vpf                                 14.8482
xa.nrefm                              -14.3359
xa.d1n                                 9.18095
xa.g1                                0.0366231
xa.s1                                  0.10376
xa.d2n                                 9.18118
xa.g2                                0.0299952
xa.s2                                  0.10187
xa.src                               -0.122459
xa.nte                                -14.3772
xa.nmiri                               13.6537
xa.nme1                                14.3604
xa.nme2                                14.3593
xa.nve                                 14.2436
xa.ny                                -0.965565
xa.nvle                                -14.401
xa.nbb                               -0.237966
xa.nbn                                 1.05359
xa.nen                                 0.48553
xa.nbp                                -0.96468
xa.nep                               -0.425167
arg                                  0.0299951
arg10                                0.0299951
aoc                                  0.0299952
tap6                                 0.0156997
tap12                               0.00784985
atop                                 0.0299952
nt1r                                         1
t2c                                  0.0156997
nt1s                                         0
nt2r                                         1
nt2s                                         0
att                                2.54469e-10
t1                                 1.65354e-11
t2                                 1.42473e-11
wip                                1.42488e-11
nw1                                          0
nw2                                          1
bin                                1.42489e-11
xb.nref                               -13.6718
xb.ncasc                               9.86857
xb.nx                                  1.00434
xb.nhi                                 13.5712
bout                                -0.0208707
bfb                                -0.00662131
xb.vpf                                 14.8482
xb.nrefm                              -14.3359
xb.d1n                                 9.18095
xb.g1                              1.57751e-11
xb.s1                                 0.067219
xb.d2n                                 9.18118
xb.g2                              -0.00662131
xb.s2                                0.0653309
xb.src                               -0.158997
xb.nte                                -14.3772
xb.nmiri                               13.6537
xb.nme1                                14.3604
xb.nme2                                14.3593
xb.nve                                 14.2437
xb.ny                                  -1.0168
xb.nvle                                -14.401
xb.nbb                               -0.289207
xb.nbn                                 1.00234
xb.nen                                0.434356
xb.nbp                                -1.01592
xb.nep                               -0.476306
brg                               -1.85466e-07
brg10                             -7.64497e-07
bouta                               -0.0208707
jack                                         0
vw2#branch                                   0
vw1#branch                                   0
vt2s#branch                                  0
vt2r#branch                                  0
vt1s#branch                                  0
vt1r#branch                                  0
vosa#branch                       -1.03579e-14
vsrc#branch                                  0
vmm#branch                           0.0754434
vpp#branch                          -0.0734093


No. of Data Rows : 24038
vam                 =  2.99953e-02
jb                  =  9.88760e-11
jmax                =  1.31284e-10 at=  2.75316e-02
jmin                =  5.63058e-11 at=  1.12142e-01
Doing analysis at TEMP = 27.000000 and TNOM = 27.000000

Using SPARSE 1.3 as Direct Linear Solver

Initial Transient Solution
--------------------------

Node                                   Voltage
----                                   -------
vplus                                       15
vminus                                     -15
vsn                                          0
jin                                          0
sel                                4.86822e-09
selk                               4.86822e-09
ain                                  0.0366231
xa.nref                               -13.6718
xa.ncasc                               9.86857
xa.nx                                  1.05559
xa.nhi                                 13.5711
aout                                 0.0299953
afb                                  0.0299952
xa.vpf                                 14.8482
xa.nrefm                              -14.3359
xa.d1n                                 9.18095
xa.g1                                0.0366231
xa.s1                                  0.10376
xa.d2n                                 9.18118
xa.g2                                0.0299952
xa.s2                                  0.10187
xa.src                               -0.122459
xa.nte                                -14.3772
xa.nmiri                               13.6537
xa.nme1                                14.3604
xa.nme2                                14.3593
xa.nve                                 14.2436
xa.ny                                -0.965565
xa.nvle                                -14.401
xa.nbb                               -0.237966
xa.nbn                                 1.05359
xa.nen                                 0.48553
xa.nbp                                -0.96468
xa.nep                               -0.425167
arg                                  0.0299951
arg10                                0.0299951
aoc                                  0.0299952
tap6                                 0.0156997
tap12                               0.00784985
atop                                 0.0299952
nt1r                                         1
t2c                                  0.0156997
nt1s                                         0
nt2r                                         1
nt2s                                         0
att                                3.74034e-10
t1                                 3.74034e-10
t2                                 2.97105e-10
wip                                3.74035e-10
nw1                                          1
nw2                                          0
bin                                3.74035e-10
xb.nref                               -13.6718
xb.ncasc                               9.86857
xb.nx                                  1.00434
xb.nhi                                 13.5712
bout                                -0.0208707
bfb                                 -0.0066213
xb.vpf                                 14.8482
xb.nrefm                              -14.3359
xb.d1n                                 9.18095
xb.g1                              3.75562e-10
xb.s1                                 0.067219
xb.d2n                                 9.18118
xb.g2                               -0.0066213
xb.s2                                0.0653309
xb.src                               -0.158997
xb.nte                                -14.3772
xb.nmiri                               13.6537
xb.nme1                                14.3604
xb.nme2                                14.3593
xb.nve                                 14.2437
xb.ny                                  -1.0168
xb.nvle                                -14.401
xb.nbb                               -0.289207
xb.nbn                                 1.00234
xb.nen                                0.434356
xb.nbp                                -1.01592
xb.nep                               -0.476306
brg                               -1.85466e-07
brg10                             -7.64497e-07
bouta                               -0.0208707
jack                                         0
vw2#branch                                   0
vw1#branch                                   0
vt2s#branch                                  0
vt2r#branch                                  0
vt1s#branch                                  0
vt1r#branch                                  0
vosa#branch                       -1.03579e-14
vsrc#branch                                  0
vmm#branch                           0.0754434
vpp#branch                          -0.0734093


No. of Data Rows : 24043
vam                 =  2.99953e-02
jb                  =  1.22879e-10
jmax                =  1.24468e-10 at=  2.00004e-02
jmin                =  -4.27382e-02 at=  2.10073e-02
Doing analysis at TEMP = 27.000000 and TNOM = 27.000000

Using SPARSE 1.3 as Direct Linear Solver

Initial Transient Solution
--------------------------

Node                                   Voltage
----                                   -------
vplus                                       15
vminus                                     -15
vsn                                          0
jin                                          0
sel                                4.86822e-09
selk                               4.86822e-09
ain                                  0.0366231
xa.nref                               -13.6718
xa.ncasc                               9.86857
xa.nx                                  1.05559
xa.nhi                                 13.5711
aout                                 0.0299953
afb                                  0.0299952
xa.vpf                                 14.8482
xa.nrefm                              -14.3359
xa.d1n                                 9.18095
xa.g1                                0.0366231
xa.s1                                  0.10376
xa.d2n                                 9.18118
xa.g2                                0.0299952
xa.s2                                  0.10187
xa.src                               -0.122459
xa.nte                                -14.3772
xa.nmiri                               13.6537
xa.nme1                                14.3604
xa.nme2                                14.3593
xa.nve                                 14.2436
xa.ny                                -0.965565
xa.nvle                                -14.401
xa.nbb                               -0.237966
xa.nbn                                 1.05359
xa.nen                                 0.48553
xa.nbp                                -0.96468
xa.nep                               -0.425167
arg                                  0.0299951
arg10                                0.0299951
aoc                                  0.0299952
tap6                                 0.0156997
tap12                               0.00784985
atop                                 0.0156997
nt1r                                         0
t2c                                  0.0156997
nt1s                                         1
nt2r                                         1
nt2s                                         0
att                                2.55889e-10
t1                                 2.55889e-10
t2                                  2.0326e-10
wip                                 2.5589e-10
nw1                                          1
nw2                                          0
bin                                 2.5589e-10
xb.nref                               -13.6718
xb.ncasc                               9.86857
xb.nx                                  1.00434
xb.nhi                                 13.5712
bout                                -0.0208707
bfb                                 -0.0066213
xb.vpf                                 14.8482
xb.nrefm                              -14.3359
xb.d1n                                 9.18095
xb.g1                              2.57417e-10
xb.s1                                 0.067219
xb.d2n                                 9.18118
xb.g2                               -0.0066213
xb.s2                                0.0653309
xb.src                               -0.158997
xb.nte                                -14.3772
xb.nmiri                               13.6537
xb.nme1                                14.3604
xb.nme2                                14.3593
xb.nve                                 14.2437
xb.ny                                  -1.0168
xb.nvle                                -14.401
xb.nbb                               -0.289207
xb.nbn                                 1.00234
xb.nen                                0.434356
xb.nbp                                -1.01592
xb.nep                               -0.476306
brg                               -1.85466e-07
brg10                             -7.64497e-07
bouta                               -0.0208707
jack                                         0
vw2#branch                                   0
vw1#branch                                   0
vt2s#branch                                  0
vt2r#branch                                  0
vt1s#branch                                  0
vt1r#branch                                  0
vosa#branch                       -1.03579e-14
vsrc#branch                                  0
vmm#branch                           0.0754434
vpp#branch                          -0.0734093


No. of Data Rows : 24043
vam                 =  2.99953e-02
jb                  =  1.03657e-10
jmax                =  1.22393e-10 at=  1.99164e-02
jmin                =  -2.37345e-02 at=  2.10083e-02
ngspice-47 done
