 2.00000000e-01  1.45967971e+00  2.00000000e-01  6.78861936e+01 
 2.02316202e-01  1.54537912e+00  2.02316202e-01  6.76551597e+01 
 2.04659228e-01  1.63079375e+00  2.04659228e-01  6.74222269e+01 
 2.07029388e-01  1.71591891e+00  2.07029388e-01  6.71873951e+01 
 2.09426997e-01  1.80074989e+00  2.09426997e-01  6.69506646e+01 
 2.11852373e-01  1.88528192e+00  2.11852373e-01  6.67120364e+01 
 2.14305837e-01  1.96951023e+00  2.14305837e-01  6.64715121e+01 
 2.16787715e-01  2.05342998e+00  2.16787715e-01  6.62290935e+01 
 2.19298335e-01  2.13703632e+00  2.19298335e-01  6.59847834e+01 
 2.21838031e-01  2.22032435e+00  2.21838031e-01  6.57385848e+01 
 2.24407140e-01  2.30328918e+00  2.24407140e-01  6.54905015e+01 
 2.27006001e-01  2.38592584e+00  2.27006001e-01  6.52405377e+01 
 2.29634959e-01  2.46822938e+00  2.29634959e-01  6.49886985e+01 
 2.32294364e-01  2.55019481e+00  2.32294364e-01  6.47349894e+01 
 2.34984567e-01  2.63181710e+00  2.34984567e-01  6.44794164e+01 
 2.37705925e-01  2.71309123e+00  2.37705925e-01  6.42219864e+01 
 2.40458800e-01  2.79401214e+00  2.40458800e-01  6.39627069e+01 
 2.43243555e-01  2.87457479e+00  2.43243555e-01  6.37015859e+01 
 2.46060561e-01  2.95477407e+00  2.46060561e-01  6.34386323e+01 
 2.48910190e-01  3.03460492e+00  2.48910190e-01  6.31738554e+01 
 2.51792821e-01  3.11406224e+00  2.51792821e-01  6.29072654e+01 
 2.54708836e-01  3.19314091e+00  2.54708836e-01  6.26388731e+01 
 2.57658622e-01  3.27183585e+00  2.57658622e-01  6.23686901e+01 
 2.60642568e-01  3.35014195e+00  2.60642568e-01  6.20967286e+01 
 2.63661072e-01  3.42805410e+00  2.63661072e-01  6.18230016e+01 
 2.66714534e-01  3.50556722e+00  2.66714534e-01  6.15475227e+01 
 2.69803357e-01  3.58267621e+00  2.69803357e-01  6.12703063e+01 
 2.72927952e-01  3.65937601e+00  2.72927952e-01  6.09913677e+01 
 2.76088733e-01  3.73566154e+00  2.76088733e-01  6.07107228e+01 
 2.79286119e-01  3.81152777e+00  2.79286119e-01  6.04283881e+01 
 2.82520534e-01  3.88696967e+00  2.82520534e-01  6.01443812e+01 
 2.85792407e-01  3.96198225e+00  2.85792407e-01  5.98587201e+01 
 2.89102171e-01  4.03656053e+00  2.89102171e-01  5.95714239e+01 
 2.92450266e-01  4.11069957e+00  2.92450266e-01  5.92825122e+01 
 2.95837135e-01  4.18439446e+00  2.95837135e-01  5.89920054e+01 
 2.99263228e-01  4.25764033e+00  2.99263228e-01  5.86999249e+01 
 3.02728998e-01  4.33043235e+00  3.02728998e-01  5.84062925e+01 
 3.06234905e-01  4.40276573e+00  3.06234905e-01  5.81111312e+01 
 3.09781414e-01  4.47463573e+00  3.09781414e-01  5.78144643e+01 
 3.13368996e-01  4.54603767e+00  3.13368996e-01  5.75163162e+01 
 3.16998125e-01  4.61696690e+00  3.16998125e-01  5.72167120e+01 
 3.20669283e-01  4.68741886e+00  3.20669283e-01  5.69156774e+01 
 3.24382957e-01  4.75738902e+00  3.24382957e-01  5.66132391e+01 
 3.28139639e-01  4.82687295e+00  3.28139639e-01  5.63094244e+01 
 3.31939827e-01  4.89586625e+00  3.31939827e-01  5.60042612e+01 
 3.35784025e-01  4.96436462e+00  3.35784025e-01  5.56977784e+01 
 3.39672743e-01  5.03236383e+00  3.39672743e-01  5.53900056e+01 
 3.43606496e-01  5.09985972e+00  3.43606496e-01  5.50809729e+01 
 3.47585805e-01  5.16684823e+00  3.47585805e-01  5.47707114e+01 
 3.51611200e-01  5.23332536e+00  3.51611200e-01  5.44592525e+01 
 3.55683212e-01  5.29928724e+00  3.55683212e-01  5.41466288e+01 
 3.59802383e-01  5.36473005e+00  3.59802383e-01  5.38328732e+01 
 3.63969257e-01  5.42965009e+00  3.63969257e-01  5.35180193e+01 
 3.68184388e-01  5.49404377e+00  3.68184388e-01  5.32021015e+01 
 3.72448335e-01  5.55790758e+00  3.72448335e-01  5.28851548e+01 
 3.76761663e-01  5.62123814e+00  3.76761663e-01  5.25672146e+01 
 3.81124943e-01  5.68403215e+00  3.81124943e-01  5.22483172e+01 
 3.85538754e-01  5.74628646e+00  3.85538754e-01  5.19284993e+01 
 3.90003682e-01  5.80799800e+00  3.90003682e-01  5.16077982e+01 
 3.94520318e-01  5.86916385e+00  3.94520318e-01  5.12862518e+01 
 3.99089261e-01  5.92978120e+00  3.99089261e-01  5.09638985e+01 
 4.03711118e-01  5.98984735e+00  4.03711118e-01  5.06407771e+01 
 4.08386500e-01  6.04935975e+00  4.08386500e-01  5.03169271e+01 
 4.13116027e-01  6.10831597e+00  4.13116027e-01  4.99923882e+01 
 4.17900328e-01  6.16671371e+00  4.17900328e-01  4.96672007e+01 
 4.22740035e-01  6.22455081e+00  4.22740035e-01  4.93414053e+01 
 4.27635791e-01  6.28182525e+00  4.27635791e-01  4.90150431e+01 
 4.32588245e-01  6.33853513e+00  4.32588245e-01  4.86881555e+01 
 4.37598053e-01  6.39467872e+00  4.37598053e-01  4.83607843e+01 
 4.42665880e-01  6.45025441e+00  4.42665880e-01  4.80329716e+01 
 4.47792398e-01  6.50526074e+00  4.47792398e-01  4.77047598e+01 
 4.52978286e-01  6.55969641e+00  4.52978286e-01  4.73761914e+01 
 4.58224231e-01  6.61356023e+00  4.58224231e-01  4.70473095e+01 
 4.63530930e-01  6.66685121e+00  4.63530930e-01  4.67181570e+01 
 4.68899086e-01  6.71956847e+00  4.68899086e-01  4.63887772e+01 
 4.74329410e-01  6.77171129e+00  4.74329410e-01  4.60592136e+01 
 4.79822623e-01  6.82327911e+00  4.79822623e-01  4.57295097e+01 
 4.85379453e-01  6.87427152e+00  4.85379453e-01  4.53997090e+01 
 4.91000637e-01  6.92468825e+00  4.91000637e-01  4.50698553e+01 
 4.96686920e-01  6.97452920e+00  4.96686920e-01  4.47399924e+01 
 5.02439056e-01  7.02379441e+00  5.02439056e-01  4.44101638e+01 
 5.08257807e-01  7.07248408e+00  5.08257807e-01  4.40804134e+01 
 5.14143945e-01  7.12059855e+00  5.14143945e-01  4.37507848e+01 
 5.20098251e-01  7.16813833e+00  5.20098251e-01  4.34213216e+01 
 5.26121513e-01  7.21510406e+00  5.26121513e-01  4.30920672e+01 
 5.32214531e-01  7.26149656e+00  5.32214531e-01  4.27630649e+01 
 5.38378112e-01  7.30731678e+00  5.38378112e-01  4.24343580e+01 
 5.44613074e-01  7.35256581e+00  5.44613074e-01  4.21059894e+01 
 5.50920243e-01  7.39724491e+00  5.50920243e-01  4.17780017e+01 
 5.57300455e-01  7.44135548e+00  5.57300455e-01  4.14504377e+01 
 5.63754556e-01  7.48489905e+00  5.63754556e-01  4.11233393e+01 
 5.70283403e-01  7.52787731e+00  5.70283403e-01  4.07967486e+01 
 5.76887860e-01  7.57029209e+00  5.76887860e-01  4.04707072e+01 
 5.83568804e-01  7.61214535e+00  5.83568804e-01  4.01452563e+01 
 5.90327119e-01  7.65343920e+00  5.90327119e-01  3.98204366e+01 
 5.97163703e-01  7.69417588e+00  5.97163703e-01  3.94962888e+01 
 6.04079461e-01  7.73435776e+00  6.04079461e-01  3.91728527e+01 
 6.11075310e-01  7.77398735e+00  6.11075310e-01  3.88501680e+01 
 6.18152179e-01  7.81306727e+00  6.18152179e-01  3.85282738e+01 
 6.25311005e-01  7.85160029e+00  6.25311005e-01  3.82072086e+01 
 6.32552737e-01  7.88958930e+00  6.32552737e-01  3.78870106e+01 
 6.39878336e-01  7.92703728e+00  6.39878336e-01  3.75677172e+01 
 6.47288773e-01  7.96394736e+00  6.47288773e-01  3.72493656e+01 
 6.54785030e-01  8.00032278e+00  6.54785030e-01  3.69319920e+01 
 6.62368101e-01  8.03616688e+00  6.62368101e-01  3.66156323e+01 
 6.70038992e-01  8.07148312e+00  6.70038992e-01  3.63003218e+01 
 6.77798719e-01  8.10627505e+00  6.77798719e-01  3.59860949e+01 
 6.85648312e-01  8.14054634e+00  6.85648312e-01  3.56729858e+01 
 6.93588812e-01  8.17430073e+00  6.93588812e-01  3.53610276e+01 
 7.01621270e-01  8.20754210e+00  7.01621270e-01  3.50502529e+01 
 7.09746752e-01  8.24027438e+00  7.09746752e-01  3.47406938e+01 
 7.17966335e-01  8.27250160e+00  7.17966335e-01  3.44323814e+01 
 7.26281110e-01  8.30422789e+00  7.26281110e-01  3.41253463e+01 
 7.34692178e-01  8.33545744e+00  7.34692178e-01  3.38196184e+01 
 7.43200655e-01  8.36619454e+00  7.43200655e-01  3.35152267e+01 
 7.51807668e-01  8.39644352e+00  7.51807668e-01  3.32121995e+01 
 7.60514359e-01  8.42620881e+00  7.60514359e-01  3.29105646e+01 
 7.69321883e-01  8.45549491e+00  7.69321883e-01  3.26103488e+01 
 7.78231406e-01  8.48430635e+00  7.78231406e-01  3.23115782e+01 
 7.87244111e-01  8.51264776e+00  7.87244111e-01  3.20142783e+01 
 7.96361192e-01  8.54052379e+00  7.96361192e-01  3.17184736e+01 
 8.05583858e-01  8.56793916e+00  8.05583858e-01  3.14241880e+01 
 8.14913332e-01  8.59489865e+00  8.14913332e-01  3.11314446e+01 
 8.24350851e-01  8.62140706e+00  8.24350851e-01  3.08402657e+01 
 8.33897665e-01  8.64746925e+00  8.33897665e-01  3.05506729e+01 
 8.43555041e-01  8.67309011e+00  8.43555041e-01  3.02626869e+01 
 8.53324260e-01  8.69827457e+00  8.53324260e-01  2.99763278e+01 
 8.63206616e-01  8.72302760e+00  8.63206616e-01  2.96916148e+01 
 8.73203419e-01  8.74735417e+00  8.73203419e-01  2.94085665e+01 
 8.83315996e-01  8.77125931e+00  8.83315996e-01  2.91272005e+01 
 8.93545686e-01  8.79474804e+00  8.93545686e-01  2.88475339e+01 
 9.03893847e-01  8.81782542e+00  9.03893847e-01  2.85695828e+01 
 9.14361849e-01  8.84049653e+00  9.14361849e-01  2.82933628e+01 
 9.24951082e-01  8.86276643e+00  9.24951082e-01  2.80188885e+01 
 9.35662949e-01  8.88464024e+00  9.35662949e-01  2.77461741e+01 
 9.46498870e-01  8.90612303e+00  9.46498870e-01  2.74752326e+01 
 9.57460281e-01  8.92721992e+00  9.57460281e-01  2.72060768e+01 
 9.68548637e-01  8.94793601e+00  9.68548637e-01  2.69387184e+01 
 9.79765408e-01  8.96827640e+00  9.79765408e-01  2.66731685e+01 
 9.91112080e-01  8.98824619e+00  9.91112080e-01  2.64094376e+01 
 1.00259016e+00  9.00785047e+00  1.00259016e+00  2.61475355e+01 
 1.01420116e+00  9.02709432e+00  1.01420116e+00  2.58874711e+01 
 1.02594664e+00  9.04598281e+00  1.02594664e+00  2.56292528e+01 
 1.03782813e+00  9.06452099e+00  1.03782813e+00  2.53728884e+01 
 1.04984723e+00  9.08271392e+00  1.04984723e+00  2.51183850e+01 
 1.06200552e+00  9.10056660e+00  1.06200552e+00  2.48657489e+01 
 1.07430462e+00  9.11808404e+00  1.07430462e+00  2.46149860e+01 
 1.08674615e+00  9.13527121e+00  1.08674615e+00  2.43661015e+01 
 1.09933176e+00  9.15213308e+00  1.09933176e+00  2.41190998e+01 
 1.11206313e+00  9.16867457e+00  1.11206313e+00  2.38739851e+01 
 1.12494195e+00  9.18490057e+00  1.12494195e+00  2.36307606e+01 
 1.13796991e+00  9.20081596e+00  1.13796991e+00  2.33894293e+01 
 1.15114875e+00  9.21642558e+00  1.15114875e+00  2.31499933e+01 
 1.16448021e+00  9.23173422e+00  1.16448021e+00  2.29124544e+01 
 1.17796607e+00  9.24674667e+00  1.17796607e+00  2.26768137e+01 
 1.19160810e+00  9.26146766e+00  1.19160810e+00  2.24430719e+01 
 1.20540813e+00  9.27590188e+00  1.20540813e+00  2.22112291e+01 
 1.21936797e+00  9.29005399e+00  1.21936797e+00  2.19812849e+01 
 1.23348948e+00  9.30392862e+00  1.23348948e+00  2.17532385e+01 
 1.24777453e+00  9.31753034e+00  1.24777453e+00  2.15270886e+01 
 1.26222502e+00  9.33086369e+00  1.26222502e+00  2.13028333e+01 
 1.27684286e+00  9.34393316e+00  1.27684286e+00  2.10804705e+01 
 1.29162999e+00  9.35674320e+00  1.29162999e+00  2.08599973e+01 
 1.30658837e+00  9.36929823e+00  1.30658837e+00  2.06414107e+01 
 1.32171998e+00  9.38160260e+00  1.32171998e+00  2.04247072e+01 
 1.33702683e+00  9.39366062e+00  1.33702683e+00  2.02098829e+01 
 1.35251095e+00  9.40547656e+00  1.35251095e+00  1.99969333e+01 
 1.36817439e+00  9.41705465e+00  1.36817439e+00  1.97858539e+01 
 1.38401923e+00  9.42839905e+00  1.38401923e+00  1.95766395e+01 
 1.40004757e+00  9.43951389e+00  1.40004757e+00  1.93692848e+01 
 1.41626153e+00  9.45040325e+00  1.41626153e+00  1.91637839e+01 
 1.43266327e+00  9.46107114e+00  1.43266327e+00  1.89601308e+01 
 1.44925496e+00  9.47152155e+00  1.44925496e+00  1.87583190e+01 
 1.46603879e+00  9.48175839e+00  1.46603879e+00  1.85583419e+01 
 1.48301700e+00  9.49178556e+00  1.48301700e+00  1.83601923e+01 
 1.50019183e+00  9.50160686e+00  1.50019183e+00  1.81638630e+01 
 1.51756557e+00  9.51122608e+00  1.51756557e+00  1.79693464e+01 
 1.53514051e+00  9.52064695e+00  1.53514051e+00  1.77766347e+01 
 1.55291899e+00  9.52987312e+00  1.55291899e+00  1.75857197e+01 
 1.57090335e+00  9.53890823e+00  1.57090335e+00  1.73965930e+01 
 1.58909600e+00  9.54775584e+00  1.58909600e+00  1.72092462e+01 
 1.60749933e+00  9.55641948e+00  1.60749933e+00  1.70236703e+01 
 1.62611580e+00  9.56490262e+00  1.62611580e+00  1.68398564e+01 
 1.64494786e+00  9.57320867e+00  1.64494786e+00  1.66577952e+01 
 1.66399802e+00  9.58134100e+00  1.66399802e+00  1.64774772e+01 
 1.68326879e+00  9.58930293e+00  1.68326879e+00  1.62988929e+01 
 1.70276274e+00  9.59709773e+00  1.70276274e+00  1.61220325e+01 
 1.72248245e+00  9.60472862e+00  1.72248245e+00  1.59468859e+01 
 1.74243054e+00  9.61219876e+00  1.74243054e+00  1.57734431e+01 
 1.76260964e+00  9.61951127e+00  1.76260964e+00  1.56016938e+01 
 1.78302244e+00  9.62666922e+00  1.78302244e+00  1.54316276e+01 
 1.80367164e+00  9.63367563e+00  1.80367164e+00  1.52632338e+01 
 1.82455997e+00  9.64053347e+00  1.82455997e+00  1.50965019e+01 
 1.84569022e+00  9.64724566e+00  1.84569022e+00  1.49314209e+01 
 1.86706517e+00  9.65381509e+00  1.86706517e+00  1.47679800e+01 
 1.88868767e+00  9.66024457e+00  1.88868767e+00  1.46061682e+01 
 1.91056058e+00  9.66653689e+00  1.91056058e+00  1.44459743e+01 
 1.93268680e+00  9.67269478e+00  1.93268680e+00  1.42873870e+01 
 1.95506926e+00  9.67872093e+00  1.95506926e+00  1.41303952e+01 
 1.97771094e+00  9.68461798e+00  1.97771094e+00  1.39749873e+01 
 2.00061483e+00  9.69038852e+00  2.00061483e+00  1.38211520e+01 
 2.02378396e+00  9.69603511e+00  2.02378396e+00  1.36688776e+01 
 2.04722142e+00  9.70156025e+00  2.04722142e+00  1.35181528e+01 
 2.07093031e+00  9.70696641e+00  2.07093031e+00  1.33689657e+01 
 2.09491378e+00  9.71225600e+00  2.09491378e+00  1.32213047e+01 
 2.11917499e+00  9.71743140e+00  2.11917499e+00  1.30751580e+01 
 2.14371718e+00  9.72249495e+00  2.14371718e+00  1.29305140e+01 
 2.16854358e+00  9.72744893e+00  2.16854358e+00  1.27873608e+01 
 2.19365751e+00  9.73229559e+00  2.19365751e+00  1.26456865e+01 
 2.21906227e+00  9.73703715e+00  2.21906227e+00  1.25054794e+01 
 2.24476125e+00  9.74167577e+00  2.24476125e+00  1.23667275e+01 
 2.27075785e+00  9.74621358e+00  2.27075785e+00  1.22294189e+01 
 2.29705552e+00  9.75065266e+00  2.29705552e+00  1.20935418e+01 
 2.32365774e+00  9.75499508e+00  2.32365774e+00  1.19590843e+01 
 2.35056804e+00  9.75924284e+00  2.35056804e+00  1.18260344e+01 
 2.37778999e+00  9.76339791e+00  2.37778999e+00  1.16943802e+01 
 2.40532720e+00  9.76746223e+00  2.40532720e+00  1.15641099e+01 
 2.43318331e+00  9.77143770e+00  2.43318331e+00  1.14352116e+01 
 2.46136203e+00  9.77532619e+00  2.46136203e+00  1.13076734e+01 
 2.48986709e+00  9.77912952e+00  2.48986709e+00  1.11814834e+01 
 2.51870226e+00  9.78284948e+00  2.51870226e+00  1.10566298e+01 
 2.54787137e+00  9.78648784e+00  2.54787137e+00  1.09331009e+01 
 2.57737829e+00  9.79004632e+00  2.57737829e+00  1.08108847e+01 
 2.60722693e+00  9.79352660e+00  2.60722693e+00  1.06899696e+01 
 2.63742125e+00  9.79693035e+00  2.63742125e+00  1.05703438e+01 
 2.66796525e+00  9.80025918e+00  2.66796525e+00  1.04519957e+01 
 2.69886298e+00  9.80351471e+00  2.69886298e+00  1.03349136e+01 
 2.73011854e+00  9.80669847e+00  2.73011854e+00  1.02190858e+01 
 2.76173606e+00  9.80981201e+00  2.76173606e+00  1.01045009e+01 
 2.79371975e+00  9.81285683e+00  2.79371975e+00  9.99114726e+00 
 2.82607385e+00  9.81583440e+00  2.82607385e+00  9.87901341e+00 
 2.85880263e+00  9.81874615e+00  2.85880263e+00  9.76808794e+00 
 2.89191045e+00  9.82159350e+00  2.89191045e+00  9.65835946e+00 
 2.92540169e+00  9.82437783e+00  2.92540169e+00  9.54981664e+00 
 2.95928080e+00  9.82710050e+00  2.95928080e+00  9.44244822e+00 
 2.99355225e+00  9.82976284e+00  2.99355225e+00  9.33624296e+00 
 3.02822061e+00  9.83236615e+00  3.02822061e+00  9.23118970e+00 
 3.06329046e+00  9.83491169e+00  3.06329046e+00  9.12727735e+00 
 3.09876645e+00  9.83740073e+00  3.09876645e+00  9.02449486e+00 
 3.13465329e+00  9.83983449e+00  3.13465329e+00  8.92283124e+00 
 3.17095574e+00  9.84221415e+00  3.17095574e+00  8.82227559e+00 
 3.20767861e+00  9.84454090e+00  3.20767861e+00  8.72281704e+00 
 3.24482676e+00  9.84681589e+00  3.24482676e+00  8.62444480e+00 
 3.28240513e+00  9.84904023e+00  3.28240513e+00  8.52714815e+00 
 3.32041869e+00  9.85121504e+00  3.32041869e+00  8.43091644e+00 
 3.35887249e+00  9.85334139e+00  3.35887249e+00  8.33573908e+00 
 3.39777162e+00  9.85542034e+00  3.39777162e+00  8.24160555e+00 
 3.43712125e+00  9.85745292e+00  3.43712125e+00  8.14850540e+00 
 3.47692658e+00  9.85944015e+00  3.47692658e+00  8.05642825e+00 
 3.51719290e+00  9.86138301e+00  3.51719290e+00  7.96536380e+00 
 3.55792554e+00  9.86328249e+00  3.55792554e+00  7.87530182e+00 
 3.59912991e+00  9.86513953e+00  3.59912991e+00  7.78623213e+00 
 3.64081146e+00  9.86695505e+00  3.64081146e+00  7.69814467e+00 
 3.68297573e+00  9.86872998e+00  3.68297573e+00  7.61102940e+00 
 3.72562831e+00  9.87046520e+00  3.72562831e+00  7.52487640e+00 
 3.76877484e+00  9.87216159e+00  3.76877484e+00  7.43967579e+00 
 3.81242106e+00  9.87382000e+00  3.81242106e+00  7.35541779e+00 
 3.85657274e+00  9.87544127e+00  3.85657274e+00  7.27209269e+00 
 3.90123574e+00  9.87702621e+00  3.90123574e+00  7.18969084e+00 
 3.94641599e+00  9.87857563e+00  3.94641599e+00  7.10820268e+00 
 3.99211947e+00  9.88009031e+00  3.99211947e+00  7.02761873e+00 
 4.03835224e+00  9.88157102e+00  4.03835224e+00  6.94792958e+00 
 4.08512043e+00  9.88301850e+00  4.08512043e+00  6.86912590e+00 
 4.13243025e+00  9.88443350e+00  4.13243025e+00  6.79119843e+00 
 4.18028796e+00  9.88581673e+00  4.18028796e+00  6.71413798e+00 
 4.22869991e+00  9.88716890e+00  4.22869991e+00  6.63793547e+00 
 4.27767252e+00  9.88849069e+00  4.27767252e+00  6.56258185e+00 
 4.32721228e+00  9.88978278e+00  4.32721228e+00  6.48806819e+00 
 4.37732577e+00  9.89104583e+00  4.37732577e+00  6.41438562e+00 
 4.42801962e+00  9.89228047e+00  4.42801962e+00  6.34152533e+00 
 4.47930055e+00  9.89348735e+00  4.47930055e+00  6.26947861e+00 
 4.53117537e+00  9.89466708e+00  4.53117537e+00  6.19823683e+00 
 4.58365095e+00  9.89582026e+00  4.58365095e+00  6.12779140e+00 
 4.63673425e+00  9.89694748e+00  4.63673425e+00  6.05813385e+00 
 4.69043232e+00  9.89804932e+00  4.69043232e+00  5.98925577e+00 
 4.74475225e+00  9.89912635e+00  4.74475225e+00  5.92114881e+00 
 4.79970127e+00  9.90017912e+00  4.79970127e+00  5.85380471e+00 
 4.85528665e+00  9.90120817e+00  4.85528665e+00  5.78721530e+00 
 4.91151577e+00  9.90221402e+00  4.91151577e+00  5.72137247e+00 
 4.96839608e+00  9.90319721e+00  4.96839608e+00  5.65626816e+00 
 5.02593512e+00  9.90415822e+00  5.02593512e+00  5.59189444e+00 
 5.08414052e+00  9.90509757e+00  5.08414052e+00  5.52824341e+00 
 5.14302000e+00  9.90601572e+00  5.14302000e+00  5.46530726e+00 
 5.20258136e+00  9.90691316e+00  5.20258136e+00  5.40307826e+00 
 5.26283250e+00  9.90779035e+00  5.26283250e+00  5.34154873e+00 
 5.32378141e+00  9.90864774e+00  5.32378141e+00  5.28071110e+00 
 5.38543617e+00  9.90948578e+00  5.38543617e+00  5.22055784e+00 
 5.44780495e+00  9.91030489e+00  5.44780495e+00  5.16108150e+00 
 5.51089603e+00  9.91110551e+00  5.51089603e+00  5.10227472e+00 
 5.57471776e+00  9.91188804e+00  5.57471776e+00  5.04413019e+00 
 5.63927862e+00  9.91265289e+00  5.63927862e+00  4.98664069e+00 
 5.70458716e+00  9.91340046e+00  5.70458716e+00  4.92979904e+00 
 5.77065203e+00  9.91413114e+00  5.77065203e+00  4.87359817e+00 
 5.83748200e+00  9.91484530e+00  5.83748200e+00  4.81803105e+00 
 5.90508593e+00  9.91554332e+00  5.90508593e+00  4.76309073e+00 
 5.97347279e+00  9.91622556e+00  5.97347279e+00  4.70877034e+00 
 6.04265163e+00  9.91689236e+00  6.04265163e+00  4.65506306e+00 
 6.11263163e+00  9.91754409e+00  6.11263163e+00  4.60196215e+00 
 6.18342207e+00  9.91818108e+00  6.18342207e+00  4.54946093e+00 
 6.25503234e+00  9.91880365e+00  6.25503234e+00  4.49755279e+00 
 6.32747192e+00  9.91941214e+00  6.32747192e+00  4.44623120e+00 
 6.40075043e+00  9.92000685e+00  6.40075043e+00  4.39548967e+00 
 6.47487758e+00  9.92058811e+00  6.47487758e+00  4.34532181e+00 
 6.54986319e+00  9.92115621e+00  6.54986319e+00  4.29572125e+00 
 6.62571722e+00  9.92171145e+00  6.62571722e+00  4.24668173e+00 
 6.70244971e+00  9.92225412e+00  6.70244971e+00  4.19819702e+00 
 6.78007084e+00  9.92278450e+00  6.78007084e+00  4.15026099e+00 
 6.85859090e+00  9.92330287e+00  6.85859090e+00  4.10286753e+00 
 6.93802030e+00  9.92380950e+00  6.93802030e+00  4.05601064e+00 
 7.01836957e+00  9.92430465e+00  7.01836957e+00  4.00968433e+00 
 7.09964937e+00  9.92478858e+00  7.09964937e+00  3.96388272e+00 
 7.18187048e+00  9.92526155e+00  7.18187048e+00  3.91859996e+00 
 7.26504378e+00  9.92572380e+00  7.26504378e+00  3.87383029e+00 
 7.34918032e+00  9.92617558e+00  7.34918032e+00  3.82956797e+00 
 7.43429124e+00  9.92661712e+00  7.43429124e+00  3.78580735e+00 
 7.52038784e+00  9.92704865e+00  7.52038784e+00  3.74254284e+00 
 7.60748151e+00  9.92747040e+00  7.60748151e+00  3.69976889e+00 
 7.69558382e+00  9.92788258e+00  7.69558382e+00  3.65748003e+00 
 7.78470645e+00  9.92828543e+00  7.78470645e+00  3.61567082e+00 
 7.87486120e+00  9.92867913e+00  7.87486120e+00  3.57433592e+00 
 7.96606004e+00  9.92906391e+00  7.96606004e+00  3.53347000e+00 
 8.05831505e+00  9.92943997e+00  8.05831505e+00  3.49306782e+00 
 8.15163847e+00  9.92980749e+00  8.15163847e+00  3.45312417e+00 
 8.24604267e+00  9.93016668e+00  8.24604267e+00  3.41363392e+00 
 8.34154016e+00  9.93051772e+00  8.34154016e+00  3.37459199e+00 
 8.43814361e+00  9.93086080e+00  8.43814361e+00  3.33599333e+00 
 8.53586583e+00  9.93119609e+00  8.53586583e+00  3.29783298e+00 
 8.63471977e+00  9.93152378e+00  8.63471977e+00  3.26010601e+00 
 8.73471853e+00  9.93184403e+00  8.73471853e+00  3.22280754e+00 
 8.83587539e+00  9.93215701e+00  8.83587539e+00  3.18593276e+00 
 8.93820374e+00  9.93246289e+00  8.93820374e+00  3.14947690e+00 
 9.04171716e+00  9.93276183e+00  9.04171716e+00  3.11343524e+00 
 9.14642936e+00  9.93305398e+00  9.14642936e+00  3.07780313e+00 
 9.25235424e+00  9.93333951e+00  9.25235424e+00  3.04257594e+00 
 9.35950584e+00  9.93361855e+00  9.35950584e+00  3.00774911e+00 
 9.46789836e+00  9.93389126e+00  9.46789836e+00  2.97331813e+00 
 9.57754617e+00  9.93415777e+00  9.57754617e+00  2.93927853e+00 
 9.68846382e+00  9.93441824e+00  9.68846382e+00  2.90562589e+00 
 9.80066601e+00  9.93467279e+00  9.80066601e+00  2.87235585e+00 
 9.91416761e+00  9.93492156e+00  9.91416761e+00  2.83946407e+00 
 1.00289837e+01  9.93516469e+00  1.00289837e+01  2.80694630e+00 
 1.01451294e+01  9.93540229e+00  1.01451294e+01  2.77479830e+00 
 1.02626203e+01  9.93563450e+00  1.02626203e+01  2.74301588e+00 
 1.03814717e+01  9.93586143e+00  1.03814717e+01  2.71159492e+00 
 1.05016997e+01  9.93608321e+00  1.05016997e+01  2.68053132e+00 
 1.06233199e+01  9.93629995e+00  1.06233199e+01  2.64982104e+00 
 1.07463487e+01  9.93651177e+00  1.07463487e+01  2.61946007e+00 
 1.08708023e+01  9.93671878e+00  1.08708023e+01  2.58944445e+00 
 1.09966971e+01  9.93692109e+00  1.09966971e+01  2.55977028e+00 
 1.11240500e+01  9.93711880e+00  1.11240500e+01  2.53043369e+00 
 1.12528777e+01  9.93731202e+00  1.12528777e+01  2.50143084e+00 
 1.13831974e+01  9.93750085e+00  1.13831974e+01  2.47275794e+00 
 1.15150263e+01  9.93768539e+00  1.15150263e+01  2.44441126e+00 
 1.16483819e+01  9.93786574e+00  1.16483819e+01  2.41638709e+00 
 1.17832819e+01  9.93804199e+00  1.17832819e+01  2.38868176e+00 
 1.19197442e+01  9.93821423e+00  1.19197442e+01  2.36129167e+00 
 1.20577869e+01  9.93838257e+00  1.20577869e+01  2.33421322e+00 
 1.21974282e+01  9.93854708e+00  1.21974282e+01  2.30744287e+00 
 1.23386867e+01  9.93870785e+00  1.23386867e+01  2.28097712e+00 
 1.24815812e+01  9.93886496e+00  1.24815812e+01  2.25481250e+00 
 1.26261305e+01  9.93901851e+00  1.26261305e+01  2.22894560e+00 
 1.27723538e+01  9.93916857e+00  1.27723538e+01  2.20337302e+00 
 1.29202705e+01  9.93931522e+00  1.29202705e+01  2.17809141e+00 
 1.30699003e+01  9.93945853e+00  1.30699003e+01  2.15309746e+00 
 1.32212629e+01  9.93959859e+00  1.32212629e+01  2.12838789e+00 
 1.33743785e+01  9.93973547e+00  1.33743785e+01  2.10395947e+00 
 1.35292673e+01  9.93986923e+00  1.35292673e+01  2.07980898e+00 
 1.36859499e+01  9.93999996e+00  1.36859499e+01  2.05593327e+00 
 1.38444470e+01  9.94012771e+00  1.38444470e+01  2.03232920e+00 
 1.40047796e+01  9.94025256e+00  1.40047796e+01  2.00899367e+00 
 1.41669691e+01  9.94037458e+00  1.41669691e+01  1.98592362e+00 
 1.43310369e+01  9.94049382e+00  1.43310369e+01  1.96311602e+00 
 1.44970048e+01  9.94061035e+00  1.44970048e+01  1.94056788e+00 
 1.46648947e+01  9.94072423e+00  1.46648947e+01  1.91827623e+00 
 1.48347290e+01  9.94083552e+00  1.48347290e+01  1.89623814e+00 
 1.50065301e+01  9.94094429e+00  1.50065301e+01  1.87445071e+00 
 1.51803209e+01  9.94105058e+00  1.51803209e+01  1.85291110e+00 
 1.53561243e+01  9.94115446e+00  1.53561243e+01  1.83161645e+00 
 1.55339637e+01  9.94125597e+00  1.55339637e+01  1.81056398e+00 
 1.57138627e+01  9.94135518e+00  1.57138627e+01  1.78975091e+00 
 1.58958451e+01  9.94145213e+00  1.58958451e+01  1.76917450e+00 
 1.60799350e+01  9.94154688e+00  1.60799350e+01  1.74883206e+00 
 1.62661569e+01  9.94163948e+00  1.62661569e+01  1.72872089e+00 
 1.64545354e+01  9.94172997e+00  1.64545354e+01  1.70883836e+00 
 1.66450955e+01  9.94181841e+00  1.66450955e+01  1.68918185e+00 
 1.68378625e+01  9.94190483e+00  1.68378625e+01  1.66974877e+00 
 1.70328619e+01  9.94198929e+00  1.70328619e+01  1.65053656e+00 
 1.72301197e+01  9.94207183e+00  1.72301197e+01  1.63154269e+00 
 1.74296618e+01  9.94215250e+00  1.74296618e+01  1.61276465e+00 
 1.76315149e+01  9.94223133e+00  1.76315149e+01  1.59419999e+00 
 1.78357056e+01  9.94230837e+00  1.78357056e+01  1.57584624e+00 
 1.80422611e+01  9.94238366e+00  1.80422611e+01  1.55770099e+00 
 1.82512087e+01  9.94245723e+00  1.82512087e+01  1.53976185e+00 
 1.84625761e+01  9.94252914e+00  1.84625761e+01  1.52202646e+00 
 1.86763914e+01  9.94259941e+00  1.86763914e+01  1.50449247e+00 
 1.88926828e+01  9.94266808e+00  1.88926828e+01  1.48715758e+00 
 1.91114791e+01  9.94273520e+00  1.91114791e+01  1.47001949e+00 
 1.93328093e+01  9.94280078e+00  1.93328093e+01  1.45307595e+00 
 1.95567028e+01  9.94286488e+00  1.95567028e+01  1.43632473e+00 
 1.97831891e+01  9.94292752e+00  1.97831891e+01  1.41976361e+00 
 2.00122984e+01  9.94298874e+00  2.00122984e+01  1.40339041e+00 
 2.02440610e+01  9.94304856e+00  2.02440610e+01  1.38720297e+00 
 2.04785077e+01  9.94310703e+00  2.04785077e+01  1.37119915e+00 
 2.07156695e+01  9.94316416e+00  2.07156695e+01  1.35537684e+00 
 2.09555778e+01  9.94322000e+00  2.09555778e+01  1.33973396e+00 
 2.11982645e+01  9.94327457e+00  2.11982645e+01  1.32426843e+00 
 2.14437618e+01  9.94332790e+00  2.14437618e+01  1.30897822e+00 
 2.16921022e+01  9.94338002e+00  2.16921022e+01  1.29386130e+00 
 2.19433187e+01  9.94343095e+00  2.19433187e+01  1.27891569e+00 
 2.21974444e+01  9.94348073e+00  2.21974444e+01  1.26413940e+00 
 2.24545132e+01  9.94352937e+00  2.24545132e+01  1.24953049e+00 
 2.27145591e+01  9.94357691e+00  2.27145591e+01  1.23508702e+00 
 2.29776167e+01  9.94362337e+00  2.29776167e+01  1.22080710e+00 
 2.32437206e+01  9.94366877e+00  2.32437206e+01  1.20668882e+00 
 2.35129064e+01  9.94371315e+00  2.35129064e+01  1.19273033e+00 
 2.37852095e+01  9.94375651e+00  2.37852095e+01  1.17892979e+00 
 2.40606663e+01  9.94379889e+00  2.40606663e+01  1.16528537e+00 
 2.43393131e+01  9.94384030e+00  2.43393131e+01  1.15179526e+00 
 2.46211869e+01  9.94388078e+00  2.46211869e+01  1.13845768e+00 
 2.49063250e+01  9.94392033e+00  2.49063250e+01  1.12527088e+00 
 2.51947654e+01  9.94395899e+00  2.51947654e+01  1.11223310e+00 
 2.54865462e+01  9.94399676e+00  2.54865462e+01  1.09934263e+00 
 2.57817061e+01  9.94403368e+00  2.57817061e+01  1.08659776e+00 
 2.60802843e+01  9.94406976e+00  2.60802843e+01  1.07399681e+00 
 2.63823203e+01  9.94410502e+00  2.63823203e+01  1.06153811e+00 
 2.66878542e+01  9.94413948e+00  2.66878542e+01  1.04922001e+00 
 2.69969265e+01  9.94417316e+00  2.69969265e+01  1.03704088e+00 
 2.73095781e+01  9.94420607e+00  2.73095781e+01  1.02499912e+00 
 2.76258506e+01  9.94423823e+00  2.76258506e+01  1.01309312e+00 
 2.79457858e+01  9.94426967e+00  2.79457858e+01  1.00132133e+00 
 2.82694262e+01  9.94430039e+00  2.82694262e+01  9.89682173e-01 
 2.85968147e+01  9.94433041e+00  2.85968147e+01  9.78174118e-01 
 2.89279946e+01  9.94435975e+00  2.89279946e+01  9.66795641e-01 
 2.92630100e+01  9.94438842e+00  2.92630100e+01  9.55545238e-01 
 2.96019052e+01  9.94441644e+00  2.96019052e+01  9.44421419e-01 
 2.99447251e+01  9.94444382e+00  2.99447251e+01  9.33422714e-01 
 3.02915152e+01  9.94447059e+00  3.02915152e+01  9.22547667e-01 
 3.06423215e+01  9.94449674e+00  3.06423215e+01  9.11794840e-01 
 3.09971905e+01  9.94452230e+00  3.09971905e+01  9.01162810e-01 
 3.13561693e+01  9.94454728e+00  3.13561693e+01  8.90650170e-01 
 3.17193054e+01  9.94457169e+00  3.17193054e+01  8.80255528e-01 
 3.20866469e+01  9.94459555e+00  3.20866469e+01  8.69977511e-01 
 3.24582427e+01  9.94461886e+00  3.24582427e+01  8.59814757e-01 
 3.28341419e+01  9.94464165e+00  3.28341419e+01  8.49765922e-01 
 3.32143943e+01  9.94466392e+00  3.32143943e+01  8.39829676e-01 
 3.35990505e+01  9.94468568e+00  3.35990505e+01  8.30004703e-01 
 3.39881614e+01  9.94470695e+00  3.39881614e+01  8.20289704e-01 
 3.43817786e+01  9.94472773e+00  3.43817786e+01  8.10683392e-01 
 3.47799543e+01  9.94474804e+00  3.47799543e+01  8.01184497e-01 
 3.51827413e+01  9.94476790e+00  3.51827413e+01  7.91791760e-01 
 3.55901929e+01  9.94478730e+00  3.55901929e+01  7.82503939e-01 
 3.60023633e+01  9.94480625e+00  3.60023633e+01  7.73319803e-01 
 3.64193070e+01  9.94482478e+00  3.64193070e+01  7.64238138e-01 
 3.68410793e+01  9.94484289e+00  3.68410793e+01  7.55257741e-01 
 3.72677361e+01  9.94486059e+00  3.72677361e+01  7.46377423e-01 
 3.76993341e+01  9.94487788e+00  3.76993341e+01  7.37596009e-01 
 3.81359304e+01  9.94489478e+00  3.81359304e+01  7.28912335e-01 
 3.85775830e+01  9.94491130e+00  3.85775830e+01  7.20325252e-01 
 3.90243503e+01  9.94492744e+00  3.90243503e+01  7.11833623e-01 
 3.94762917e+01  9.94494322e+00  3.94762917e+01  7.03436324e-01 
 3.99334670e+01  9.94495863e+00  3.99334670e+01  6.95132243e-01 
 4.03959368e+01  9.94497370e+00  4.03959368e+01  6.86920281e-01 
 4.08637625e+01  9.94498842e+00  4.08637625e+01  6.78799349e-01 
 4.13370061e+01  9.94500281e+00  4.13370061e+01  6.70768373e-01 
 4.18157303e+01  9.94501687e+00  4.18157303e+01  6.62826289e-01 
 4.22999987e+01  9.94503062e+00  4.22999987e+01  6.54972046e-01 
 4.27898753e+01  9.94504405e+00  4.27898753e+01  6.47204602e-01 
 4.32854253e+01  9.94505717e+00  4.32854253e+01  6.39522930e-01 
 4.37867142e+01  9.94507000e+00  4.37867142e+01  6.31926013e-01 
 4.42938085e+01  9.94508253e+00  4.42938085e+01  6.24412843e-01 
 4.48067755e+01  9.94509478e+00  4.48067755e+01  6.16982426e-01 
 4.53256831e+01  9.94510676e+00  4.53256831e+01  6.09633779e-01 
 4.58506003e+01  9.94511846e+00  4.58506003e+01  6.02365927e-01 
 4.63815965e+01  9.94512989e+00  4.63815965e+01  5.95177908e-01 
 4.69187422e+01  9.94514106e+00  4.69187422e+01  5.88068770e-01 
 4.74621085e+01  9.94515198e+00  4.74621085e+01  5.81037571e-01 
 4.80117676e+01  9.94516266e+00  4.80117676e+01  5.74083381e-01 
 4.85677923e+01  9.94517308e+00  4.85677923e+01  5.67205277e-01 
 4.91302564e+01  9.94518328e+00  4.91302564e+01  5.60402349e-01 
 4.96992343e+01  9.94519324e+00  4.96992343e+01  5.53673695e-01 
 5.02748016e+01  9.94520297e+00  5.02748016e+01  5.47018425e-01 
 5.08570345e+01  9.94521248e+00  5.08570345e+01  5.40435656e-01 
 5.14460103e+01  9.94522178e+00  5.14460103e+01  5.33924517e-01 
 5.20418070e+01  9.94523086e+00  5.20418070e+01  5.27484146e-01 
 5.26445036e+01  9.94523974e+00  5.26445036e+01  5.21113688e-01 
 5.32541801e+01  9.94524841e+00  5.32541801e+01  5.14812300e-01 
 5.38709172e+01  9.94525689e+00  5.38709172e+01  5.08579147e-01 
 5.44947968e+01  9.94526518e+00  5.44947968e+01  5.02413403e-01 
 5.51259015e+01  9.94527328e+00  5.51259015e+01  4.96314252e-01 
 5.57643151e+01  9.94528119e+00  5.57643151e+01  4.90280886e-01 
 5.64101221e+01  9.94528892e+00  5.64101221e+01  4.84312504e-01 
 5.70634082e+01  9.94529648e+00  5.70634082e+01  4.78408317e-01 
 5.77242601e+01  9.94530386e+00  5.77242601e+01  4.72567542e-01 
 5.83927652e+01  9.94531108e+00  5.83927652e+01  4.66789405e-01 
 5.90690124e+01  9.94531813e+00  5.90690124e+01  4.61073141e-01 
 5.97530911e+01  9.94532502e+00  5.97530911e+01  4.55417993e-01 
 6.04450922e+01  9.94533176e+00  6.04450922e+01  4.49823210e-01 
 6.11451073e+01  9.94533834e+00  6.11451073e+01  4.44288052e-01 
 6.18532294e+01  9.94534477e+00  6.18532294e+01  4.38811785e-01 
 6.25695522e+01  9.94535105e+00  6.25695522e+01  4.33393684e-01 
 6.32941707e+01  9.94535719e+00  6.32941707e+01  4.28033031e-01 
 6.40271811e+01  9.94536319e+00  6.40271811e+01  4.22729115e-01 
 6.47686804e+01  9.94536906e+00  6.47686804e+01  4.17481233e-01 
 6.55187671e+01  9.94537479e+00  6.55187671e+01  4.12288691e-01 
 6.62775405e+01  9.94538039e+00  6.62775405e+01  4.07150800e-01 
 6.70451013e+01  9.94538586e+00  6.70451013e+01  4.02066880e-01 
 6.78215512e+01  9.94539121e+00  6.78215512e+01  3.97036255e-01 
 6.86069932e+01  9.94539644e+00  6.86069932e+01  3.92058261e-01 
 6.94015314e+01  9.94540154e+00  6.94015314e+01  3.87132238e-01 
 7.02052711e+01  9.94540653e+00  7.02052711e+01  3.82257531e-01 
 7.10183190e+01  9.94541141e+00  7.10183190e+01  3.77433497e-01 
 7.18407828e+01  9.94541617e+00  7.18407828e+01  3.72659494e-01 
 7.26727715e+01  9.94542083e+00  7.26727715e+01  3.67934891e-01 
 7.35143955e+01  9.94542538e+00  7.35143955e+01  3.63259062e-01 
 7.43657664e+01  9.94542982e+00  7.43657664e+01  3.58631386e-01 
 7.52269970e+01  9.94543417e+00  7.52269970e+01  3.54051251e-01 
 7.60982015e+01  9.94543841e+00  7.60982015e+01  3.49518050e-01 
 7.69794955e+01  9.94544256e+00  7.69794955e+01  3.45031181e-01 
 7.78709957e+01  9.94544661e+00  7.78709957e+01  3.40590050e-01 
 7.87728204e+01  9.94545057e+00  7.87728204e+01  3.36194069e-01 
 7.96850891e+01  9.94545444e+00  7.96850891e+01  3.31842655e-01 
 8.06079229e+01  9.94545822e+00  8.06079229e+01  3.27535231e-01 
 8.15414439e+01  9.94546192e+00  8.15414439e+01  3.23271227e-01 
 8.24857761e+01  9.94546553e+00  8.24857761e+01  3.19050077e-01 
 8.34410446e+01  9.94546905e+00  8.34410446e+01  3.14871221e-01 
 8.44073761e+01  9.94547250e+00  8.44073761e+01  3.10734107e-01 
 8.53848987e+01  9.94547587e+00  8.53848987e+01  3.06638185e-01 
 8.63737419e+01  9.94547916e+00  8.63737419e+01  3.02582912e-01 
 8.73740370e+01  9.94548237e+00  8.73740370e+01  2.98567752e-01 
 8.83859165e+01  9.94548551e+00  8.83859165e+01  2.94592173e-01 
 8.94095146e+01  9.94548858e+00  8.94095146e+01  2.90655646e-01 
 9.04449670e+01  9.94549157e+00  9.04449670e+01  2.86757650e-01 
 9.14924110e+01  9.94549450e+00  9.14924110e+01  2.82897670e-01 
 9.25519854e+01  9.94549736e+00  9.25519854e+01  2.79075192e-01 
 9.36238307e+01  9.94550016e+00  9.36238307e+01  2.75289711e-01 
 9.47080892e+01  9.94550289e+00  9.47080892e+01  2.71540725e-01 
 9.58049044e+01  9.94550556e+00  9.58049044e+01  2.67827737e-01 
 9.69144218e+01  9.94550816e+00  9.69144218e+01  2.64150254e-01 
 9.80367886e+01  9.94551071e+00  9.80367886e+01  2.60507789e-01 
 9.91721535e+01  9.94551320e+00  9.91721535e+01  2.56899860e-01 
 1.00320667e+02  9.94551563e+00  1.00320667e+02  2.53325988e-01 
 1.01482482e+02  9.94551800e+00  1.01482482e+02  2.49785699e-01 
 1.02657751e+02  9.94552032e+00  1.02657751e+02  2.46278525e-01 
 1.03846632e+02  9.94552258e+00  1.03846632e+02  2.42804000e-01 
 1.05049280e+02  9.94552480e+00  1.05049280e+02  2.39361664e-01 
 1.06265857e+02  9.94552696e+00  1.06265857e+02  2.35951060e-01 
 1.07496523e+02  9.94552907e+00  1.07496523e+02  2.32571737e-01 
 1.08741441e+02  9.94553113e+00  1.08741441e+02  2.29223245e-01 
 1.10000777e+02  9.94553314e+00  1.10000777e+02  2.25905143e-01 
 1.11274697e+02  9.94553511e+00  1.11274697e+02  2.22616989e-01 
 1.12563370e+02  9.94553703e+00  1.12563370e+02  2.19358348e-01 
 1.13866967e+02  9.94553890e+00  1.13866967e+02  2.16128788e-01 
 1.15185661e+02  9.94554073e+00  1.15185661e+02  2.12927881e-01 
 1.16519628e+02  9.94554252e+00  1.16519628e+02  2.09755202e-01 
 1.17869043e+02  9.94554427e+00  1.17869043e+02  2.06610332e-01 
 1.19234085e+02  9.94554597e+00  1.19234085e+02  2.03492852e-01 
 1.20614936e+02  9.94554764e+00  1.20614936e+02  2.00402350e-01 
 1.22011779e+02  9.94554927e+00  1.22011779e+02  1.97338416e-01 
 1.23424798e+02  9.94555085e+00  1.23424798e+02  1.94300644e-01 
 1.24854182e+02  9.94555240e+00  1.24854182e+02  1.91288631e-01 
 1.26300119e+02  9.94555392e+00  1.26300119e+02  1.88301978e-01 
 1.27762802e+02  9.94555539e+00  1.27762802e+02  1.85340290e-01 
 1.29242424e+02  9.94555683e+00  1.29242424e+02  1.82403172e-01 
 1.30739182e+02  9.94555824e+00  1.30739182e+02  1.79490237e-01 
 1.32253273e+02  9.94555962e+00  1.32253273e+02  1.76601098e-01 
 1.33784900e+02  9.94556096e+00  1.33784900e+02  1.73735372e-01 
 1.35334264e+02  9.94556226e+00  1.35334264e+02  1.70892678e-01 
 1.36901571e+02  9.94556354e+00  1.36901571e+02  1.68072641e-01 
 1.38487029e+02  9.94556479e+00  1.38487029e+02  1.65274886e-01 
 1.40090849e+02  9.94556600e+00  1.40090849e+02  1.62499043e-01 
 1.41713242e+02  9.94556719e+00  1.41713242e+02  1.59744743e-01 
 1.43354425e+02  9.94556835e+00  1.43354425e+02  1.57011621e-01 
 1.45014614e+02  9.94556948e+00  1.45014614e+02  1.54299316e-01 
 1.46694029e+02  9.94557058e+00  1.46694029e+02  1.51607467e-01 
 1.48392894e+02  9.94557165e+00  1.48392894e+02  1.48935717e-01 
 1.50111433e+02  9.94557270e+00  1.50111433e+02  1.46283713e-01 
 1.51849875e+02  9.94557372e+00  1.51849875e+02  1.43651103e-01 
 1.53608450e+02  9.94557472e+00  1.53608450e+02  1.41037537e-01 
 1.55387391e+02  9.94557569e+00  1.55387391e+02  1.38442670e-01 
 1.57186933e+02  9.94557663e+00  1.57186933e+02  1.35866157e-01 
 1.59007317e+02  9.94557756e+00  1.59007317e+02  1.33307657e-01 
 1.60848782e+02  9.94557846e+00  1.60848782e+02  1.30766830e-01 
 1.62711573e+02  9.94557933e+00  1.62711573e+02  1.28243341e-01 
 1.64595937e+02  9.94558018e+00  1.64595937e+02  1.25736853e-01 
 1.66502124e+02  9.94558102e+00  1.66502124e+02  1.23247035e-01 
 1.68430387e+02  9.94558183e+00  1.68430387e+02  1.20773557e-01 
 1.70380981e+02  9.94558261e+00  1.70380981e+02  1.18316091e-01 
 1.72354164e+02  9.94558338e+00  1.72354164e+02  1.15874311e-01 
 1.74350199e+02  9.94558413e+00  1.74350199e+02  1.13447894e-01 
 1.76369351e+02  9.94558486e+00  1.76369351e+02  1.11036517e-01 
 1.78411886e+02  9.94558557e+00  1.78411886e+02  1.08639861e-01 
 1.80478075e+02  9.94558625e+00  1.80478075e+02  1.06257608e-01 
 1.82568193e+02  9.94558692e+00  1.82568193e+02  1.03889443e-01 
 1.84682517e+02  9.94558758e+00  1.84682517e+02  1.01535051e-01 
 1.86821327e+02  9.94558821e+00  1.86821327e+02  9.91941212e-02 
 1.88984907e+02  9.94558882e+00  1.88984907e+02  9.68663420e-02 
 1.91173543e+02  9.94558942e+00  1.91173543e+02  9.45514051e-02 
 1.93387525e+02  9.94559000e+00  1.93387525e+02  9.22490037e-02 
 1.95627148e+02  9.94559057e+00  1.95627148e+02  8.99588326e-02 
 1.97892707e+02  9.94559111e+00  1.97892707e+02  8.76805882e-02 
 2.00184505e+02  9.94559164e+00  2.00184505e+02  8.54139683e-02 
 2.02502843e+02  9.94559216e+00  2.02502843e+02  8.31586725e-02 
 2.04848030e+02  9.94559266e+00  2.04848030e+02  8.09144018e-02 
 2.07220377e+02  9.94559314e+00  2.07220377e+02  7.86808587e-02 
 2.09620198e+02  9.94559361e+00  2.09620198e+02  7.64577469e-02 
 2.12047812e+02  9.94559406e+00  2.12047812e+02  7.42447719e-02 
 2.14503539e+02  9.94559450e+00  2.14503539e+02  7.20416402e-02 
 2.16987707e+02  9.94559493e+00  2.16987707e+02  6.98480597e-02 
 2.19500643e+02  9.94559534e+00  2.19500643e+02  6.76637396e-02 
 2.22042682e+02  9.94559573e+00  2.22042682e+02  6.54883904e-02 
 2.24614160e+02  9.94559612e+00  2.24614160e+02  6.33217235e-02 
 2.27215419e+02  9.94559648e+00  2.27215419e+02  6.11634518e-02 
 2.29846803e+02  9.94559684e+00  2.29846803e+02  5.90132891e-02 
 2.32508661e+02  9.94559718e+00  2.32508661e+02  5.68709503e-02 
 2.35201345e+02  9.94559751e+00  2.35201345e+02  5.47361514e-02 
 2.37925214e+02  9.94559783e+00  2.37925214e+02  5.26086095e-02 
 2.40680628e+02  9.94559813e+00  2.40680628e+02  5.04880423e-02 
 2.43467953e+02  9.94559842e+00  2.43467953e+02  4.83741689e-02 
 2.46287557e+02  9.94559870e+00  2.46287557e+02  4.62667088e-02 
 2.49139816e+02  9.94559896e+00  2.49139816e+02  4.41653827e-02 
 2.52025106e+02  9.94559922e+00  2.52025106e+02  4.20699121e-02 
 2.54943811e+02  9.94559946e+00  2.54943811e+02  3.99800191e-02 
 2.57896318e+02  9.94559969e+00  2.57896318e+02  3.78954266e-02 
 2.60883017e+02  9.94559991e+00  2.60883017e+02  3.58158582e-02 
 2.63904306e+02  9.94560011e+00  2.63904306e+02  3.37410383e-02 
 2.66960584e+02  9.94560031e+00  2.66960584e+02  3.16706918e-02 
 2.70052257e+02  9.94560049e+00  2.70052257e+02  2.96045441e-02 
 2.73179734e+02  9.94560067e+00  2.73179734e+02  2.75423214e-02 
 2.76343431e+02  9.94560083e+00  2.76343431e+02  2.54837502e-02 
 2.79543767e+02  9.94560098e+00  2.79543767e+02  2.34285576e-02 
 2.82781166e+02  9.94560112e+00  2.82781166e+02  2.13764711e-02 
 2.86056057e+02  9.94560124e+00  2.86056057e+02  1.93272187e-02 
 2.89368875e+02  9.94560136e+00  2.89368875e+02  1.72805286e-02 
 2.92720058e+02  9.94560147e+00  2.92720058e+02  1.52361296e-02 
 2.96110052e+02  9.94560156e+00  2.96110052e+02  1.31937505e-02 
 2.99539305e+02  9.94560165e+00  2.99539305e+02  1.11531207e-02 
 3.03008272e+02  9.94560172e+00  3.03008272e+02  9.11396945e-03 
 3.06517414e+02  9.94560178e+00  3.06517414e+02  7.07602651e-03 
 3.10067195e+02  9.94560184e+00  3.10067195e+02  5.03902167e-03 
 3.13658086e+02  9.94560188e+00  3.13658086e+02  3.00268485e-03 
 3.17290563e+02  9.94560191e+00  3.17290563e+02  9.66746084e-04 
 3.20965108e+02  9.94560193e+00  3.20965108e+02 -1.06906457e-03 
 3.24682207e+02  9.94560194e+00  3.24682207e+02 -3.10501700e-03 
 3.28442355e+02  9.94560194e+00  3.28442355e+02 -5.14138116e-03 
 3.32246049e+02  9.94560193e+00  3.32246049e+02 -7.17842702e-03 
 3.36093793e+02  9.94560191e+00  3.36093793e+02 -9.21642466e-03 
 3.39986099e+02  9.94560188e+00  3.39986099e+02 -1.12556443e-02 
 3.43923481e+02  9.94560183e+00  3.43923481e+02 -1.32963562e-02 
 3.47906461e+02  9.94560178e+00  3.47906461e+02 -1.53388311e-02 
 3.51935569e+02  9.94560172e+00  3.51935569e+02 -1.73833396e-02 
 3.56011338e+02  9.94560164e+00  3.56011338e+02 -1.94301529e-02 
 3.60134309e+02  9.94560156e+00  3.60134309e+02 -2.14795423e-02 
 3.64305027e+02  9.94560146e+00  3.64305027e+02 -2.35317796e-02 
 3.68524047e+02  9.94560136e+00  3.68524047e+02 -2.55871368e-02 
 3.72791927e+02  9.94560124e+00  3.72791927e+02 -2.76458864e-02 
 3.77109234e+02  9.94560111e+00  3.77109234e+02 -2.97083014e-02 
 3.81476539e+02  9.94560097e+00  3.81476539e+02 -3.17746552e-02 
 3.85894423e+02  9.94560082e+00  3.85894423e+02 -3.38452218e-02 
 3.90363469e+02  9.94560066e+00  3.90363469e+02 -3.59202757e-02 
 3.94884272e+02  9.94560049e+00  3.94884272e+02 -3.80000919e-02 
 3.99457430e+02  9.94560030e+00  3.99457430e+02 -4.00849464e-02 
 4.04083550e+02  9.94560011e+00  4.04083550e+02 -4.21751154e-02 
 4.08763246e+02  9.94559990e+00  4.08763246e+02 -4.42708761e-02 
 4.13497136e+02  9.94559968e+00  4.13497136e+02 -4.63725063e-02 
 4.18285850e+02  9.94559945e+00  4.18285850e+02 -4.84802847e-02 
 4.23130023e+02  9.94559921e+00  4.23130023e+02 -5.05944907e-02 
 4.28030295e+02  9.94559895e+00  4.28030295e+02 -5.27154046e-02 
 4.32987318e+02  9.94559869e+00  4.32987318e+02 -5.48433077e-02 
 4.38001748e+02  9.94559841e+00  4.38001748e+02 -5.69784820e-02 
 4.43074250e+02  9.94559812e+00  4.43074250e+02 -5.91212106e-02 
 4.48205497e+02  9.94559782e+00  4.48205497e+02 -6.12717777e-02 
 4.53396168e+02  9.94559750e+00  4.53396168e+02 -6.34304682e-02 
 4.58646954e+02  9.94559717e+00  4.58646954e+02 -6.55975685e-02 
 4.63958548e+02  9.94559683e+00  4.63958548e+02 -6.77733659e-02 
 4.69331656e+02  9.94559647e+00  4.69331656e+02 -6.99581487e-02 
 4.74766990e+02  9.94559610e+00  4.74766990e+02 -7.21522068e-02 
 4.80265271e+02  9.94559572e+00  4.80265271e+02 -7.43558309e-02 
 4.85827227e+02  9.94559532e+00  4.85827227e+02 -7.65693132e-02 
 4.91453597e+02  9.94559491e+00  4.91453597e+02 -7.87929472e-02 
 4.97145125e+02  9.94559449e+00  4.97145125e+02 -8.10270277e-02 
 5.02902567e+02  9.94559405e+00  5.02902567e+02 -8.32718509e-02 
 5.08726686e+02  9.94559359e+00  5.08726686e+02 -8.55277144e-02 
 5.14618255e+02  9.94559313e+00  5.14618255e+02 -8.77949173e-02 
 5.20578053e+02  9.94559264e+00  5.20578053e+02 -9.00737602e-02 
 5.26606872e+02  9.94559214e+00  5.26606872e+02 -9.23645451e-02 
 5.32705511e+02  9.94559163e+00  5.32705511e+02 -9.46675759e-02 
 5.38874778e+02  9.94559109e+00  5.38874778e+02 -9.69831578e-02 
 5.45115492e+02  9.94559055e+00  5.45115492e+02 -9.93115979e-02 
 5.51428479e+02  9.94558998e+00  5.51428479e+02 -1.01653205e-01 
 5.57814577e+02  9.94558940e+00  5.57814577e+02 -1.04008289e-01 
 5.64274633e+02  9.94558880e+00  5.64274633e+02 -1.06377163e-01 
 5.70809503e+02  9.94558819e+00  5.70809503e+02 -1.08760140e-01 
 5.77420053e+02  9.94558755e+00  5.77420053e+02 -1.11157537e-01 
 5.84107159e+02  9.94558690e+00  5.84107159e+02 -1.13569671e-01 
 5.90871709e+02  9.94558623e+00  5.90871709e+02 -1.15996862e-01 
 5.97714600e+02  9.94558554e+00  5.97714600e+02 -1.18439433e-01 
 6.04636738e+02  9.94558483e+00  6.04636738e+02 -1.20897706e-01 
 6.11639042e+02  9.94558410e+00  6.11639042e+02 -1.23372008e-01 
 6.18722439e+02  9.94558335e+00  6.18722439e+02 -1.25862666e-01 
 6.25887869e+02  9.94558259e+00  6.25887869e+02 -1.28370012e-01 
 6.33136282e+02  9.94558180e+00  6.33136282e+02 -1.30894376e-01 
 6.40468639e+02  9.94558099e+00  6.40468639e+02 -1.33436095e-01 
 6.47885912e+02  9.94558015e+00  6.47885912e+02 -1.35995505e-01 
 6.55389084e+02  9.94557930e+00  6.55389084e+02 -1.38572945e-01 
 6.62979151e+02  9.94557842e+00  6.62979151e+02 -1.41168758e-01 
 6.70657118e+02  9.94557752e+00  6.70657118e+02 -1.43783286e-01 
 6.78424004e+02  9.94557660e+00  6.78424004e+02 -1.46416877e-01 
 6.86280839e+02  9.94557565e+00  6.86280839e+02 -1.49069880e-01 
 6.94228663e+02  9.94557468e+00  6.94228663e+02 -1.51742647e-01 
 7.02268532e+02  9.94557368e+00  7.02268532e+02 -1.54435532e-01 
 7.10401510e+02  9.94557266e+00  7.10401510e+02 -1.57148891e-01 
 7.18628676e+02  9.94557161e+00  7.18628676e+02 -1.59883086e-01 
 7.26951121e+02  9.94557053e+00  7.26951121e+02 -1.62638478e-01 
 7.35369948e+02  9.94556943e+00  7.35369948e+02 -1.65415432e-01 
 7.43886274e+02  9.94556830e+00  7.43886274e+02 -1.68214317e-01 
 7.52501228e+02  9.94556714e+00  7.52501228e+02 -1.71035504e-01 
 7.61215951e+02  9.94556595e+00  7.61215951e+02 -1.73879366e-01 
 7.70031600e+02  9.94556474e+00  7.70031600e+02 -1.76746281e-01 
 7.78949343e+02  9.94556349e+00  7.78949343e+02 -1.79636629e-01 
 7.87970362e+02  9.94556221e+00  7.87970362e+02 -1.82550793e-01 
 7.97095854e+02  9.94556090e+00  7.97095854e+02 -1.85489160e-01 
 8.06327028e+02  9.94555956e+00  8.06327028e+02 -1.88452118e-01 
 8.15665108e+02  9.94555818e+00  8.15665108e+02 -1.91440061e-01 
 8.25111333e+02  9.94555677e+00  8.25111333e+02 -1.94453385e-01 
 8.34666955e+02  9.94555533e+00  8.34666955e+02 -1.97492489e-01 
 8.44333240e+02  9.94555385e+00  8.44333240e+02 -2.00557776e-01 
 8.54111471e+02  9.94555234e+00  8.54111471e+02 -2.03649653e-01 
 8.64002944e+02  9.94555078e+00  8.64002944e+02 -2.06768530e-01 
 8.74008970e+02  9.94554919e+00  8.74008970e+02 -2.09914819e-01 
 8.84130875e+02  9.94554757e+00  8.84130875e+02 -2.13088938e-01 
 8.94370003e+02  9.94554590e+00  8.94370003e+02 -2.16291308e-01 
 9.04727710e+02  9.94554419e+00  9.04727710e+02 -2.19522354e-01 
 9.15205369e+02  9.94554244e+00  9.15205369e+02 -2.22782503e-01 
 9.25804371e+02  9.94554065e+00  9.25804371e+02 -2.26072188e-01 
 9.36526119e+02  9.94553882e+00  9.36526119e+02 -2.29391845e-01 
 9.47372037e+02  9.94553694e+00  9.47372037e+02 -2.32741914e-01 
 9.58343561e+02  9.94553502e+00  9.58343561e+02 -2.36122839e-01 
 9.69442146e+02  9.94553305e+00  9.69442146e+02 -2.39535069e-01 
 9.80669264e+02  9.94553103e+00  9.80669264e+02 -2.42979055e-01 
 9.92026404e+02  9.94552897e+00  9.92026404e+02 -2.46455255e-01 
 1.00351507e+03  9.94552685e+00  1.00351507e+03 -2.49964128e-01 
 1.01513679e+03  9.94552469e+00  1.01513679e+03 -2.53506141e-01 
 1.02689310e+03  9.94552247e+00  1.02689310e+03 -2.57081763e-01 
 1.03878555e+03  9.94552020e+00  1.03878555e+03 -2.60691467e-01 
 1.05081574e+03  9.94551788e+00  1.05081574e+03 -2.64335733e-01 
 1.06298524e+03  9.94551550e+00  1.06298524e+03 -2.68015043e-01 
 1.07529569e+03  9.94551307e+00  1.07529569e+03 -2.71729885e-01 
 1.08774869e+03  9.94551058e+00  1.08774869e+03 -2.75480751e-01 
 1.10034592e+03  9.94550803e+00  1.10034592e+03 -2.79268139e-01 
 1.11308904e+03  9.94550542e+00  1.11308904e+03 -2.83092552e-01 
 1.12597973e+03  9.94550275e+00  1.12597973e+03 -2.86954494e-01 
 1.13901971e+03  9.94550001e+00  1.13901971e+03 -2.90854480e-01 
 1.15221071e+03  9.94549721e+00  1.15221071e+03 -2.94793025e-01 
 1.16555447e+03  9.94549434e+00  1.16555447e+03 -2.98770652e-01 
 1.17905277e+03  9.94549141e+00  1.17905277e+03 -3.02787888e-01 
 1.19270739e+03  9.94548841e+00  1.19270739e+03 -3.06845266e-01 
 1.20652015e+03  9.94548533e+00  1.20652015e+03 -3.10943323e-01 
 1.22049287e+03  9.94548219e+00  1.22049287e+03 -3.15082602e-01 
 1.23462740e+03  9.94547897e+00  1.23462740e+03 -3.19263653e-01 
 1.24892564e+03  9.94547567e+00  1.24892564e+03 -3.23487029e-01 
 1.26338945e+03  9.94547230e+00  1.26338945e+03 -3.27753290e-01 
 1.27802078e+03  9.94546884e+00  1.27802078e+03 -3.32063002e-01 
 1.29282155e+03  9.94546531e+00  1.29282155e+03 -3.36416736e-01 
 1.30779373e+03  9.94546169e+00  1.30779373e+03 -3.40815069e-01 
 1.32293930e+03  9.94545799e+00  1.32293930e+03 -3.45258584e-01 
 1.33826027e+03  9.94545420e+00  1.33826027e+03 -3.49747870e-01 
 1.35375867e+03  9.94545032e+00  1.35375867e+03 -3.54283523e-01 
 1.36943656e+03  9.94544636e+00  1.36943656e+03 -3.58866142e-01 
 1.38529602e+03  9.94544229e+00  1.38529602e+03 -3.63496336e-01 
 1.40133915e+03  9.94543814e+00  1.40133915e+03 -3.68174719e-01 
 1.41756807e+03  9.94543388e+00  1.41756807e+03 -3.72901910e-01 
 1.43398494e+03  9.94542953e+00  1.43398494e+03 -3.77678536e-01 
 1.45059193e+03  9.94542507e+00  1.45059193e+03 -3.82505230e-01 
 1.46739125e+03  9.94542051e+00  1.46739125e+03 -3.87382632e-01 
 1.48438512e+03  9.94541585e+00  1.48438512e+03 -3.92311389e-01 
 1.50157580e+03  9.94541107e+00  1.50157580e+03 -3.97292153e-01 
 1.51896556e+03  9.94540618e+00  1.51896556e+03 -4.02325584e-01 
 1.53655671e+03  9.94540118e+00  1.53655671e+03 -4.07412350e-01 
 1.55435159e+03  9.94539606e+00  1.55435159e+03 -4.12553125e-01 
 1.57235255e+03  9.94539082e+00  1.57235255e+03 -4.17748591e-01 
 1.59056198e+03  9.94538546e+00  1.59056198e+03 -4.22999435e-01 
 1.60898229e+03  9.94537997e+00  1.60898229e+03 -4.28306354e-01 
 1.62761593e+03  9.94537436e+00  1.62761593e+03 -4.33670051e-01 
 1.64646536e+03  9.94536861e+00  1.64646536e+03 -4.39091237e-01 
 1.66553309e+03  9.94536273e+00  1.66553309e+03 -4.44570630e-01 
 1.68482165e+03  9.94535671e+00  1.68482165e+03 -4.50108956e-01 
 1.70433358e+03  9.94535055e+00  1.70433358e+03 -4.55706950e-01 
 1.72407148e+03  9.94534425e+00  1.72407148e+03 -4.61365354e-01 
 1.74403797e+03  9.94533780e+00  1.74403797e+03 -4.67084916e-01 
 1.76423569e+03  9.94533120e+00  1.76423569e+03 -4.72866396e-01 
 1.78466732e+03  9.94532444e+00  1.78466732e+03 -4.78710558e-01 
 1.80533557e+03  9.94531753e+00  1.80533557e+03 -4.84618179e-01 
 1.82624317e+03  9.94531046e+00  1.82624317e+03 -4.90590040e-01 
 1.84739291e+03  9.94530322e+00  1.84739291e+03 -4.96626932e-01 
 1.86878759e+03  9.94529581e+00  1.86878759e+03 -5.02729657e-01 
 1.89043003e+03  9.94528823e+00  1.89043003e+03 -5.08899022e-01 
 1.91232312e+03  9.94528047e+00  1.91232312e+03 -5.15135845e-01 
 1.93446975e+03  9.94527254e+00  1.93446975e+03 -5.21440952e-01 
 1.95687286e+03  9.94526441e+00  1.95687286e+03 -5.27815179e-01 
 1.97953542e+03  9.94525610e+00  1.97953542e+03 -5.34259371e-01 
 2.00246044e+03  9.94524759e+00  2.00246044e+03 -5.40774381e-01 
 2.02565095e+03  9.94523889e+00  2.02565095e+03 -5.47361072e-01 
 2.04911003e+03  9.94522998e+00  2.04911003e+03 -5.54020318e-01 
 2.07284080e+03  9.94522086e+00  2.07284080e+03 -5.60752999e-01 
 2.09684638e+03  9.94521153e+00  2.09684638e+03 -5.67560010e-01 
 2.12112998e+03  9.94520198e+00  2.12112998e+03 -5.74442251e-01 
 2.14569480e+03  9.94519221e+00  2.14569480e+03 -5.81400634e-01 
 2.17054412e+03  9.94518222e+00  2.17054412e+03 -5.88436080e-01 
 2.19568121e+03  9.94517199e+00  2.19568121e+03 -5.95549524e-01 
 2.22110941e+03  9.94516152e+00  2.22110941e+03 -6.02741905e-01 
 2.24683210e+03  9.94515081e+00  2.24683210e+03 -6.10014178e-01 
 2.27285268e+03  9.94513984e+00  2.27285268e+03 -6.17367305e-01 
 2.29917461e+03  9.94512862e+00  2.29917461e+03 -6.24802262e-01 
 2.32580137e+03  9.94511715e+00  2.32580137e+03 -6.32320031e-01 
 2.35273649e+03  9.94510540e+00  2.35273649e+03 -6.39921611e-01 
 2.37998356e+03  9.94509338e+00  2.37998356e+03 -6.47608007e-01 
 2.40754617e+03  9.94508107e+00  2.40754617e+03 -6.55380237e-01 
 2.43542798e+03  9.94506849e+00  2.43542798e+03 -6.63239332e-01 
 2.46363269e+03  9.94505561e+00  2.46363269e+03 -6.71186331e-01 
 2.49216405e+03  9.94504242e+00  2.49216405e+03 -6.79222288e-01 
 2.52102582e+03  9.94502893e+00  2.52102582e+03 -6.87348267e-01 
 2.55022184e+03  9.94501513e+00  2.55022184e+03 -6.95565345e-01 
 2.57975598e+03  9.94500101e+00  2.57975598e+03 -7.03874609e-01 
 2.60963216e+03  9.94498655e+00  2.60963216e+03 -7.12277160e-01 
 2.63985434e+03  9.94497176e+00  2.63985434e+03 -7.20774110e-01 
 2.67042651e+03  9.94495662e+00  2.67042651e+03 -7.29366586e-01 
 2.70135274e+03  9.94494114e+00  2.70135274e+03 -7.38055724e-01 
 2.73263713e+03  9.94492529e+00  2.73263713e+03 -7.46842676e-01 
 2.76428383e+03  9.94490907e+00  2.76428383e+03 -7.55728606e-01 
 2.79629703e+03  9.94489247e+00  2.79629703e+03 -7.64714689e-01 
 2.82868097e+03  9.94487549e+00  2.82868097e+03 -7.73802115e-01 
 2.86143995e+03  9.94485811e+00  2.86143995e+03 -7.82992089e-01 
 2.89457831e+03  9.94484032e+00  2.89457831e+03 -7.92285826e-01 
 2.92810044e+03  9.94482213e+00  2.92810044e+03 -8.01684557e-01 
 2.96201080e+03  9.94480350e+00  2.96201080e+03 -8.11189527e-01 
 2.99631387e+03  9.94478445e+00  2.99631387e+03 -8.20801993e-01 
 3.03101421e+03  9.94476495e+00  3.03101421e+03 -8.30523230e-01 
 3.06611641e+03  9.94474499e+00  3.06611641e+03 -8.40354522e-01 
 3.10162514e+03  9.94472457e+00  3.10162514e+03 -8.50297172e-01 
 3.13754508e+03  9.94470368e+00  3.13754508e+03 -8.60352496e-01 
 3.17388102e+03  9.94468230e+00  3.17388102e+03 -8.70521826e-01 
 3.21063777e+03  9.94466042e+00  3.21063777e+03 -8.80806506e-01 
 3.24782019e+03  9.94463803e+00  3.24782019e+03 -8.91207898e-01 
 3.28543323e+03  9.94461511e+00  3.28543323e+03 -9.01727379e-01 
 3.32348186e+03  9.94459167e+00  3.32348186e+03 -9.12366341e-01 
 3.36197113e+03  9.94456768e+00  3.36197113e+03 -9.23126192e-01 
 3.40090615e+03  9.94454313e+00  3.40090615e+03 -9.34008356e-01 
 3.44029207e+03  9.94451801e+00  3.44029207e+03 -9.45014273e-01 
 3.48013412e+03  9.94449230e+00  3.48013412e+03 -9.56145400e-01 
 3.52043759e+03  9.94446599e+00  3.52043759e+03 -9.67403208e-01 
 3.56120781e+03  9.94443907e+00  3.56120781e+03 -9.78789188e-01 
 3.60245019e+03  9.94441153e+00  3.60245019e+03 -9.90304846e-01 
 3.64417019e+03  9.94438334e+00  3.64417019e+03 -1.00195171e+00 
 3.68637336e+03  9.94435450e+00  3.68637336e+03 -1.01373131e+00 
 3.72906528e+03  9.94432498e+00  3.72906528e+03 -1.02564521e+00 
 3.77225162e+03  9.94429478e+00  3.77225162e+03 -1.03769499e+00 
 3.81593810e+03  9.94426387e+00  3.81593810e+03 -1.04988224e+00 
 3.86013052e+03  9.94423225e+00  3.86013052e+03 -1.06220857e+00 
 3.90483472e+03  9.94419988e+00  3.90483472e+03 -1.07467561e+00 
 3.95005665e+03  9.94416677e+00  3.95005665e+03 -1.08728502e+00 
 3.99580229e+03  9.94413288e+00  3.99580229e+03 -1.10003845e+00 
 4.04207771e+03  9.94409820e+00  4.04207771e+03 -1.11293760e+00 
 4.08888905e+03  9.94406272e+00  4.08888905e+03 -1.12598417e+00 
 4.13624251e+03  9.94402640e+00  4.13624251e+03 -1.13917988e+00 
 4.18414437e+03  9.94398925e+00  4.18414437e+03 -1.15252649e+00 
 4.23260098e+03  9.94395122e+00  4.23260098e+03 -1.16602575e+00 
 4.28161877e+03  9.94391232e+00  4.28161877e+03 -1.17967945e+00 
 4.33120424e+03  9.94387250e+00  4.33120424e+03 -1.19348939e+00 
 4.38136395e+03  9.94383176e+00  4.38136395e+03 -1.20745740e+00 
 4.43210457e+03  9.94379007e+00  4.43210457e+03 -1.22158532e+00 
 4.48343281e+03  9.94374741e+00  4.48343281e+03 -1.23587503e+00 
 4.53535548e+03  9.94370376e+00  4.53535548e+03 -1.25032841e+00 
 4.58787948e+03  9.94365909e+00  4.58787948e+03 -1.26494737e+00 
 4.64101175e+03  9.94361338e+00  4.64101175e+03 -1.27973383e+00 
 4.69475935e+03  9.94356660e+00  4.69475935e+03 -1.29468977e+00 
 4.74912940e+03  9.94351874e+00  4.74912940e+03 -1.30981714e+00 
 4.80412911e+03  9.94346976e+00  4.80412911e+03 -1.32511795e+00 
 4.85976577e+03  9.94341964e+00  4.85976577e+03 -1.34059422e+00 
 4.91604676e+03  9.94336835e+00  4.91604676e+03 -1.35624799e+00 
 4.97297954e+03  9.94331587e+00  4.97297954e+03 -1.37208133e+00 
 5.03057166e+03  9.94326217e+00  5.03057166e+03 -1.38809634e+00 
 5.08883076e+03  9.94320721e+00  5.08883076e+03 -1.40429512e+00 
 5.14776455e+03  9.94315098e+00  5.14776455e+03 -1.42067981e+00 
 5.20738086e+03  9.94309344e+00  5.20738086e+03 -1.43725257e+00 
 5.26768758e+03  9.94303456e+00  5.26768758e+03 -1.45401561e+00 
 5.32869272e+03  9.94297431e+00  5.32869272e+03 -1.47097111e+00 
 5.39040436e+03  9.94291265e+00  5.39040436e+03 -1.48812133e+00 
 5.45283068e+03  9.94284956e+00  5.45283068e+03 -1.50546852e+00 
 5.51597996e+03  9.94278500e+00  5.51597996e+03 -1.52301498e+00 
 5.57986057e+03  9.94271894e+00  5.57986057e+03 -1.54076302e+00 
 5.64448099e+03  9.94265134e+00  5.64448099e+03 -1.55871498e+00 
 5.70984977e+03  9.94258216e+00  5.70984977e+03 -1.57687322e+00 
 5.77597559e+03  9.94251138e+00  5.77597559e+03 -1.59524015e+00 
 5.84286722e+03  9.94243895e+00  5.84286722e+03 -1.61381817e+00 
 5.91053351e+03  9.94236483e+00  5.91053351e+03 -1.63260975e+00 
 5.97898345e+03  9.94228899e+00  5.97898345e+03 -1.65161736e+00 
 6.04822611e+03  9.94221138e+00  6.04822611e+03 -1.67084350e+00 
 6.11827067e+03  9.94213196e+00  6.11827067e+03 -1.69029071e+00 
 6.18912642e+03  9.94205070e+00  6.18912642e+03 -1.70996155e+00 
 6.26080275e+03  9.94196754e+00  6.26080275e+03 -1.72985861e+00 
 6.33330916e+03  9.94188245e+00  6.33330916e+03 -1.74998452e+00 
 6.40665527e+03  9.94179538e+00  6.40665527e+03 -1.77034191e+00 
 6.48085080e+03  9.94170628e+00  6.48085080e+03 -1.79093348e+00 
 6.55590559e+03  9.94161511e+00  6.55590559e+03 -1.81176193e+00 
 6.63182959e+03  9.94152182e+00  6.63182959e+03 -1.83283000e+00 
 6.70863287e+03  9.94142635e+00  6.70863287e+03 -1.85414048e+00 
 6.78632561e+03  9.94132866e+00  6.78632561e+03 -1.87569615e+00 
 6.86491811e+03  9.94122870e+00  6.86491811e+03 -1.89749987e+00 
 6.94442078e+03  9.94112642e+00  6.94442078e+03 -1.91955449e+00 
 7.02484418e+03  9.94102175e+00  7.02484418e+03 -1.94186291e+00 
 7.10619897e+03  9.94091465e+00  7.10619897e+03 -1.96442808e+00 
 7.18849592e+03  9.94080505e+00  7.18849592e+03 -1.98725295e+00 
 7.27174595e+03  9.94069291e+00  7.27174595e+03 -2.01034053e+00 
 7.35596011e+03  9.94057816e+00  7.35596011e+03 -2.03369384e+00 
 7.44114955e+03  9.94046073e+00  7.44114955e+03 -2.05731597e+00 
 7.52732557e+03  9.94034058e+00  7.52732557e+03 -2.08121001e+00 
 7.61449959e+03  9.94021762e+00  7.61449959e+03 -2.10537910e+00 
 7.70268318e+03  9.94009181e+00  7.70268318e+03 -2.12982641e+00 
 7.79188802e+03  9.93996307e+00  7.79188802e+03 -2.15455515e+00 
 7.88212595e+03  9.93983134e+00  7.88212595e+03 -2.17956857e+00 
 7.97340892e+03  9.93969654e+00  7.97340892e+03 -2.20486994e+00 
 8.06574904e+03  9.93955860e+00  8.06574904e+03 -2.23046260e+00 
 8.15915855e+03  9.93941746e+00  8.15915855e+03 -2.25634989e+00 
 8.25364983e+03  9.93927303e+00  8.25364983e+03 -2.28253520e+00 
 8.34923543e+03  9.93912525e+00  8.34923543e+03 -2.30902198e+00 
 8.44592800e+03  9.93897403e+00  8.44592800e+03 -2.33581369e+00 
 8.54374036e+03  9.93881929e+00  8.54374036e+03 -2.36291384e+00 
 8.64268550e+03  9.93866095e+00  8.64268550e+03 -2.39032598e+00 
 8.74277651e+03  9.93849892e+00  8.74277651e+03 -2.41805369e+00 
 8.84402669e+03  9.93833313e+00  8.84402669e+03 -2.44610062e+00 
 8.94644944e+03  9.93816349e+00  8.94644944e+03 -2.47447042e+00 
 9.05005835e+03  9.93798990e+00  9.05005835e+03 -2.50316681e+00 
 9.15486716e+03  9.93781227e+00  9.15486716e+03 -2.53219355e+00 
 9.26088975e+03  9.93763052e+00  9.26088975e+03 -2.56155442e+00 
 9.36814020e+03  9.93744453e+00  9.36814020e+03 -2.59125326e+00 
 9.47663271e+03  9.93725423e+00  9.47663271e+03 -2.62129395e+00 
 9.58638168e+03  9.93705950e+00  9.58638168e+03 -2.65168042e+00 
 9.69740165e+03  9.93686024e+00  9.69740165e+03 -2.68241664e+00 
 9.80970735e+03  9.93665635e+00  9.80970735e+03 -2.71350660e+00 
 9.92331366e+03  9.93644772e+00  9.92331366e+03 -2.74495438e+00 
 1.00382356e+04  9.93623424e+00  1.00382356e+04 -2.77676406e+00 
 1.01544885e+04  9.93601580e+00  1.01544885e+04 -2.80893981e+00 
 1.02720878e+04  9.93579228e+00  1.02720878e+04 -2.84148580e+00 
 1.03910489e+04  9.93556357e+00  1.03910489e+04 -2.87440628e+00 
 1.05113877e+04  9.93532954e+00  1.05113877e+04 -2.90770553e+00 
 1.06331202e+04  9.93509008e+00  1.06331202e+04 -2.94138789e+00 
 1.07562625e+04  9.93484505e+00  1.07562625e+04 -2.97545774e+00 
 1.08808308e+04  9.93459432e+00  1.08808308e+04 -3.00991950e+00 
 1.10068418e+04  9.93433778e+00  1.10068418e+04 -3.04477767e+00 
 1.11343122e+04  9.93407527e+00  1.11343122e+04 -3.08003675e+00 
 1.12632587e+04  9.93380666e+00  1.12632587e+04 -3.11570134e+00 
 1.13936986e+04  9.93353181e+00  1.13936986e+04 -3.15177607e+00 
 1.15256492e+04  9.93325058e+00  1.15256492e+04 -3.18826560e+00 
 1.16591278e+04  9.93296282e+00  1.16591278e+04 -3.22517467e+00 
 1.17941523e+04  9.93266838e+00  1.17941523e+04 -3.26250807e+00 
 1.19307404e+04  9.93236709e+00  1.19307404e+04 -3.30027063e+00 
 1.20689105e+04  9.93205882e+00  1.20689105e+04 -3.33846723e+00 
 1.22086806e+04  9.93174338e+00  1.22086806e+04 -3.37710282e+00 
 1.23500695e+04  9.93142062e+00  1.23500695e+04 -3.41618239e+00 
 1.24930957e+04  9.93109036e+00  1.24930957e+04 -3.45571099e+00 
 1.26377784e+04  9.93075244e+00  1.26377784e+04 -3.49569373e+00 
 1.27841366e+04  9.93040668e+00  1.27841366e+04 -3.53613576e+00 
 1.29321898e+04  9.93005289e+00  1.29321898e+04 -3.57704230e+00 
 1.30819576e+04  9.92969089e+00  1.30819576e+04 -3.61841863e+00 
 1.32334599e+04  9.92932049e+00  1.32334599e+04 -3.66027007e+00 
 1.33867167e+04  9.92894150e+00  1.33867167e+04 -3.70260201e+00 
 1.35417484e+04  9.92855371e+00  1.35417484e+04 -3.74541990e+00 
 1.36985755e+04  9.92815693e+00  1.36985755e+04 -3.78872923e+00 
 1.38572188e+04  9.92775094e+00  1.38572188e+04 -3.83253558e+00 
 1.40176994e+04  9.92733553e+00  1.40176994e+04 -3.87684455e+00 
 1.41800385e+04  9.92691049e+00  1.41800385e+04 -3.92166184e+00 
 1.43442576e+04  9.92647560e+00  1.43442576e+04 -3.96699319e+00 
 1.45103786e+04  9.92603062e+00  1.45103786e+04 -4.01284440e+00 
 1.46784234e+04  9.92557532e+00  1.46784234e+04 -4.05922134e+00 
 1.48484144e+04  9.92510947e+00  1.48484144e+04 -4.10612994e+00 
 1.50203740e+04  9.92463282e+00  1.50203740e+04 -4.15357618e+00 
 1.51943251e+04  9.92414512e+00  1.51943251e+04 -4.20156612e+00 
 1.53702907e+04  9.92364612e+00  1.53702907e+04 -4.25010589e+00 
 1.55482942e+04  9.92313556e+00  1.55482942e+04 -4.29920166e+00 
 1.57283591e+04  9.92261317e+00  1.57283591e+04 -4.34885968e+00 
 1.59105094e+04  9.92207868e+00  1.59105094e+04 -4.39908626e+00 
 1.60947691e+04  9.92153180e+00  1.60947691e+04 -4.44988778e+00 
 1.62811628e+04  9.92097227e+00  1.62811628e+04 -4.50127069e+00 
 1.64697151e+04  9.92039977e+00  1.64697151e+04 -4.55324151e+00 
 1.66604510e+04  9.91981402e+00  1.66604510e+04 -4.60580680e+00 
 1.68533958e+04  9.91921471e+00  1.68533958e+04 -4.65897322e+00 
 1.70485751e+04  9.91860153e+00  1.70485751e+04 -4.71274749e+00 
 1.72460148e+04  9.91797416e+00  1.72460148e+04 -4.76713639e+00 
 1.74457411e+04  9.91733227e+00  1.74457411e+04 -4.82214677e+00 
 1.76477804e+04  9.91667553e+00  1.76477804e+04 -4.87778557e+00 
 1.78521595e+04  9.91600360e+00  1.78521595e+04 -4.93405977e+00 
 1.80589055e+04  9.91531612e+00  1.80589055e+04 -4.99097645e+00 
 1.82680458e+04  9.91461275e+00  1.82680458e+04 -5.04854274e+00 
 1.84796082e+04  9.91389312e+00  1.84796082e+04 -5.10676585e+00 
 1.86936208e+04  9.91315685e+00  1.86936208e+04 -5.16565307e+00 
 1.89101117e+04  9.91240357e+00  1.89101117e+04 -5.22521175e+00 
 1.91291099e+04  9.91163288e+00  1.91291099e+04 -5.28544932e+00 
 1.93506443e+04  9.91084438e+00  1.93506443e+04 -5.34637329e+00 
 1.95747443e+04  9.91003767e+00  1.95747443e+04 -5.40799123e+00 
 1.98014396e+04  9.90921233e+00  1.98014396e+04 -5.47031079e+00 
 2.00307602e+04  9.90836793e+00  2.00307602e+04 -5.53333970e+00 
 2.02627366e+04  9.90750404e+00  2.02627366e+04 -5.59708577e+00 
 2.04973996e+04  9.90662021e+00  2.04973996e+04 -5.66155687e+00 
 2.07347801e+04  9.90571599e+00  2.07347801e+04 -5.72676096e+00 
 2.09749098e+04  9.90479090e+00  2.09749098e+04 -5.79270606e+00 
 2.12178204e+04  9.90384448e+00  2.12178204e+04 -5.85940030e+00 
 2.14635442e+04  9.90287623e+00  2.14635442e+04 -5.92685185e+00 
 2.17121137e+04  9.90188566e+00  2.17121137e+04 -5.99506897e+00 
 2.19635619e+04  9.90087226e+00  2.19635619e+04 -6.06406002e+00 
 2.22179221e+04  9.89983551e+00  2.22179221e+04 -6.13383342e+00 
 2.24752280e+04  9.89877488e+00  2.24752280e+04 -6.20439765e+00 
 2.27355138e+04  9.89768981e+00  2.27355138e+04 -6.27576130e+00 
 2.29988140e+04  9.89657977e+00  2.29988140e+04 -6.34793304e+00 
 2.32651635e+04  9.89544417e+00  2.32651635e+04 -6.42092159e+00 
 2.35345976e+04  9.89428244e+00  2.35345976e+04 -6.49473577e+00 
 2.38071520e+04  9.89309398e+00  2.38071520e+04 -6.56938448e+00 
 2.40828628e+04  9.89187819e+00  2.40828628e+04 -6.64487670e+00 
 2.43617666e+04  9.89063445e+00  2.43617666e+04 -6.72122148e+00 
 2.46439005e+04  9.88936211e+00  2.46439005e+04 -6.79842797e+00 
 2.49293017e+04  9.88806054e+00  2.49293017e+04 -6.87650538e+00 
 2.52180082e+04  9.88672908e+00  2.52180082e+04 -6.95546301e+00 
 2.55100581e+04  9.88536703e+00  2.55100581e+04 -7.03531024e+00 
 2.58054904e+04  9.88397373e+00  2.58054904e+04 -7.11605653e+00 
 2.61043440e+04  9.88254844e+00  2.61043440e+04 -7.19771143e+00 
 2.64066586e+04  9.88109047e+00  2.64066586e+04 -7.28028455e+00 
 2.67124744e+04  9.87959905e+00  2.67124744e+04 -7.36378560e+00 
 2.70218318e+04  9.87807345e+00  2.70218318e+04 -7.44822436e+00 
 2.73347718e+04  9.87651289e+00  2.73347718e+04 -7.53361070e+00 
 2.76513361e+04  9.87491659e+00  2.76513361e+04 -7.61995456e+00 
 2.79715664e+04  9.87328373e+00  2.79715664e+04 -7.70726597e+00 
 2.82955054e+04  9.87161350e+00  2.82955054e+04 -7.79555503e+00 
 2.86231959e+04  9.86990506e+00  2.86231959e+04 -7.88483192e+00 
 2.89546814e+04  9.86815755e+00  2.89546814e+04 -7.97510691e+00 
 2.92900058e+04  9.86637009e+00  2.92900058e+04 -8.06639034e+00 
 2.96292136e+04  9.86454178e+00  2.96292136e+04 -8.15869264e+00 
 2.99723498e+04  9.86267173e+00  2.99723498e+04 -8.25202429e+00 
 3.03194599e+04  9.86075898e+00  3.03194599e+04 -8.34639589e+00 
 3.06705898e+04  9.85880258e+00  3.06705898e+04 -8.44181808e+00 
 3.10257862e+04  9.85680156e+00  3.10257862e+04 -8.53830160e+00 
 3.13850961e+04  9.85475493e+00  3.13850961e+04 -8.63585724e+00 
 3.17485672e+04  9.85266167e+00  3.17485672e+04 -8.73449591e+00 
 3.21162476e+04  9.85052074e+00  3.21162476e+04 -8.83422855e+00 
 3.24881861e+04  9.84833108e+00  3.24881861e+04 -8.93506619e+00 
 3.28644321e+04  9.84609160e+00  3.28644321e+04 -9.03701994e+00 
 3.32450354e+04  9.84380121e+00  3.32450354e+04 -9.14010097e+00 
 3.36300464e+04  9.84145878e+00  3.36300464e+04 -9.24432053e+00 
 3.40195163e+04  9.83906314e+00  3.40195163e+04 -9.34968994e+00 
 3.44134966e+04  9.83661313e+00  3.44134966e+04 -9.45622058e+00 
 3.48120396e+04  9.83410755e+00  3.48120396e+04 -9.56392392e+00 
 3.52151982e+04  9.83154516e+00  3.52151982e+04 -9.67281145e+00 
 3.56230257e+04  9.82892472e+00  3.56230257e+04 -9.78289478e+00 
 3.60355763e+04  9.82624495e+00  3.60355763e+04 -9.89418556e+00 
 3.64529046e+04  9.82350455e+00  3.64529046e+04 -1.00066955e+01 
 3.68750660e+04  9.82070219e+00  3.68750660e+04 -1.01204363e+01 
 3.73021165e+04  9.81783650e+00  3.73021165e+04 -1.02354199e+01 
 3.77341126e+04  9.81490611e+00  3.77341126e+04 -1.03516582e+01 
 3.81711117e+04  9.81190960e+00  3.81711117e+04 -1.04691630e+01 
 3.86131717e+04  9.80884552e+00  3.86131717e+04 -1.05879465e+01 
 3.90603512e+04  9.80571242e+00  3.90603512e+04 -1.07080205e+01 
 3.95127095e+04  9.80250877e+00  3.95127095e+04 -1.08293973e+01 
 3.99703065e+04  9.79923306e+00  3.99703065e+04 -1.09520890e+01 
 4.04332030e+04  9.79588373e+00  4.04332030e+04 -1.10761077e+01 
 4.09014603e+04  9.79245917e+00  4.09014603e+04 -1.12014658e+01 
 4.13751404e+04  9.78895776e+00  4.13751404e+04 -1.13281754e+01 
 4.18543063e+04  9.78537785e+00  4.18543063e+04 -1.14562489e+01 
 4.23390214e+04  9.78171775e+00  4.23390214e+04 -1.15856987e+01 
 4.28293500e+04  9.77797573e+00  4.28293500e+04 -1.17165371e+01 
 4.33253571e+04  9.77415003e+00  4.33253571e+04 -1.18487765e+01 
 4.38271084e+04  9.77023888e+00  4.38271084e+04 -1.19824293e+01 
 4.43346705e+04  9.76624043e+00  4.43346705e+04 -1.21175080e+01 
 4.48481108e+04  9.76215283e+00  4.48481108e+04 -1.22540252e+01 
 4.53674971e+04  9.75797419e+00  4.53674971e+04 -1.23919932e+01 
 4.58928985e+04  9.75370257e+00  4.58928985e+04 -1.25314246e+01 
 4.64243846e+04  9.74933600e+00  4.64243846e+04 -1.26723318e+01 
 4.69620258e+04  9.74487247e+00  4.69620258e+04 -1.28147275e+01 
 4.75058934e+04  9.74030994e+00  4.75058934e+04 -1.29586241e+01 
 4.80560596e+04  9.73564633e+00  4.80560596e+04 -1.31040341e+01 
 4.86125973e+04  9.73087952e+00  4.86125973e+04 -1.32509700e+01 
 4.91755802e+04  9.72600734e+00  4.91755802e+04 -1.33994444e+01 
 4.97450830e+04  9.72102759e+00  4.97450830e+04 -1.35494697e+01 
 5.03211813e+04  9.71593804e+00  5.03211813e+04 -1.37010583e+01 
 5.09039513e+04  9.71073641e+00  5.09039513e+04 -1.38542227e+01 
 5.14934704e+04  9.70542036e+00  5.14934704e+04 -1.40089753e+01 
 5.20898168e+04  9.69998754e+00  5.20898168e+04 -1.41653285e+01 
 5.26930694e+04  9.69443554e+00  5.26930694e+04 -1.43232944e+01 
 5.33033083e+04  9.68876192e+00  5.33033083e+04 -1.44828856e+01 
 5.39206144e+04  9.68296417e+00  5.39206144e+04 -1.46441140e+01 
 5.45450695e+04  9.67703977e+00  5.45450695e+04 -1.48069919e+01 
 5.51767564e+04  9.67098613e+00  5.51767564e+04 -1.49715315e+01 
 5.58157589e+04  9.66480064e+00  5.58157589e+04 -1.51377446e+01 
 5.64621617e+04  9.65848063e+00  5.64621617e+04 -1.53056432e+01 
 5.71160505e+04  9.65202338e+00  5.71160505e+04 -1.54752393e+01 
 5.77775120e+04  9.64542613e+00  5.77775120e+04 -1.56465445e+01 
 5.84466339e+04  9.63868609e+00  5.84466339e+04 -1.58195705e+01 
 5.91235049e+04  9.63180039e+00  5.91235049e+04 -1.59943289e+01 
 5.98082147e+04  9.62476616e+00  5.98082147e+04 -1.61708311e+01 
 6.05008542e+04  9.61758044e+00  6.05008542e+04 -1.63490884e+01 
 6.12015151e+04  9.61024025e+00  6.12015151e+04 -1.65291121e+01 
 6.19102904e+04  9.60274254e+00  6.19102904e+04 -1.67109131e+01 
 6.26272740e+04  9.59508424e+00  6.26272740e+04 -1.68945025e+01 
 6.33525610e+04  9.58726221e+00  6.33525610e+04 -1.70798909e+01 
 6.40862476e+04  9.57927328e+00  6.40862476e+04 -1.72670890e+01 
 6.48284310e+04  9.57111422e+00  6.48284310e+04 -1.74561071e+01 
 6.55792097e+04  9.56278175e+00  6.55792097e+04 -1.76469556e+01 
 6.63386831e+04  9.55427255e+00  6.63386831e+04 -1.78396445e+01 
 6.71069519e+04  9.54558325e+00  6.71069519e+04 -1.80341836e+01 
 6.78841182e+04  9.53671044e+00  6.78841182e+04 -1.82305826e+01 
 6.86702847e+04  9.52765064e+00  6.86702847e+04 -1.84288510e+01 
 6.94655559e+04  9.51840034e+00  6.94655559e+04 -1.86289979e+01 
 7.02700371e+04  9.50895597e+00  7.02700371e+04 -1.88310324e+01 
 7.10838351e+04  9.49931393e+00  7.10838351e+04 -1.90349631e+01 
 7.19070576e+04  9.48947056e+00  7.19070576e+04 -1.92407985e+01 
 7.27398139e+04  9.47942215e+00  7.27398139e+04 -1.94485469e+01 
 7.35822143e+04  9.46916495e+00  7.35822143e+04 -1.96582162e+01 
 7.44343706e+04  9.45869516e+00  7.44343706e+04 -1.98698139e+01 
 7.52963957e+04  9.44800893e+00  7.52963957e+04 -2.00833475e+01 
 7.61684039e+04  9.43710238e+00  7.61684039e+04 -2.02988240e+01 
 7.70505109e+04  9.42597155e+00  7.70505109e+04 -2.05162501e+01 
 7.79428335e+04  9.41461247e+00  7.79428335e+04 -2.07356321e+01 
 7.88454902e+04  9.40302112e+00  7.88454902e+04 -2.09569761e+01 
 7.97586005e+04  9.39119341e+00  7.97586005e+04 -2.11802877e+01 
 8.06822855e+04  9.37912523e+00  8.06822855e+04 -2.14055724e+01 
 8.16166678e+04  9.36681243e+00  8.16166678e+04 -2.16328349e+01 
 8.25618712e+04  9.35425081e+00  8.25618712e+04 -2.18620799e+01 
 8.35180209e+04  9.34143612e+00  8.35180209e+04 -2.20933114e+01 
 8.44852439e+04  9.32836408e+00  8.44852439e+04 -2.23265332e+01 
 8.54636682e+04  9.31503038e+00  8.54636682e+04 -2.25617486e+01 
 8.64534237e+04  9.30143065e+00  8.64534237e+04 -2.27989604e+01 
 8.74546416e+04  9.28756050e+00  8.74546416e+04 -2.30381711e+01 
 8.84674546e+04  9.27341551e+00  8.84674546e+04 -2.32793825e+01 
 8.94919970e+04  9.25899119e+00  8.94919970e+04 -2.35225962e+01 
 9.05284046e+04  9.24428306e+00  9.05284046e+04 -2.37678130e+01 
 9.15768148e+04  9.22928659e+00  9.15768148e+04 -2.40150336e+01 
 9.26373667e+04  9.21399721e+00  9.26373667e+04 -2.42642579e+01 
 9.37102009e+04  9.19841034e+00  9.37102009e+04 -2.45154852e+01 
 9.47954596e+04  9.18252135e+00  9.47954596e+04 -2.47687146e+01 
 9.58932866e+04  9.16632562e+00  9.58932866e+04 -2.50239444e+01 
 9.70038276e+04  9.14981846e+00  9.70038276e+04 -2.52811723e+01 
 9.81272298e+04  9.13299520e+00  9.81272298e+04 -2.55403957e+01 
 9.92636421e+04  9.11585112e+00  9.92636421e+04 -2.58016112e+01 
 1.00413215e+05  9.09838150e+00  1.00413215e+05 -2.60648149e+01 
 1.01576102e+05  9.08058161e+00  1.01576102e+05 -2.63300022e+01 
 1.02752455e+05  9.06244668e+00  1.02752455e+05 -2.65971680e+01 
 1.03942432e+05  9.04397195e+00  1.03942432e+05 -2.68663066e+01 
 1.05146191e+05  9.02515264e+00  1.05146191e+05 -2.71374115e+01 
 1.06363890e+05  9.00598398e+00  1.06363890e+05 -2.74104756e+01 
 1.07595691e+05  8.98646118e+00  1.07595691e+05 -2.76854915e+01 
 1.08841757e+05  8.96657944e+00  1.08841757e+05 -2.79624505e+01 
 1.10102255e+05  8.94633400e+00  1.10102255e+05 -2.82413439e+01 
 1.11377350e+05  8.92572005e+00  1.11377350e+05 -2.85221617e+01 
 1.12667212e+05  8.90473284e+00  1.12667212e+05 -2.88048938e+01 
 1.13972012e+05  8.88336758e+00  1.13972012e+05 -2.90895290e+01 
 1.15291923e+05  8.86161954e+00  1.15291923e+05 -2.93760556e+01 
 1.16627120e+05  8.83948398e+00  1.16627120e+05 -2.96644610e+01 
 1.17977779e+05  8.81695616e+00  1.17977779e+05 -2.99547322e+01 
 1.19344081e+05  8.79403141e+00  1.19344081e+05 -3.02468551e+01 
 1.20726206e+05  8.77070504e+00  1.20726206e+05 -3.05408153e+01 
 1.22124337e+05  8.74697242e+00  1.22124337e+05 -3.08365973e+01 
 1.23538660e+05  8.72282893e+00  1.23538660e+05 -3.11341852e+01 
 1.24969363e+05  8.69827000e+00  1.24969363e+05 -3.14335621e+01 
 1.26416634e+05  8.67329109e+00  1.26416634e+05 -3.17347105e+01 
 1.27880666e+05  8.64788770e+00  1.27880666e+05 -3.20376121e+01 
 1.29361653e+05  8.62205539e+00  1.29361653e+05 -3.23422479e+01 
 1.30859792e+05  8.59578976e+00  1.30859792e+05 -3.26485984e+01 
 1.32375280e+05  8.56908646e+00  1.32375280e+05 -3.29566428e+01 
 1.33908319e+05  8.54194121e+00  1.33908319e+05 -3.32663602e+01 
 1.35459113e+05  8.51434976e+00  1.35459113e+05 -3.35777286e+01 
 1.37027866e+05  8.48630797e+00  1.37027866e+05 -3.38907254e+01 
 1.38614787e+05  8.45781173e+00  1.38614787e+05 -3.42053271e+01 
 1.40220086e+05  8.42885702e+00  1.40220086e+05 -3.45215098e+01 
 1.41843976e+05  8.39943989e+00  1.41843976e+05 -3.48392486e+01 
 1.43486672e+05  8.36955647e+00  1.43486672e+05 -3.51585182e+01 
 1.45148393e+05  8.33920298e+00  1.45148393e+05 -3.54792922e+01 
 1.46829358e+05  8.30837572e+00  1.46829358e+05 -3.58015439e+01 
 1.48529790e+05  8.27707109e+00  1.48529790e+05 -3.61252457e+01 
 1.50249915e+05  8.24528556e+00  1.50249915e+05 -3.64503695e+01 
 1.51989960e+05  8.21301574e+00  1.51989960e+05 -3.67768863e+01 
 1.53750157e+05  8.18025831e+00  1.53750157e+05 -3.71047667e+01 
 1.55530739e+05  8.14701006e+00  1.55530739e+05 -3.74339805e+01 
 1.57331942e+05  8.11326790e+00  1.57331942e+05 -3.77644970e+01 
 1.59154005e+05  8.07902885e+00  1.59154005e+05 -3.80962850e+01 
 1.60997169e+05  8.04429006e+00  1.60997169e+05 -3.84293123e+01 
 1.62861678e+05  8.00904877e+00  1.62861678e+05 -3.87635467e+01 
 1.64747781e+05  7.97330238e+00  1.64747781e+05 -3.90989550e+01 
 1.66655726e+05  7.93704838e+00  1.66655726e+05 -3.94355037e+01 
 1.68585768e+05  7.90028443e+00  1.68585768e+05 -3.97731586e+01 
 1.70538161e+05  7.86300830e+00  1.70538161e+05 -4.01118853e+01 
 1.72513165e+05  7.82521791e+00  1.72513165e+05 -4.04516487e+01 
 1.74511042e+05  7.78691130e+00  1.74511042e+05 -4.07924133e+01 
 1.76532055e+05  7.74808668e+00  1.76532055e+05 -4.11341433e+01 
 1.78576475e+05  7.70874240e+00  1.78576475e+05 -4.14768023e+01 
 1.80644570e+05  7.66887694e+00  1.80644570e+05 -4.18203535e+01 
 1.82736617e+05  7.62848896e+00  1.82736617e+05 -4.21647601e+01 
 1.84852891e+05  7.58757727e+00  1.84852891e+05 -4.25099847e+01 
 1.86993674e+05  7.54614081e+00  1.86993674e+05 -4.28559895e+01 
 1.89159250e+05  7.50417872e+00  1.89159250e+05 -4.32027368e+01 
 1.91349905e+05  7.46169027e+00  1.91349905e+05 -4.35501882e+01 
 1.93565930e+05  7.41867490e+00  1.93565930e+05 -4.38983054e+01 
 1.95807618e+05  7.37513224e+00  1.95807618e+05 -4.42470499e+01 
 1.98075268e+05  7.33106206e+00  1.98075268e+05 -4.45963829e+01 
 2.00369179e+05  7.28646432e+00  2.00369179e+05 -4.49462656e+01 
 2.02689657e+05  7.24133912e+00  2.02689657e+05 -4.52966589e+01 
 2.05037007e+05  7.19568677e+00  2.05037007e+05 -4.56475240e+01 
 2.07411543e+05  7.14950773e+00  2.07411543e+05 -4.59988216e+01 
 2.09813578e+05  7.10280265e+00  2.09813578e+05 -4.63505129e+01 
 2.12243431e+05  7.05557234e+00  2.12243431e+05 -4.67025586e+01 
 2.14701424e+05  7.00781780e+00  2.14701424e+05 -4.70549199e+01 
 2.17187883e+05  6.95954019e+00  2.17187883e+05 -4.74075578e+01 
 2.19703138e+05  6.91074087e+00  2.19703138e+05 -4.77604335e+01 
 2.22247522e+05  6.86142136e+00  2.22247522e+05 -4.81135085e+01 
 2.24821372e+05  6.81158338e+00  2.24821372e+05 -4.84667443e+01 
 2.27425030e+05  6.76122879e+00  2.27425030e+05 -4.88201026e+01 
 2.30058842e+05  6.71035967e+00  2.30058842e+05 -4.91735456e+01 
 2.32723155e+05  6.65897824e+00  2.32723155e+05 -4.95270354e+01 
 2.35418324e+05  6.60708694e+00  2.35418324e+05 -4.98805347e+01 
 2.38144706e+05  6.55468834e+00  2.38144706e+05 -5.02340064e+01 
 2.40902662e+05  6.50178522e+00  2.40902662e+05 -5.05874138e+01 
 2.43692558e+05  6.44838053e+00  2.43692558e+05 -5.09407208e+01 
 2.46514763e+05  6.39447737e+00  2.46514763e+05 -5.12938913e+01 
 2.49369653e+05  6.34007904e+00  2.49369653e+05 -5.16468900e+01 
 2.52257605e+05  6.28518900e+00  2.52257605e+05 -5.19996821e+01 
 2.55179003e+05  6.22981089e+00  2.55179003e+05 -5.23522331e+01 
 2.58134233e+05  6.17394850e+00  2.58134233e+05 -5.27045092e+01 
 2.61123688e+05  6.11760581e+00  2.61123688e+05 -5.30564771e+01 
 2.64147764e+05  6.06078693e+00  2.64147764e+05 -5.34081043e+01 
 2.67206861e+05  6.00349618e+00  2.67206861e+05 -5.37593586e+01 
 2.70301386e+05  5.94573801e+00  2.70301386e+05 -5.41102087e+01 
 2.73431749e+05  5.88751704e+00  2.73431749e+05 -5.44606239e+01 
 2.76598365e+05  5.82883804e+00  2.76598365e+05 -5.48105742e+01 
 2.79801653e+05  5.76970594e+00  2.79801653e+05 -5.51600304e+01 
 2.83042038e+05  5.71012582e+00  2.83042038e+05 -5.55089640e+01 
 2.86319950e+05  5.65010292e+00  2.86319950e+05 -5.58573473e+01 
 2.89635824e+05  5.58964262e+00  2.89635824e+05 -5.62051533e+01 
 2.92990099e+05  5.52875043e+00  2.92990099e+05 -5.65523560e+01 
 2.96383220e+05  5.46743203e+00  2.96383220e+05 -5.68989302e+01 
 2.99815637e+05  5.40569323e+00  2.99815637e+05 -5.72448513e+01 
 3.03287805e+05  5.34353996e+00  3.03287805e+05 -5.75900959e+01 
 3.06800183e+05  5.28097832e+00  3.06800183e+05 -5.79346415e+01 
 3.10353239e+05  5.21801450e+00  3.10353239e+05 -5.82784663e+01 
 3.13947443e+05  5.15465486e+00  3.13947443e+05 -5.86215496e+01 
 3.17583271e+05  5.09090584e+00  3.17583271e+05 -5.89638716e+01 
 3.21261205e+05  5.02677405e+00  3.21261205e+05 -5.93054134e+01 
 3.24981734e+05  4.96226619e+00  3.24981734e+05 -5.96461572e+01 
 3.28745351e+05  4.89738909e+00  3.28745351e+05 -5.99860862e+01 
 3.32552554e+05  4.83214969e+00  3.32552554e+05 -6.03251845e+01 
 3.36403848e+05  4.76655503e+00  3.36403848e+05 -6.06634374e+01 
 3.40299744e+05  4.70061229e+00  3.40299744e+05 -6.10008310e+01 
 3.44240758e+05  4.63432872e+00  3.44240758e+05 -6.13373526e+01 
 3.48227413e+05  4.56771170e+00  3.48227413e+05 -6.16729905e+01 
 3.52260238e+05  4.50076869e+00  3.52260238e+05 -6.20077343e+01 
 3.56339767e+05  4.43350727e+00  3.56339767e+05 -6.23415742e+01 
 3.60466541e+05  4.36593509e+00  3.60466541e+05 -6.26745020e+01 
 3.64641107e+05  4.29805990e+00  3.64641107e+05 -6.30065103e+01 
 3.68864019e+05  4.22988955e+00  3.68864019e+05 -6.33375928e+01 
 3.73135837e+05  4.16143197e+00  3.73135837e+05 -6.36677445e+01 
 3.77457126e+05  4.09269516e+00  3.77457126e+05 -6.39969614e+01 
 3.81828460e+05  4.02368722e+00  3.81828460e+05 -6.43252405e+01 
 3.86250419e+05  3.95441632e+00  3.86250419e+05 -6.46525802e+01 
 3.90723589e+05  3.88489070e+00  3.90723589e+05 -6.49789799e+01 
 3.95248562e+05  3.81511869e+00  3.95248562e+05 -6.53044401e+01 
 3.99825939e+05  3.74510868e+00  3.99825939e+05 -6.56289625e+01 
 4.04456327e+05  3.67486912e+00  4.04456327e+05 -6.59525500e+01 
 4.09140339e+05  3.60440855e+00  4.09140339e+05 -6.62752066e+01 
 4.13878597e+05  3.53373555e+00  4.13878597e+05 -6.65969375e+01 
 4.18671729e+05  3.46285877e+00  4.18671729e+05 -6.69177490e+01 
 4.23520370e+05  3.39178693e+00  4.23520370e+05 -6.72376486e+01 
 4.28425163e+05  3.32052879e+00  4.28425163e+05 -6.75566450e+01 
 4.33386759e+05  3.24909318e+00  4.33386759e+05 -6.78747482e+01 
 4.38405814e+05  3.17748897e+00  4.38405814e+05 -6.81919690e+01 
 4.43482996e+05  3.10572510e+00  4.43482996e+05 -6.85083197e+01 
 4.48618977e+05  3.03381054e+00  4.48618977e+05 -6.88238138e+01 
 4.53814437e+05  2.96175433e+00  4.53814437e+05 -6.91384659e+01 
 4.59070066e+05  2.88956552e+00  4.59070066e+05 -6.94522917e+01 
 4.64386560e+05  2.81725324e+00  4.64386560e+05 -6.97653082e+01 
 4.69764625e+05  2.74482665e+00  4.69764625e+05 -7.00775337e+01 
 4.75204974e+05  2.67229495e+00  4.75204974e+05 -7.03889874e+01 
 4.80708327e+05  2.59966738e+00  4.80708327e+05 -7.06996899e+01 
 4.86275414e+05  2.52695321e+00  4.86275414e+05 -7.10096632e+01 
 4.91906974e+05  2.45416176e+00  4.91906974e+05 -7.13189300e+01 
 4.97603753e+05  2.38130238e+00  4.97603753e+05 -7.16275147e+01 
 5.03366507e+05  2.30838444e+00  5.03366507e+05 -7.19354427e+01 
 5.09195999e+05  2.23541736e+00  5.09195999e+05 -7.22427406e+01 
 5.15093002e+05  2.16241059e+00  5.15093002e+05 -7.25494363e+01 
 5.21058299e+05  2.08937359e+00  5.21058299e+05 -7.28555588e+01 
 5.27092679e+05  2.01631587e+00  5.27092679e+05 -7.31611385e+01 
 5.33196944e+05  1.94324695e+00  5.33196944e+05 -7.34662069e+01 
 5.39371903e+05  1.87017638e+00  5.39371903e+05 -7.37707968e+01 
 5.45618374e+05  1.79711374e+00  5.45618374e+05 -7.40749422e+01 
 5.51937185e+05  1.72406863e+00  5.51937185e+05 -7.43786784e+01 
 5.58329174e+05  1.65105066e+00  5.58329174e+05 -7.46820418e+01 
 5.64795189e+05  1.57806948e+00  5.64795189e+05 -7.49850704e+01 
 5.71336088e+05  1.50513474e+00  5.71336088e+05 -7.52878031e+01 
 5.77952736e+05  1.43225612e+00  5.77952736e+05 -7.55902801e+01 
 5.84646012e+05  1.35944330e+00  5.84646012e+05 -7.58925432e+01 
 5.91416802e+05  1.28670599e+00  5.91416802e+05 -7.61946351e+01 
 5.98266006e+05  1.21405391e+00  5.98266006e+05 -7.64966000e+01 
 6.05194529e+05  1.14149680e+00  6.05194529e+05 -7.67984833e+01 
 6.12203293e+05  1.06904438e+00  6.12203293e+05 -7.71003317e+01 
 6.19293224e+05  9.96706411e-01  6.19293224e+05 -7.74021933e+01 
 6.26465265e+05  9.24492652e-01  6.26465265e+05 -7.77041174e+01 
 6.33720365e+05  8.52412864e-01  6.33720365e+05 -7.80061548e+01 
 6.41059486e+05  7.80476815e-01  6.41059486e+05 -7.83083573e+01 
 6.48483601e+05  7.08694276e-01  6.48483601e+05 -7.86107783e+01 
 6.55993696e+05  6.37075020e-01  6.55993696e+05 -7.89134725e+01 
 6.63590765e+05  5.65628819e-01  6.63590765e+05 -7.92164960e+01 
 6.71275815e+05  4.94365441e-01  6.71275815e+05 -7.95199061e+01 
 6.79049866e+05  4.23294653e-01  6.79049866e+05 -7.98237616e+01 
 6.86913949e+05  3.52426215e-01  6.86913949e+05 -8.01281226e+01 
 6.94869105e+05  2.81769878e-01  6.94869105e+05 -8.04330507e+01 
 7.02916391e+05  2.11335383e-01  7.02916391e+05 -8.07386088e+01 
 7.11056872e+05  1.41132461e-01  7.11056872e+05 -8.10448613e+01 
 7.19291628e+05  7.11708266e-02  7.19291628e+05 -8.13518739e+01 
 7.27621750e+05  1.46017826e-03  7.27621750e+05 -8.16597137e+01 
 7.36048344e+05 -6.79898044e-02  7.36048344e+05 -8.19684495e+01 
 7.44572527e+05 -1.37169464e-01  7.44572527e+05 -8.22781512e+01 
 7.53195428e+05 -2.06069166e-01  7.53195428e+05 -8.25888905e+01 
 7.61918191e+05 -2.74679305e-01  7.61918191e+05 -8.29007403e+01 
 7.70741972e+05 -3.42990305e-01  7.70741972e+05 -8.32137750e+01 
 7.79667942e+05 -4.10992620e-01  7.79667942e+05 -8.35280707e+01 
 7.88697283e+05 -4.78676742e-01  7.88697283e+05 -8.38437047e+01 
 7.97831193e+05 -5.46033204e-01  7.97831193e+05 -8.41607562e+01 
 8.07070883e+05 -6.13052577e-01  8.07070883e+05 -8.44793054e+01 
 8.16417578e+05 -6.79725482e-01  8.16417578e+05 -8.47994344e+01 
 8.25872518e+05 -7.46042586e-01  8.25872518e+05 -8.51212268e+01 
 8.35436955e+05 -8.11994611e-01  8.35436955e+05 -8.54447677e+01 
 8.45112157e+05 -8.77572335e-01  8.45112157e+05 -8.57701436e+01 
 8.54899409e+05 -9.42766597e-01  8.54899409e+05 -8.60974428e+01 
 8.64800006e+05 -1.00756830e+00  8.64800006e+05 -8.64267550e+01 
 8.74815263e+05 -1.07196842e+00  8.74815263e+05 -8.67581715e+01 
 8.84946506e+05 -1.13595801e+00  8.84946506e+05 -8.70917854e+01 
 8.95195080e+05 -1.19952818e+00  8.95195080e+05 -8.74276911e+01 
 9.05562342e+05 -1.26267016e+00  9.05562342e+05 -8.77659848e+01 
 9.16049667e+05 -1.32537523e+00  9.16049667e+05 -8.81067642e+01 
 9.26658447e+05 -1.38763478e+00  9.26658447e+05 -8.84501286e+01 
 9.37390086e+05 -1.44944031e+00  9.37390086e+05 -8.87961791e+01 
 9.48246009e+05 -1.51078340e+00  9.48246009e+05 -8.91450182e+01 
 9.59227655e+05 -1.57165576e+00  9.59227655e+05 -8.94967503e+01 
 9.70336479e+05 -1.63204921e+00  9.70336479e+05 -8.98514811e+01 
 9.81573954e+05 -1.69195568e+00  9.81573954e+05 -9.02093182e+01 
 9.92941571e+05 -1.75136723e+00  9.92941571e+05 -9.05703708e+01 
 1.00444084e+06 -1.81027607e+00  1.00444084e+06 -9.09347497e+01 
 1.01607327e+06 -1.86867454e+00  1.01607327e+06 -9.13025675e+01 
 1.02784043e+06 -1.92655511e+00  1.02784043e+06 -9.16739382e+01 
 1.03974386e+06 -1.98391044e+00  1.03974386e+06 -9.20489776e+01 
 1.05178514e+06 -2.04073332e+00  1.05178514e+06 -9.24278033e+01 
 1.06396587e+06 -2.09701672e+00  1.06396587e+06 -9.28105343e+01 
 1.07628767e+06 -2.15275379e+00  1.07628767e+06 -9.31972915e+01 
 1.08875217e+06 -2.20793786e+00  1.08875217e+06 -9.35881974e+01 
 1.10136102e+06 -2.26256244e+00  1.10136102e+06 -9.39833759e+01 
 1.11411589e+06 -2.31662127e+00  1.11411589e+06 -9.43829530e+01 
 1.12701847e+06 -2.37010826e+00  1.12701847e+06 -9.47870560e+01 
 1.14007049e+06 -2.42301758e+00  1.14007049e+06 -9.51958141e+01 
 1.15327365e+06 -2.47534360e+00  1.15327365e+06 -9.56093580e+01 
 1.16662972e+06 -2.52708092e+00  1.16662972e+06 -9.60278201e+01 
 1.18014047e+06 -2.57822442e+00  1.18014047e+06 -9.64513345e+01 
 1.19380769e+06 -2.62876919e+00  1.19380769e+06 -9.68800367e+01 
 1.20763319e+06 -2.67871063e+00  1.20763319e+06 -9.73140642e+01 
 1.22161880e+06 -2.72804439e+00  1.22161880e+06 -9.77535558e+01 
 1.23576638e+06 -2.77676642e+00  1.23576638e+06 -9.81986521e+01 
 1.25007780e+06 -2.82487296e+00  1.25007780e+06 -9.86494953e+01 
 1.26455496e+06 -2.87236056e+00  1.26455496e+06 -9.91062290e+01 
 1.27919978e+06 -2.91922612e+00  1.27919978e+06 -9.95689985e+01 
 1.29401421e+06 -2.96546683e+00  1.29401421e+06 -1.00037951e+02 
 1.30900020e+06 -3.01108028e+00  1.30900020e+06 -1.00513234e+02 
 1.32415974e+06 -3.05606437e+00  1.32415974e+06 -1.00994999e+02 
 1.33949485e+06 -3.10041741e+00  1.33949485e+06 -1.01483397e+02 
 1.35500755e+06 -3.14413809e+00  1.35500755e+06 -1.01978580e+02 
 1.37069990e+06 -3.18722551e+00  1.37069990e+06 -1.02480704e+02 
 1.38657399e+06 -3.22967918e+00  1.38657399e+06 -1.02989923e+02 
 1.40263192e+06 -3.27149904e+00  1.40263192e+06 -1.03506397e+02 
 1.41887581e+06 -3.31268551e+00  1.41887581e+06 -1.04030283e+02 
 1.43530782e+06 -3.35323945e+00  1.43530782e+06 -1.04561742e+02 
 1.45193013e+06 -3.39316221e+00  1.45193013e+06 -1.05100936e+02 
 1.46874495e+06 -3.43245566e+00  1.46874495e+06 -1.05648027e+02 
 1.48575450e+06 -3.47112219e+00  1.48575450e+06 -1.06203180e+02 
 1.50296103e+06 -3.50916472e+00  1.50296103e+06 -1.06766560e+02 
 1.52036684e+06 -3.54658674e+00  1.52036684e+06 -1.07338335e+02 
 1.53797422e+06 -3.58339232e+00  1.53797422e+06 -1.07918672e+02 
 1.55578551e+06 -3.61958616e+00  1.55578551e+06 -1.08507741e+02 
 1.57380308e+06 -3.65517355e+00  1.57380308e+06 -1.09105712e+02 
 1.59202931e+06 -3.69016046e+00  1.59202931e+06 -1.09712757e+02 
 1.61046661e+06 -3.72455353e+00  1.61046661e+06 -1.10329047e+02 
 1.62911744e+06 -3.75836010e+00  1.62911744e+06 -1.10954757e+02 
 1.64798426e+06 -3.79158824e+00  1.64798426e+06 -1.11590060e+02 
 1.66706959e+06 -3.82424677e+00  1.66706959e+06 -1.12235132e+02 
 1.68637593e+06 -3.85634529e+00  1.68637593e+06 -1.12890149e+02 
 1.70590587e+06 -3.88789423e+00  1.70590587e+06 -1.13555288e+02 
 1.72566198e+06 -3.91890484e+00  1.72566198e+06 -1.14230724e+02 
 1.74564689e+06 -3.94938927e+00  1.74564689e+06 -1.14916637e+02 
 1.76586324e+06 -3.97936055e+00  1.76586324e+06 -1.15613204e+02 
 1.78631372e+06 -4.00883266e+00  1.78631372e+06 -1.16320604e+02 
 1.80700103e+06 -4.03782056e+00  1.80700103e+06 -1.17039014e+02 
 1.82792793e+06 -4.06634021e+00  1.82792793e+06 -1.17768615e+02 
 1.84909717e+06 -4.09440861e+00  1.84909717e+06 -1.18509583e+02 
 1.87051159e+06 -4.12204387e+00  1.87051159e+06 -1.19262097e+02 
 1.89217400e+06 -4.14926518e+00  1.89217400e+06 -1.20026334e+02 
 1.91408728e+06 -4.17609293e+00  1.91408728e+06 -1.20802472e+02 
 1.93625434e+06 -4.20254870e+00  1.93625434e+06 -1.21590688e+02 
 1.95867812e+06 -4.22865530e+00  1.95867812e+06 -1.22391154e+02 
 1.98136159e+06 -4.25443684e+00  1.98136159e+06 -1.23204047e+02 
 2.00430776e+06 -4.27991875e+00  2.00430776e+06 -1.24029537e+02 
 2.02751966e+06 -4.30512784e+00  2.02751966e+06 -1.24867796e+02 
 2.05100039e+06 -4.33009233e+00  2.05100039e+06 -1.25718991e+02 
 2.07475304e+06 -4.35484191e+00  2.07475304e+06 -1.26583288e+02 
 2.09878077e+06 -4.37940777e+00  2.09878077e+06 -1.27460851e+02 
 2.12308677e+06 -4.40382263e+00  2.12308677e+06 -1.28351839e+02 
 2.14767426e+06 -4.42812084e+00  2.14767426e+06 -1.29256407e+02 
 2.17254649e+06 -4.45233836e+00  2.17254649e+06 -1.30174709e+02 
 2.19770677e+06 -4.47651284e+00  2.19770677e+06 -1.31106892e+02 
 2.22315843e+06 -4.50068364e+00  2.22315843e+06 -1.32053098e+02 
 2.24890485e+06 -4.52489191e+00  2.24890485e+06 -1.33013464e+02 
 2.27494944e+06 -4.54918057e+00  2.27494944e+06 -1.33988122e+02 
 2.30129565e+06 -4.57359438e+00  2.30129565e+06 -1.34977194e+02 
 2.32794697e+06 -4.59817997e+00  2.32794697e+06 -1.35980798e+02 
 2.35490695e+06 -4.62298587e+00  2.35490695e+06 -1.36999042e+02 
 2.38217915e+06 -4.64806252e+00  2.38217915e+06 -1.38032026e+02 
 2.40976718e+06 -4.67346231e+00  2.40976718e+06 -1.39079839e+02 
 2.43767472e+06 -4.69923955e+00  2.43767472e+06 -1.40142561e+02 
 2.46590545e+06 -4.72545056e+00  2.46590545e+06 -1.41220259e+02 
 2.49446313e+06 -4.75215357e+00  2.49446313e+06 -1.42312990e+02 
 2.52335153e+06 -4.77940878e+00  2.52335153e+06 -1.43420796e+02 
 2.55257448e+06 -4.80727833e+00  2.55257448e+06 -1.44543704e+02 
 2.58213587e+06 -4.83582626e+00  2.58213587e+06 -1.45681727e+02 
 2.61203961e+06 -4.86511844e+00  2.61203961e+06 -1.46834863e+02 
 2.64228966e+06 -4.89522260e+00  2.64228966e+06 -1.48003088e+02 
 2.67289004e+06 -4.92620819e+00  2.67289004e+06 -1.49186365e+02 
 2.70384481e+06 -4.95814631e+00  2.70384481e+06 -1.50384631e+02 
 2.73515806e+06 -4.99110966e+00  2.73515806e+06 -1.51597808e+02 
 2.76683395e+06 -5.02517237e+00  2.76683395e+06 -1.52825791e+02 
 2.79887667e+06 -5.06040991e+00  2.79887667e+06 -1.54068454e+02 
 2.83129049e+06 -5.09689890e+00  2.83129049e+06 -1.55325646e+02 
 2.86407969e+06 -5.13471698e+00  2.86407969e+06 -1.56597189e+02 
 2.89724862e+06 -5.17394259e+00  2.89724862e+06 -1.57882879e+02 
 2.93080168e+06 -5.21465478e+00  2.93080168e+06 -1.59182485e+02 
 2.96474332e+06 -5.25693294e+00  2.96474332e+06 -1.60495745e+02 
 2.99907804e+06 -5.30085659e+00  2.99907804e+06 -1.61822367e+02 
 3.03381039e+06 -5.34650507e+00  3.03381039e+06 -1.63162030e+02 
 3.06894498e+06 -5.39395722e+00  3.06894498e+06 -1.64514378e+02 
 3.10448646e+06 -5.44329112e+00  3.10448646e+06 -1.65879026e+02 
 3.14043954e+06 -5.49458370e+00  3.14043954e+06 -1.67255555e+02 
 3.17680900e+06 -5.54791037e+00  3.17680900e+06 -1.68643511e+02 
 3.21359965e+06 -5.60334468e+00  3.21359965e+06 -1.70042410e+02 
 3.25081638e+06 -5.66095791e+00  3.25081638e+06 -1.71451732e+02 
 3.28846411e+06 -5.72081865e+00  3.28846411e+06 -1.72870927e+02 
 3.32654785e+06 -5.78299240e+00  3.32654785e+06 -1.74299408e+02 
 3.36507263e+06 -5.84754115e+00  3.36507263e+06 -1.75736563e+02 
 3.40404356e+06 -5.91452293e+00  3.40404356e+06 -1.77181743e+02 
 3.44346582e+06 -5.98399145e+00  3.44346582e+06 -1.78634275e+02 
 3.48334463e+06 -6.05599562e+00  3.48334463e+06  1.79906544e+02 
 3.52368527e+06 -6.13057918e+00  3.52368527e+06  1.78441442e+02 
 3.56449310e+06 -6.20778034e+00  3.56449310e+06  1.76971170e+02 
 3.60577353e+06 -6.28763136e+00  3.60577353e+06  1.75496500e+02 
 3.64753203e+06 -6.37015827e+00  3.64753203e+06  1.74018221e+02 
 3.68977413e+06 -6.45538056e+00  3.68977413e+06  1.72537138e+02 
 3.73250543e+06 -6.54331090e+00  3.73250543e+06  1.71054067e+02 
 3.77573161e+06 -6.63395494e+00  3.77573161e+06  1.69569832e+02 
 3.81945839e+06 -6.72731114e+00  3.81945839e+06  1.68085263e+02 
 3.86369158e+06 -6.82337065e+00  3.86369158e+06  1.66601188e+02 
 3.90843702e+06 -6.92211726e+00  3.90843702e+06  1.65118432e+02 
 3.95370067e+06 -7.02352735e+00  3.95370067e+06  1.63637815e+02 
 3.99948851e+06 -7.12757002e+00  3.99948851e+06  1.62160144e+02 
 4.04580662e+06 -7.23420714e+00  4.04580662e+06  1.60686209e+02 
 4.09266114e+06 -7.34339357e+00  4.09266114e+06  1.59216783e+02 
 4.14005829e+06 -7.45507736e+00  4.14005829e+06  1.57752614e+02 
 4.18800434e+06 -7.56920007e+00  4.18800434e+06  1.56294425e+02 
 4.23650566e+06 -7.68569713e+00  4.23650566e+06  1.54842905e+02 
 4.28556866e+06 -7.80449818e+00  4.28556866e+06  1.53398712e+02 
 4.33519987e+06 -7.92552759e+00  4.33519987e+06  1.51962467e+02 
 4.38540586e+06 -8.04870489e+00  4.38540586e+06  1.50534750e+02 
 4.43619329e+06 -8.17394534e+00  4.43619329e+06  1.49116101e+02 
 4.48756888e+06 -8.30116043e+00  4.48756888e+06  1.47707015e+02 
 4.53953946e+06 -8.43025849e+00  4.53953946e+06  1.46307942e+02 
 4.59211190e+06 -8.56114528e+00  4.59211190e+06  1.44919286e+02 
 4.64529319e+06 -8.69372457e+00  4.64529319e+06  1.43541404e+02 
 4.69909037e+06 -8.82789876e+00  4.69909037e+06  1.42174603e+02 
 4.75351058e+06 -8.96356945e+00  4.75351058e+06  1.40819146e+02 
 4.80856103e+06 -9.10063803e+00  4.80856103e+06  1.39475245e+02 
 4.86424902e+06 -9.23900626e+00  4.86424902e+06  1.38143069e+02 
 4.92058193e+06 -9.37857680e+00  4.92058193e+06  1.36822738e+02 
 4.97756723e+06 -9.51925368e+00  4.97756723e+06  1.35514333e+02 
 5.03521248e+06 -9.66094287e+00  5.03521248e+06  1.34217887e+02 
 5.09352532e+06 -9.80355260e+00  5.09352532e+06  1.32933397e+02 
 5.15251348e+06 -9.94699387e+00  5.15251348e+06  1.31660821e+02 
 5.21218479e+06 -1.00911807e+01  5.21218479e+06  1.30400079e+02 
 5.27254715e+06 -1.02360307e+01  5.27254715e+06  1.29151060e+02 
 5.33360856e+06 -1.03814647e+01  5.33360856e+06  1.27913623e+02 
 5.39537713e+06 -1.05274079e+01  5.39537713e+06  1.26687596e+02 
 5.45786104e+06 -1.06737893e+01  5.45786104e+06  1.25472785e+02 
 5.52106858e+06 -1.08205420e+01  5.52106858e+06  1.24268972e+02 
 5.58500812e+06 -1.09676037e+01  5.58500812e+06  1.23075920e+02 
 5.64968815e+06 -1.11149161e+01  5.64968815e+06  1.21893373e+02 
 5.71511724e+06 -1.12624255e+01  5.71511724e+06  1.20721063e+02 
 5.78130406e+06 -1.14100824e+01  5.78130406e+06  1.19558709e+02 
 5.84825740e+06 -1.15578415e+01  5.84825740e+06  1.18406021e+02 
 5.91598612e+06 -1.17056619e+01  5.91598612e+06  1.17262701e+02 
 5.98449920e+06 -1.18535066e+01  5.98449920e+06  1.16128447e+02 
 6.05380574e+06 -1.20013426e+01  6.05380574e+06  1.15002952e+02 
 6.12391492e+06 -1.21491408e+01  6.12391492e+06  1.13885909e+02 
 6.19483603e+06 -1.22968757e+01  6.19483603e+06  1.12777012e+02 
 6.26657849e+06 -1.24445252e+01  6.26657849e+06  1.11675956e+02 
 6.33915179e+06 -1.25920706e+01  6.33915179e+06  1.10582440e+02 
 6.41256556e+06 -1.27394961e+01  6.41256556e+06  1.09496165e+02 
 6.48682954e+06 -1.28867891e+01  6.48682954e+06  1.08416840e+02 
 6.56195357e+06 -1.30339393e+01  6.56195357e+06  1.07344180e+02 
 6.63794761e+06 -1.31809392e+01  6.63794761e+06  1.06277906e+02 
 6.71482174e+06 -1.33277835e+01  6.71482174e+06  1.05217747e+02 
 6.79258615e+06 -1.34744690e+01  6.79258615e+06  1.04163440e+02 
 6.87125115e+06 -1.36209943e+01  6.87125115e+06  1.03114731e+02 
 6.95082717e+06 -1.37673600e+01  6.95082717e+06  1.02071375e+02 
 7.03132476e+06 -1.39135680e+01  7.03132476e+06  1.01033134e+02 
 7.11275460e+06 -1.40596216e+01  7.11275460e+06  9.99997815e+01 
 7.19512747e+06 -1.42055256e+01  7.19512747e+06  9.89710976e+01 
 7.27845431e+06 -1.43512855e+01  7.27845431e+06  9.79468724e+01 
 7.36274615e+06 -1.44969081e+01  7.36274615e+06  9.69269045e+01 
 7.44801418e+06 -1.46424007e+01  7.44801418e+06  9.59110009e+01 
 7.53426970e+06 -1.47877714e+01  7.53426970e+06  9.48989769e+01 
 7.62152414e+06 -1.49330291e+01  7.62152414e+06  9.38906556e+01 
 7.70978908e+06 -1.50781828e+01  7.70978908e+06  9.28858681e+01 
 7.79907622e+06 -1.52232421e+01  7.79907622e+06  9.18844523e+01 
 7.88939739e+06 -1.53682168e+01  7.88939739e+06  9.08862536e+01 
 7.98076457e+06 -1.55131172e+01  7.98076457e+06  8.98911235e+01 
 8.07318988e+06 -1.56579533e+01  8.07318988e+06  8.88989202e+01 
 8.16668556e+06 -1.58027355e+01  8.16668556e+06  8.79095073e+01 
 8.26126402e+06 -1.59474743e+01  8.26126402e+06  8.69227543e+01 
 8.35693779e+06 -1.60921800e+01  8.35693779e+06  8.59385355e+01 
 8.45371956e+06 -1.62368630e+01  8.45371956e+06  8.49567302e+01 
 8.55162216e+06 -1.63815335e+01  8.55162216e+06  8.39772220e+01 
 8.65065857e+06 -1.65262017e+01  8.65065857e+06  8.29998984e+01 
 8.75084193e+06 -1.66708776e+01  8.75084193e+06  8.20246510e+01 
 8.85218551e+06 -1.68155712e+01  8.85218551e+06  8.10513743e+01 
 8.95470275e+06 -1.69602922e+01  8.95470275e+06  8.00799664e+01 
 9.05840724e+06 -1.71050501e+01  9.05840724e+06  7.91103278e+01 
 9.16331273e+06 -1.72498545e+01  9.16331273e+06  7.81423617e+01 
 9.26943314e+06 -1.73947145e+01  9.26943314e+06  7.71759737e+01 
 9.37678253e+06 -1.75396391e+01  9.37678253e+06  7.62110713e+01 
 9.48537513e+06 -1.76846373e+01  9.48537513e+06  7.52475637e+01 
 9.59522534e+06 -1.78297177e+01  9.59522534e+06  7.42853618e+01 
 9.70634773e+06 -1.79748888e+01  9.70634773e+06  7.33243780e+01 
 9.81875703e+06 -1.81201591e+01  9.81875703e+06  7.23645257e+01 
 9.93246814e+06 -1.82655367e+01  9.93246814e+06  7.14057196e+01 
 1.00474961e+07 -1.84110297e+01  1.00474961e+07  7.04478751e+01 
 1.01638563e+07 -1.85566459e+01  1.01638563e+07  6.94909085e+01 
 1.02815640e+07 -1.87023933e+01  1.02815640e+07  6.85347367e+01 
 1.04006349e+07 -1.88482795e+01  1.04006349e+07  6.75792771e+01 
 1.05210847e+07 -1.89943120e+01  1.05210847e+07  6.66244476e+01 
 1.06429295e+07 -1.91404984e+01  1.06429295e+07  6.56701665e+01 
 1.07661854e+07 -1.92868461e+01  1.07661854e+07  6.47163524e+01 
 1.08908687e+07 -1.94333623e+01  1.08908687e+07  6.37629240e+01 
 1.10169959e+07 -1.95800546e+01  1.10169959e+07  6.28098003e+01 
 1.11445838e+07 -1.97269299e+01  1.11445838e+07  6.18569005e+01 
 1.12736493e+07 -1.98739958e+01  1.12736493e+07  6.09041438e+01 
 1.14042096e+07 -2.00212592e+01  1.14042096e+07  5.99514494e+01 
 1.15362818e+07 -2.01687276e+01  1.15362818e+07  5.89987369e+01 
 1.16698836e+07 -2.03164080e+01  1.16698836e+07  5.80459257e+01 
 1.18050326e+07 -2.04643079e+01  1.18050326e+07  5.70929354e+01 
 1.19417468e+07 -2.06124344e+01  1.19417468e+07  5.61396855e+01 
 1.20800443e+07 -2.07607949e+01  1.20800443e+07  5.51860959e+01 
 1.22199434e+07 -2.09093968e+01  1.22199434e+07  5.42320864e+01 
 1.23614627e+07 -2.10582476e+01  1.23614627e+07  5.32775770e+01 
 1.25046209e+07 -2.12073548e+01  1.25046209e+07  5.23224879e+01 
 1.26494370e+07 -2.13567260e+01  1.26494370e+07  5.13667394e+01 
 1.27959303e+07 -2.15063690e+01  1.27959303e+07  5.04102524e+01 
 1.29441200e+07 -2.16562917e+01  1.29441200e+07  4.94529476e+01 
 1.30940260e+07 -2.18065018e+01  1.30940260e+07  4.84947465e+01 
 1.32456680e+07 -2.19570075e+01  1.32456680e+07  4.75355706e+01 
 1.33990662e+07 -2.21078169e+01  1.33990662e+07  4.65753423e+01 
 1.35542409e+07 -2.22589385e+01  1.35542409e+07  4.56139841e+01 
 1.37112127e+07 -2.24103805e+01  1.37112127e+07  4.46514193e+01 
 1.38700024e+07 -2.25621516e+01  1.38700024e+07  4.36875719e+01 
 1.40306310e+07 -2.27142605e+01  1.40306310e+07  4.27223665e+01 
 1.41931199e+07 -2.28667160e+01  1.41931199e+07  4.17557283e+01 
 1.43574905e+07 -2.30195273e+01  1.43574905e+07  4.07875837e+01 
 1.45237648e+07 -2.31727035e+01  1.45237648e+07  3.98178598e+01 
 1.46919646e+07 -2.33262539e+01  1.46919646e+07  3.88464848e+01 
 1.48621124e+07 -2.34801879e+01  1.48621124e+07  3.78733878e+01 
 1.50342306e+07 -2.36345154e+01  1.50342306e+07  3.68984991e+01 
 1.52083422e+07 -2.37892460e+01  1.52083422e+07  3.59217504e+01 
 1.53844701e+07 -2.39443898e+01  1.53844701e+07  3.49430744e+01 
 1.55626378e+07 -2.40999569e+01  1.55626378e+07  3.39624053e+01 
 1.57428689e+07 -2.42559575e+01  1.57428689e+07  3.29796789e+01 
 1.59251872e+07 -2.44124022e+01  1.59251872e+07  3.19948321e+01 
 1.61096169e+07 -2.45693015e+01  1.61096169e+07  3.10078039e+01 
 1.62961825e+07 -2.47266662e+01  1.62961825e+07  3.00185346e+01 
 1.64849088e+07 -2.48845072e+01  1.64849088e+07  2.90269664e+01 
 1.66758206e+07 -2.50428355e+01  1.66758206e+07  2.80330434e+01 
 1.68689435e+07 -2.52016624e+01  1.68689435e+07  2.70367114e+01 
 1.70643029e+07 -2.53609992e+01  1.70643029e+07  2.60379184e+01 
 1.72619247e+07 -2.55208573e+01  1.72619247e+07  2.50366144e+01 
 1.74618352e+07 -2.56812484e+01  1.74618352e+07  2.40327514e+01 
 1.76640609e+07 -2.58421842e+01  1.76640609e+07  2.30262837e+01 
 1.78686285e+07 -2.60036766e+01  1.78686285e+07  2.20171680e+01 
 1.80755653e+07 -2.61657374e+01  1.80755653e+07  2.10053632e+01 
 1.82848985e+07 -2.63283788e+01  1.82848985e+07  1.99908306e+01 
 1.84966561e+07 -2.64916129e+01  1.84966561e+07  1.89735343e+01 
 1.87108661e+07 -2.66554520e+01  1.87108661e+07  1.79534405e+01 
 1.89275568e+07 -2.68199085e+01  1.89275568e+07  1.69305185e+01 
 1.91467570e+07 -2.69849946e+01  1.91467570e+07  1.59047399e+01 
 1.93684957e+07 -2.71507229e+01  1.93684957e+07  1.48760795e+01 
 1.95928024e+07 -2.73171060e+01  1.95928024e+07  1.38445145e+01 
 1.98197069e+07 -2.74841564e+01  1.98197069e+07  1.28100254e+01 
 2.00492391e+07 -2.76518867e+01  2.00492391e+07  1.17725953e+01 
 2.02814295e+07 -2.78203097e+01  2.02814295e+07  1.07322106e+01 
 2.05163089e+07 -2.79894379e+01  2.05163089e+07  9.68886071e+00 
 2.07539085e+07 -2.81592840e+01  2.07539085e+07  8.64253806e+00 
 2.09942597e+07 -2.83298608e+01  2.09942597e+07  7.59323840e+00 
 2.12373944e+07 -2.85011809e+01  2.12373944e+07  6.54096070e+00 
 2.14833448e+07 -2.86732570e+01  2.14833448e+07  5.48570722e+00 
 2.17321436e+07 -2.88461016e+01  2.17321436e+07  4.42748357e+00 
 2.19838238e+07 -2.90197273e+01  2.19838238e+07  3.36629875e+00 
 2.22384186e+07 -2.91941467e+01  2.22384186e+07  2.30216522e+00 
 2.24959620e+07 -2.93693721e+01  2.24959620e+07  1.23509892e+00 
 2.27564879e+07 -2.95454159e+01  2.27564879e+07  1.65119285e-01 
 2.30200310e+07 -2.97222904e+01  2.30200310e+07 -9.07750641e-01 
 2.32866262e+07 -2.99000077e+01  2.32866262e+07 -1.98348424e+00 
 2.35563088e+07 -3.00785798e+01  2.35563088e+07 -3.06205124e+00 
 2.38291146e+07 -3.02580187e+01  2.38291146e+07 -4.14341773e+00 
 2.41050798e+07 -3.04383361e+01  2.41050798e+07 -5.22754607e+00 
 2.43842409e+07 -3.06195435e+01  2.43842409e+07 -6.31439492e+00 
 2.46666350e+07 -3.08016523e+01  2.46666350e+07 -7.40391918e+00 
 2.49522996e+07 -3.09846739e+01  2.49522996e+07 -8.49606999e+00 
 2.52412724e+07 -3.11686192e+01  2.52412724e+07 -9.59079469e+00 
 2.55335918e+07 -3.13534989e+01  2.55335918e+07 -1.06880368e+01 
 2.58292965e+07 -3.15393237e+01  2.58292965e+07 -1.17877361e+01 
 2.61284258e+07 -3.17261039e+01  2.61284258e+07 -1.28898285e+01 
 2.64310194e+07 -3.19138496e+01  2.64310194e+07 -1.39942460e+01 
 2.67371172e+07 -3.21025706e+01  2.67371172e+07 -1.51009169e+01 
 2.70467600e+07 -3.22922763e+01  2.70467600e+07 -1.62097656e+01 
 2.73599888e+07 -3.24829759e+01  2.73599888e+07 -1.73207126e+01 
 2.76768451e+07 -3.26746784e+01  2.76768451e+07 -1.84336746e+01 
 2.79973709e+07 -3.28673924e+01  2.79973709e+07 -1.95485645e+01 
 2.83216087e+07 -3.30611260e+01  2.83216087e+07 -2.06652915e+01 
 2.86496015e+07 -3.32558870e+01  2.86496015e+07 -2.17837608e+01 
 2.89813928e+07 -3.34516830e+01  2.89813928e+07 -2.29038740e+01 
 2.93170265e+07 -3.36485211e+01  2.93170265e+07 -2.40255287e+01 
 2.96565473e+07 -3.38464079e+01  2.96565473e+07 -2.51486191e+01 
 3.00000000e+07 -3.40453498e+01  3.00000000e+07 -2.62730355e+01 
