 2.00000000e-01  1.48135433e+00  2.00000000e-01  6.78861938e+01 
 2.02316202e-01  1.56705374e+00  2.02316202e-01  6.76551599e+01 
 2.04659228e-01  1.65246837e+00  2.04659228e-01  6.74222271e+01 
 2.07029388e-01  1.73759353e+00  2.07029388e-01  6.71873952e+01 
 2.09426997e-01  1.82242451e+00  2.09426997e-01  6.69506648e+01 
 2.11852373e-01  1.90695654e+00  2.11852373e-01  6.67120366e+01 
 2.14305837e-01  1.99118485e+00  2.14305837e-01  6.64715122e+01 
 2.16787715e-01  2.07510460e+00  2.16787715e-01  6.62290937e+01 
 2.19298335e-01  2.15871093e+00  2.19298335e-01  6.59847836e+01 
 2.21838031e-01  2.24199897e+00  2.21838031e-01  6.57385850e+01 
 2.24407140e-01  2.32496380e+00  2.24407140e-01  6.54905017e+01 
 2.27006001e-01  2.40760046e+00  2.27006001e-01  6.52405379e+01 
 2.29634959e-01  2.48990400e+00  2.29634959e-01  6.49886987e+01 
 2.32294364e-01  2.57186942e+00  2.32294364e-01  6.47349895e+01 
 2.34984567e-01  2.65349172e+00  2.34984567e-01  6.44794166e+01 
 2.37705925e-01  2.73476585e+00  2.37705925e-01  6.42219866e+01 
 2.40458800e-01  2.81568676e+00  2.40458800e-01  6.39627071e+01 
 2.43243555e-01  2.89624940e+00  2.43243555e-01  6.37015861e+01 
 2.46060561e-01  2.97644869e+00  2.46060561e-01  6.34386325e+01 
 2.48910190e-01  3.05627954e+00  2.48910190e-01  6.31738556e+01 
 2.51792821e-01  3.13573685e+00  2.51792821e-01  6.29072656e+01 
 2.54708836e-01  3.21481553e+00  2.54708836e-01  6.26388734e+01 
 2.57658622e-01  3.29351047e+00  2.57658622e-01  6.23686903e+01 
 2.60642568e-01  3.37181657e+00  2.60642568e-01  6.20967288e+01 
 2.63661072e-01  3.44972872e+00  2.63661072e-01  6.18230018e+01 
 2.66714534e-01  3.52724184e+00  2.66714534e-01  6.15475229e+01 
 2.69803357e-01  3.60435083e+00  2.69803357e-01  6.12703066e+01 
 2.72927952e-01  3.68105062e+00  2.72927952e-01  6.09913680e+01 
 2.76088733e-01  3.75733616e+00  2.76088733e-01  6.07107230e+01 
 2.79286119e-01  3.83320239e+00  2.79286119e-01  6.04283884e+01 
 2.82520534e-01  3.90864429e+00  2.82520534e-01  6.01443814e+01 
 2.85792407e-01  3.98365687e+00  2.85792407e-01  5.98587204e+01 
 2.89102171e-01  4.05823515e+00  2.89102171e-01  5.95714241e+01 
 2.92450266e-01  4.13237419e+00  2.92450266e-01  5.92825124e+01 
 2.95837135e-01  4.20606908e+00  2.95837135e-01  5.89920056e+01 
 2.99263228e-01  4.27931495e+00  2.99263228e-01  5.86999251e+01 
 3.02728998e-01  4.35210696e+00  3.02728998e-01  5.84062928e+01 
 3.06234905e-01  4.42444035e+00  3.06234905e-01  5.81111314e+01 
 3.09781414e-01  4.49631035e+00  3.09781414e-01  5.78144645e+01 
 3.13368996e-01  4.56771228e+00  3.13368996e-01  5.75163165e+01 
 3.16998125e-01  4.63864152e+00  3.16998125e-01  5.72167123e+01 
 3.20669283e-01  4.70909348e+00  3.20669283e-01  5.69156777e+01 
 3.24382957e-01  4.77906364e+00  3.24382957e-01  5.66132394e+01 
 3.28139639e-01  4.84854757e+00  3.28139639e-01  5.63094246e+01 
 3.31939827e-01  4.91754087e+00  3.31939827e-01  5.60042615e+01 
 3.35784025e-01  4.98603924e+00  3.35784025e-01  5.56977787e+01 
 3.39672743e-01  5.05403845e+00  3.39672743e-01  5.53900059e+01 
 3.43606496e-01  5.12153434e+00  3.43606496e-01  5.50809732e+01 
 3.47585805e-01  5.18852284e+00  3.47585805e-01  5.47707116e+01 
 3.51611200e-01  5.25499998e+00  3.51611200e-01  5.44592528e+01 
 3.55683212e-01  5.32096185e+00  3.55683212e-01  5.41466291e+01 
 3.59802383e-01  5.38640467e+00  3.59802383e-01  5.38328735e+01 
 3.63969257e-01  5.45132471e+00  3.63969257e-01  5.35180196e+01 
 3.68184388e-01  5.51571839e+00  3.68184388e-01  5.32021018e+01 
 3.72448335e-01  5.57958220e+00  3.72448335e-01  5.28851551e+01 
 3.76761663e-01  5.64291276e+00  3.76761663e-01  5.25672149e+01 
 3.81124943e-01  5.70570677e+00  3.81124943e-01  5.22483175e+01 
 3.85538754e-01  5.76796108e+00  3.85538754e-01  5.19284996e+01 
 3.90003682e-01  5.82967262e+00  3.90003682e-01  5.16077986e+01 
 3.94520318e-01  5.89083847e+00  3.94520318e-01  5.12862522e+01 
 3.99089261e-01  5.95145582e+00  3.99089261e-01  5.09638988e+01 
 4.03711118e-01  6.01152197e+00  4.03711118e-01  5.06407775e+01 
 4.08386500e-01  6.07103437e+00  4.08386500e-01  5.03169274e+01 
 4.13116027e-01  6.12999059e+00  4.13116027e-01  4.99923885e+01 
 4.17900328e-01  6.18838833e+00  4.17900328e-01  4.96672010e+01 
 4.22740035e-01  6.24622543e+00  4.22740035e-01  4.93414056e+01 
 4.27635791e-01  6.30349987e+00  4.27635791e-01  4.90150434e+01 
 4.32588245e-01  6.36020975e+00  4.32588245e-01  4.86881559e+01 
 4.37598053e-01  6.41635334e+00  4.37598053e-01  4.83607847e+01 
 4.42665880e-01  6.47192903e+00  4.42665880e-01  4.80329720e+01 
 4.47792398e-01  6.52693536e+00  4.47792398e-01  4.77047601e+01 
 4.52978286e-01  6.58137102e+00  4.52978286e-01  4.73761918e+01 
 4.58224231e-01  6.63523485e+00  4.58224231e-01  4.70473099e+01 
 4.63530930e-01  6.68852583e+00  4.63530930e-01  4.67181574e+01 
 4.68899086e-01  6.74124308e+00  4.68899086e-01  4.63887776e+01 
 4.74329410e-01  6.79338591e+00  4.74329410e-01  4.60592140e+01 
 4.79822623e-01  6.84495373e+00  4.79822623e-01  4.57295101e+01 
 4.85379453e-01  6.89594614e+00  4.85379453e-01  4.53997094e+01 
 4.91000637e-01  6.94636287e+00  4.91000637e-01  4.50698557e+01 
 4.96686920e-01  6.99620382e+00  4.96686920e-01  4.47399928e+01 
 5.02439056e-01  7.04546903e+00  5.02439056e-01  4.44101642e+01 
 5.08257807e-01  7.09415869e+00  5.08257807e-01  4.40804138e+01 
 5.14143945e-01  7.14227317e+00  5.14143945e-01  4.37507852e+01 
 5.20098251e-01  7.18981294e+00  5.20098251e-01  4.34213220e+01 
 5.26121513e-01  7.23677868e+00  5.26121513e-01  4.30920676e+01 
 5.32214531e-01  7.28317118e+00  5.32214531e-01  4.27630654e+01 
 5.38378112e-01  7.32899140e+00  5.38378112e-01  4.24343584e+01 
 5.44613074e-01  7.37424043e+00  5.44613074e-01  4.21059898e+01 
 5.50920243e-01  7.41891953e+00  5.50920243e-01  4.17780022e+01 
 5.57300455e-01  7.46303010e+00  5.57300455e-01  4.14504381e+01 
 5.63754556e-01  7.50657367e+00  5.63754556e-01  4.11233398e+01 
 5.70283403e-01  7.54955193e+00  5.70283403e-01  4.07967491e+01 
 5.76887860e-01  7.59196671e+00  5.76887860e-01  4.04707077e+01 
 5.83568804e-01  7.63381997e+00  5.83568804e-01  4.01452567e+01 
 5.90327119e-01  7.67511382e+00  5.90327119e-01  3.98204371e+01 
 5.97163703e-01  7.71585050e+00  5.97163703e-01  3.94962893e+01 
 6.04079461e-01  7.75603238e+00  6.04079461e-01  3.91728532e+01 
 6.11075310e-01  7.79566197e+00  6.11075310e-01  3.88501685e+01 
 6.18152179e-01  7.83474189e+00  6.18152179e-01  3.85282743e+01 
 6.25311005e-01  7.87327491e+00  6.25311005e-01  3.82072091e+01 
 6.32552737e-01  7.91126391e+00  6.32552737e-01  3.78870111e+01 
 6.39878336e-01  7.94871190e+00  6.39878336e-01  3.75677177e+01 
 6.47288773e-01  7.98562198e+00  6.47288773e-01  3.72493661e+01 
 6.54785030e-01  8.02199740e+00  6.54785030e-01  3.69319925e+01 
 6.62368101e-01  8.05784150e+00  6.62368101e-01  3.66156328e+01 
 6.70038992e-01  8.09315774e+00  6.70038992e-01  3.63003223e+01 
 6.77798719e-01  8.12794967e+00  6.77798719e-01  3.59860955e+01 
 6.85648312e-01  8.16222095e+00  6.85648312e-01  3.56729863e+01 
 6.93588812e-01  8.19597535e+00  6.93588812e-01  3.53610281e+01 
 7.01621270e-01  8.22921672e+00  7.01621270e-01  3.50502535e+01 
 7.09746752e-01  8.26194899e+00  7.09746752e-01  3.47406944e+01 
 7.17966335e-01  8.29417622e+00  7.17966335e-01  3.44323820e+01 
 7.26281110e-01  8.32590251e+00  7.26281110e-01  3.41253469e+01 
 7.34692178e-01  8.35713206e+00  7.34692178e-01  3.38196190e+01 
 7.43200655e-01  8.38786915e+00  7.43200655e-01  3.35152273e+01 
 7.51807668e-01  8.41811814e+00  7.51807668e-01  3.32122001e+01 
 7.60514359e-01  8.44788343e+00  7.60514359e-01  3.29105652e+01 
 7.69321883e-01  8.47716953e+00  7.69321883e-01  3.26103494e+01 
 7.78231406e-01  8.50598097e+00  7.78231406e-01  3.23115789e+01 
 7.87244111e-01  8.53432237e+00  7.87244111e-01  3.20142789e+01 
 7.96361192e-01  8.56219840e+00  7.96361192e-01  3.17184743e+01 
 8.05583858e-01  8.58961378e+00  8.05583858e-01  3.14241887e+01 
 8.14913332e-01  8.61657326e+00  8.14913332e-01  3.11314453e+01 
 8.24350851e-01  8.64308168e+00  8.24350851e-01  3.08402664e+01 
 8.33897665e-01  8.66914387e+00  8.33897665e-01  3.05506736e+01 
 8.43555041e-01  8.69476473e+00  8.43555041e-01  3.02626876e+01 
 8.53324260e-01  8.71994919e+00  8.53324260e-01  2.99763285e+01 
 8.63206616e-01  8.74470222e+00  8.63206616e-01  2.96916155e+01 
 8.73203419e-01  8.76902879e+00  8.73203419e-01  2.94085672e+01 
 8.83315996e-01  8.79293392e+00  8.83315996e-01  2.91272013e+01 
 8.93545686e-01  8.81642266e+00  8.93545686e-01  2.88475346e+01 
 9.03893847e-01  8.83950004e+00  9.03893847e-01  2.85695836e+01 
 9.14361849e-01  8.86217114e+00  9.14361849e-01  2.82933635e+01 
 9.24951082e-01  8.88444105e+00  9.24951082e-01  2.80188893e+01 
 9.35662949e-01  8.90631485e+00  9.35662949e-01  2.77461748e+01 
 9.46498870e-01  8.92779765e+00  9.46498870e-01  2.74752334e+01 
 9.57460281e-01  8.94889454e+00  9.57460281e-01  2.72060776e+01 
 9.68548637e-01  8.96961063e+00  9.68548637e-01  2.69387192e+01 
 9.79765408e-01  8.98995102e+00  9.79765408e-01  2.66731693e+01 
 9.91112080e-01  9.00992081e+00  9.91112080e-01  2.64094385e+01 
 1.00259016e+00  9.02952509e+00  1.00259016e+00  2.61475363e+01 
 1.01420116e+00  9.04876894e+00  1.01420116e+00  2.58874719e+01 
 1.02594664e+00  9.06765743e+00  1.02594664e+00  2.56292537e+01 
 1.03782813e+00  9.08619561e+00  1.03782813e+00  2.53728893e+01 
 1.04984723e+00  9.10438854e+00  1.04984723e+00  2.51183858e+01 
 1.06200552e+00  9.12224122e+00  1.06200552e+00  2.48657498e+01 
 1.07430462e+00  9.13975866e+00  1.07430462e+00  2.46149869e+01 
 1.08674615e+00  9.15694583e+00  1.08674615e+00  2.43661023e+01 
 1.09933176e+00  9.17380770e+00  1.09933176e+00  2.41191007e+01 
 1.11206313e+00  9.19034918e+00  1.11206313e+00  2.38739860e+01 
 1.12494195e+00  9.20657519e+00  1.12494195e+00  2.36307615e+01 
 1.13796991e+00  9.22249058e+00  1.13796991e+00  2.33894302e+01 
 1.15114875e+00  9.23810019e+00  1.15114875e+00  2.31499942e+01 
 1.16448021e+00  9.25340884e+00  1.16448021e+00  2.29124553e+01 
 1.17796607e+00  9.26842129e+00  1.17796607e+00  2.26768147e+01 
 1.19160810e+00  9.28314228e+00  1.19160810e+00  2.24430729e+01 
 1.20540813e+00  9.29757650e+00  1.20540813e+00  2.22112301e+01 
 1.21936797e+00  9.31172861e+00  1.21936797e+00  2.19812859e+01 
 1.23348948e+00  9.32560324e+00  1.23348948e+00  2.17532396e+01 
 1.24777453e+00  9.33920496e+00  1.24777453e+00  2.15270896e+01 
 1.26222502e+00  9.35253830e+00  1.26222502e+00  2.13028344e+01 
 1.27684286e+00  9.36560778e+00  1.27684286e+00  2.10804715e+01 
 1.29162999e+00  9.37841782e+00  1.29162999e+00  2.08599984e+01 
 1.30658837e+00  9.39097285e+00  1.30658837e+00  2.06414118e+01 
 1.32171998e+00  9.40327722e+00  1.32171998e+00  2.04247083e+01 
 1.33702683e+00  9.41533524e+00  1.33702683e+00  2.02098840e+01 
 1.35251095e+00  9.42715118e+00  1.35251095e+00  1.99969345e+01 
 1.36817439e+00  9.43872927e+00  1.36817439e+00  1.97858550e+01 
 1.38401923e+00  9.45007367e+00  1.38401923e+00  1.95766407e+01 
 1.40004757e+00  9.46118851e+00  1.40004757e+00  1.93692859e+01 
 1.41626153e+00  9.47207786e+00  1.41626153e+00  1.91637851e+01 
 1.43266327e+00  9.48274576e+00  1.43266327e+00  1.89601320e+01 
 1.44925496e+00  9.49319616e+00  1.44925496e+00  1.87583202e+01 
 1.46603879e+00  9.50343301e+00  1.46603879e+00  1.85583431e+01 
 1.48301700e+00  9.51346018e+00  1.48301700e+00  1.83601935e+01 
 1.50019183e+00  9.52328148e+00  1.50019183e+00  1.81638642e+01 
 1.51756557e+00  9.53290070e+00  1.51756557e+00  1.79693477e+01 
 1.53514051e+00  9.54232156e+00  1.53514051e+00  1.77766359e+01 
 1.55291899e+00  9.55154774e+00  1.55291899e+00  1.75857209e+01 
 1.57090335e+00  9.56058285e+00  1.57090335e+00  1.73965943e+01 
 1.58909600e+00  9.56943046e+00  1.58909600e+00  1.72092475e+01 
 1.60749933e+00  9.57809410e+00  1.60749933e+00  1.70236716e+01 
 1.62611580e+00  9.58657724e+00  1.62611580e+00  1.68398577e+01 
 1.64494786e+00  9.59488328e+00  1.64494786e+00  1.66577965e+01 
 1.66399802e+00  9.60301562e+00  1.66399802e+00  1.64774786e+01 
 1.68326879e+00  9.61097755e+00  1.68326879e+00  1.62988943e+01 
 1.70276274e+00  9.61877235e+00  1.70276274e+00  1.61220339e+01 
 1.72248245e+00  9.62640324e+00  1.72248245e+00  1.59468873e+01 
 1.74243054e+00  9.63387338e+00  1.74243054e+00  1.57734446e+01 
 1.76260964e+00  9.64118589e+00  1.76260964e+00  1.56016953e+01 
 1.78302244e+00  9.64834384e+00  1.78302244e+00  1.54316291e+01 
 1.80367164e+00  9.65535025e+00  1.80367164e+00  1.52632353e+01 
 1.82455997e+00  9.66220809e+00  1.82455997e+00  1.50965034e+01 
 1.84569022e+00  9.66892028e+00  1.84569022e+00  1.49314224e+01 
 1.86706517e+00  9.67548971e+00  1.86706517e+00  1.47679816e+01 
 1.88868767e+00  9.68191919e+00  1.88868767e+00  1.46061697e+01 
 1.91056058e+00  9.68821151e+00  1.91056058e+00  1.44459758e+01 
 1.93268680e+00  9.69436940e+00  1.93268680e+00  1.42873886e+01 
 1.95506926e+00  9.70039555e+00  1.95506926e+00  1.41303967e+01 
 1.97771094e+00  9.70629259e+00  1.97771094e+00  1.39749889e+01 
 2.00061483e+00  9.71206314e+00  2.00061483e+00  1.38211536e+01 
 2.02378396e+00  9.71770973e+00  2.02378396e+00  1.36688793e+01 
 2.04722142e+00  9.72323487e+00  2.04722142e+00  1.35181544e+01 
 2.07093031e+00  9.72864103e+00  2.07093031e+00  1.33689674e+01 
 2.09491378e+00  9.73393062e+00  2.09491378e+00  1.32213064e+01 
 2.11917499e+00  9.73910602e+00  2.11917499e+00  1.30751598e+01 
 2.14371718e+00  9.74416957e+00  2.14371718e+00  1.29305158e+01 
 2.16854358e+00  9.74912355e+00  2.16854358e+00  1.27873626e+01 
 2.19365751e+00  9.75397021e+00  2.19365751e+00  1.26456883e+01 
 2.21906227e+00  9.75871177e+00  2.21906227e+00  1.25054812e+01 
 2.24476125e+00  9.76335039e+00  2.24476125e+00  1.23667293e+01 
 2.27075785e+00  9.76788820e+00  2.27075785e+00  1.22294208e+01 
 2.29705552e+00  9.77232728e+00  2.29705552e+00  1.20935437e+01 
 2.32365774e+00  9.77666970e+00  2.32365774e+00  1.19590862e+01 
 2.35056804e+00  9.78091746e+00  2.35056804e+00  1.18260363e+01 
 2.37778999e+00  9.78507253e+00  2.37778999e+00  1.16943822e+01 
 2.40532720e+00  9.78913685e+00  2.40532720e+00  1.15641119e+01 
 2.43318331e+00  9.79311232e+00  2.43318331e+00  1.14352136e+01 
 2.46136203e+00  9.79700081e+00  2.46136203e+00  1.13076754e+01 
 2.48986709e+00  9.80080414e+00  2.48986709e+00  1.11814854e+01 
 2.51870226e+00  9.80452410e+00  2.51870226e+00  1.10566319e+01 
 2.54787137e+00  9.80816246e+00  2.54787137e+00  1.09331029e+01 
 2.57737829e+00  9.81172093e+00  2.57737829e+00  1.08108868e+01 
 2.60722693e+00  9.81520122e+00  2.60722693e+00  1.06899717e+01 
 2.63742125e+00  9.81860496e+00  2.63742125e+00  1.05703460e+01 
 2.66796525e+00  9.82193380e+00  2.66796525e+00  1.04519979e+01 
 2.69886298e+00  9.82518932e+00  2.69886298e+00  1.03349158e+01 
 2.73011854e+00  9.82837309e+00  2.73011854e+00  1.02190881e+01 
 2.76173606e+00  9.83148663e+00  2.76173606e+00  1.01045032e+01 
 2.79371975e+00  9.83453145e+00  2.79371975e+00  9.99114954e+00 
 2.82607385e+00  9.83750901e+00  2.82607385e+00  9.87901572e+00 
 2.85880263e+00  9.84042077e+00  2.85880263e+00  9.76809028e+00 
 2.89191045e+00  9.84326812e+00  2.89191045e+00  9.65836182e+00 
 2.92540169e+00  9.84605245e+00  2.92540169e+00  9.54981903e+00 
 2.95928080e+00  9.84877512e+00  2.95928080e+00  9.44245063e+00 
 2.99355225e+00  9.85143746e+00  2.99355225e+00  9.33624540e+00 
 3.02822061e+00  9.85404076e+00  3.02822061e+00  9.23119218e+00 
 3.06329046e+00  9.85658631e+00  3.06329046e+00  9.12727985e+00 
 3.09876645e+00  9.85907535e+00  3.09876645e+00  9.02449739e+00 
 3.13465329e+00  9.86150910e+00  3.13465329e+00  8.92283380e+00 
 3.17095574e+00  9.86388877e+00  3.17095574e+00  8.82227818e+00 
 3.20767861e+00  9.86621552e+00  3.20767861e+00  8.72281966e+00 
 3.24482676e+00  9.86849051e+00  3.24482676e+00  8.62444745e+00 
 3.28240513e+00  9.87071485e+00  3.28240513e+00  8.52715084e+00 
 3.32041869e+00  9.87288966e+00  3.32041869e+00  8.43091916e+00 
 3.35887249e+00  9.87501601e+00  3.35887249e+00  8.33574183e+00 
 3.39777162e+00  9.87709496e+00  3.39777162e+00  8.24160833e+00 
 3.43712125e+00  9.87912754e+00  3.43712125e+00  8.14850821e+00 
 3.47692658e+00  9.88111477e+00  3.47692658e+00  8.05643109e+00 
 3.51719290e+00  9.88305763e+00  3.51719290e+00  7.96536668e+00 
 3.55792554e+00  9.88495711e+00  3.55792554e+00  7.87530472e+00 
 3.59912991e+00  9.88681414e+00  3.59912991e+00  7.78623507e+00 
 3.64081146e+00  9.88862967e+00  3.64081146e+00  7.69814764e+00 
 3.68297573e+00  9.89040460e+00  3.68297573e+00  7.61103241e+00 
 3.72562831e+00  9.89213982e+00  3.72562831e+00  7.52487944e+00 
 3.76877484e+00  9.89383621e+00  3.76877484e+00  7.43967887e+00 
 3.81242106e+00  9.89549462e+00  3.81242106e+00  7.35542091e+00 
 3.85657274e+00  9.89711588e+00  3.85657274e+00  7.27209584e+00 
 3.90123574e+00  9.89870083e+00  3.90123574e+00  7.18969402e+00 
 3.94641599e+00  9.90025025e+00  3.94641599e+00  7.10820591e+00 
 3.99211947e+00  9.90176493e+00  3.99211947e+00  7.02762200e+00 
 4.03835224e+00  9.90324563e+00  4.03835224e+00  6.94793288e+00 
 4.08512043e+00  9.90469312e+00  4.08512043e+00  6.86912924e+00 
 4.13243025e+00  9.90610812e+00  4.13243025e+00  6.79120180e+00 
 4.18028796e+00  9.90749135e+00  4.18028796e+00  6.71414140e+00 
 4.22869991e+00  9.90884352e+00  4.22869991e+00  6.63793892e+00 
 4.27767252e+00  9.91016531e+00  4.27767252e+00  6.56258535e+00 
 4.32721228e+00  9.91145740e+00  4.32721228e+00  6.48807173e+00 
 4.37732577e+00  9.91272044e+00  4.37732577e+00  6.41438919e+00 
 4.42801962e+00  9.91395509e+00  4.42801962e+00  6.34152895e+00 
 4.47930055e+00  9.91516197e+00  4.47930055e+00  6.26948227e+00 
 4.53117537e+00  9.91634169e+00  4.53117537e+00  6.19824053e+00 
 4.58365095e+00  9.91749487e+00  4.58365095e+00  6.12779514e+00 
 4.63673425e+00  9.91862210e+00  4.63673425e+00  6.05813764e+00 
 4.69043232e+00  9.91972394e+00  4.69043232e+00  5.98925960e+00 
 4.74475225e+00  9.92080097e+00  4.74475225e+00  5.92115268e+00 
 4.79970127e+00  9.92185374e+00  4.79970127e+00  5.85380864e+00 
 4.85528665e+00  9.92288279e+00  4.85528665e+00  5.78721927e+00 
 4.91151577e+00  9.92388864e+00  4.91151577e+00  5.72137648e+00 
 4.96839608e+00  9.92487183e+00  4.96839608e+00  5.65627222e+00 
 5.02593512e+00  9.92583284e+00  5.02593512e+00  5.59189855e+00 
 5.08414052e+00  9.92677219e+00  5.08414052e+00  5.52824756e+00 
 5.14302000e+00  9.92769034e+00  5.14302000e+00  5.46531146e+00 
 5.20258136e+00  9.92858778e+00  5.20258136e+00  5.40308251e+00 
 5.26283250e+00  9.92946497e+00  5.26283250e+00  5.34155303e+00 
 5.32378141e+00  9.93032236e+00  5.32378141e+00  5.28071545e+00 
 5.38543617e+00  9.93116040e+00  5.38543617e+00  5.22056224e+00 
 5.44780495e+00  9.93197951e+00  5.44780495e+00  5.16108595e+00 
 5.51089603e+00  9.93278013e+00  5.51089603e+00  5.10227923e+00 
 5.57471776e+00  9.93356266e+00  5.57471776e+00  5.04413475e+00 
 5.63927862e+00  9.93432751e+00  5.63927862e+00  4.98664529e+00 
 5.70458716e+00  9.93507508e+00  5.70458716e+00  4.92980370e+00 
 5.77065203e+00  9.93580576e+00  5.77065203e+00  4.87360288e+00 
 5.83748200e+00  9.93651992e+00  5.83748200e+00  4.81803582e+00 
 5.90508593e+00  9.93721794e+00  5.90508593e+00  4.76309556e+00 
 5.97347279e+00  9.93790018e+00  5.97347279e+00  4.70877522e+00 
 6.04265163e+00  9.93856698e+00  6.04265163e+00  4.65506800e+00 
 6.11263163e+00  9.93921871e+00  6.11263163e+00  4.60196714e+00 
 6.18342207e+00  9.93985569e+00  6.18342207e+00  4.54946598e+00 
 6.25503234e+00  9.94047827e+00  6.25503234e+00  4.49755790e+00 
 6.32747192e+00  9.94108676e+00  6.32747192e+00  4.44623637e+00 
 6.40075043e+00  9.94168147e+00  6.40075043e+00  4.39549490e+00 
 6.47487758e+00  9.94226273e+00  6.47487758e+00  4.34532709e+00 
 6.54986319e+00  9.94283083e+00  6.54986319e+00  4.29572660e+00 
 6.62571722e+00  9.94338607e+00  6.62571722e+00  4.24668714e+00 
 6.70244971e+00  9.94392874e+00  6.70244971e+00  4.19820250e+00 
 6.78007084e+00  9.94445912e+00  6.78007084e+00  4.15026653e+00 
 6.85859090e+00  9.94497749e+00  6.85859090e+00  4.10287314e+00 
 6.93802030e+00  9.94548411e+00  6.93802030e+00  4.05601630e+00 
 7.01836957e+00  9.94597927e+00  7.01836957e+00  4.00969006e+00 
 7.09964937e+00  9.94646320e+00  7.09964937e+00  3.96388852e+00 
 7.18187048e+00  9.94693617e+00  7.18187048e+00  3.91860583e+00 
 7.26504378e+00  9.94739842e+00  7.26504378e+00  3.87383622e+00 
 7.34918032e+00  9.94785020e+00  7.34918032e+00  3.82957397e+00 
 7.43429124e+00  9.94829174e+00  7.43429124e+00  3.78581342e+00 
 7.52038784e+00  9.94872327e+00  7.52038784e+00  3.74254898e+00 
 7.60748151e+00  9.94914502e+00  7.60748151e+00  3.69977510e+00 
 7.69558382e+00  9.94955720e+00  7.69558382e+00  3.65748631e+00 
 7.78470645e+00  9.94996005e+00  7.78470645e+00  3.61567718e+00 
 7.87486120e+00  9.95035375e+00  7.87486120e+00  3.57434235e+00 
 7.96606004e+00  9.95073853e+00  7.96606004e+00  3.53347651e+00 
 8.05831505e+00  9.95111459e+00  8.05831505e+00  3.49307440e+00 
 8.15163847e+00  9.95148211e+00  8.15163847e+00  3.45313083e+00 
 8.24604267e+00  9.95184130e+00  8.24604267e+00  3.41364066e+00 
 8.34154016e+00  9.95219234e+00  8.34154016e+00  3.37459880e+00 
 8.43814361e+00  9.95253542e+00  8.43814361e+00  3.33600023e+00 
 8.53586583e+00  9.95287071e+00  8.53586583e+00  3.29783995e+00 
 8.63471977e+00  9.95319840e+00  8.63471977e+00  3.26011306e+00 
 8.73471853e+00  9.95351865e+00  8.73471853e+00  3.22281467e+00 
 8.83587539e+00  9.95383163e+00  8.83587539e+00  3.18593998e+00 
 8.93820374e+00  9.95413751e+00  8.93820374e+00  3.14948420e+00 
 9.04171716e+00  9.95443645e+00  9.04171716e+00  3.11344263e+00 
 9.14642936e+00  9.95472860e+00  9.14642936e+00  3.07781060e+00 
 9.25235424e+00  9.95501413e+00  9.25235424e+00  3.04258350e+00 
 9.35950584e+00  9.95529317e+00  9.35950584e+00  3.00775676e+00 
 9.46789836e+00  9.95556587e+00  9.46789836e+00  2.97332586e+00 
 9.57754617e+00  9.95583239e+00  9.57754617e+00  2.93928635e+00 
 9.68846382e+00  9.95609286e+00  9.68846382e+00  2.90563380e+00 
 9.80066601e+00  9.95634741e+00  9.80066601e+00  2.87236385e+00 
 9.91416761e+00  9.95659618e+00  9.91416761e+00  2.83947217e+00 
 1.00289837e+01  9.95683930e+00  1.00289837e+01  2.80695449e+00 
 1.01451294e+01  9.95707691e+00  1.01451294e+01  2.77480658e+00 
 1.02626203e+01  9.95730911e+00  1.02626203e+01  2.74302427e+00 
 1.03814717e+01  9.95753605e+00  1.03814717e+01  2.71160340e+00 
 1.05016997e+01  9.95775783e+00  1.05016997e+01  2.68053990e+00 
 1.06233199e+01  9.95797457e+00  1.06233199e+01  2.64982971e+00 
 1.07463487e+01  9.95818639e+00  1.07463487e+01  2.61946884e+00 
 1.08708023e+01  9.95839340e+00  1.08708023e+01  2.58945333e+00 
 1.09966971e+01  9.95859571e+00  1.09966971e+01  2.55977927e+00 
 1.11240500e+01  9.95879342e+00  1.11240500e+01  2.53044278e+00 
 1.12528777e+01  9.95898664e+00  1.12528777e+01  2.50144003e+00 
 1.13831974e+01  9.95917547e+00  1.13831974e+01  2.47276724e+00 
 1.15150263e+01  9.95936001e+00  1.15150263e+01  2.44442067e+00 
 1.16483819e+01  9.95954036e+00  1.16483819e+01  2.41639660e+00 
 1.17832819e+01  9.95971661e+00  1.17832819e+01  2.38869139e+00 
 1.19197442e+01  9.95988885e+00  1.19197442e+01  2.36130140e+00 
 1.20577869e+01  9.96005719e+00  1.20577869e+01  2.33422306e+00 
 1.21974282e+01  9.96022169e+00  1.21974282e+01  2.30745283e+00 
 1.23386867e+01  9.96038247e+00  1.23386867e+01  2.28098719e+00 
 1.24815812e+01  9.96053958e+00  1.24815812e+01  2.25482270e+00 
 1.26261305e+01  9.96069313e+00  1.26261305e+01  2.22895591e+00 
 1.27723538e+01  9.96084319e+00  1.27723538e+01  2.20338345e+00 
 1.29202705e+01  9.96098984e+00  1.29202705e+01  2.17810196e+00 
 1.30699003e+01  9.96113315e+00  1.30699003e+01  2.15310813e+00 
 1.32212629e+01  9.96127321e+00  1.32212629e+01  2.12839869e+00 
 1.33743785e+01  9.96141009e+00  1.33743785e+01  2.10397039e+00 
 1.35292673e+01  9.96154385e+00  1.35292673e+01  2.07982004e+00 
 1.36859499e+01  9.96167458e+00  1.36859499e+01  2.05594445e+00 
 1.38444470e+01  9.96180233e+00  1.38444470e+01  2.03234051e+00 
 1.40047796e+01  9.96192718e+00  1.40047796e+01  2.00900511e+00 
 1.41669691e+01  9.96204920e+00  1.41669691e+01  1.98593520e+00 
 1.43310369e+01  9.96216844e+00  1.43310369e+01  1.96312773e+00 
 1.44970048e+01  9.96228497e+00  1.44970048e+01  1.94057972e+00 
 1.46648947e+01  9.96239885e+00  1.46648947e+01  1.91828820e+00 
 1.48347290e+01  9.96251014e+00  1.48347290e+01  1.89625025e+00 
 1.50065301e+01  9.96261891e+00  1.50065301e+01  1.87446297e+00 
 1.51803209e+01  9.96272520e+00  1.51803209e+01  1.85292350e+00 
 1.53561243e+01  9.96282908e+00  1.53561243e+01  1.83162899e+00 
 1.55339637e+01  9.96293059e+00  1.55339637e+01  1.81057667e+00 
 1.57138627e+01  9.96302980e+00  1.57138627e+01  1.78976374e+00 
 1.58958451e+01  9.96312675e+00  1.58958451e+01  1.76918749e+00 
 1.60799350e+01  9.96322150e+00  1.60799350e+01  1.74884519e+00 
 1.62661569e+01  9.96331410e+00  1.62661569e+01  1.72873418e+00 
 1.64545354e+01  9.96340459e+00  1.64545354e+01  1.70885180e+00 
 1.66450955e+01  9.96349302e+00  1.66450955e+01  1.68919545e+00 
 1.68378625e+01  9.96357945e+00  1.68378625e+01  1.66976252e+00 
 1.70328619e+01  9.96366391e+00  1.70328619e+01  1.65055047e+00 
 1.72301197e+01  9.96374645e+00  1.72301197e+01  1.63155676e+00 
 1.74296618e+01  9.96382711e+00  1.74296618e+01  1.61277889e+00 
 1.76315149e+01  9.96390595e+00  1.76315149e+01  1.59421439e+00 
 1.78357056e+01  9.96398299e+00  1.78357056e+01  1.57586081e+00 
 1.80422611e+01  9.96405827e+00  1.80422611e+01  1.55771573e+00 
 1.82512087e+01  9.96413185e+00  1.82512087e+01  1.53977676e+00 
 1.84625761e+01  9.96420376e+00  1.84625761e+01  1.52204154e+00 
 1.86763914e+01  9.96427403e+00  1.86763914e+01  1.50450773e+00 
 1.88926828e+01  9.96434270e+00  1.88926828e+01  1.48717301e+00 
 1.91114791e+01  9.96440981e+00  1.91114791e+01  1.47003510e+00 
 1.93328093e+01  9.96447540e+00  1.93328093e+01  1.45309175e+00 
 1.95567028e+01  9.96453950e+00  1.95567028e+01  1.43634071e+00 
 1.97831891e+01  9.96460214e+00  1.97831891e+01  1.41977977e+00 
 2.00122984e+01  9.96466336e+00  2.00122984e+01  1.40340676e+00 
 2.02440610e+01  9.96472318e+00  2.02440610e+01  1.38721951e+00 
 2.04785077e+01  9.96478165e+00  2.04785077e+01  1.37121588e+00 
 2.07156695e+01  9.96483878e+00  2.07156695e+01  1.35539377e+00 
 2.09555778e+01  9.96489462e+00  2.09555778e+01  1.33975108e+00 
 2.11982645e+01  9.96494919e+00  2.11982645e+01  1.32428575e+00 
 2.14437618e+01  9.96500252e+00  2.14437618e+01  1.30899573e+00 
 2.16921022e+01  9.96505464e+00  2.16921022e+01  1.29387902e+00 
 2.19433187e+01  9.96510557e+00  2.19433187e+01  1.27893361e+00 
 2.21974444e+01  9.96515535e+00  2.21974444e+01  1.26415753e+00 
 2.24545132e+01  9.96520399e+00  2.24545132e+01  1.24954883e+00 
 2.27145591e+01  9.96525153e+00  2.27145591e+01  1.23510558e+00 
 2.29776167e+01  9.96529799e+00  2.29776167e+01  1.22082587e+00 
 2.32437206e+01  9.96534339e+00  2.32437206e+01  1.20670781e+00 
 2.35129064e+01  9.96538776e+00  2.35129064e+01  1.19274954e+00 
 2.37852095e+01  9.96543113e+00  2.37852095e+01  1.17894922e+00 
 2.40606663e+01  9.96547351e+00  2.40606663e+01  1.16530502e+00 
 2.43393131e+01  9.96551492e+00  2.43393131e+01  1.15181514e+00 
 2.46211869e+01  9.96555540e+00  2.46211869e+01  1.13847779e+00 
 2.49063250e+01  9.96559495e+00  2.49063250e+01  1.12529122e+00 
 2.51947654e+01  9.96563361e+00  2.51947654e+01  1.11225368e+00 
 2.54865462e+01  9.96567138e+00  2.54865462e+01  1.09936345e+00 
 2.57817061e+01  9.96570830e+00  2.57817061e+01  1.08661882e+00 
 2.60802843e+01  9.96574438e+00  2.60802843e+01  1.07401811e+00 
 2.63823203e+01  9.96577964e+00  2.63823203e+01  1.06155966e+00 
 2.66878542e+01  9.96581410e+00  2.66878542e+01  1.04924181e+00 
 2.69969265e+01  9.96584778e+00  2.69969265e+01  1.03706293e+00 
 2.73095781e+01  9.96588069e+00  2.73095781e+01  1.02502142e+00 
 2.76258506e+01  9.96591285e+00  2.76258506e+01  1.01311569e+00 
 2.79457858e+01  9.96594429e+00  2.79457858e+01  1.00134416e+00 
 2.82694262e+01  9.96597500e+00  2.82694262e+01  9.89705264e-01 
 2.85968147e+01  9.96600503e+00  2.85968147e+01  9.78197477e-01 
 2.89279946e+01  9.96603436e+00  2.89279946e+01  9.66819270e-01 
 2.92630100e+01  9.96606304e+00  2.92630100e+01  9.55569141e-01 
 2.96019052e+01  9.96609106e+00  2.96019052e+01  9.44445599e-01 
 2.99447251e+01  9.96611844e+00  2.99447251e+01  9.33447174e-01 
 3.02915152e+01  9.96614520e+00  3.02915152e+01  9.22572410e-01 
 3.06423215e+01  9.96617136e+00  3.06423215e+01  9.11819870e-01 
 3.09971905e+01  9.96619692e+00  3.09971905e+01  9.01188129e-01 
 3.13561693e+01  9.96622190e+00  3.13561693e+01  8.90675782e-01 
 3.17193054e+01  9.96624631e+00  3.17193054e+01  8.80281438e-01 
 3.20866469e+01  9.96627017e+00  3.20866469e+01  8.70003720e-01 
 3.24582427e+01  9.96629348e+00  3.24582427e+01  8.59841270e-01 
 3.28341419e+01  9.96631627e+00  3.28341419e+01  8.49792742e-01 
 3.32143943e+01  9.96633854e+00  3.32143943e+01  8.39856806e-01 
 3.35990505e+01  9.96636030e+00  3.35990505e+01  8.30032148e-01 
 3.39881614e+01  9.96638157e+00  3.39881614e+01  8.20317466e-01 
 3.43817786e+01  9.96640235e+00  3.43817786e+01  8.10711476e-01 
 3.47799543e+01  9.96642266e+00  3.47799543e+01  8.01212906e-01 
 3.51827413e+01  9.96644251e+00  3.51827413e+01  7.91820498e-01 
 3.55901929e+01  9.96646191e+00  3.55901929e+01  7.82533010e-01 
 3.60023633e+01  9.96648087e+00  3.60023633e+01  7.73349211e-01 
 3.64193070e+01  9.96649940e+00  3.64193070e+01  7.64267886e-01 
 3.68410793e+01  9.96651751e+00  3.68410793e+01  7.55287834e-01 
 3.72677361e+01  9.96653520e+00  3.72677361e+01  7.46407864e-01 
 3.76993341e+01  9.96655250e+00  3.76993341e+01  7.37626802e-01 
 3.81359304e+01  9.96656940e+00  3.81359304e+01  7.28943485e-01 
 3.85775830e+01  9.96658592e+00  3.85775830e+01  7.20356763e-01 
 3.90243503e+01  9.96660206e+00  3.90243503e+01  7.11865499e-01 
 3.94762917e+01  9.96661783e+00  3.94762917e+01  7.03468569e-01 
 3.99334670e+01  9.96663325e+00  3.99334670e+01  6.95164862e-01 
 4.03959368e+01  9.96664832e+00  4.03959368e+01  6.86953277e-01 
 4.08637625e+01  9.96666304e+00  4.08637625e+01  6.78832728e-01 
 4.13370061e+01  9.96667743e+00  4.13370061e+01  6.70802138e-01 
 4.18157303e+01  9.96669149e+00  4.18157303e+01  6.62860445e-01 
 4.22999987e+01  9.96670523e+00  4.22999987e+01  6.55006597e-01 
 4.27898753e+01  9.96671867e+00  4.27898753e+01  6.47239554e-01 
 4.32854253e+01  9.96673179e+00  4.32854253e+01  6.39558286e-01 
 4.37867142e+01  9.96674462e+00  4.37867142e+01  6.31961778e-01 
 4.42938085e+01  9.96675715e+00  4.42938085e+01  6.24449023e-01 
 4.48067755e+01  9.96676940e+00  4.48067755e+01  6.17019025e-01 
 4.53256831e+01  9.96678137e+00  4.53256831e+01  6.09670802e-01 
 4.58506003e+01  9.96679307e+00  4.58506003e+01  6.02403378e-01 
 4.63815965e+01  9.96680451e+00  4.63815965e+01  5.95215793e-01 
 4.69187422e+01  9.96681568e+00  4.69187422e+01  5.88107094e-01 
 4.74621085e+01  9.96682660e+00  4.74621085e+01  5.81076339e-01 
 4.80117676e+01  9.96683727e+00  4.80117676e+01  5.74122597e-01 
 4.85677923e+01  9.96684770e+00  4.85677923e+01  5.67244948e-01 
 4.91302564e+01  9.96685789e+00  4.91302564e+01  5.60442479e-01 
 4.96992343e+01  9.96686785e+00  4.96992343e+01  5.53714290e-01 
 5.02748016e+01  9.96687759e+00  5.02748016e+01  5.47059490e-01 
 5.08570345e+01  9.96688710e+00  5.08570345e+01  5.40477197e-01 
 5.14460103e+01  9.96689639e+00  5.14460103e+01  5.33966539e-01 
 5.20418070e+01  9.96690548e+00  5.20418070e+01  5.27526654e-01 
 5.26445036e+01  9.96691436e+00  5.26445036e+01  5.21156688e-01 
 5.32541801e+01  9.96692303e+00  5.32541801e+01  5.14855798e-01 
 5.38709172e+01  9.96693151e+00  5.38709172e+01  5.08623149e-01 
 5.44947968e+01  9.96693980e+00  5.44947968e+01  5.02457915e-01 
 5.51259015e+01  9.96694789e+00  5.51259015e+01  4.96359279e-01 
 5.57643151e+01  9.96695581e+00  5.57643151e+01  4.90326434e-01 
 5.64101221e+01  9.96696354e+00  5.64101221e+01  4.84358580e-01 
 5.70634082e+01  9.96697109e+00  5.70634082e+01  4.78454927e-01 
 5.77242601e+01  9.96697848e+00  5.77242601e+01  4.72614692e-01 
 5.83927652e+01  9.96698569e+00  5.83927652e+01  4.66837101e-01 
 5.90690124e+01  9.96699275e+00  5.90690124e+01  4.61121389e-01 
 5.97530911e+01  9.96699964e+00  5.97530911e+01  4.55466799e-01 
 6.04450922e+01  9.96700637e+00  6.04450922e+01  4.49872582e-01 
 6.11451073e+01  9.96701295e+00  6.11451073e+01  4.44337996e-01 
 6.18532294e+01  9.96701938e+00  6.18532294e+01  4.38862307e-01 
 6.25695522e+01  9.96702567e+00  6.25695522e+01  4.33444791e-01 
 6.32941707e+01  9.96703181e+00  6.32941707e+01  4.28084730e-01 
 6.40271811e+01  9.96703781e+00  6.40271811e+01  4.22781413e-01 
 6.47686804e+01  9.96704368e+00  6.47686804e+01  4.17534137e-01 
 6.55187671e+01  9.96704941e+00  6.55187671e+01  4.12342207e-01 
 6.62775405e+01  9.96705501e+00  6.62775405e+01  4.07204936e-01 
 6.70451013e+01  9.96706048e+00  6.70451013e+01  4.02121642e-01 
 6.78215512e+01  9.96706583e+00  6.78215512e+01  3.97091652e-01 
 6.86069932e+01  9.96707105e+00  6.86069932e+01  3.92114300e-01 
 6.94015314e+01  9.96707616e+00  6.94015314e+01  3.87188925e-01 
 7.02052711e+01  9.96708115e+00  7.02052711e+01  3.82314875e-01 
 7.10183190e+01  9.96708603e+00  7.10183190e+01  3.77491505e-01 
 7.18407828e+01  9.96709079e+00  7.18407828e+01  3.72718174e-01 
 7.26727715e+01  9.96709545e+00  7.26727715e+01  3.67994251e-01 
 7.35143955e+01  9.96710000e+00  7.35143955e+01  3.63319109e-01 
 7.43657664e+01  9.96710444e+00  7.43657664e+01  3.58692128e-01 
 7.52269970e+01  9.96710878e+00  7.52269970e+01  3.54112697e-01 
 7.60982015e+01  9.96711303e+00  7.60982015e+01  3.49580207e-01 
 7.69794955e+01  9.96711718e+00  7.69794955e+01  3.45094058e-01 
 7.78709957e+01  9.96712123e+00  7.78709957e+01  3.40653656e-01 
 7.87728204e+01  9.96712519e+00  7.87728204e+01  3.36258411e-01 
 7.96850891e+01  9.96712906e+00  7.96850891e+01  3.31907742e-01 
 8.06079229e+01  9.96713284e+00  8.06079229e+01  3.27601072e-01 
 8.15414439e+01  9.96713653e+00  8.15414439e+01  3.23337830e-01 
 8.24857761e+01  9.96714014e+00  8.24857761e+01  3.19117451e-01 
 8.34410446e+01  9.96714367e+00  8.34410446e+01  3.14939376e-01 
 8.44073761e+01  9.96714711e+00  8.44073761e+01  3.10803051e-01 
 8.53848987e+01  9.96715048e+00  8.53848987e+01  3.06707927e-01 
 8.63737419e+01  9.96715377e+00  8.63737419e+01  3.02653463e-01 
 8.73740370e+01  9.96715699e+00  8.73740370e+01  2.98639120e-01 
 8.83859165e+01  9.96716013e+00  8.83859165e+01  2.94664366e-01 
 8.94095146e+01  9.96716319e+00  8.94095146e+01  2.90728675e-01 
 9.04449670e+01  9.96716619e+00  9.04449670e+01  2.86831526e-01 
 9.14924110e+01  9.96716912e+00  9.14924110e+01  2.82972401e-01 
 9.25519854e+01  9.96717198e+00  9.25519854e+01  2.79150789e-01 
 9.36238307e+01  9.96717477e+00  9.36238307e+01  2.75366183e-01 
 9.47080892e+01  9.96717751e+00  9.47080892e+01  2.71618083e-01 
 9.58049044e+01  9.96718017e+00  9.58049044e+01  2.67905990e-01 
 9.69144218e+01  9.96718278e+00  9.69144218e+01  2.64229413e-01 
 9.80367886e+01  9.96718533e+00  9.80367886e+01  2.60587866e-01 
 9.91721535e+01  9.96718781e+00  9.91721535e+01  2.56980864e-01 
 1.00320667e+02  9.96719024e+00  1.00320667e+02  2.53407930e-01 
 1.01482482e+02  9.96719261e+00  1.01482482e+02  2.49868590e-01 
 1.02657751e+02  9.96719493e+00  1.02657751e+02  2.46362376e-01 
 1.03846632e+02  9.96719720e+00  1.03846632e+02  2.42888822e-01 
 1.05049280e+02  9.96719941e+00  1.05049280e+02  2.39447468e-01 
 1.06265857e+02  9.96720157e+00  1.06265857e+02  2.36037858e-01 
 1.07496523e+02  9.96720368e+00  1.07496523e+02  2.32659539e-01 
 1.08741441e+02  9.96720574e+00  1.08741441e+02  2.29312065e-01 
 1.10000777e+02  9.96720775e+00  1.10000777e+02  2.25994991e-01 
 1.11274697e+02  9.96720972e+00  1.11274697e+02  2.22707878e-01 
 1.12563370e+02  9.96721164e+00  1.12563370e+02  2.19450290e-01 
 1.13866967e+02  9.96721352e+00  1.13866967e+02  2.16221795e-01 
 1.15185661e+02  9.96721535e+00  1.15185661e+02  2.13021964e-01 
 1.16519628e+02  9.96721714e+00  1.16519628e+02  2.09850375e-01 
 1.17869043e+02  9.96721888e+00  1.17869043e+02  2.06706607e-01 
 1.19234085e+02  9.96722059e+00  1.19234085e+02  2.03590242e-01 
 1.20614936e+02  9.96722225e+00  1.20614936e+02  2.00500868e-01 
 1.22011779e+02  9.96722388e+00  1.22011779e+02  1.97438075e-01 
 1.23424798e+02  9.96722547e+00  1.23424798e+02  1.94401457e-01 
 1.24854182e+02  9.96722702e+00  1.24854182e+02  1.91390612e-01 
 1.26300119e+02  9.96722853e+00  1.26300119e+02  1.88405140e-01 
 1.27762802e+02  9.96723001e+00  1.27762802e+02  1.85444646e-01 
 1.29242424e+02  9.96723145e+00  1.29242424e+02  1.82508737e-01 
 1.30739182e+02  9.96723285e+00  1.30739182e+02  1.79597025e-01 
 1.32253273e+02  9.96723423e+00  1.32253273e+02  1.76709122e-01 
 1.33784900e+02  9.96723557e+00  1.33784900e+02  1.73844647e-01 
 1.35334264e+02  9.96723688e+00  1.35334264e+02  1.71003219e-01 
 1.36901571e+02  9.96723815e+00  1.36901571e+02  1.68184462e-01 
 1.38487029e+02  9.96723940e+00  1.38487029e+02  1.65388002e-01 
 1.40090849e+02  9.96724061e+00  1.40090849e+02  1.62613469e-01 
 1.41713242e+02  9.96724180e+00  1.41713242e+02  1.59860494e-01 
 1.43354425e+02  9.96724296e+00  1.43354425e+02  1.57128713e-01 
 1.45014614e+02  9.96724409e+00  1.45014614e+02  1.54417763e-01 
 1.46694029e+02  9.96724519e+00  1.46694029e+02  1.51727286e-01 
 1.48392894e+02  9.96724626e+00  1.48392894e+02  1.49056924e-01 
 1.50111433e+02  9.96724731e+00  1.50111433e+02  1.46406323e-01 
 1.51849875e+02  9.96724833e+00  1.51849875e+02  1.43775133e-01 
 1.53608450e+02  9.96724933e+00  1.53608450e+02  1.41163004e-01 
 1.55387391e+02  9.96725030e+00  1.55387391e+02  1.38569590e-01 
 1.57186933e+02  9.96725124e+00  1.57186933e+02  1.35994547e-01 
 1.59007317e+02  9.96725216e+00  1.59007317e+02  1.33437533e-01 
 1.60848782e+02  9.96725306e+00  1.60848782e+02  1.30898211e-01 
 1.62711573e+02  9.96725394e+00  1.62711573e+02  1.28376243e-01 
 1.64595937e+02  9.96725479e+00  1.64595937e+02  1.25871294e-01 
 1.66502124e+02  9.96725562e+00  1.66502124e+02  1.23383033e-01 
 1.68430387e+02  9.96725643e+00  1.68430387e+02  1.20911130e-01 
 1.70380981e+02  9.96725722e+00  1.70380981e+02  1.18455258e-01 
 1.72354164e+02  9.96725799e+00  1.72354164e+02  1.16015089e-01 
 1.74350199e+02  9.96725874e+00  1.74350199e+02  1.13590302e-01 
 1.76369351e+02  9.96725946e+00  1.76369351e+02  1.11180574e-01 
 1.78411886e+02  9.96726017e+00  1.78411886e+02  1.08785587e-01 
 1.80478075e+02  9.96726086e+00  1.80478075e+02  1.06405022e-01 
 1.82568193e+02  9.96726153e+00  1.82568193e+02  1.04038564e-01 
 1.84682517e+02  9.96726218e+00  1.84682517e+02  1.01685899e-01 
 1.86821327e+02  9.96726281e+00  1.86821327e+02  9.93467160e-02 
 1.88984907e+02  9.96726343e+00  1.88984907e+02  9.70207039e-02 
 1.91173543e+02  9.96726403e+00  1.91173543e+02  9.47075547e-02 
 1.93387525e+02  9.96726461e+00  1.93387525e+02  9.24069617e-02 
 1.95627148e+02  9.96726517e+00  1.95627148e+02  9.01186199e-02 
 1.97892707e+02  9.96726572e+00  1.97892707e+02  8.78422259e-02 
 2.00184505e+02  9.96726625e+00  2.00184505e+02  8.55774780e-02 
 2.02502843e+02  9.96726676e+00  2.02502843e+02  8.33240758e-02 
 2.04848030e+02  9.96726726e+00  2.04848030e+02  8.10817206e-02 
 2.07220377e+02  9.96726774e+00  2.07220377e+02  7.88501152e-02 
 2.09620198e+02  9.96726821e+00  2.09620198e+02  7.66289636e-02 
 2.12047812e+02  9.96726866e+00  2.12047812e+02  7.44179715e-02 
 2.14503539e+02  9.96726910e+00  2.14503539e+02  7.22168456e-02 
 2.16987707e+02  9.96726953e+00  2.16987707e+02  7.00252942e-02 
 2.19500643e+02  9.96726994e+00  2.19500643e+02  6.78430266e-02 
 2.22042682e+02  9.96727033e+00  2.22042682e+02  6.56697537e-02 
 2.24614160e+02  9.96727071e+00  2.24614160e+02  6.35051872e-02 
 2.27215419e+02  9.96727108e+00  2.27215419e+02  6.13490401e-02 
 2.29846803e+02  9.96727144e+00  2.29846803e+02  5.92010267e-02 
 2.32508661e+02  9.96727178e+00  2.32508661e+02  5.70608621e-02 
 2.35201345e+02  9.96727211e+00  2.35201345e+02  5.49282626e-02 
 2.37925214e+02  9.96727242e+00  2.37925214e+02  5.28029455e-02 
 2.40680628e+02  9.96727272e+00  2.40680628e+02  5.06846290e-02 
 2.43467953e+02  9.96727301e+00  2.43467953e+02  4.85730322e-02 
 2.46287557e+02  9.96727329e+00  2.46287557e+02  4.64678751e-02 
 2.49139816e+02  9.96727356e+00  2.49139816e+02  4.43688788e-02 
 2.52025106e+02  9.96727381e+00  2.52025106e+02  4.22757649e-02 
 2.54943811e+02  9.96727405e+00  2.54943811e+02  4.01882558e-02 
 2.57896318e+02  9.96727428e+00  2.57896318e+02  3.81060749e-02 
 2.60883017e+02  9.96727450e+00  2.60883017e+02  3.60289461e-02 
 2.63904306e+02  9.96727471e+00  2.63904306e+02  3.39565939e-02 
 2.66960584e+02  9.96727490e+00  2.66960584e+02  3.18887437e-02 
 2.70052257e+02  9.96727508e+00  2.70052257e+02  2.98251213e-02 
 2.73179734e+02  9.96727525e+00  2.73179734e+02  2.77654531e-02 
 2.76343431e+02  9.96727541e+00  2.76343431e+02  2.57094660e-02 
 2.79543767e+02  9.96727556e+00  2.79543767e+02  2.36568874e-02 
 2.82781166e+02  9.96727570e+00  2.82781166e+02  2.16074452e-02 
 2.86056057e+02  9.96727583e+00  2.86056057e+02  1.95608677e-02 
 2.89368875e+02  9.96727595e+00  2.89368875e+02  1.75168836e-02 
 2.92720058e+02  9.96727605e+00  2.92720058e+02  1.54752218e-02 
 2.96110052e+02  9.96727615e+00  2.96110052e+02  1.34356116e-02 
 2.99539305e+02  9.96727623e+00  2.99539305e+02  1.13977828e-02 
 3.03008272e+02  9.96727630e+00  3.03008272e+02  9.36146499e-03 
 3.06517414e+02  9.96727637e+00  3.06517414e+02  7.32638830e-03 
 3.10067195e+02  9.96727642e+00  3.10067195e+02  5.29228290e-03 
 3.13658086e+02  9.96727646e+00  3.13658086e+02  3.25887911e-03 
 3.17290563e+02  9.96727649e+00  3.17290563e+02  1.22590733e-03 
 3.20965108e+02  9.96727651e+00  3.20965108e+02 -8.06901967e-04 
 3.24682207e+02  9.96727652e+00  3.24682207e+02 -2.83981829e-03 
 3.28442355e+02  9.96727652e+00  3.28442355e+02 -4.87311118e-03 
 3.32246049e+02  9.96727651e+00  3.32246049e+02 -6.90705020e-03 
 3.36093793e+02  9.96727648e+00  3.36093793e+02 -8.94190501e-03 
 3.39986099e+02  9.96727645e+00  3.39986099e+02 -1.09779454e-02 
 3.43923481e+02  9.96727641e+00  3.43923481e+02 -1.30154413e-02 
 3.47906461e+02  9.96727635e+00  3.47906461e+02 -1.50546629e-02 
 3.51935569e+02  9.96727629e+00  3.51935569e+02 -1.70958805e-02 
 3.56011338e+02  9.96727621e+00  3.56011338e+02 -1.91393647e-02 
 3.60134309e+02  9.96727613e+00  3.60134309e+02 -2.11853865e-02 
 3.64305027e+02  9.96727603e+00  3.64305027e+02 -2.32342171e-02 
 3.68524047e+02  9.96727592e+00  3.68524047e+02 -2.52861282e-02 
 3.72791927e+02  9.96727580e+00  3.72791927e+02 -2.73413918e-02 
 3.77109234e+02  9.96727567e+00  3.77109234e+02 -2.94002805e-02 
 3.81476539e+02  9.96727553e+00  3.81476539e+02 -3.14630671e-02 
 3.85894423e+02  9.96727538e+00  3.85894423e+02 -3.35300251e-02 
 3.90363469e+02  9.96727522e+00  3.90363469e+02 -3.56014287e-02 
 3.94884272e+02  9.96727504e+00  3.94884272e+02 -3.76775524e-02 
 3.99457430e+02  9.96727486e+00  3.99457430e+02 -3.97586715e-02 
 4.04083550e+02  9.96727466e+00  4.04083550e+02 -4.18450619e-02 
 4.08763246e+02  9.96727445e+00  4.08763246e+02 -4.39370002e-02 
 4.13497136e+02  9.96727423e+00  4.13497136e+02 -4.60347638e-02 
 4.18285850e+02  9.96727400e+00  4.18285850e+02 -4.81386307e-02 
 4.23130023e+02  9.96727376e+00  4.23130023e+02 -5.02488800e-02 
 4.28030295e+02  9.96727350e+00  4.28030295e+02 -5.23657915e-02 
 4.32987318e+02  9.96727323e+00  4.32987318e+02 -5.44896456e-02 
 4.38001748e+02  9.96727295e+00  4.38001748e+02 -5.66207242e-02 
 4.43074250e+02  9.96727266e+00  4.43074250e+02 -5.87593096e-02 
 4.48205497e+02  9.96727235e+00  4.48205497e+02 -6.09056854e-02 
 4.53396168e+02  9.96727204e+00  4.53396168e+02 -6.30601362e-02 
 4.58646954e+02  9.96727170e+00  4.58646954e+02 -6.52229477e-02 
 4.63958548e+02  9.96727136e+00  4.63958548e+02 -6.73944065e-02 
 4.69331656e+02  9.96727100e+00  4.69331656e+02 -6.95748007e-02 
 4.74766990e+02  9.96727063e+00  4.74766990e+02 -7.17644191e-02 
 4.80265271e+02  9.96727025e+00  4.80265271e+02 -7.39635522e-02 
 4.85827227e+02  9.96726985e+00  4.85827227e+02 -7.61724915e-02 
 4.91453597e+02  9.96726943e+00  4.91453597e+02 -7.83915299e-02 
 4.97145125e+02  9.96726901e+00  4.97145125e+02 -8.06209616e-02 
 5.02902567e+02  9.96726857e+00  5.02902567e+02 -8.28610821e-02 
 5.08726686e+02  9.96726811e+00  5.08726686e+02 -8.51121884e-02 
 5.14618255e+02  9.96726764e+00  5.14618255e+02 -8.73745791e-02 
 5.20578053e+02  9.96726715e+00  5.20578053e+02 -8.96485540e-02 
 5.26606872e+02  9.96726665e+00  5.26606872e+02 -9.19344146e-02 
 5.32705511e+02  9.96726613e+00  5.32705511e+02 -9.42324640e-02 
 5.38874778e+02  9.96726560e+00  5.38874778e+02 -9.65430068e-02 
 5.45115492e+02  9.96726505e+00  5.45115492e+02 -9.88663494e-02 
 5.51428479e+02  9.96726448e+00  5.51428479e+02 -1.01202800e-01 
 5.57814577e+02  9.96726389e+00  5.57814577e+02 -1.03552668e-01 
 5.64274633e+02  9.96726329e+00  5.64274633e+02 -1.05916265e-01 
 5.70809503e+02  9.96726267e+00  5.70809503e+02 -1.08293905e-01 
 5.77420053e+02  9.96726204e+00  5.77420053e+02 -1.10685902e-01 
 5.84107159e+02  9.96726138e+00  5.84107159e+02 -1.13092574e-01 
 5.90871709e+02  9.96726071e+00  5.90871709e+02 -1.15514240e-01 
 5.97714600e+02  9.96726002e+00  5.97714600e+02 -1.17951221e-01 
 6.04636738e+02  9.96725930e+00  6.04636738e+02 -1.20403840e-01 
 6.11639042e+02  9.96725857e+00  6.11639042e+02 -1.22872422e-01 
 6.18722439e+02  9.96725782e+00  6.18722439e+02 -1.25357295e-01 
 6.25887869e+02  9.96725705e+00  6.25887869e+02 -1.27858788e-01 
 6.33136282e+02  9.96725625e+00  6.33136282e+02 -1.30377232e-01 
 6.40468639e+02  9.96725544e+00  6.40468639e+02 -1.32912962e-01 
 6.47885912e+02  9.96725460e+00  6.47885912e+02 -1.35466313e-01 
 6.55389084e+02  9.96725375e+00  6.55389084e+02 -1.38037625e-01 
 6.62979151e+02  9.96725286e+00  6.62979151e+02 -1.40627237e-01 
 6.70657118e+02  9.96725196e+00  6.70657118e+02 -1.43235494e-01 
 6.78424004e+02  9.96725103e+00  6.78424004e+02 -1.45862741e-01 
 6.86280839e+02  9.96725008e+00  6.86280839e+02 -1.48509327e-01 
 6.94228663e+02  9.96724910e+00  6.94228663e+02 -1.51175602e-01 
 7.02268532e+02  9.96724810e+00  7.02268532e+02 -1.53861920e-01 
 7.10401510e+02  9.96724707e+00  7.10401510e+02 -1.56568636e-01 
 7.18628676e+02  9.96724602e+00  7.18628676e+02 -1.59296111e-01 
 7.26951121e+02  9.96724494e+00  7.26951121e+02 -1.62044705e-01 
 7.35369948e+02  9.96724383e+00  7.35369948e+02 -1.64814782e-01 
 7.43886274e+02  9.96724270e+00  7.43886274e+02 -1.67606711e-01 
 7.52501228e+02  9.96724153e+00  7.52501228e+02 -1.70420861e-01 
 7.61215951e+02  9.96724034e+00  7.61215951e+02 -1.73257605e-01 
 7.70031600e+02  9.96723912e+00  7.70031600e+02 -1.76117320e-01 
 7.78949343e+02  9.96723787e+00  7.78949343e+02 -1.79000383e-01 
 7.87970362e+02  9.96723658e+00  7.87970362e+02 -1.81907179e-01 
 7.97095854e+02  9.96723527e+00  7.97095854e+02 -1.84838092e-01 
 8.06327028e+02  9.96723392e+00  8.06327028e+02 -1.87793510e-01 
 8.15665108e+02  9.96723254e+00  8.15665108e+02 -1.90773825e-01 
 8.25111333e+02  9.96723112e+00  8.25111333e+02 -1.93779433e-01 
 8.34666955e+02  9.96722967e+00  8.34666955e+02 -1.96810732e-01 
 8.44333240e+02  9.96722818e+00  8.44333240e+02 -1.99868124e-01 
 8.54111471e+02  9.96722666e+00  8.54111471e+02 -2.02952014e-01 
 8.64002944e+02  9.96722510e+00  8.64002944e+02 -2.06062811e-01 
 8.74008970e+02  9.96722351e+00  8.74008970e+02 -2.09200927e-01 
 8.84130875e+02  9.96722187e+00  8.84130875e+02 -2.12366778e-01 
 8.94370003e+02  9.96722020e+00  8.94370003e+02 -2.15560785e-01 
 9.04727710e+02  9.96721848e+00  9.04727710e+02 -2.18783370e-01 
 9.15205369e+02  9.96721672e+00  9.15205369e+02 -2.22034961e-01 
 9.25804371e+02  9.96721493e+00  9.25804371e+02 -2.25315988e-01 
 9.36526119e+02  9.96721308e+00  9.36526119e+02 -2.28626888e-01 
 9.47372037e+02  9.96721120e+00  9.47372037e+02 -2.31968098e-01 
 9.58343561e+02  9.96720927e+00  9.58343561e+02 -2.35340061e-01 
 9.69442146e+02  9.96720729e+00  9.69442146e+02 -2.38743225e-01 
 9.80669264e+02  9.96720526e+00  9.80669264e+02 -2.42178041e-01 
 9.92026404e+02  9.96720319e+00  9.92026404e+02 -2.45644963e-01 
 1.00351507e+03  9.96720107e+00  1.00351507e+03 -2.49144453e-01 
 1.01513679e+03  9.96719889e+00  1.01513679e+03 -2.52676973e-01 
 1.02689310e+03  9.96719667e+00  1.02689310e+03 -2.56242991e-01 
 1.03878555e+03  9.96719439e+00  1.03878555e+03 -2.59842981e-01 
 1.05081574e+03  9.96719206e+00  1.05081574e+03 -2.63477420e-01 
 1.06298524e+03  9.96718967e+00  1.06298524e+03 -2.67146790e-01 
 1.07529569e+03  9.96718723e+00  1.07529569e+03 -2.70851576e-01 
 1.08774869e+03  9.96718472e+00  1.08774869e+03 -2.74592271e-01 
 1.10034592e+03  9.96718216e+00  1.10034592e+03 -2.78369369e-01 
 1.11308904e+03  9.96717954e+00  1.11308904e+03 -2.82183372e-01 
 1.12597973e+03  9.96717686e+00  1.12597973e+03 -2.86034786e-01 
 1.13901971e+03  9.96717411e+00  1.13901971e+03 -2.89924120e-01 
 1.15221071e+03  9.96717130e+00  1.15221071e+03 -2.93851890e-01 
 1.16555447e+03  9.96716842e+00  1.16555447e+03 -2.97818617e-01 
 1.17905277e+03  9.96716547e+00  1.17905277e+03 -3.01824827e-01 
 1.19270739e+03  9.96716246e+00  1.19270739e+03 -3.05871051e-01 
 1.20652015e+03  9.96715937e+00  1.20652015e+03 -3.09957825e-01 
 1.22049287e+03  9.96715621e+00  1.22049287e+03 -3.14085691e-01 
 1.23462740e+03  9.96715297e+00  1.23462740e+03 -3.18255196e-01 
 1.24892564e+03  9.96714966e+00  1.24892564e+03 -3.22466893e-01 
 1.26338945e+03  9.96714628e+00  1.26338945e+03 -3.26721339e-01 
 1.27802078e+03  9.96714281e+00  1.27802078e+03 -3.31019100e-01 
 1.29282155e+03  9.96713926e+00  1.29282155e+03 -3.35360744e-01 
 1.30779373e+03  9.96713563e+00  1.30779373e+03 -3.39746847e-01 
 1.32293930e+03  9.96713191e+00  1.32293930e+03 -3.44177990e-01 
 1.33826027e+03  9.96712810e+00  1.33826027e+03 -3.48654761e-01 
 1.35375867e+03  9.96712421e+00  1.35375867e+03 -3.53177754e-01 
 1.36943656e+03  9.96712022e+00  1.36943656e+03 -3.57747567e-01 
 1.38529602e+03  9.96711614e+00  1.38529602e+03 -3.62364806e-01 
 1.40133915e+03  9.96711197e+00  1.40133915e+03 -3.67030084e-01 
 1.41756807e+03  9.96710770e+00  1.41756807e+03 -3.71744018e-01 
 1.43398494e+03  9.96710332e+00  1.43398494e+03 -3.76507234e-01 
 1.45059193e+03  9.96709885e+00  1.45059193e+03 -3.81320362e-01 
 1.46739125e+03  9.96709427e+00  1.46739125e+03 -3.86184041e-01 
 1.48438512e+03  9.96708958e+00  1.48438512e+03 -3.91098916e-01 
 1.50157580e+03  9.96708478e+00  1.50157580e+03 -3.96065637e-01 
 1.51896556e+03  9.96707988e+00  1.51896556e+03 -4.01084863e-01 
 1.53655671e+03  9.96707485e+00  1.53655671e+03 -4.06157260e-01 
 1.55435159e+03  9.96706971e+00  1.55435159e+03 -4.11283499e-01 
 1.57235255e+03  9.96706445e+00  1.57235255e+03 -4.16464260e-01 
 1.59056198e+03  9.96705906e+00  1.59056198e+03 -4.21700229e-01 
 1.60898229e+03  9.96705355e+00  1.60898229e+03 -4.26992101e-01 
 1.62761593e+03  9.96704791e+00  1.62761593e+03 -4.32340576e-01 
 1.64646536e+03  9.96704214e+00  1.64646536e+03 -4.37746364e-01 
 1.66553309e+03  9.96703624e+00  1.66553309e+03 -4.43210181e-01 
 1.68482165e+03  9.96703019e+00  1.68482165e+03 -4.48732751e-01 
 1.70433358e+03  9.96702401e+00  1.70433358e+03 -4.54314806e-01 
 1.72407148e+03  9.96701768e+00  1.72407148e+03 -4.59957086e-01 
 1.74403797e+03  9.96701120e+00  1.74403797e+03 -4.65660337e-01 
 1.76423569e+03  9.96700457e+00  1.76423569e+03 -4.71425317e-01 
 1.78466732e+03  9.96699779e+00  1.78466732e+03 -4.77252789e-01 
 1.80533557e+03  9.96699084e+00  1.80533557e+03 -4.83143526e-01 
 1.82624317e+03  9.96698374e+00  1.82624317e+03 -4.89098307e-01 
 1.84739291e+03  9.96697647e+00  1.84739291e+03 -4.95117923e-01 
 1.86878759e+03  9.96696903e+00  1.86878759e+03 -5.01203170e-01 
 1.89043003e+03  9.96696142e+00  1.89043003e+03 -5.07354855e-01 
 1.91232312e+03  9.96695363e+00  1.91232312e+03 -5.13573793e-01 
 1.93446975e+03  9.96694565e+00  1.93446975e+03 -5.19860808e-01 
 1.95687286e+03  9.96693750e+00  1.95687286e+03 -5.26216734e-01 
 1.97953542e+03  9.96692915e+00  1.97953542e+03 -5.32642411e-01 
 2.00246044e+03  9.96692060e+00  2.00246044e+03 -5.39138693e-01 
 2.02565095e+03  9.96691186e+00  2.02565095e+03 -5.45706439e-01 
 2.04911003e+03  9.96690291e+00  2.04911003e+03 -5.52346520e-01 
 2.07284080e+03  9.96689376e+00  2.07284080e+03 -5.59059816e-01 
 2.09684638e+03  9.96688439e+00  2.09684638e+03 -5.65847215e-01 
 2.12112998e+03  9.96687480e+00  2.12112998e+03 -5.72709617e-01 
 2.14569480e+03  9.96686499e+00  2.14569480e+03 -5.79647932e-01 
 2.17054412e+03  9.96685495e+00  2.17054412e+03 -5.86663078e-01 
 2.19568121e+03  9.96684467e+00  2.19568121e+03 -5.93755985e-01 
 2.22110941e+03  9.96683416e+00  2.22110941e+03 -6.00927593e-01 
 2.24683210e+03  9.96682340e+00  2.24683210e+03 -6.08178851e-01 
 2.27285268e+03  9.96681239e+00  2.27285268e+03 -6.15510721e-01 
 2.29917461e+03  9.96680112e+00  2.29917461e+03 -6.22924173e-01 
 2.32580137e+03  9.96678960e+00  2.32580137e+03 -6.30420189e-01 
 2.35273649e+03  9.96677780e+00  2.35273649e+03 -6.37999763e-01 
 2.37998356e+03  9.96676572e+00  2.37998356e+03 -6.45663898e-01 
 2.40754617e+03  9.96675337e+00  2.40754617e+03 -6.53413610e-01 
 2.43542798e+03  9.96674073e+00  2.43542798e+03 -6.61249926e-01 
 2.46363269e+03  9.96672779e+00  2.46363269e+03 -6.69173882e-01 
 2.49216405e+03  9.96671455e+00  2.49216405e+03 -6.77186529e-01 
 2.52102582e+03  9.96670101e+00  2.52102582e+03 -6.85288928e-01 
 2.55022184e+03  9.96668714e+00  2.55022184e+03 -6.93482151e-01 
 2.57975598e+03  9.96667296e+00  2.57975598e+03 -7.01767285e-01 
 2.60963216e+03  9.96665844e+00  2.60963216e+03 -7.10145427e-01 
 2.63985434e+03  9.96664359e+00  2.63985434e+03 -7.18617685e-01 
 2.67042651e+03  9.96662838e+00  2.67042651e+03 -7.27185182e-01 
 2.70135274e+03  9.96661283e+00  2.70135274e+03 -7.35849052e-01 
 2.73263713e+03  9.96659691e+00  2.73263713e+03 -7.44610444e-01 
 2.76428383e+03  9.96658062e+00  2.76428383e+03 -7.53470516e-01 
 2.79629703e+03  9.96656396e+00  2.79629703e+03 -7.62430442e-01 
 2.82868097e+03  9.96654690e+00  2.82868097e+03 -7.71491409e-01 
 2.86143995e+03  9.96652945e+00  2.86143995e+03 -7.80654616e-01 
 2.89457831e+03  9.96651158e+00  2.89457831e+03 -7.89921277e-01 
 2.92810044e+03  9.96649331e+00  2.92810044e+03 -7.99292617e-01 
 2.96201080e+03  9.96647461e+00  2.96201080e+03 -8.08769879e-01 
 2.99631387e+03  9.96645547e+00  2.99631387e+03 -8.18354317e-01 
 3.03101421e+03  9.96643588e+00  3.03101421e+03 -8.28047199e-01 
 3.06611641e+03  9.96641584e+00  3.06611641e+03 -8.37849809e-01 
 3.10162514e+03  9.96639534e+00  3.10162514e+03 -8.47763445e-01 
 3.13754508e+03  9.96637435e+00  3.13754508e+03 -8.57789418e-01 
 3.17388102e+03  9.96635288e+00  3.17388102e+03 -8.67929055e-01 
 3.21063777e+03  9.96633090e+00  3.21063777e+03 -8.78183700e-01 
 3.24782019e+03  9.96630842e+00  3.24782019e+03 -8.88554709e-01 
 3.28543323e+03  9.96628541e+00  3.28543323e+03 -8.99043454e-01 
 3.32348186e+03  9.96626186e+00  3.32348186e+03 -9.09651324e-01 
 3.36197113e+03  9.96623777e+00  3.36197113e+03 -9.20379722e-01 
 3.40090615e+03  9.96621311e+00  3.40090615e+03 -9.31230069e-01 
 3.44029207e+03  9.96618788e+00  3.44029207e+03 -9.42203800e-01 
 3.48013412e+03  9.96616206e+00  3.48013412e+03 -9.53302367e-01 
 3.52043759e+03  9.96613564e+00  3.52043759e+03 -9.64527239e-01 
 3.56120781e+03  9.96610861e+00  3.56120781e+03 -9.75879901e-01 
 3.60245019e+03  9.96608095e+00  3.60245019e+03 -9.87361854e-01 
 3.64417019e+03  9.96605264e+00  3.64417019e+03 -9.98974618e-01 
 3.68637336e+03  9.96602367e+00  3.68637336e+03 -1.01071973e+00 
 3.72906528e+03  9.96599403e+00  3.72906528e+03 -1.02259874e+00 
 3.77225162e+03  9.96596369e+00  3.77225162e+03 -1.03461323e+00 
 3.81593810e+03  9.96593266e+00  3.81593810e+03 -1.04676477e+00 
 3.86013052e+03  9.96590089e+00  3.86013052e+03 -1.05905498e+00 
 3.90483472e+03  9.96586839e+00  3.90483472e+03 -1.07148549e+00 
 3.95005665e+03  9.96583513e+00  3.95005665e+03 -1.08405793e+00 
 3.99580229e+03  9.96580110e+00  3.99580229e+03 -1.09677398e+00 
 4.04207771e+03  9.96576627e+00  4.04207771e+03 -1.10963530e+00 
 4.08888905e+03  9.96573063e+00  4.08888905e+03 -1.12264361e+00 
 4.13624251e+03  9.96569417e+00  4.13624251e+03 -1.13580062e+00 
 4.18414437e+03  9.96565685e+00  4.18414437e+03 -1.14910807e+00 
 4.23260098e+03  9.96561866e+00  4.23260098e+03 -1.16256772e+00 
 4.28161877e+03  9.96557959e+00  4.28161877e+03 -1.17618135e+00 
 4.33120424e+03  9.96553960e+00  4.33120424e+03 -1.18995076e+00 
 4.38136395e+03  9.96549869e+00  4.38136395e+03 -1.20387777e+00 
 4.43210457e+03  9.96545682e+00  4.43210457e+03 -1.21796421e+00 
 4.48343281e+03  9.96541397e+00  4.48343281e+03 -1.23221196e+00 
 4.53535548e+03  9.96537013e+00  4.53535548e+03 -1.24662289e+00 
 4.58787948e+03  9.96532527e+00  4.58787948e+03 -1.26119891e+00 
 4.64101175e+03  9.96527936e+00  4.64101175e+03 -1.27594194e+00 
 4.69475935e+03  9.96523239e+00  4.69475935e+03 -1.29085393e+00 
 4.74912940e+03  9.96518432e+00  4.74912940e+03 -1.30593686e+00 
 4.80412911e+03  9.96513513e+00  4.80412911e+03 -1.32119270e+00 
 4.85976577e+03  9.96508479e+00  4.85976577e+03 -1.33662348e+00 
 4.91604676e+03  9.96503329e+00  4.91604676e+03 -1.35223124e+00 
 4.97297954e+03  9.96498058e+00  4.97297954e+03 -1.36801803e+00 
 5.03057166e+03  9.96492665e+00  5.03057166e+03 -1.38398594e+00 
 5.08883076e+03  9.96487146e+00  5.08883076e+03 -1.40013708e+00 
 5.14776455e+03  9.96481498e+00  5.14776455e+03 -1.41647359e+00 
 5.20738086e+03  9.96475719e+00  5.20738086e+03 -1.43299760e+00 
 5.26768758e+03  9.96469806e+00  5.26768758e+03 -1.44971132e+00 
 5.32869272e+03  9.96463755e+00  5.32869272e+03 -1.46661694e+00 
 5.39040436e+03  9.96457563e+00  5.39040436e+03 -1.48371669e+00 
 5.45283068e+03  9.96451227e+00  5.45283068e+03 -1.50101283e+00 
 5.51597996e+03  9.96444743e+00  5.51597996e+03 -1.51850765e+00 
 5.57986057e+03  9.96438108e+00  5.57986057e+03 -1.53620344e+00 
 5.64448099e+03  9.96431319e+00  5.64448099e+03 -1.55410254e+00 
 5.70984977e+03  9.96424372e+00  5.70984977e+03 -1.57220732e+00 
 5.77597559e+03  9.96417263e+00  5.77597559e+03 -1.59052016e+00 
 5.84286722e+03  9.96409989e+00  5.84286722e+03 -1.60904348e+00 
 5.91053351e+03  9.96402545e+00  5.91053351e+03 -1.62777971e+00 
 5.97898345e+03  9.96394928e+00  5.97898345e+03 -1.64673132e+00 
 6.04822611e+03  9.96387134e+00  6.04822611e+03 -1.66590082e+00 
 6.11827067e+03  9.96379158e+00  6.11827067e+03 -1.68529073e+00 
 6.18912642e+03  9.96370997e+00  6.18912642e+03 -1.70490360e+00 
 6.26080275e+03  9.96362646e+00  6.26080275e+03 -1.72474202e+00 
 6.33330916e+03  9.96354100e+00  6.33330916e+03 -1.74480860e+00 
 6.40665527e+03  9.96345356e+00  6.40665527e+03 -1.76510599e+00 
 6.48085080e+03  9.96336408e+00  6.48085080e+03 -1.78563685e+00 
 6.55590559e+03  9.96327251e+00  6.55590559e+03 -1.80640388e+00 
 6.63182959e+03  9.96317882e+00  6.63182959e+03 -1.82740983e+00 
 6.70863287e+03  9.96308294e+00  6.70863287e+03 -1.84865745e+00 
 6.78632561e+03  9.96298484e+00  6.78632561e+03 -1.87014955e+00 
 6.86491811e+03  9.96288445e+00  6.86491811e+03 -1.89188894e+00 
 6.94442078e+03  9.96278172e+00  6.94442078e+03 -1.91387849e+00 
 7.02484418e+03  9.96267661e+00  7.02484418e+03 -1.93612110e+00 
 7.10619897e+03  9.96256904e+00  7.10619897e+03 -1.95861967e+00 
 7.18849592e+03  9.96245898e+00  7.18849592e+03 -1.98137718e+00 
 7.27174595e+03  9.96234635e+00  7.27174595e+03 -2.00439661e+00 
 7.35596011e+03  9.96223111e+00  7.35596011e+03 -2.02768099e+00 
 7.44114955e+03  9.96211318e+00  7.44114955e+03 -2.05123337e+00 
 7.52732557e+03  9.96199250e+00  7.52732557e+03 -2.07505686e+00 
 7.61449959e+03  9.96186903e+00  7.61449959e+03 -2.09915457e+00 
 7.70268318e+03  9.96174267e+00  7.70268318e+03 -2.12352967e+00 
 7.79188802e+03  9.96161338e+00  7.79188802e+03 -2.14818537e+00 
 7.88212595e+03  9.96148108e+00  7.88212595e+03 -2.17312489e+00 
 7.97340892e+03  9.96134570e+00  7.97340892e+03 -2.19835151e+00 
 8.06574904e+03  9.96120718e+00  8.06574904e+03 -2.22386854e+00 
 8.15915855e+03  9.96106543e+00  8.15915855e+03 -2.24967932e+00 
 8.25364983e+03  9.96092038e+00  8.25364983e+03 -2.27578724e+00 
 8.34923543e+03  9.96077196e+00  8.34923543e+03 -2.30219572e+00 
 8.44592800e+03  9.96062009e+00  8.44592800e+03 -2.32890822e+00 
 8.54374036e+03  9.96046468e+00  8.54374036e+03 -2.35592823e+00 
 8.64268550e+03  9.96030566e+00  8.64268550e+03 -2.38325930e+00 
 8.74277651e+03  9.96014295e+00  8.74277651e+03 -2.41090500e+00 
 8.84402669e+03  9.95997645e+00  8.84402669e+03 -2.43886896e+00 
 8.94644944e+03  9.95980607e+00  8.94644944e+03 -2.46715483e+00 
 9.05005835e+03  9.95963174e+00  9.05005835e+03 -2.49576630e+00 
 9.15486716e+03  9.95945335e+00  9.15486716e+03 -2.52470713e+00 
 9.26088975e+03  9.95927081e+00  9.26088975e+03 -2.55398110e+00 
 9.36814020e+03  9.95908403e+00  9.36814020e+03 -2.58359202e+00 
 9.47663271e+03  9.95889291e+00  9.47663271e+03 -2.61354377e+00 
 9.58638168e+03  9.95869734e+00  9.58638168e+03 -2.64384025e+00 
 9.69740165e+03  9.95849723e+00  9.69740165e+03 -2.67448543e+00 
 9.80970735e+03  9.95829246e+00  9.80970735e+03 -2.70548330e+00 
 9.92331366e+03  9.95808294e+00  9.92331366e+03 -2.73683790e+00 
 1.00382356e+04  9.95786854e+00  1.00382356e+04 -2.76855333e+00 
 1.01544885e+04  9.95764917e+00  1.01544885e+04 -2.80063371e+00 
 1.02720878e+04  9.95742469e+00  1.02720878e+04 -2.83308323e+00 
 1.03910489e+04  9.95719500e+00  1.03910489e+04 -2.86590610e+00 
 1.05113877e+04  9.95695996e+00  1.05113877e+04 -2.89910661e+00 
 1.06331202e+04  9.95671947e+00  1.06331202e+04 -2.93268908e+00 
 1.07562625e+04  9.95647339e+00  1.07562625e+04 -2.96665786e+00 
 1.08808308e+04  9.95622159e+00  1.08808308e+04 -3.00101738e+00 
 1.10068418e+04  9.95596394e+00  1.10068418e+04 -3.03577210e+00 
 1.11343122e+04  9.95570031e+00  1.11343122e+04 -3.07092654e+00 
 1.12632587e+04  9.95543055e+00  1.12632587e+04 -3.10648525e+00 
 1.13936986e+04  9.95515453e+00  1.13936986e+04 -3.14245286e+00 
 1.15256492e+04  9.95487209e+00  1.15256492e+04 -3.17883402e+00 
 1.16591278e+04  9.95458309e+00  1.16591278e+04 -3.21563346e+00 
 1.17941523e+04  9.95428739e+00  1.17941523e+04 -3.25285593e+00 
 1.19307404e+04  9.95398481e+00  1.19307404e+04 -3.29050627e+00 
 1.20689105e+04  9.95367521e+00  1.20689105e+04 -3.32858933e+00 
 1.22086806e+04  9.95335842e+00  1.22086806e+04 -3.36711005e+00 
 1.23500695e+04  9.95303428e+00  1.23500695e+04 -3.40607341e+00 
 1.24930957e+04  9.95270261e+00  1.24930957e+04 -3.44548443e+00 
 1.26377784e+04  9.95236324e+00  1.26377784e+04 -3.48534821e+00 
 1.27841366e+04  9.95201599e+00  1.27841366e+04 -3.52566989e+00 
 1.29321898e+04  9.95166069e+00  1.29321898e+04 -3.56645467e+00 
 1.30819576e+04  9.95129714e+00  1.30819576e+04 -3.60770780e+00 
 1.32334599e+04  9.95092515e+00  1.32334599e+04 -3.64943460e+00 
 1.33867167e+04  9.95054453e+00  1.33867167e+04 -3.69164043e+00 
 1.35417484e+04  9.95015508e+00  1.35417484e+04 -3.73433073e+00 
 1.36985755e+04  9.94975660e+00  1.36985755e+04 -3.77751097e+00 
 1.38572188e+04  9.94934887e+00  1.38572188e+04 -3.82118671e+00 
 1.40176994e+04  9.94893169e+00  1.40176994e+04 -3.86536354e+00 
 1.41800385e+04  9.94850483e+00  1.41800385e+04 -3.91004713e+00 
 1.43442576e+04  9.94806807e+00  1.43442576e+04 -3.95524321e+00 
 1.45103786e+04  9.94762118e+00  1.45103786e+04 -4.00095755e+00 
 1.46784234e+04  9.94716394e+00  1.46784234e+04 -4.04719601e+00 
 1.48484144e+04  9.94669609e+00  1.48484144e+04 -4.09396449e+00 
 1.50203740e+04  9.94621740e+00  1.50203740e+04 -4.14126897e+00 
 1.51943251e+04  9.94572762e+00  1.51943251e+04 -4.18911548e+00 
 1.53702907e+04  9.94522648e+00  1.53702907e+04 -4.23751011e+00 
 1.55482942e+04  9.94471373e+00  1.55482942e+04 -4.28645904e+00 
 1.57283591e+04  9.94418911e+00  1.57283591e+04 -4.33596848e+00 
 1.59105094e+04  9.94365233e+00  1.59105094e+04 -4.38604473e+00 
 1.60947691e+04  9.94310311e+00  1.60947691e+04 -4.43669414e+00 
 1.62811628e+04  9.94254118e+00  1.62811628e+04 -4.48792314e+00 
 1.64697151e+04  9.94196624e+00  1.64697151e+04 -4.53973823e+00 
 1.66604510e+04  9.94137798e+00  1.66604510e+04 -4.59214594e+00 
 1.68533958e+04  9.94077611e+00  1.68533958e+04 -4.64515293e+00 
 1.70485751e+04  9.94016030e+00  1.70485751e+04 -4.69876586e+00 
 1.72460148e+04  9.93953025e+00  1.72460148e+04 -4.75299152e+00 
 1.74457411e+04  9.93888562e+00  1.74457411e+04 -4.80783672e+00 
 1.76477804e+04  9.93822607e+00  1.76477804e+04 -4.86330838e+00 
 1.78521595e+04  9.93755126e+00  1.78521595e+04 -4.91941345e+00 
 1.80589055e+04  9.93686085e+00  1.80589055e+04 -4.97615900e+00 
 1.82680458e+04  9.93615448e+00  1.82680458e+04 -5.03355212e+00 
 1.84796082e+04  9.93543177e+00  1.84796082e+04 -5.09160000e+00 
 1.86936208e+04  9.93469236e+00  1.86936208e+04 -5.15030990e+00 
 1.89101117e+04  9.93393586e+00  1.89101117e+04 -5.20968916e+00 
 1.91291099e+04  9.93316187e+00  1.91291099e+04 -5.26974516e+00 
 1.93506443e+04  9.93237001e+00  1.93506443e+04 -5.33048540e+00 
 1.95747443e+04  9.93155985e+00  1.95747443e+04 -5.39191741e+00 
 1.98014396e+04  9.93073099e+00  1.98014396e+04 -5.45404883e+00 
 2.00307602e+04  9.92988299e+00  2.00307602e+04 -5.51688735e+00 
 2.02627366e+04  9.92901541e+00  2.02627366e+04 -5.58044075e+00 
 2.04973996e+04  9.92812781e+00  2.04973996e+04 -5.64471687e+00 
 2.07347801e+04  9.92721973e+00  2.07347801e+04 -5.70972365e+00 
 2.09749098e+04  9.92629070e+00  2.09749098e+04 -5.77546908e+00 
 2.12178204e+04  9.92534024e+00  2.12178204e+04 -5.84196125e+00 
 2.14635442e+04  9.92436786e+00  2.14635442e+04 -5.90920831e+00 
 2.17121137e+04  9.92337307e+00  2.17121137e+04 -5.97721849e+00 
 2.19635619e+04  9.92235535e+00  2.19635619e+04 -6.04600010e+00 
 2.22179221e+04  9.92131418e+00  2.22179221e+04 -6.11556154e+00 
 2.24752280e+04  9.92024903e+00  2.24752280e+04 -6.18591126e+00 
 2.27355138e+04  9.91915935e+00  2.27355138e+04 -6.25705783e+00 
 2.29988140e+04  9.91804457e+00  2.29988140e+04 -6.32900985e+00 
 2.32651635e+04  9.91690414e+00  2.32651635e+04 -6.40177603e+00 
 2.35345976e+04  9.91573746e+00  2.35345976e+04 -6.47536517e+00 
 2.38071520e+04  9.91454395e+00  2.38071520e+04 -6.54978611e+00 
 2.40828628e+04  9.91332298e+00  2.40828628e+04 -6.62504780e+00 
 2.43617666e+04  9.91207395e+00  2.43617666e+04 -6.70115927e+00 
 2.46439005e+04  9.91079620e+00  2.46439005e+04 -6.77812961e+00 
 2.49293017e+04  9.90948910e+00  2.49293017e+04 -6.85596800e+00 
 2.52180082e+04  9.90815197e+00  2.52180082e+04 -6.93468371e+00 
 2.55100581e+04  9.90678414e+00  2.55100581e+04 -7.01428609e+00 
 2.58054904e+04  9.90538491e+00  2.58054904e+04 -7.09478454e+00 
 2.61043440e+04  9.90395358e+00  2.61043440e+04 -7.17618857e+00 
 2.64066586e+04  9.90248941e+00  2.64066586e+04 -7.25850777e+00 
 2.67124744e+04  9.90099167e+00  2.67124744e+04 -7.34175180e+00 
 2.70218318e+04  9.89945959e+00  2.70218318e+04 -7.42593039e+00 
 2.73347718e+04  9.89789241e+00  2.73347718e+04 -7.51105338e+00 
 2.76513361e+04  9.89628934e+00  2.76513361e+04 -7.59713067e+00 
 2.79715664e+04  9.89464956e+00  2.79715664e+04 -7.68417222e+00 
 2.82955054e+04  9.89297225e+00  2.82955054e+04 -7.77218812e+00 
 2.86231959e+04  9.89125657e+00  2.86231959e+04 -7.86118848e+00 
 2.89546814e+04  9.88950165e+00  2.89546814e+04 -7.95118354e+00 
 2.92900058e+04  9.88770662e+00  2.92900058e+04 -8.04218360e+00 
 2.96292136e+04  9.88587058e+00  2.96292136e+04 -8.13419901e+00 
 2.99723498e+04  9.88399261e+00  2.99723498e+04 -8.22724024e+00 
 3.03194599e+04  9.88207177e+00  3.03194599e+04 -8.32131782e+00 
 3.06705898e+04  9.88010710e+00  3.06705898e+04 -8.41644234e+00 
 3.10257862e+04  9.87809762e+00  3.10257862e+04 -8.51262450e+00 
 3.13850961e+04  9.87604235e+00  3.13850961e+04 -8.60987504e+00 
 3.17485672e+04  9.87394024e+00  3.17485672e+04 -8.70820481e+00 
 3.21162476e+04  9.87179027e+00  3.21162476e+04 -8.80762469e+00 
 3.24881861e+04  9.86959137e+00  3.24881861e+04 -8.90814567e+00 
 3.28644321e+04  9.86734245e+00  3.28644321e+04 -9.00977880e+00 
 3.32450354e+04  9.86504240e+00  3.32450354e+04 -9.11253521e+00 
 3.36300464e+04  9.86269009e+00  3.36300464e+04 -9.21642607e+00 
 3.40195163e+04  9.86028436e+00  3.40195163e+04 -9.32146265e+00 
 3.44134966e+04  9.85782404e+00  3.44134966e+04 -9.42765627e+00 
 3.48120396e+04  9.85530791e+00  3.48120396e+04 -9.53501834e+00 
 3.52151982e+04  9.85273474e+00  3.52151982e+04 -9.64356031e+00 
 3.56230257e+04  9.85010328e+00  3.56230257e+04 -9.75329370e+00 
 3.60355763e+04  9.84741225e+00  3.60355763e+04 -9.86423010e+00 
 3.64529046e+04  9.84466034e+00  3.64529046e+04 -9.97638117e+00 
 3.68750660e+04  9.84184621e+00  3.68750660e+04 -1.00897586e+01 
 3.73021165e+04  9.83896850e+00  3.73021165e+04 -1.02043741e+01 
 3.77341126e+04  9.83602582e+00  3.77341126e+04 -1.03202397e+01 
 3.81711117e+04  9.83301675e+00  3.81711117e+04 -1.04373670e+01 
 3.86131717e+04  9.82993984e+00  3.86131717e+04 -1.05557681e+01 
 3.90603512e+04  9.82679362e+00  3.90603512e+04 -1.06754549e+01 
 3.95127095e+04  9.82357657e+00  3.95127095e+04 -1.07964395e+01 
 3.99703065e+04  9.82028716e+00  3.99703065e+04 -1.09187339e+01 
 4.04332030e+04  9.81692383e+00  4.04332030e+04 -1.10423503e+01 
 4.09014603e+04  9.81348497e+00  4.09014603e+04 -1.11673007e+01 
 4.13751404e+04  9.80996895e+00  4.13751404e+04 -1.12935975e+01 
 4.18543063e+04  9.80637411e+00  4.18543063e+04 -1.14212528e+01 
 4.23390214e+04  9.80269875e+00  4.23390214e+04 -1.15502789e+01 
 4.28293500e+04  9.79894115e+00  4.28293500e+04 -1.16806881e+01 
 4.33253571e+04  9.79509953e+00  4.33253571e+04 -1.18124927e+01 
 4.38271084e+04  9.79117211e+00  4.38271084e+04 -1.19457051e+01 
 4.43346705e+04  9.78715705e+00  4.43346705e+04 -1.20803376e+01 
 4.48481108e+04  9.78305248e+00  4.48481108e+04 -1.22164026e+01 
 4.53674971e+04  9.77885649e+00  4.53674971e+04 -1.23539125e+01 
 4.58928985e+04  9.77456716e+00  4.58928985e+04 -1.24928798e+01 
 4.64243846e+04  9.77018250e+00  4.64243846e+04 -1.26333168e+01 
 4.69620258e+04  9.76570050e+00  4.69620258e+04 -1.27752360e+01 
 4.75058934e+04  9.76111910e+00  4.75058934e+04 -1.29186498e+01 
 4.80560596e+04  9.75643622e+00  4.80560596e+04 -1.30635706e+01 
 4.86125973e+04  9.75164973e+00  4.86125973e+04 -1.32100108e+01 
 4.91755802e+04  9.74675746e+00  4.91755802e+04 -1.33579828e+01 
 4.97450830e+04  9.74175719e+00  4.97450830e+04 -1.35074989e+01 
 5.03211813e+04  9.73664669e+00  5.03211813e+04 -1.36585716e+01 
 5.09039513e+04  9.73142366e+00  5.09039513e+04 -1.38112131e+01 
 5.14934704e+04  9.72608577e+00  5.14934704e+04 -1.39654357e+01 
 5.20898168e+04  9.72063065e+00  5.20898168e+04 -1.41212517e+01 
 5.26930694e+04  9.71505588e+00  5.26930694e+04 -1.42786732e+01 
 5.33033083e+04  9.70935902e+00  5.33033083e+04 -1.44377124e+01 
 5.39206144e+04  9.70353755e+00  5.39206144e+04 -1.45983815e+01 
 5.45450695e+04  9.69758893e+00  5.45450695e+04 -1.47606924e+01 
 5.51767564e+04  9.69151058e+00  5.51767564e+04 -1.49246571e+01 
 5.58157589e+04  9.68529986e+00  5.58157589e+04 -1.50902875e+01 
 5.64621617e+04  9.67895411e+00  5.64621617e+04 -1.52575955e+01 
 5.71160505e+04  9.67247058e+00  5.71160505e+04 -1.54265926e+01 
 5.77775120e+04  9.66584653e+00  5.77775120e+04 -1.55972906e+01 
 5.84466339e+04  9.65907913e+00  5.84466339e+04 -1.57697010e+01 
 5.91235049e+04  9.65216553e+00  5.91235049e+04 -1.59438352e+01 
 5.98082147e+04  9.64510282e+00  5.98082147e+04 -1.61197045e+01 
 6.05008542e+04  9.63788805e+00  6.05008542e+04 -1.62973201e+01 
 6.12015151e+04  9.63051822e+00  6.12015151e+04 -1.64766930e+01 
 6.19102904e+04  9.62299029e+00  6.19102904e+04 -1.66578341e+01 
 6.26272740e+04  9.61530116e+00  6.26272740e+04 -1.68407543e+01 
 6.33525610e+04  9.60744768e+00  6.33525610e+04 -1.70254640e+01 
 6.40862476e+04  9.59942668e+00  6.40862476e+04 -1.72119738e+01 
 6.48284310e+04  9.59123491e+00  6.48284310e+04 -1.74002938e+01 
 6.55792097e+04  9.58286910e+00  6.55792097e+04 -1.75904343e+01 
 6.63386831e+04  9.57432590e+00  6.63386831e+04 -1.77824050e+01 
 6.71069519e+04  9.56560193e+00  6.71069519e+04 -1.79762157e+01 
 6.78841182e+04  9.55669377e+00  6.78841182e+04 -1.81718758e+01 
 6.86702847e+04  9.54759794e+00  6.86702847e+04 -1.83693947e+01 
 6.94655559e+04  9.53831092e+00  6.94655559e+04 -1.85687813e+01 
 7.02700371e+04  9.52882913e+00  7.02700371e+04 -1.87700444e+01 
 7.10838351e+04  9.51914894e+00  7.10838351e+04 -1.89731925e+01 
 7.19070576e+04  9.50926670e+00  7.19070576e+04 -1.91782340e+01 
 7.27398139e+04  9.49917868e+00  7.27398139e+04 -1.93851769e+01 
 7.35822143e+04  9.48888112e+00  7.35822143e+04 -1.95940289e+01 
 7.44343706e+04  9.47837021e+00  7.44343706e+04 -1.98047974e+01 
 7.52963957e+04  9.46764210e+00  7.52963957e+04 -2.00174896e+01 
 7.61684039e+04  9.45669288e+00  7.61684039e+04 -2.02321122e+01 
 7.70505109e+04  9.44551860e+00  7.70505109e+04 -2.04486718e+01 
 7.79428335e+04  9.43411526e+00  7.79428335e+04 -2.06671746e+01 
 7.88454902e+04  9.42247884e+00  7.88454902e+04 -2.08876263e+01 
 7.97586005e+04  9.41060525e+00  7.97586005e+04 -2.11100324e+01 
 8.06822855e+04  9.39849035e+00  8.06822855e+04 -2.13343980e+01 
 8.16166678e+04  9.38612999e+00  8.16166678e+04 -2.15607277e+01 
 8.25618712e+04  9.37351995e+00  8.25618712e+04 -2.17890260e+01 
 8.35180209e+04  9.36065599e+00  8.35180209e+04 -2.20192965e+01 
 8.44852439e+04  9.34753380e+00  8.44852439e+04 -2.22515430e+01 
 8.54636682e+04  9.33414907e+00  8.54636682e+04 -2.24857682e+01 
 8.64534237e+04  9.32049742e+00  8.64534237e+04 -2.27219750e+01 
 8.74546416e+04  9.30657445e+00  8.74546416e+04 -2.29601654e+01 
 8.84674546e+04  9.29237571e+00  8.84674546e+04 -2.32003412e+01 
 8.94919970e+04  9.27789674e+00  8.94919970e+04 -2.34425034e+01 
 9.05284046e+04  9.26313302e+00  9.05284046e+04 -2.36866528e+01 
 9.15768148e+04  9.24808002e+00  9.15768148e+04 -2.39327897e+01 
 9.26373667e+04  9.23273316e+00  9.26373667e+04 -2.41809137e+01 
 9.37102009e+04  9.21708785e+00  9.37102009e+04 -2.44310239e+01 
 9.47954596e+04  9.20113946e+00  9.47954596e+04 -2.46831191e+01 
 9.58932866e+04  9.18488335e+00  9.58932866e+04 -2.49371972e+01 
 9.70038276e+04  9.16831483e+00  9.70038276e+04 -2.51932559e+01 
 9.81272298e+04  9.15142921e+00  9.81272298e+04 -2.54512919e+01 
 9.92636421e+04  9.13422178e+00  9.92636421e+04 -2.57113018e+01 
 1.00413215e+05  9.11668780e+00  1.00413215e+05 -2.59732812e+01 
 1.01576102e+05  9.09882252e+00  1.01576102e+05 -2.62372254e+01 
 1.02752455e+05  9.08062119e+00  1.02752455e+05 -2.65031288e+01 
 1.03942432e+05  9.06207903e+00  1.03942432e+05 -2.67709853e+01 
 1.05146191e+05  9.04319126e+00  1.05146191e+05 -2.70407884e+01 
 1.06363890e+05  9.02395309e+00  1.06363890e+05 -2.73125305e+01 
 1.07595691e+05  9.00435973e+00  1.07595691e+05 -2.75862036e+01 
 1.08841757e+05  8.98440639e+00  1.08841757e+05 -2.78617992e+01 
 1.10102255e+05  8.96408827e+00  1.10102255e+05 -2.81393078e+01 
 1.11377350e+05  8.94340059e+00  1.11377350e+05 -2.84187194e+01 
 1.12667212e+05  8.92233857e+00  1.12667212e+05 -2.87000232e+01 
 1.13972012e+05  8.90089744e+00  1.13972012e+05 -2.89832079e+01 
 1.15291923e+05  8.87907244e+00  1.15291923e+05 -2.92682613e+01 
 1.16627120e+05  8.85685883e+00  1.16627120e+05 -2.95551706e+01 
 1.17977779e+05  8.83425189e+00  1.17977779e+05 -2.98439222e+01 
 1.19344081e+05  8.81124693e+00  1.19344081e+05 -3.01345020e+01 
 1.20726206e+05  8.78783926e+00  1.20726206e+05 -3.04268948e+01 
 1.22124337e+05  8.76402424e+00  1.22124337e+05 -3.07210850e+01 
 1.23538660e+05  8.73979726e+00  1.23538660e+05 -3.10170562e+01 
 1.24969363e+05  8.71515374e+00  1.24969363e+05 -3.13147912e+01 
 1.26416634e+05  8.69008914e+00  1.26416634e+05 -3.16142720e+01 
 1.27880666e+05  8.66459897e+00  1.27880666e+05 -3.19154801e+01 
 1.29361653e+05  8.63867878e+00  1.29361653e+05 -3.22183959e+01 
 1.30859792e+05  8.61232418e+00  1.30859792e+05 -3.25229995e+01 
 1.32375280e+05  8.58553080e+00  1.32375280e+05 -3.28292700e+01 
 1.33908319e+05  8.55829438e+00  1.33908319e+05 -3.31371858e+01 
 1.35459113e+05  8.53061067e+00  1.35459113e+05 -3.34467245e+01 
 1.37027866e+05  8.50247552e+00  1.37027866e+05 -3.37578631e+01 
 1.38614787e+05  8.47388483e+00  1.38614787e+05 -3.40705779e+01 
 1.40220086e+05  8.44483459e+00  1.40220086e+05 -3.43848444e+01 
 1.41843976e+05  8.41532084e+00  1.41843976e+05 -3.47006374e+01 
 1.43486672e+05  8.38533973e+00  1.43486672e+05 -3.50179309e+01 
 1.45148393e+05  8.35488747e+00  1.45148393e+05 -3.53366984e+01 
 1.46829358e+05  8.32396037e+00  1.46829358e+05 -3.56569127e+01 
 1.48529790e+05  8.29255483e+00  1.48529790e+05 -3.59785456e+01 
 1.50249915e+05  8.26066733e+00  1.50249915e+05 -3.63015687e+01 
 1.51989960e+05  8.22829448e+00  1.51989960e+05 -3.66259526e+01 
 1.53750157e+05  8.19543298e+00  1.53750157e+05 -3.69516675e+01 
 1.55530739e+05  8.16207961e+00  1.55530739e+05 -3.72786826e+01 
 1.57331942e+05  8.12823130e+00  1.57331942e+05 -3.76069669e+01 
 1.59154005e+05  8.09388508e+00  1.59154005e+05 -3.79364886e+01 
 1.60997169e+05  8.05903808e+00  1.60997169e+05 -3.82672154e+01 
 1.62861678e+05  8.02368758e+00  1.62861678e+05 -3.85991142e+01 
 1.64747781e+05  7.98783097e+00  1.64747781e+05 -3.89321517e+01 
 1.66655726e+05  7.95146575e+00  1.66655726e+05 -3.92662938e+01 
 1.68585768e+05  7.91458960e+00  1.68585768e+05 -3.96015060e+01 
 1.70538161e+05  7.87720028e+00  1.70538161e+05 -3.99377532e+01 
 1.72513165e+05  7.83929573e+00  1.72513165e+05 -4.02750001e+01 
 1.74511042e+05  7.80087401e+00  1.74511042e+05 -4.06132106e+01 
 1.76532055e+05  7.76193332e+00  1.76532055e+05 -4.09523484e+01 
 1.78576475e+05  7.72247202e+00  1.78576475e+05 -4.12923768e+01 
 1.80644570e+05  7.68248862e+00  1.80644570e+05 -4.16332587e+01 
 1.82736617e+05  7.64198178e+00  1.82736617e+05 -4.19749564e+01 
 1.84852891e+05  7.60095030e+00  1.84852891e+05 -4.23174323e+01 
 1.86993674e+05  7.55939316e+00  1.86993674e+05 -4.26606482e+01 
 1.89159250e+05  7.51730949e+00  1.89159250e+05 -4.30045658e+01 
 1.91349905e+05  7.47469858e+00  1.91349905e+05 -4.33491464e+01 
 1.93565930e+05  7.43155988e+00  1.93565930e+05 -4.36943511e+01 
 1.95807618e+05  7.38789302e+00  1.95807618e+05 -4.40401410e+01 
 1.98075268e+05  7.34369779e+00  1.98075268e+05 -4.43864768e+01 
 2.00369179e+05  7.29897414e+00  2.00369179e+05 -4.47333193e+01 
 2.02689657e+05  7.25372221e+00  2.02689657e+05 -4.50806289e+01 
 2.05037007e+05  7.20794230e+00  2.05037007e+05 -4.54283663e+01 
 2.07411543e+05  7.16163489e+00  2.07411543e+05 -4.57764919e+01 
 2.09813578e+05  7.11480061e+00  2.09813578e+05 -4.61249662e+01 
 2.12243431e+05  7.06744031e+00  2.12243431e+05 -4.64737496e+01 
 2.14701424e+05  7.01955499e+00  2.14701424e+05 -4.68228028e+01 
 2.17187883e+05  6.97114581e+00  2.17187883e+05 -4.71720863e+01 
 2.19703138e+05  6.92221414e+00  2.19703138e+05 -4.75215609e+01 
 2.22247522e+05  6.87276152e+00  2.22247522e+05 -4.78711875e+01 
 2.24821372e+05  6.82278964e+00  2.24821372e+05 -4.82209272e+01 
 2.27425030e+05  6.77230041e+00  2.27425030e+05 -4.85707412e+01 
 2.30058842e+05  6.72129588e+00  2.30058842e+05 -4.89205912e+01 
 2.32723155e+05  6.66977830e+00  2.32723155e+05 -4.92704390e+01 
 2.35418324e+05  6.61775009e+00  2.35418324e+05 -4.96202466e+01 
 2.38144706e+05  6.56521385e+00  2.38144706e+05 -4.99699766e+01 
 2.40902662e+05  6.51217234e+00  2.40902662e+05 -5.03195917e+01 
 2.43692558e+05  6.45862851e+00  2.43692558e+05 -5.06690551e+01 
 2.46514763e+05  6.40458548e+00  2.46514763e+05 -5.10183307e+01 
 2.49369653e+05  6.35004654e+00  2.49369653e+05 -5.13673823e+01 
 2.52257605e+05  6.29501515e+00  2.52257605e+05 -5.17161748e+01 
 2.55179003e+05  6.23949494e+00  2.55179003e+05 -5.20646731e+01 
 2.58134233e+05  6.18348971e+00  2.58134233e+05 -5.24128429e+01 
 2.61123688e+05  6.12700343e+00  2.61123688e+05 -5.27606505e+01 
 2.64147764e+05  6.07004021e+00  2.64147764e+05 -5.31080627e+01 
 2.67206861e+05  6.01260436e+00  2.67206861e+05 -5.34550470e+01 
 2.70301386e+05  5.95470033e+00  2.70301386e+05 -5.38015713e+01 
 2.73431749e+05  5.89633271e+00  2.73431749e+05 -5.41476047e+01 
 2.76598365e+05  5.83750629e+00  2.76598365e+05 -5.44931164e+01 
 2.79801653e+05  5.77822598e+00  2.79801653e+05 -5.48380768e+01 
 2.83042038e+05  5.71849685e+00  2.83042038e+05 -5.51824568e+01 
 2.86319950e+05  5.65832411e+00  2.86319950e+05 -5.55262281e+01 
 2.89635824e+05  5.59771315e+00  2.89635824e+05 -5.58693633e+01 
 2.92990099e+05  5.53666946e+00  2.92990099e+05 -5.62118356e+01 
 2.96383220e+05  5.47519870e+00  2.96383220e+05 -5.65536193e+01 
 2.99815637e+05  5.41330665e+00  2.99815637e+05 -5.68946894e+01 
 3.03287805e+05  5.35099926e+00  3.03287805e+05 -5.72350218e+01 
 3.06800183e+05  5.28828256e+00  3.06800183e+05 -5.75745933e+01 
 3.10353239e+05  5.22516276e+00  3.10353239e+05 -5.79133816e+01 
 3.13947443e+05  5.16164618e+00  3.13947443e+05 -5.82513653e+01 
 3.17583271e+05  5.09773924e+00  3.17583271e+05 -5.85885240e+01 
 3.21261205e+05  5.03344852e+00  3.21261205e+05 -5.89248383e+01 
 3.24981734e+05  4.96878069e+00  3.24981734e+05 -5.92602897e+01 
 3.28745351e+05  4.90374257e+00  3.28745351e+05 -5.95948606e+01 
 3.32552554e+05  4.83834104e+00  3.32552554e+05 -5.99285346e+01 
 3.36403848e+05  4.77258315e+00  3.36403848e+05 -6.02612961e+01 
 3.40299744e+05  4.70647601e+00  3.40299744e+05 -6.05931308e+01 
 3.44240758e+05  4.64002685e+00  3.44240758e+05 -6.09240251e+01 
 3.48227413e+05  4.57324302e+00  3.48227413e+05 -6.12539667e+01 
 3.52260238e+05  4.50613194e+00  3.52260238e+05 -6.15829443e+01 
 3.56339767e+05  4.43870115e+00  3.56339767e+05 -6.19109477e+01 
 3.60466541e+05  4.37095825e+00  3.60466541e+05 -6.22379676e+01 
 3.64641107e+05  4.30291097e+00  3.64641107e+05 -6.25639959e+01 
 3.68864019e+05  4.23456710e+00  3.68864019e+05 -6.28890256e+01 
 3.73135837e+05  4.16593452e+00  3.73135837e+05 -6.32130509e+01 
 3.77457126e+05  4.09702120e+00  3.77457126e+05 -6.35360669e+01 
 3.81828460e+05  4.02783518e+00  3.81828460e+05 -6.38580700e+01 
 3.86250419e+05  3.95838459e+00  3.86250419e+05 -6.41790575e+01 
 3.90723589e+05  3.88867762e+00  3.90723589e+05 -6.44990280e+01 
 3.95248562e+05  3.81872254e+00  3.95248562e+05 -6.48179812e+01 
 3.99825939e+05  3.74852768e+00  3.99825939e+05 -6.51359179e+01 
 4.04456327e+05  3.67810144e+00  4.04456327e+05 -6.54528400e+01 
 4.09140339e+05  3.60745230e+00  4.09140339e+05 -6.57687507e+01 
 4.13878597e+05  3.53658879e+00  4.13878597e+05 -6.60836541e+01 
 4.18671729e+05  3.46551949e+00  4.18671729e+05 -6.63975556e+01 
 4.23520370e+05  3.39425305e+00  4.23520370e+05 -6.67104617e+01 
 4.28425163e+05  3.32279818e+00  4.28425163e+05 -6.70223801e+01 
 4.33386759e+05  3.25116363e+00  4.33386759e+05 -6.73333197e+01 
 4.38405814e+05  3.17935822e+00  4.38405814e+05 -6.76432904e+01 
 4.43482996e+05  3.10739081e+00  4.43482996e+05 -6.79523035e+01 
 4.48618977e+05  3.03527029e+00  4.48618977e+05 -6.82603711e+01 
 4.53814437e+05  2.96300563e+00  4.53814437e+05 -6.85675068e+01 
 4.59070066e+05  2.89060582e+00  4.59070066e+05 -6.88737252e+01 
 4.64386560e+05  2.81807991e+00  4.64386560e+05 -6.91790421e+01 
 4.69764625e+05  2.74543696e+00  4.69764625e+05 -6.94834746e+01 
 4.75204974e+05  2.67268611e+00  4.75204974e+05 -6.97870408e+01 
 4.80708327e+05  2.59983651e+00  4.80708327e+05 -7.00897601e+01 
 4.86275414e+05  2.52689735e+00  4.86275414e+05 -7.03916529e+01 
 4.91906974e+05  2.45387787e+00  4.91906974e+05 -7.06927409e+01 
 4.97603753e+05  2.38078731e+00  4.97603753e+05 -7.09930471e+01 
 5.03366507e+05  2.30763498e+00  5.03366507e+05 -7.12925956e+01 
 5.09195999e+05  2.23443020e+00  5.09195999e+05 -7.15914115e+01 
 5.15093002e+05  2.16118231e+00  5.15093002e+05 -7.18895213e+01 
 5.21058299e+05  2.08790069e+00  5.21058299e+05 -7.21869527e+01 
 5.27092679e+05  2.01459476e+00  5.27092679e+05 -7.24837345e+01 
 5.33196944e+05  1.94127393e+00  5.33196944e+05 -7.27798968e+01 
 5.39371903e+05  1.86794766e+00  5.39371903e+05 -7.30754708e+01 
 5.45618374e+05  1.79462542e+00  5.45618374e+05 -7.33704890e+01 
 5.51937185e+05  1.72131671e+00  5.51937185e+05 -7.36649849e+01 
 5.58329174e+05  1.64803104e+00  5.58329174e+05 -7.39589937e+01 
 5.64795189e+05  1.57477794e+00  5.64795189e+05 -7.42525512e+01 
 5.71336088e+05  1.50156696e+00  5.71336088e+05 -7.45456949e+01 
 5.77952736e+05  1.42840766e+00  5.77952736e+05 -7.48384633e+01 
 5.84646012e+05  1.35530963e+00  5.84646012e+05 -7.51308962e+01 
 5.91416802e+05  1.28228245e+00  5.91416802e+05 -7.54230347e+01 
 5.98266006e+05  1.20933572e+00  5.98266006e+05 -7.57149210e+01 
 6.05194529e+05  1.13647906e+00  6.05194529e+05 -7.60065986e+01 
 6.12203293e+05  1.06372208e+00  6.12203293e+05 -7.62981124e+01 
 6.19293224e+05  9.91074425e-01  6.19293224e+05 -7.65895084e+01 
 6.26465265e+05  9.18545718e-01  6.26465265e+05 -7.68808339e+01 
 6.33720365e+05  8.46145601e-01  6.33720365e+05 -7.71721376e+01 
 6.41059486e+05  7.73883714e-01  6.41059486e+05 -7.74634692e+01 
 6.48483601e+05  7.01769701e-01  6.48483601e+05 -7.77548800e+01 
 6.55993696e+05  6.29813204e-01  6.55993696e+05 -7.80464224e+01 
 6.63590765e+05  5.58023862e-01  6.63590765e+05 -7.83381501e+01 
 6.71275815e+05  4.86411313e-01  6.71275815e+05 -7.86301184e+01 
 6.79049866e+05  4.14985186e-01  6.79049866e+05 -7.89223835e+01 
 6.86913949e+05  3.43755106e-01  6.86913949e+05 -7.92150033e+01 
 6.94869105e+05  2.72730686e-01  6.94869105e+05 -7.95080366e+01 
 7.02916391e+05  2.01921528e-01  7.02916391e+05 -7.98015441e+01 
 7.11056872e+05  1.31337221e-01  7.11056872e+05 -8.00955873e+01 
 7.19291628e+05  6.09873378e-02  7.19291628e+05 -8.03902295e+01 
 7.27621750e+05 -9.11856639e-03  7.27621750e+05 -8.06855351e+01 
 7.36048344e+05 -7.89709572e-02  7.36048344e+05 -8.09815699e+01 
 7.44572527e+05 -1.48560323e-01  7.44572527e+05 -8.12784013e+01 
 7.53195428e+05 -2.17877178e-01  7.53195428e+05 -8.15760977e+01 
 7.61918191e+05 -2.86912063e-01  7.61918191e+05 -8.18747294e+01 
 7.70741972e+05 -3.55655551e-01  7.70741972e+05 -8.21743676e+01 
 7.79667942e+05 -4.24098249e-01  7.79667942e+05 -8.24750852e+01 
 7.88697283e+05 -4.92230798e-01  7.88697283e+05 -8.27769566e+01 
 7.97831193e+05 -5.60043883e-01  7.97831193e+05 -8.30800574e+01 
 8.07070883e+05 -6.27528228e-01  8.07070883e+05 -8.33844648e+01 
 8.16417578e+05 -6.94674605e-01  8.16417578e+05 -8.36902574e+01 
 8.25872518e+05 -7.61473835e-01  8.25872518e+05 -8.39975152e+01 
 8.35436955e+05 -8.27916794e-01  8.35436955e+05 -8.43063197e+01 
 8.45112157e+05 -8.93994412e-01  8.45112157e+05 -8.46167540e+01 
 8.54899409e+05 -9.59697682e-01  8.54899409e+05 -8.49289024e+01 
 8.64800006e+05 -1.02501766e+00  8.64800006e+05 -8.52428510e+01 
 8.74815263e+05 -1.08994548e+00  8.74815263e+05 -8.55586872e+01 
 8.84946506e+05 -1.15447232e+00  8.84946506e+05 -8.58764998e+01 
 8.95195080e+05 -1.21858948e+00  8.95195080e+05 -8.61963793e+01 
 9.05562342e+05 -1.28228831e+00  9.05562342e+05 -8.65184176e+01 
 9.16049667e+05 -1.34556025e+00  9.16049667e+05 -8.68427082e+01 
 9.26658447e+05 -1.40839685e+00  9.26658447e+05 -8.71693460e+01 
 9.37390086e+05 -1.47078972e+00  9.37390086e+05 -8.74984275e+01 
 9.48246009e+05 -1.53273061e+00  9.48246009e+05 -8.78300506e+01 
 9.59227655e+05 -1.59421137e+00  9.59227655e+05 -8.81643149e+01 
 9.70336479e+05 -1.65522393e+00  9.70336479e+05 -8.85013214e+01 
 9.81573954e+05 -1.71576038e+00  9.81573954e+05 -8.88411727e+01 
 9.92941571e+05 -1.77581291e+00  9.92941571e+05 -8.91839728e+01 
 1.00444084e+06 -1.83537385e+00  1.00444084e+06 -8.95298274e+01 
 1.01607327e+06 -1.89443565e+00  1.01607327e+06 -8.98788437e+01 
 1.02784043e+06 -1.95299092e+00  1.02784043e+06 -9.02311302e+01 
 1.03974386e+06 -2.01103241e+00  1.03974386e+06 -9.05867973e+01 
 1.05178514e+06 -2.06855302e+00  1.05178514e+06 -9.09459567e+01 
 1.06396587e+06 -2.12554583e+00  1.06396587e+06 -9.13087215e+01 
 1.07628767e+06 -2.18200407e+00  1.07628767e+06 -9.16752067e+01 
 1.08875217e+06 -2.23792116e+00  1.08875217e+06 -9.20455285e+01 
 1.10136102e+06 -2.29329069e+00  1.10136102e+06 -9.24198046e+01 
 1.11411589e+06 -2.34810646e+00  1.11411589e+06 -9.27981546e+01 
 1.12701847e+06 -2.40236244e+00  1.12701847e+06 -9.31806990e+01 
 1.14007049e+06 -2.45605285e+00  1.14007049e+06 -9.35675604e+01 
 1.15327365e+06 -2.50917208e+00  1.15327365e+06 -9.39588625e+01 
 1.16662972e+06 -2.56171478e+00  1.16662972e+06 -9.43547305e+01 
 1.18014047e+06 -2.61367581e+00  1.18014047e+06 -9.47552913e+01 
 1.19380769e+06 -2.66505028e+00  1.19380769e+06 -9.51606732e+01 
 1.20763319e+06 -2.71583357e+00  1.20763319e+06 -9.55710056e+01 
 1.22161880e+06 -2.76602128e+00  1.22161880e+06 -9.59864199e+01 
 1.23576638e+06 -2.81560932e+00  1.23576638e+06 -9.64070486e+01 
 1.25007780e+06 -2.86459386e+00  1.25007780e+06 -9.68330256e+01 
 1.26455496e+06 -2.91297136e+00  1.26455496e+06 -9.72644864e+01 
 1.27919978e+06 -2.96073860e+00  1.27919978e+06 -9.77015676e+01 
 1.29401421e+06 -3.00789265e+00  1.29401421e+06 -9.81444076e+01 
 1.30900020e+06 -3.05443093e+00  1.30900020e+06 -9.85931458e+01 
 1.32415974e+06 -3.10035117e+00  1.32415974e+06 -9.90479230e+01 
 1.33949485e+06 -3.14565147e+00  1.33949485e+06 -9.95088815e+01 
 1.35500755e+06 -3.19033028e+00  1.35500755e+06 -9.99761647e+01 
 1.37069990e+06 -3.23438643e+00  1.37069990e+06 -1.00449917e+02 
 1.38657399e+06 -3.27781913e+00  1.38657399e+06 -1.00930286e+02 
 1.40263192e+06 -3.32062800e+00  1.40263192e+06 -1.01417417e+02 
 1.41887581e+06 -3.36281307e+00  1.41887581e+06 -1.01911460e+02 
 1.43530782e+06 -3.40437481e+00  1.43530782e+06 -1.02412564e+02 
 1.45193013e+06 -3.44531411e+00  1.45193013e+06 -1.02920880e+02 
 1.46874495e+06 -3.48563236e+00  1.46874495e+06 -1.03436560e+02 
 1.48575450e+06 -3.52533140e+00  1.48575450e+06 -1.03959757e+02 
 1.50296103e+06 -3.56441358e+00  1.50296103e+06 -1.04490626e+02 
 1.52036684e+06 -3.60288175e+00  1.52036684e+06 -1.05029322e+02 
 1.53797422e+06 -3.64073930e+00  1.53797422e+06 -1.05576000e+02 
 1.55578551e+06 -3.67799017e+00  1.55578551e+06 -1.06130820e+02 
 1.57380308e+06 -3.71463888e+00  1.57380308e+06 -1.06693937e+02 
 1.59202931e+06 -3.75069051e+00  1.59202931e+06 -1.07265513e+02 
 1.61046661e+06 -3.78615079e+00  1.61046661e+06 -1.07845706e+02 
 1.62911744e+06 -3.82102606e+00  1.62911744e+06 -1.08434677e+02 
 1.64798426e+06 -3.85532331e+00  1.64798426e+06 -1.09032588e+02 
 1.66706959e+06 -3.88905024e+00  1.66706959e+06 -1.09639602e+02 
 1.68637593e+06 -3.92221523e+00  1.68637593e+06 -1.10255880e+02 
 1.70590587e+06 -3.95482740e+00  1.70590587e+06 -1.10881587e+02 
 1.72566198e+06 -3.98689663e+00  1.72566198e+06 -1.11516885e+02 
 1.74564689e+06 -4.01843356e+00  1.74564689e+06 -1.12161941e+02 
 1.76586324e+06 -4.04944968e+00  1.76586324e+06 -1.12816917e+02 
 1.78631372e+06 -4.07995729e+00  1.78631372e+06 -1.13481979e+02 
 1.80700103e+06 -4.10996959e+00  1.80700103e+06 -1.14157291e+02 
 1.82792793e+06 -4.13950066e+00  1.82792793e+06 -1.14843020e+02 
 1.84909717e+06 -4.16856553e+00  1.84909717e+06 -1.15539329e+02 
 1.87051159e+06 -4.19718020e+00  1.87051159e+06 -1.16246383e+02 
 1.89217400e+06 -4.22536166e+00  1.89217400e+06 -1.16964347e+02 
 1.91408728e+06 -4.25312797e+00  1.91408728e+06 -1.17693384e+02 
 1.93625434e+06 -4.28049823e+00  1.93625434e+06 -1.18433658e+02 
 1.95867812e+06 -4.30749269e+00  1.95867812e+06 -1.19185331e+02 
 1.98136159e+06 -4.33413273e+00  1.98136159e+06 -1.19948564e+02 
 2.00430776e+06 -4.36044093e+00  2.00430776e+06 -1.20723518e+02 
 2.02751966e+06 -4.38644111e+00  2.02751966e+06 -1.21510350e+02 
 2.05100039e+06 -4.41215835e+00  2.05100039e+06 -1.22309218e+02 
 2.07475304e+06 -4.43761908e+00  2.07475304e+06 -1.23120276e+02 
 2.09878077e+06 -4.46285104e+00  2.09878077e+06 -1.23943678e+02 
 2.12308677e+06 -4.48788341e+00  2.12308677e+06 -1.24779573e+02 
 2.14767426e+06 -4.51274680e+00  2.14767426e+06 -1.25628109e+02 
 2.17254649e+06 -4.53747332e+00  2.17254649e+06 -1.26489429e+02 
 2.19770677e+06 -4.56209661e+00  2.19770677e+06 -1.27363674e+02 
 2.22315843e+06 -4.58665186e+00  2.22315843e+06 -1.28250980e+02 
 2.24890485e+06 -4.61117590e+00  2.24890485e+06 -1.29151479e+02 
 2.27494944e+06 -4.63570722e+00  2.27494944e+06 -1.30065297e+02 
 2.30129565e+06 -4.66028599e+00  2.30129565e+06 -1.30992555e+02 
 2.32794697e+06 -4.68495412e+00  2.32794697e+06 -1.31933369e+02 
 2.35490695e+06 -4.70975530e+00  2.35490695e+06 -1.32887848e+02 
 2.38217915e+06 -4.73473499e+00  2.38217915e+06 -1.33856091e+02 
 2.40976718e+06 -4.75994052e+00  2.40976718e+06 -1.34838192e+02 
 2.43767472e+06 -4.78542104e+00  2.43767472e+06 -1.35834236e+02 
 2.46590545e+06 -4.81122760e+00  2.46590545e+06 -1.36844297e+02 
 2.49446313e+06 -4.83741312e+00  2.49446313e+06 -1.37868440e+02 
 2.52335153e+06 -4.86403243e+00  2.52335153e+06 -1.38906719e+02 
 2.55257448e+06 -4.89114226e+00  2.55257448e+06 -1.39959174e+02 
 2.58213587e+06 -4.91880121e+00  2.58213587e+06 -1.41025834e+02 
 2.61203961e+06 -4.94706978e+00  2.61203961e+06 -1.42106713e+02 
 2.64228966e+06 -4.97601030e+00  2.64228966e+06 -1.43201812e+02 
 2.67289004e+06 -5.00568693e+00  2.67289004e+06 -1.44311112e+02 
 2.70384481e+06 -5.03616558e+00  2.70384481e+06 -1.45434580e+02 
 2.73515806e+06 -5.06751386e+00  2.73515806e+06 -1.46572164e+02 
 2.76683395e+06 -5.09980098e+00  2.76683395e+06 -1.47723792e+02 
 2.79887667e+06 -5.13309770e+00  2.79887667e+06 -1.48889372e+02 
 2.83129049e+06 -5.16747618e+00  2.83129049e+06 -1.50068789e+02 
 2.86407969e+06 -5.20300988e+00  2.86407969e+06 -1.51261905e+02 
 2.89724862e+06 -5.23977335e+00  2.89724862e+06 -1.52468560e+02 
 2.93080168e+06 -5.27784216e+00  2.93080168e+06 -1.53688566e+02 
 2.96474332e+06 -5.31729262e+00  2.96474332e+06 -1.54921709e+02 
 2.99907804e+06 -5.35820161e+00  2.99907804e+06 -1.56167748e+02 
 3.03381039e+06 -5.40064632e+00  3.03381039e+06 -1.57426413e+02 
 3.06894498e+06 -5.44470405e+00  3.06894498e+06 -1.58697404e+02 
 3.10448646e+06 -5.49045185e+00  3.10448646e+06 -1.59980391e+02 
 3.14043954e+06 -5.53796626e+00  3.14043954e+06 -1.61275011e+02 
 3.17680900e+06 -5.58732301e+00  3.17680900e+06 -1.62580872e+02 
 3.21359965e+06 -5.63859661e+00  3.21359965e+06 -1.63897547e+02 
 3.25081638e+06 -5.69186005e+00  3.25081638e+06 -1.65224578e+02 
 3.28846411e+06 -5.74718437e+00  3.28846411e+06 -1.66561472e+02 
 3.32654785e+06 -5.80463829e+00  3.32654785e+06 -1.67907706e+02 
 3.36507263e+06 -5.86428778e+00  3.36507263e+06 -1.69262723e+02 
 3.40404356e+06 -5.92619567e+00  3.40404356e+06 -1.70625934e+02 
 3.44346582e+06 -5.99042119e+00  3.44346582e+06 -1.71996721e+02 
 3.48334463e+06 -6.05701957e+00  3.48334463e+06 -1.73374434e+02 
 3.52368527e+06 -6.12604161e+00  3.52368527e+06 -1.74758395e+02 
 3.56449310e+06 -6.19753326e+00  3.56449310e+06 -1.76147901e+02 
 3.60577353e+06 -6.27153522e+00  3.60577353e+06 -1.77542223e+02 
 3.64753203e+06 -6.34808257e+00  3.64753203e+06 -1.78940611e+02 
 3.68977413e+06 -6.42720442e+00  3.68977413e+06  1.79657706e+02 
 3.73250543e+06 -6.50892355e+00  3.73250543e+06  1.78253515e+02 
 3.77573161e+06 -6.59325615e+00  3.77573161e+06  1.76847616e+02 
 3.81945839e+06 -6.68021157e+00  3.81945839e+06  1.75440821e+02 
 3.86369158e+06 -6.76979212e+00  3.86369158e+06  1.74033946e+02 
 3.90843702e+06 -6.86199290e+00  3.90843702e+06  1.72627811e+02 
 3.95370067e+06 -6.95680173e+00  3.95370067e+06  1.71223237e+02 
 3.99948851e+06 -7.05419911e+00  3.99948851e+06  1.69821035e+02 
 4.04580662e+06 -7.15415821e+00  4.04580662e+06  1.68422011e+02 
 4.09266114e+06 -7.25664502e+00  4.09266114e+06  1.67026955e+02 
 4.14005829e+06 -7.36161841e+00  4.14005829e+06  1.65636642e+02 
 4.18800434e+06 -7.46903044e+00  4.18800434e+06  1.64251824e+02 
 4.23650566e+06 -7.57882656e+00  4.23650566e+06  1.62873227e+02 
 4.28556866e+06 -7.69094596e+00  4.28556866e+06  1.61501550e+02 
 4.33519987e+06 -7.80532195e+00  4.33519987e+06  1.60137458e+02 
 4.38540586e+06 -7.92188240e+00  4.38540586e+06  1.58781584e+02 
 4.43619329e+06 -8.04055022e+00  4.43619329e+06  1.57434519e+02 
 4.48756888e+06 -8.16124385e+00  4.48756888e+06  1.56096816e+02 
 4.53953946e+06 -8.28387786e+00  4.53953946e+06  1.54768984e+02 
 4.59211190e+06 -8.40836345e+00  4.59211190e+06  1.53451488e+02 
 4.64529319e+06 -8.53460912e+00  4.64529319e+06  1.52144748e+02 
 4.69909037e+06 -8.66252122e+00  4.69909037e+06  1.50849136e+02 
 4.75351058e+06 -8.79200455e+00  4.75351058e+06  1.49564979e+02 
 4.80856103e+06 -8.92296299e+00  4.80856103e+06  1.48292555e+02 
 4.86424902e+06 -9.05530007e+00  4.86424902e+06  1.47032096e+02 
 4.92058193e+06 -9.18891956e+00  4.92058193e+06  1.45783789e+02 
 4.97756723e+06 -9.32372597e+00  4.97756723e+06  1.44547775e+02 
 5.03521248e+06 -9.45962510e+00  5.03521248e+06  1.43324152e+02 
 5.09352532e+06 -9.59652454e+00  5.09352532e+06  1.42112975e+02 
 5.15251348e+06 -9.73433407e+00  5.15251348e+06  1.40914261e+02 
 5.21218479e+06 -9.87296606e+00  5.21218479e+06  1.39727988e+02 
 5.27254715e+06 -1.00123359e+01  5.27254715e+06  1.38554099e+02 
 5.33360856e+06 -1.01523622e+01  5.33360856e+06  1.37392504e+02 
 5.39537713e+06 -1.02929672e+01  5.39537713e+06  1.36243082e+02 
 5.45786104e+06 -1.04340768e+01  5.45786104e+06  1.35105687e+02 
 5.52106858e+06 -1.05756209e+01  5.52106858e+06  1.33980146e+02 
 5.58500812e+06 -1.07175336e+01  5.58500812e+06  1.32866264e+02 
 5.64968815e+06 -1.08597529e+01  5.64968815e+06  1.31763828e+02 
 5.71511724e+06 -1.10022213e+01  5.71511724e+06  1.30672607e+02 
 5.78130406e+06 -1.11448852e+01  5.78130406e+06  1.29592357e+02 
 5.84825740e+06 -1.12876955e+01  5.84825740e+06  1.28522822e+02 
 5.91598612e+06 -1.14306071e+01  5.91598612e+06  1.27463737e+02 
 5.98449920e+06 -1.15735789e+01  5.98449920e+06  1.26414830e+02 
 6.05380574e+06 -1.17165738e+01  6.05380574e+06  1.25375824e+02 
 6.12391492e+06 -1.18595587e+01  6.12391492e+06  1.24346438e+02 
 6.19483603e+06 -1.20025038e+01  6.19483603e+06  1.23326393e+02 
 6.26657849e+06 -1.21453830e+01  6.26657849e+06  1.22315408e+02 
 6.33915179e+06 -1.22881736e+01  6.33915179e+06  1.21313204e+02 
 6.41256556e+06 -1.24308558e+01  6.41256556e+06  1.20319506e+02 
 6.48682954e+06 -1.25734130e+01  6.48682954e+06  1.19334044e+02 
 6.56195357e+06 -1.27158311e+01  6.56195357e+06  1.18356551e+02 
 6.63794761e+06 -1.28580986e+01  6.63794761e+06  1.17386769e+02 
 6.71482174e+06 -1.30002066e+01  6.71482174e+06  1.16424445e+02 
 6.79258615e+06 -1.31421479e+01  6.79258615e+06  1.15469335e+02 
 6.87125115e+06 -1.32839177e+01  6.87125115e+06  1.14521200e+02 
 6.95082717e+06 -1.34255128e+01  6.95082717e+06  1.13579813e+02 
 7.03132476e+06 -1.35669314e+01  7.03132476e+06  1.12644953e+02 
 7.11275460e+06 -1.37081735e+01  7.11275460e+06  1.11716407e+02 
 7.19512747e+06 -1.38492401e+01  7.19512747e+06  1.10793973e+02 
 7.27845431e+06 -1.39901333e+01  7.27845431e+06  1.09877456e+02 
 7.36274615e+06 -1.41308565e+01  7.36274615e+06  1.08966668e+02 
 7.44801418e+06 -1.42714135e+01  7.44801418e+06  1.08061432e+02 
 7.53426970e+06 -1.44118090e+01  7.53426970e+06  1.07161577e+02 
 7.62152414e+06 -1.45520485e+01  7.62152414e+06  1.06266941e+02 
 7.70978908e+06 -1.46921375e+01  7.70978908e+06  1.05377369e+02 
 7.79907622e+06 -1.48320823e+01  7.79907622e+06  1.04492712e+02 
 7.88939739e+06 -1.49718894e+01  7.88939739e+06  1.03612831e+02 
 7.98076457e+06 -1.51115654e+01  7.98076457e+06  1.02737589e+02 
 8.07318988e+06 -1.52511173e+01  8.07318988e+06  1.01866859e+02 
 8.16668556e+06 -1.53905519e+01  8.16668556e+06  1.01000519e+02 
 8.26126402e+06 -1.55298761e+01  8.26126402e+06  1.00138449e+02 
 8.35693779e+06 -1.56690971e+01  8.35693779e+06  9.92805390e+01 
 8.45371956e+06 -1.58082215e+01  8.45371956e+06  9.84266801e+01 
 8.55162216e+06 -1.59472563e+01  8.55162216e+06  9.75767691e+01 
 8.65065857e+06 -1.60862081e+01  8.65065857e+06  9.67307063e+01 
 8.75084193e+06 -1.62250834e+01  8.75084193e+06  9.58883957e+01 
 8.85218551e+06 -1.63638886e+01  8.85218551e+06  9.50497447e+01 
 8.95470275e+06 -1.65026299e+01  8.95470275e+06  9.42146633e+01 
 9.05840724e+06 -1.66413132e+01  9.05840724e+06  9.33830646e+01 
 9.16331273e+06 -1.67799443e+01  9.16331273e+06  9.25548637e+01 
 9.26943314e+06 -1.69185287e+01  9.26943314e+06  9.17299779e+01 
 9.37678253e+06 -1.70570718e+01  9.37678253e+06  9.09083264e+01 
 9.48537513e+06 -1.71955787e+01  9.48537513e+06  9.00898301e+01 
 9.59522534e+06 -1.73340543e+01  9.59522534e+06  8.92744110e+01 
 9.70634773e+06 -1.74725033e+01  9.70634773e+06  8.84619927e+01 
 9.81875703e+06 -1.76109303e+01  9.81875703e+06  8.76524995e+01 
 9.93246814e+06 -1.77493395e+01  9.93246814e+06  8.68458566e+01 
 1.00474961e+07 -1.78877351e+01  1.00474961e+07  8.60419899e+01 
 1.01638563e+07 -1.80261210e+01  1.01638563e+07  8.52408260e+01 
 1.02815640e+07 -1.81645010e+01  1.02815640e+07  8.44422917e+01 
 1.04006349e+07 -1.83028788e+01  1.04006349e+07  8.36463141e+01 
 1.05210847e+07 -1.84412577e+01  1.05210847e+07  8.28528206e+01 
 1.06429295e+07 -1.85796413e+01  1.06429295e+07  8.20617386e+01 
 1.07661854e+07 -1.87180326e+01  1.07661854e+07  8.12729956e+01 
 1.08908687e+07 -1.88564350e+01  1.08908687e+07  8.04865189e+01 
 1.10169959e+07 -1.89948514e+01  1.10169959e+07  7.97022361e+01 
 1.11445838e+07 -1.91332848e+01  1.11445838e+07  7.89200741e+01 
 1.12736493e+07 -1.92717380e+01  1.12736493e+07  7.81399599e+01 
 1.14042096e+07 -1.94102141e+01  1.14042096e+07  7.73618204e+01 
 1.15362818e+07 -1.95487157e+01  1.15362818e+07  7.65855819e+01 
 1.16698836e+07 -1.96872457e+01  1.16698836e+07  7.58111709e+01 
 1.18050326e+07 -1.98258068e+01  1.18050326e+07  7.50385133e+01 
 1.19417468e+07 -1.99644017e+01  1.19417468e+07  7.42675348e+01 
 1.20800443e+07 -2.01030334e+01  1.20800443e+07  7.34981609e+01 
 1.22199434e+07 -2.02417045e+01  1.22199434e+07  7.27303170e+01 
 1.23614627e+07 -2.03804178e+01  1.23614627e+07  7.19639279e+01 
 1.25046209e+07 -2.05191763e+01  1.25046209e+07  7.11989187e+01 
 1.26494370e+07 -2.06579828e+01  1.26494370e+07  7.04352139e+01 
 1.27959303e+07 -2.07968402e+01  1.27959303e+07  6.96727381e+01 
 1.29441200e+07 -2.09357517e+01  1.29441200e+07  6.89114158e+01 
 1.30940260e+07 -2.10747202e+01  1.30940260e+07  6.81511714e+01 
 1.32456680e+07 -2.12137490e+01  1.32456680e+07  6.73919292e+01 
 1.33990662e+07 -2.13528412e+01  1.33990662e+07  6.66336136e+01 
 1.35542409e+07 -2.14920003e+01  1.35542409e+07  6.58761492e+01 
 1.37112127e+07 -2.16312297e+01  1.37112127e+07  6.51194606e+01 
 1.38700024e+07 -2.17705330e+01  1.38700024e+07  6.43634726e+01 
 1.40306310e+07 -2.19099137e+01  1.40306310e+07  6.36081103e+01 
 1.41931199e+07 -2.20493758e+01  1.41931199e+07  6.28532990e+01 
 1.43574905e+07 -2.21889229e+01  1.43574905e+07  6.20989646e+01 
 1.45237648e+07 -2.23285592e+01  1.45237648e+07  6.13450331e+01 
 1.46919646e+07 -2.24682888e+01  1.46919646e+07  6.05914312e+01 
 1.48621124e+07 -2.26081160e+01  1.48621124e+07  5.98380861e+01 
 1.50342306e+07 -2.27480450e+01  1.50342306e+07  5.90849256e+01 
 1.52083422e+07 -2.28880805e+01  1.52083422e+07  5.83318783e+01 
 1.53844701e+07 -2.30282270e+01  1.53844701e+07  5.75788732e+01 
 1.55626378e+07 -2.31684894e+01  1.55626378e+07  5.68258406e+01 
 1.57428689e+07 -2.33088725e+01  1.57428689e+07  5.60727112e+01 
 1.59251872e+07 -2.34493813e+01  1.59251872e+07  5.53194170e+01 
 1.61096169e+07 -2.35900209e+01  1.61096169e+07  5.45658908e+01 
 1.62961825e+07 -2.37307968e+01  1.62961825e+07  5.38120666e+01 
 1.64849088e+07 -2.38717142e+01  1.64849088e+07  5.30578794e+01 
 1.66758206e+07 -2.40127788e+01  1.66758206e+07  5.23032654e+01 
 1.68689435e+07 -2.41539961e+01  1.68689435e+07  5.15481624e+01 
 1.70643029e+07 -2.42953719e+01  1.70643029e+07  5.07925090e+01 
 1.72619247e+07 -2.44369121e+01  1.72619247e+07  5.00362457e+01 
 1.74618352e+07 -2.45786227e+01  1.74618352e+07  4.92793142e+01 
 1.76640609e+07 -2.47205098e+01  1.76640609e+07  4.85216577e+01 
 1.78686285e+07 -2.48625796e+01  1.78686285e+07  4.77632211e+01 
 1.80755653e+07 -2.50048385e+01  1.80755653e+07  4.70039509e+01 
 1.82848985e+07 -2.51472928e+01  1.82848985e+07  4.62437954e+01 
 1.84966561e+07 -2.52899490e+01  1.84966561e+07  4.54827045e+01 
 1.87108661e+07 -2.54328137e+01  1.87108661e+07  4.47206300e+01 
 1.89275568e+07 -2.55758936e+01  1.89275568e+07  4.39575258e+01 
 1.91467570e+07 -2.57191953e+01  1.91467570e+07  4.31933474e+01 
 1.93684957e+07 -2.58627258e+01  1.93684957e+07  4.24280525e+01 
 1.95928024e+07 -2.60064918e+01  1.95928024e+07  4.16616008e+01 
 1.98197069e+07 -2.61505003e+01  1.98197069e+07  4.08939543e+01 
 2.00492391e+07 -2.62947582e+01  2.00492391e+07  4.01250768e+01 
 2.02814295e+07 -2.64392726e+01  2.02814295e+07  3.93549346e+01 
 2.05163089e+07 -2.65840505e+01  2.05163089e+07  3.85834962e+01 
 2.07539085e+07 -2.67290989e+01  2.07539085e+07  3.78107324e+01 
 2.09942597e+07 -2.68744250e+01  2.09942597e+07  3.70366164e+01 
 2.12373944e+07 -2.70200358e+01  2.12373944e+07  3.62611237e+01 
 2.14833448e+07 -2.71659384e+01  2.14833448e+07  3.54842325e+01 
 2.17321436e+07 -2.73121400e+01  2.17321436e+07  3.47059231e+01 
 2.19838238e+07 -2.74586475e+01  2.19838238e+07  3.39261788e+01 
 2.22384186e+07 -2.76054681e+01  2.22384186e+07  3.31449851e+01 
 2.24959620e+07 -2.77526088e+01  2.24959620e+07  3.23623304e+01 
 2.27564879e+07 -2.79000765e+01  2.27564879e+07  3.15782056e+01 
 2.30200310e+07 -2.80478783e+01  2.30200310e+07  3.07926044e+01 
 2.32866262e+07 -2.81960209e+01  2.32866262e+07  3.00055232e+01 
 2.35563088e+07 -2.83445112e+01  2.35563088e+07  2.92169610e+01 
 2.38291146e+07 -2.84933560e+01  2.38291146e+07  2.84269199e+01 
 2.41050798e+07 -2.86425618e+01  2.41050798e+07  2.76354046e+01 
 2.43842409e+07 -2.87921352e+01  2.43842409e+07  2.68424228e+01 
 2.46666350e+07 -2.89420826e+01  2.46666350e+07  2.60479850e+01 
 2.49522996e+07 -2.90924105e+01  2.49522996e+07  2.52521046e+01 
 2.52412724e+07 -2.92431249e+01  2.52412724e+07  2.44547979e+01 
 2.55335918e+07 -2.93942320e+01  2.55335918e+07  2.36560844e+01 
 2.58292965e+07 -2.95457377e+01  2.58292965e+07  2.28559861e+01 
 2.61284258e+07 -2.96976477e+01  2.61284258e+07  2.20545286e+01 
 2.64310194e+07 -2.98499677e+01  2.64310194e+07  2.12517399e+01 
 2.67371172e+07 -3.00027029e+01  2.67371172e+07  2.04476514e+01 
 2.70467600e+07 -3.01558588e+01  2.70467600e+07  1.96422974e+01 
 2.73599888e+07 -3.03094403e+01  2.73599888e+07  1.88357154e+01 
 2.76768451e+07 -3.04634522e+01  2.76768451e+07  1.80279456e+01 
 2.79973709e+07 -3.06178992e+01  2.79973709e+07  1.72190315e+01 
 2.83216087e+07 -3.07727855e+01  2.83216087e+07  1.64090196e+01 
 2.86496015e+07 -3.09281155e+01  2.86496015e+07  1.55979596e+01 
 2.89813928e+07 -3.10838928e+01  2.89813928e+07  1.47859039e+01 
 2.93170265e+07 -3.12401212e+01  2.93170265e+07  1.39729082e+01 
 2.96565473e+07 -3.13968040e+01  2.96565473e+07  1.31590311e+01 
 3.00000000e+07 -3.15539442e+01  3.00000000e+07  1.23443344e+01 
