 2.00000000e-01 -6.99949566e+00  2.00000000e-01  6.78862458e+01 
 2.02316202e-01 -6.91379623e+00  2.02316202e-01  6.76552125e+01 
 2.04659228e-01 -6.82838159e+00  2.04659228e-01  6.74222802e+01 
 2.07029388e-01 -6.74325641e+00  2.07029388e-01  6.71874489e+01 
 2.09426997e-01 -6.65842542e+00  2.09426997e-01  6.69507190e+01 
 2.11852373e-01 -6.57389336e+00  2.11852373e-01  6.67120914e+01 
 2.14305837e-01 -6.48966504e+00  2.14305837e-01  6.64715677e+01 
 2.16787715e-01 -6.40574527e+00  2.16787715e-01  6.62291497e+01 
 2.19298335e-01 -6.32213892e+00  2.19298335e-01  6.59848402e+01 
 2.21838031e-01 -6.23885086e+00  2.21838031e-01  6.57386422e+01 
 2.24407140e-01 -6.15588602e+00  2.24407140e-01  6.54905595e+01 
 2.27006001e-01 -6.07324933e+00  2.27006001e-01  6.52405964e+01 
 2.29634959e-01 -5.99094577e+00  2.29634959e-01  6.49887578e+01 
 2.32294364e-01 -5.90898033e+00  2.32294364e-01  6.47350492e+01 
 2.34984567e-01 -5.82735802e+00  2.34984567e-01  6.44794769e+01 
 2.37705925e-01 -5.74608387e+00  2.37705925e-01  6.42220476e+01 
 2.40458800e-01 -5.66516293e+00  2.40458800e-01  6.39627687e+01 
 2.43243555e-01 -5.58460027e+00  2.43243555e-01  6.37016484e+01 
 2.46060561e-01 -5.50440096e+00  2.46060561e-01  6.34386954e+01 
 2.48910190e-01 -5.42457009e+00  2.48910190e-01  6.31739191e+01 
 2.51792821e-01 -5.34511276e+00  2.51792821e-01  6.29073298e+01 
 2.54708836e-01 -5.26603406e+00  2.54708836e-01  6.26389382e+01 
 2.57658622e-01 -5.18733910e+00  2.57658622e-01  6.23687559e+01 
 2.60642568e-01 -5.10903298e+00  2.60642568e-01  6.20967951e+01 
 2.63661072e-01 -5.03112081e+00  2.63661072e-01  6.18230687e+01 
 2.66714534e-01 -4.95360767e+00  2.66714534e-01  6.15475905e+01 
 2.69803357e-01 -4.87649865e+00  2.69803357e-01  6.12703749e+01 
 2.72927952e-01 -4.79979883e+00  2.72927952e-01  6.09914370e+01 
 2.76088733e-01 -4.72351328e+00  2.76088733e-01  6.07107927e+01 
 2.79286119e-01 -4.64764702e+00  2.79286119e-01  6.04284588e+01 
 2.82520534e-01 -4.57220509e+00  2.82520534e-01  6.01444526e+01 
 2.85792407e-01 -4.49719249e+00  2.85792407e-01  5.98587923e+01 
 2.89102171e-01 -4.42261419e+00  2.89102171e-01  5.95714968e+01 
 2.92450266e-01 -4.34847513e+00  2.92450266e-01  5.92825858e+01 
 2.95837135e-01 -4.27478021e+00  2.95837135e-01  5.89920798e+01 
 2.99263228e-01 -4.20153431e+00  2.99263228e-01  5.87000000e+01 
 3.02728998e-01 -4.12874227e+00  3.02728998e-01  5.84063684e+01 
 3.06234905e-01 -4.05640886e+00  3.06234905e-01  5.81112078e+01 
 3.09781414e-01 -3.98453883e+00  3.09781414e-01  5.78145417e+01 
 3.13368996e-01 -3.91313687e+00  3.13368996e-01  5.75163944e+01 
 3.16998125e-01 -3.84220761e+00  3.16998125e-01  5.72167910e+01 
 3.20669283e-01 -3.77175562e+00  3.20669283e-01  5.69157573e+01 
 3.24382957e-01 -3.70178543e+00  3.24382957e-01  5.66133198e+01 
 3.28139639e-01 -3.63230148e+00  3.28139639e-01  5.63095058e+01 
 3.31939827e-01 -3.56330815e+00  3.31939827e-01  5.60043435e+01 
 3.35784025e-01 -3.49480975e+00  3.35784025e-01  5.56978615e+01 
 3.39672743e-01 -3.42681051e+00  3.39672743e-01  5.53900895e+01 
 3.43606496e-01 -3.35931459e+00  3.43606496e-01  5.50810577e+01 
 3.47585805e-01 -3.29232606e+00  3.47585805e-01  5.47707970e+01 
 3.51611200e-01 -3.22584889e+00  3.51611200e-01  5.44593390e+01 
 3.55683212e-01 -3.15988699e+00  3.55683212e-01  5.41467161e+01 
 3.59802383e-01 -3.09444415e+00  3.59802383e-01  5.38329614e+01 
 3.63969257e-01 -3.02952407e+00  3.63969257e-01  5.35181084e+01 
 3.68184388e-01 -2.96513037e+00  3.68184388e-01  5.32021915e+01 
 3.72448335e-01 -2.90126652e+00  3.72448335e-01  5.28852456e+01 
 3.76761663e-01 -2.83793594e+00  3.76761663e-01  5.25673063e+01 
 3.81124943e-01 -2.77514189e+00  3.81124943e-01  5.22484098e+01 
 3.85538754e-01 -2.71288756e+00  3.85538754e-01  5.19285929e+01 
 3.90003682e-01 -2.65117598e+00  3.90003682e-01  5.16078927e+01 
 3.94520318e-01 -2.59001010e+00  3.94520318e-01  5.12863473e+01 
 3.99089261e-01 -2.52939272e+00  3.99089261e-01  5.09639949e+01 
 4.03711118e-01 -2.46932654e+00  4.03711118e-01  5.06408744e+01 
 4.08386500e-01 -2.40981411e+00  4.08386500e-01  5.03170253e+01 
 4.13116027e-01 -2.35085786e+00  4.13116027e-01  4.99924874e+01 
 4.17900328e-01 -2.29246009e+00  4.17900328e-01  4.96673009e+01 
 4.22740035e-01 -2.23462295e+00  4.22740035e-01  4.93415065e+01 
 4.27635791e-01 -2.17734848e+00  4.27635791e-01  4.90151452e+01 
 4.32588245e-01 -2.12063857e+00  4.32588245e-01  4.86882587e+01 
 4.37598053e-01 -2.06449495e+00  4.37598053e-01  4.83608885e+01 
 4.42665880e-01 -2.00891922e+00  4.42665880e-01  4.80330768e+01 
 4.47792398e-01 -1.95391286e+00  4.47792398e-01  4.77048660e+01 
 4.52978286e-01 -1.89947717e+00  4.52978286e-01  4.73762987e+01 
 4.58224231e-01 -1.84561331e+00  4.58224231e-01  4.70474177e+01 
 4.63530930e-01 -1.79232230e+00  4.63530930e-01  4.67182663e+01 
 4.68899086e-01 -1.73960501e+00  4.68899086e-01  4.63888876e+01 
 4.74329410e-01 -1.68746215e+00  4.74329410e-01  4.60593251e+01 
 4.79822623e-01 -1.63589430e+00  4.79822623e-01  4.57296222e+01 
 4.85379453e-01 -1.58490186e+00  4.85379453e-01  4.53998226e+01 
 4.91000637e-01 -1.53448509e+00  4.91000637e-01  4.50699701e+01 
 4.96686920e-01 -1.48464411e+00  4.96686920e-01  4.47401082e+01 
 5.02439056e-01 -1.43537887e+00  5.02439056e-01  4.44102808e+01 
 5.08257807e-01 -1.38668917e+00  5.08257807e-01  4.40805315e+01 
 5.14143945e-01 -1.33857466e+00  5.14143945e-01  4.37509041e+01 
 5.20098251e-01 -1.29103485e+00  5.20098251e-01  4.34214420e+01 
 5.26121513e-01 -1.24406908e+00  5.26121513e-01  4.30921887e+01 
 5.32214531e-01 -1.19767655e+00  5.32214531e-01  4.27631877e+01 
 5.38378112e-01 -1.15185630e+00  5.38378112e-01  4.24344819e+01 
 5.44613074e-01 -1.10660724e+00  5.44613074e-01  4.21061145e+01 
 5.50920243e-01 -1.06192811e+00  5.50920243e-01  4.17781281e+01 
 5.57300455e-01 -1.01781751e+00  5.57300455e-01  4.14505652e+01 
 5.63754556e-01 -9.74273906e-01  5.63754556e-01  4.11234681e+01 
 5.70283403e-01 -9.31295613e-01  5.70283403e-01  4.07968787e+01 
 5.76887860e-01 -8.88880802e-01  5.76887860e-01  4.04708385e+01 
 5.83568804e-01 -8.47027508e-01  5.83568804e-01  4.01453888e+01 
 5.90327119e-01 -8.05733625e-01  5.90327119e-01  3.98205705e+01 
 5.97163703e-01 -7.64996915e-01  5.97163703e-01  3.94964239e+01 
 6.04079461e-01 -7.24815003e-01  6.04079461e-01  3.91729892e+01 
 6.11075310e-01 -6.85185386e-01  6.11075310e-01  3.88503058e+01 
 6.18152179e-01 -6.46105430e-01  6.18152179e-01  3.85284129e+01 
 6.25311005e-01 -6.07572377e-01  6.25311005e-01  3.82073491e+01 
 6.32552737e-01 -5.69583344e-01  6.32552737e-01  3.78871524e+01 
 6.39878336e-01 -5.32135331e-01  6.39878336e-01  3.75678604e+01 
 6.47288773e-01 -4.95225216e-01  6.47288773e-01  3.72495102e+01 
 6.54785030e-01 -4.58849766e-01  6.54785030e-01  3.69321380e+01 
 6.62368101e-01 -4.23005634e-01  6.62368101e-01  3.66157797e+01 
 6.70038992e-01 -3.87689368e-01  6.70038992e-01  3.63004706e+01 
 6.77798719e-01 -3.52897409e-01  6.77798719e-01  3.59862453e+01 
 6.85648312e-01 -3.18626095e-01  6.85648312e-01  3.56731376e+01 
 6.93588812e-01 -2.84871668e-01  6.93588812e-01  3.53611809e+01 
 7.01621270e-01 -2.51630274e-01  7.01621270e-01  3.50504077e+01 
 7.09746752e-01 -2.18897967e-01  7.09746752e-01  3.47408501e+01 
 7.17966335e-01 -1.86670714e-01  7.17966335e-01  3.44325393e+01 
 7.26281110e-01 -1.54944397e-01  7.26281110e-01  3.41255057e+01 
 7.34692178e-01 -1.23714816e-01  7.34692178e-01  3.38197794e+01 
 7.43200655e-01 -9.29776955e-02  7.43200655e-01  3.35153892e+01 
 7.51807668e-01 -6.27286844e-02  7.51807668e-01  3.32123637e+01 
 7.60514359e-01 -3.29633620e-02  7.60514359e-01  3.29107304e+01 
 7.69321883e-01 -3.67724080e-03  7.69321883e-01  3.26105162e+01 
 7.78231406e-01  2.51342298e-02  7.78231406e-01  3.23117473e+01 
 7.87244111e-01  5.34756601e-02  7.87244111e-01  3.20144490e+01 
 7.96361192e-01  8.13517160e-02  7.96361192e-01  3.17186461e+01 
 8.05583858e-01  1.08767116e-01  8.05583858e-01  3.14243622e+01 
 8.14913332e-01  1.35726628e-01  8.14913332e-01  3.11316205e+01 
 8.24350851e-01  1.62235064e-01  8.24350851e-01  3.08404434e+01 
 8.33897665e-01  1.88297280e-01  8.33897665e-01  3.05508523e+01 
 8.43555041e-01  2.13918167e-01  8.43555041e-01  3.02628681e+01 
 8.53324260e-01  2.39102656e-01  8.53324260e-01  2.99765109e+01 
 8.63206616e-01  2.63855704e-01  8.63206616e-01  2.96917997e+01 
 8.73203419e-01  2.88182301e-01  8.73203419e-01  2.94087533e+01 
 8.83315996e-01  3.12087460e-01  8.83315996e-01  2.91273892e+01 
 8.93545686e-01  3.35576215e-01  8.93545686e-01  2.88477244e+01 
 9.03893847e-01  3.58653622e-01  9.03893847e-01  2.85697753e+01 
 9.14361849e-01  3.81324749e-01  9.14361849e-01  2.82935572e+01 
 9.24951082e-01  4.03594679e-01  9.24951082e-01  2.80190849e+01 
 9.35662949e-01  4.25468503e-01  9.35662949e-01  2.77463724e+01 
 9.46498870e-01  4.46951320e-01  9.46498870e-01  2.74754330e+01 
 9.57460281e-01  4.68048232e-01  9.57460281e-01  2.72062792e+01 
 9.68548637e-01  4.88764343e-01  9.68548637e-01  2.69389229e+01 
 9.79765408e-01  5.09104755e-01  9.79765408e-01  2.66733751e+01 
 9.91112080e-01  5.29074565e-01  9.91112080e-01  2.64096463e+01 
 1.00259016e+00  5.48678863e-01  1.00259016e+00  2.61477463e+01 
 1.01420116e+00  5.67922733e-01  1.01420116e+00  2.58876841e+01 
 1.02594664e+00  5.86811242e-01  1.02594664e+00  2.56294680e+01 
 1.03782813e+00  6.05349449e-01  1.03782813e+00  2.53731058e+01 
 1.04984723e+00  6.23542391e-01  1.04984723e+00  2.51186046e+01 
 1.06200552e+00  6.41395091e-01  1.06200552e+00  2.48659708e+01 
 1.07430462e+00  6.58912549e-01  1.07430462e+00  2.46152102e+01 
 1.08674615e+00  6.76099744e-01  1.08674615e+00  2.43663280e+01 
 1.09933176e+00  6.92961629e-01  1.09933176e+00  2.41193287e+01 
 1.11206313e+00  7.09503132e-01  1.11206313e+00  2.38742164e+01 
 1.12494195e+00  7.25729152e-01  1.12494195e+00  2.36309943e+01 
 1.13796991e+00  7.41644560e-01  1.13796991e+00  2.33896654e+01 
 1.15114875e+00  7.57254193e-01  1.15114875e+00  2.31502319e+01 
 1.16448021e+00  7.72562857e-01  1.16448021e+00  2.29126955e+01 
 1.17796607e+00  7.87575322e-01  1.17796607e+00  2.26770573e+01 
 1.19160810e+00  8.02296324e-01  1.19160810e+00  2.24433181e+01 
 1.20540813e+00  8.16730560e-01  1.20540813e+00  2.22114779e+01 
 1.21936797e+00  8.30882689e-01  1.21936797e+00  2.19815363e+01 
 1.23348948e+00  8.44757332e-01  1.23348948e+00  2.17534926e+01 
 1.24777453e+00  8.58359066e-01  1.24777453e+00  2.15273454e+01 
 1.26222502e+00  8.71692430e-01  1.26222502e+00  2.13030928e+01 
 1.27684286e+00  8.84761916e-01  1.27684286e+00  2.10807327e+01 
 1.29162999e+00  8.97571977e-01  1.29162999e+00  2.08602623e+01 
 1.30658837e+00  9.10127017e-01  1.30658837e+00  2.06416786e+01 
 1.32171998e+00  9.22431398e-01  1.32171998e+00  2.04249779e+01 
 1.33702683e+00  9.34489433e-01  1.33702683e+00  2.02101564e+01 
 1.35251095e+00  9.46305390e-01  1.35251095e+00  1.99972098e+01 
 1.36817439e+00  9.57883490e-01  1.36817439e+00  1.97861334e+01 
 1.38401923e+00  9.69227905e-01  1.38401923e+00  1.95769220e+01 
 1.40004757e+00  9.80342757e-01  1.40004757e+00  1.93695703e+01 
 1.41626153e+00  9.91232124e-01  1.41626153e+00  1.91640724e+01 
 1.43266327e+00  1.00190003e+00  1.43266327e+00  1.89604224e+01 
 1.44925496e+00  1.01235045e+00  1.44925496e+00  1.87586138e+01 
 1.46603879e+00  1.02258731e+00  1.46603879e+00  1.85586398e+01 
 1.48301700e+00  1.03261448e+00  1.48301700e+00  1.83604935e+01 
 1.50019183e+00  1.04243580e+00  1.50019183e+00  1.81641674e+01 
 1.51756557e+00  1.05205503e+00  1.51756557e+00  1.79696541e+01 
 1.53514051e+00  1.06147590e+00  1.53514051e+00  1.77769457e+01 
 1.55291899e+00  1.07070209e+00  1.55291899e+00  1.75860341e+01 
 1.57090335e+00  1.07973721e+00  1.57090335e+00  1.73969109e+01 
 1.58909600e+00  1.08858483e+00  1.58909600e+00  1.72095675e+01 
 1.60749933e+00  1.09724848e+00  1.60749933e+00  1.70239951e+01 
 1.62611580e+00  1.10573163e+00  1.62611580e+00  1.68401847e+01 
 1.64494786e+00  1.11403768e+00  1.64494786e+00  1.66581271e+01 
 1.66399802e+00  1.12217003e+00  1.66399802e+00  1.64778127e+01 
 1.68326879e+00  1.13013197e+00  1.68326879e+00  1.62992321e+01 
 1.70276274e+00  1.13792678e+00  1.70276274e+00  1.61223754e+01 
 1.72248245e+00  1.14555767e+00  1.72248245e+00  1.59472326e+01 
 1.74243054e+00  1.15302782e+00  1.74243054e+00  1.57737936e+01 
 1.76260964e+00  1.16034034e+00  1.76260964e+00  1.56020482e+01 
 1.78302244e+00  1.16749830e+00  1.78302244e+00  1.54319858e+01 
 1.80367164e+00  1.17450472e+00  1.80367164e+00  1.52635960e+01 
 1.82455997e+00  1.18136256e+00  1.82455997e+00  1.50968681e+01 
 1.84569022e+00  1.18807477e+00  1.84569022e+00  1.49317911e+01 
 1.86706517e+00  1.19464420e+00  1.86706517e+00  1.47683543e+01 
 1.88868767e+00  1.20107369e+00  1.88868767e+00  1.46065466e+01 
 1.91056058e+00  1.20736602e+00  1.91056058e+00  1.44463569e+01 
 1.93268680e+00  1.21352391e+00  1.93268680e+00  1.42877739e+01 
 1.95506926e+00  1.21955007e+00  1.95506926e+00  1.41307863e+01 
 1.97771094e+00  1.22544712e+00  1.97771094e+00  1.39753828e+01 
 2.00061483e+00  1.23121767e+00  2.00061483e+00  1.38215518e+01 
 2.02378396e+00  1.23686427e+00  2.02378396e+00  1.36692819e+01 
 2.04722142e+00  1.24238942e+00  2.04722142e+00  1.35185616e+01 
 2.07093031e+00  1.24779558e+00  2.07093031e+00  1.33693790e+01 
 2.09491378e+00  1.25308518e+00  2.09491378e+00  1.32217226e+01 
 2.11917499e+00  1.25826058e+00  2.11917499e+00  1.30755807e+01 
 2.14371718e+00  1.26332413e+00  2.14371718e+00  1.29309413e+01 
 2.16854358e+00  1.26827812e+00  2.16854358e+00  1.27877929e+01 
 2.19365751e+00  1.27312479e+00  2.19365751e+00  1.26461235e+01 
 2.21906227e+00  1.27786635e+00  2.21906227e+00  1.25059212e+01 
 2.24476125e+00  1.28250498e+00  2.24476125e+00  1.23671742e+01 
 2.27075785e+00  1.28704279e+00  2.27075785e+00  1.22298707e+01 
 2.29705552e+00  1.29148188e+00  2.29705552e+00  1.20939986e+01 
 2.32365774e+00  1.29582430e+00  2.32365774e+00  1.19595462e+01 
 2.35056804e+00  1.30007207e+00  2.35056804e+00  1.18265015e+01 
 2.37778999e+00  1.30422714e+00  2.37778999e+00  1.16948526e+01 
 2.40532720e+00  1.30829147e+00  2.40532720e+00  1.15645876e+01 
 2.43318331e+00  1.31226694e+00  2.43318331e+00  1.14356946e+01 
 2.46136203e+00  1.31615543e+00  2.46136203e+00  1.13081619e+01 
 2.48986709e+00  1.31995877e+00  2.48986709e+00  1.11819774e+01 
 2.51870226e+00  1.32367874e+00  2.51870226e+00  1.10571294e+01 
 2.54787137e+00  1.32731710e+00  2.54787137e+00  1.09336060e+01 
 2.57737829e+00  1.33087557e+00  2.57737829e+00  1.08113956e+01 
 2.60722693e+00  1.33435586e+00  2.60722693e+00  1.06904862e+01 
 2.63742125e+00  1.33775961e+00  2.63742125e+00  1.05708663e+01 
 2.66796525e+00  1.34108845e+00  2.66796525e+00  1.04525241e+01 
 2.69886298e+00  1.34434398e+00  2.69886298e+00  1.03354479e+01 
 2.73011854e+00  1.34752775e+00  2.73011854e+00  1.02196262e+01 
 2.76173606e+00  1.35064129e+00  2.76173606e+00  1.01050474e+01 
 2.79371975e+00  1.35368611e+00  2.79371975e+00  9.99169992e+00 
 2.82607385e+00  1.35666368e+00  2.82607385e+00  9.87957233e+00 
 2.85880263e+00  1.35957543e+00  2.85880263e+00  9.76865319e+00 
 2.89191045e+00  1.36242278e+00  2.89191045e+00  9.65893112e+00 
 2.92540169e+00  1.36520712e+00  2.92540169e+00  9.55039479e+00 
 2.95928080e+00  1.36792979e+00  2.95928080e+00  9.44303292e+00 
 2.99355225e+00  1.37059213e+00  2.99355225e+00  9.33683430e+00 
 3.02822061e+00  1.37319544e+00  3.02822061e+00  9.23178776e+00 
 3.06329046e+00  1.37574099e+00  3.06329046e+00  9.12788220e+00 
 3.09876645e+00  1.37823003e+00  3.09876645e+00  9.02510658e+00 
 3.13465329e+00  1.38066379e+00  3.13465329e+00  8.92344992e+00 
 3.17095574e+00  1.38304345e+00  3.17095574e+00  8.82290130e+00 
 3.20767861e+00  1.38537020e+00  3.20767861e+00  8.72344987e+00 
 3.24482676e+00  1.38764519e+00  3.24482676e+00  8.62508484e+00 
 3.28240513e+00  1.38986954e+00  3.28240513e+00  8.52779548e+00 
 3.32041869e+00  1.39204435e+00  3.32041869e+00  8.43157115e+00 
 3.35887249e+00  1.39417070e+00  3.35887249e+00  8.33640125e+00 
 3.39777162e+00  1.39624965e+00  3.39777162e+00  8.24227526e+00 
 3.43712125e+00  1.39828223e+00  3.43712125e+00  8.14918275e+00 
 3.47692658e+00  1.40026946e+00  3.47692658e+00  8.05711333e+00 
 3.51719290e+00  1.40221233e+00  3.51719290e+00  7.96605670e+00 
 3.55792554e+00  1.40411180e+00  3.55792554e+00  7.87600262e+00 
 3.59912991e+00  1.40596884e+00  3.59912991e+00  7.78694094e+00 
 3.64081146e+00  1.40778436e+00  3.64081146e+00  7.69886157e+00 
 3.68297573e+00  1.40955929e+00  3.68297573e+00  7.61175450e+00 
 3.72562831e+00  1.41129451e+00  3.72562831e+00  7.52560978e+00 
 3.76877484e+00  1.41299090e+00  3.76877484e+00  7.44041756e+00 
 3.81242106e+00  1.41464931e+00  3.81242106e+00  7.35616805e+00 
 3.85657274e+00  1.41627058e+00  3.85657274e+00  7.27285152e+00 
 3.90123574e+00  1.41785552e+00  3.90123574e+00  7.19045836e+00 
 3.94641599e+00  1.41940494e+00  3.94641599e+00  7.10897899e+00 
 3.99211947e+00  1.42091962e+00  3.99211947e+00  7.02840393e+00 
 4.03835224e+00  1.42240032e+00  4.03835224e+00  6.94872377e+00 
 4.08512043e+00  1.42384781e+00  4.08512043e+00  6.86992919e+00 
 4.13243025e+00  1.42526281e+00  4.13243025e+00  6.79201092e+00 
 4.18028796e+00  1.42664604e+00  4.18028796e+00  6.71495978e+00 
 4.22869991e+00  1.42799821e+00  4.22869991e+00  6.63876669e+00 
 4.27767252e+00  1.42932000e+00  4.27767252e+00  6.56342261e+00 
 4.32721228e+00  1.43061208e+00  4.32721228e+00  6.48891859e+00 
 4.37732577e+00  1.43187513e+00  4.37732577e+00  6.41524577e+00 
 4.42801962e+00  1.43310977e+00  4.42801962e+00  6.34239535e+00 
 4.47930055e+00  1.43431665e+00  4.47930055e+00  6.27035862e+00 
 4.53117537e+00  1.43549638e+00  4.53117537e+00  6.19912694e+00 
 4.58365095e+00  1.43664955e+00  4.58365095e+00  6.12869173e+00 
 4.63673425e+00  1.43777677e+00  4.63673425e+00  6.05904452e+00 
 4.69043232e+00  1.43887861e+00  4.69043232e+00  5.99017690e+00 
 4.74475225e+00  1.43995564e+00  4.74475225e+00  5.92208052e+00 
 4.79970127e+00  1.44100841e+00  4.79970127e+00  5.85474714e+00 
 4.85528665e+00  1.44203745e+00  4.85528665e+00  5.78816856e+00 
 4.91151577e+00  1.44304331e+00  4.91151577e+00  5.72233668e+00 
 4.96839608e+00  1.44402649e+00  4.96839608e+00  5.65724346e+00 
 5.02593512e+00  1.44498750e+00  5.02593512e+00  5.59288096e+00 
 5.08414052e+00  1.44592684e+00  5.08414052e+00  5.52924127e+00 
 5.14302000e+00  1.44684500e+00  5.14302000e+00  5.46631660e+00 
 5.20258136e+00  1.44774243e+00  5.20258136e+00  5.40409921e+00 
 5.26283250e+00  1.44861962e+00  5.26283250e+00  5.34258144e+00 
 5.32378141e+00  1.44947701e+00  5.32378141e+00  5.28175569e+00 
 5.38543617e+00  1.45031504e+00  5.38543617e+00  5.22161445e+00 
 5.44780495e+00  1.45113415e+00  5.44780495e+00  5.16215028e+00 
 5.51089603e+00  1.45193476e+00  5.51089603e+00  5.10335581e+00 
 5.57471776e+00  1.45271729e+00  5.57471776e+00  5.04522373e+00 
 5.63927862e+00  1.45348214e+00  5.63927862e+00  4.98774682e+00 
 5.70458716e+00  1.45422971e+00  5.70458716e+00  4.93091791e+00 
 5.77065203e+00  1.45496038e+00  5.77065203e+00  4.87472993e+00 
 5.83748200e+00  1.45567454e+00  5.83748200e+00  4.81917585e+00 
 5.90508593e+00  1.45637255e+00  5.90508593e+00  4.76424873e+00 
 5.97347279e+00  1.45705479e+00  5.97347279e+00  4.70994169e+00 
 6.04265163e+00  1.45772159e+00  6.04265163e+00  4.65624791e+00 
 6.11263163e+00  1.45837331e+00  6.11263163e+00  4.60316066e+00 
 6.18342207e+00  1.45901029e+00  6.18342207e+00  4.55067326e+00 
 6.25503234e+00  1.45963286e+00  6.25503234e+00  4.49877910e+00 
 6.32747192e+00  1.46024134e+00  6.32747192e+00  4.44747165e+00 
 6.40075043e+00  1.46083606e+00  6.40075043e+00  4.39674444e+00 
 6.47487758e+00  1.46141731e+00  6.47487758e+00  4.34659104e+00 
 6.54986319e+00  1.46198540e+00  6.54986319e+00  4.29700513e+00 
 6.62571722e+00  1.46254064e+00  6.62571722e+00  4.24798042e+00 
 6.70244971e+00  1.46308330e+00  6.70244971e+00  4.19951071e+00 
 6.78007084e+00  1.46361367e+00  6.78007084e+00  4.15158983e+00 
 6.85859090e+00  1.46413204e+00  6.85859090e+00  4.10421172e+00 
 6.93802030e+00  1.46463866e+00  6.93802030e+00  4.05737033e+00 
 7.01836957e+00  1.46513380e+00  7.01836957e+00  4.01105973e+00 
 7.09964937e+00  1.46561773e+00  7.09964937e+00  3.96527400e+00 
 7.18187048e+00  1.46609069e+00  7.18187048e+00  3.92000731e+00 
 7.26504378e+00  1.46655294e+00  7.26504378e+00  3.87525388e+00 
 7.34918032e+00  1.46700471e+00  7.34918032e+00  3.83100800e+00 
 7.43429124e+00  1.46744624e+00  7.43429124e+00  3.78726402e+00 
 7.52038784e+00  1.46787776e+00  7.52038784e+00  3.74401634e+00 
 7.60748151e+00  1.46829951e+00  7.60748151e+00  3.70125941e+00 
 7.69558382e+00  1.46871168e+00  7.69558382e+00  3.65898777e+00 
 7.78470645e+00  1.46911452e+00  7.78470645e+00  3.61719599e+00 
 7.87486120e+00  1.46950822e+00  7.87486120e+00  3.57587871e+00 
 7.96606004e+00  1.46989299e+00  7.96606004e+00  3.53503062e+00 
 8.05831505e+00  1.47026903e+00  8.05831505e+00  3.49464647e+00 
 8.15163847e+00  1.47063655e+00  8.15163847e+00  3.45472108e+00 
 8.24604267e+00  1.47099573e+00  8.24604267e+00  3.41524929e+00 
 8.34154016e+00  1.47134676e+00  8.34154016e+00  3.37622603e+00 
 8.43814361e+00  1.47168983e+00  8.43814361e+00  3.33764627e+00 
 8.53586583e+00  1.47202511e+00  8.53586583e+00  3.29950503e+00 
 8.63471977e+00  1.47235279e+00  8.63471977e+00  3.26179739e+00 
 8.73471853e+00  1.47267303e+00  8.73471853e+00  3.22451848e+00 
 8.83587539e+00  1.47298601e+00  8.83587539e+00  3.18766349e+00 
 8.93820374e+00  1.47329188e+00  8.93820374e+00  3.15122765e+00 
 9.04171716e+00  1.47359081e+00  9.04171716e+00  3.11520624e+00 
 9.14642936e+00  1.47388295e+00  9.14642936e+00  3.07959461e+00 
 9.25235424e+00  1.47416846e+00  9.25235424e+00  3.04438815e+00 
 9.35950584e+00  1.47444749e+00  9.35950584e+00  3.00958229e+00 
 9.46789836e+00  1.47472019e+00  9.46789836e+00  2.97517252e+00 
 9.57754617e+00  1.47498669e+00  9.57754617e+00  2.94115438e+00 
 9.68846382e+00  1.47524715e+00  9.68846382e+00  2.90752345e+00 
 9.80066601e+00  1.47550169e+00  9.80066601e+00  2.87427536e+00 
 9.91416761e+00  1.47575045e+00  9.91416761e+00  2.84140581e+00 
 1.00289837e+01  1.47599356e+00  1.00289837e+01  2.80891051e+00 
 1.01451294e+01  1.47623115e+00  1.01451294e+01  2.77678524e+00 
 1.02626203e+01  1.47646335e+00  1.02626203e+01  2.74502583e+00 
 1.03814717e+01  1.47669027e+00  1.03814717e+01  2.71362814e+00 
 1.05016997e+01  1.47691203e+00  1.05016997e+01  2.68258807e+00 
 1.06233199e+01  1.47712876e+00  1.06233199e+01  2.65190160e+00 
 1.07463487e+01  1.47734057e+00  1.07463487e+01  2.62156473e+00 
 1.08708023e+01  1.47754756e+00  1.08708023e+01  2.59157349e+00 
 1.09966971e+01  1.47774986e+00  1.09966971e+01  2.56192397e+00 
 1.11240500e+01  1.47794755e+00  1.11240500e+01  2.53261232e+00 
 1.12528777e+01  1.47814076e+00  1.12528777e+01  2.50363470e+00 
 1.13831974e+01  1.47832958e+00  1.13831974e+01  2.47498733e+00 
 1.15150263e+01  1.47851410e+00  1.15150263e+01  2.44666647e+00 
 1.16483819e+01  1.47869443e+00  1.16483819e+01  2.41866843e+00 
 1.17832819e+01  1.47887067e+00  1.17832819e+01  2.39098953e+00 
 1.19197442e+01  1.47904290e+00  1.19197442e+01  2.36362617e+00 
 1.20577869e+01  1.47921122e+00  1.20577869e+01  2.33657477e+00 
 1.21974282e+01  1.47937571e+00  1.21974282e+01  2.30983178e+00 
 1.23386867e+01  1.47953646e+00  1.23386867e+01  2.28339371e+00 
 1.24815812e+01  1.47969356e+00  1.24815812e+01  2.25725710e+00 
 1.26261305e+01  1.47984709e+00  1.26261305e+01  2.23141853e+00 
 1.27723538e+01  1.47999714e+00  1.27723538e+01  2.20587460e+00 
 1.29202705e+01  1.48014377e+00  1.29202705e+01  2.18062199e+00 
 1.30699003e+01  1.48028706e+00  1.30699003e+01  2.15565737e+00 
 1.32212629e+01  1.48042710e+00  1.32212629e+01  2.13097748e+00 
 1.33743785e+01  1.48056396e+00  1.33743785e+01  2.10657907e+00 
 1.35292673e+01  1.48069771e+00  1.35292673e+01  2.08245896e+00 
 1.36859499e+01  1.48082842e+00  1.36859499e+01  2.05861397e+00 
 1.38444470e+01  1.48095615e+00  1.38444470e+01  2.03504098e+00 
 1.40047796e+01  1.48108098e+00  1.40047796e+01  2.01173689e+00 
 1.41669691e+01  1.48120298e+00  1.41669691e+01  1.98869865e+00 
 1.43310369e+01  1.48132220e+00  1.43310369e+01  1.96592323e+00 
 1.44970048e+01  1.48143871e+00  1.44970048e+01  1.94340763e+00 
 1.46648947e+01  1.48155257e+00  1.46648947e+01  1.92114891e+00 
 1.48347290e+01  1.48166384e+00  1.48347290e+01  1.89914414e+00 
 1.50065301e+01  1.48177259e+00  1.50065301e+01  1.87739042e+00 
 1.51803209e+01  1.48187886e+00  1.51803209e+01  1.85588490e+00 
 1.53561243e+01  1.48198271e+00  1.53561243e+01  1.83462474e+00 
 1.55339637e+01  1.48208421e+00  1.55339637e+01  1.81360716e+00 
 1.57138627e+01  1.48218339e+00  1.57138627e+01  1.79282940e+00 
 1.58958451e+01  1.48228032e+00  1.58958451e+01  1.77228870e+00 
 1.60799350e+01  1.48237505e+00  1.60799350e+01  1.75198238e+00 
 1.62661569e+01  1.48246762e+00  1.62661569e+01  1.73190777e+00 
 1.64545354e+01  1.48255809e+00  1.64545354e+01  1.71206221e+00 
 1.66450955e+01  1.48264650e+00  1.66450955e+01  1.69244311e+00 
 1.68378625e+01  1.48273291e+00  1.68378625e+01  1.67304787e+00 
 1.70328619e+01  1.48281734e+00  1.70328619e+01  1.65387394e+00 
 1.72301197e+01  1.48289986e+00  1.72301197e+01  1.63491879e+00 
 1.74296618e+01  1.48298050e+00  1.74296618e+01  1.61617994e+00 
 1.76315149e+01  1.48305931e+00  1.76315149e+01  1.59765491e+00 
 1.78357056e+01  1.48313632e+00  1.78357056e+01  1.57934125e+00 
 1.80422611e+01  1.48321158e+00  1.80422611e+01  1.56123657e+00 
 1.82512087e+01  1.48328514e+00  1.82512087e+01  1.54333847e+00 
 1.84625761e+01  1.48335702e+00  1.84625761e+01  1.52564458e+00 
 1.86763914e+01  1.48342726e+00  1.86763914e+01  1.50815259e+00 
 1.88926828e+01  1.48349591e+00  1.88926828e+01  1.49086018e+00 
 1.91114791e+01  1.48356300e+00  1.91114791e+01  1.47376508e+00 
 1.93328093e+01  1.48362856e+00  1.93328093e+01  1.45686502e+00 
 1.95567028e+01  1.48369263e+00  1.95567028e+01  1.44015779e+00 
 1.97831891e+01  1.48375524e+00  1.97831891e+01  1.42364117e+00 
 2.00122984e+01  1.48381643e+00  2.00122984e+01  1.40731299e+00 
 2.02440610e+01  1.48387623e+00  2.02440610e+01  1.39117109e+00 
 2.04785077e+01  1.48393467e+00  2.04785077e+01  1.37521334e+00 
 2.07156695e+01  1.48399178e+00  2.07156695e+01  1.35943764e+00 
 2.09555778e+01  1.48404759e+00  2.09555778e+01  1.34384190e+00 
 2.11982645e+01  1.48410213e+00  2.11982645e+01  1.32842407e+00 
 2.14437618e+01  1.48415543e+00  2.14437618e+01  1.31318211e+00 
 2.16921022e+01  1.48420752e+00  2.16921022e+01  1.29811401e+00 
 2.19433187e+01  1.48425843e+00  2.19433187e+01  1.28321778e+00 
 2.21974444e+01  1.48430818e+00  2.21974444e+01  1.26849145e+00 
 2.24545132e+01  1.48435679e+00  2.24545132e+01  1.25393308e+00 
 2.27145591e+01  1.48440430e+00  2.27145591e+01  1.23954074e+00 
 2.29776167e+01  1.48445073e+00  2.29776167e+01  1.22531254e+00 
 2.32437206e+01  1.48449611e+00  2.32437206e+01  1.21124659e+00 
 2.35129064e+01  1.48454045e+00  2.35129064e+01  1.19734104e+00 
 2.37852095e+01  1.48458379e+00  2.37852095e+01  1.18359404e+00 
 2.40606663e+01  1.48462614e+00  2.40606663e+01  1.17000379e+00 
 2.43393131e+01  1.48466752e+00  2.43393131e+01  1.15656849e+00 
 2.46211869e+01  1.48470797e+00  2.46211869e+01  1.14328635e+00 
 2.49063250e+01  1.48474749e+00  2.49063250e+01  1.13015563e+00 
 2.51947654e+01  1.48478612e+00  2.51947654e+01  1.11717459e+00 
 2.54865462e+01  1.48482387e+00  2.54865462e+01  1.10434152e+00 
 2.57817061e+01  1.48486076e+00  2.57817061e+01  1.09165471e+00 
 2.60802843e+01  1.48489681e+00  2.60802843e+01  1.07911250e+00 
 2.63823203e+01  1.48493204e+00  2.63823203e+01  1.06671322e+00 
 2.66878542e+01  1.48496647e+00  2.66878542e+01  1.05445523e+00 
 2.69969265e+01  1.48500012e+00  2.69969265e+01  1.04233691e+00 
 2.73095781e+01  1.48503300e+00  2.73095781e+01  1.03035667e+00 
 2.76258506e+01  1.48506513e+00  2.76258506e+01  1.01851291e+00 
 2.79457858e+01  1.48509654e+00  2.79457858e+01  1.00680407e+00 
 2.82694262e+01  1.48512723e+00  2.82694262e+01  9.95228602e-01 
 2.85968147e+01  1.48515722e+00  2.85968147e+01  9.83784975e-01 
 2.89279946e+01  1.48518653e+00  2.89279946e+01  9.72471674e-01 
 2.92630100e+01  1.48521517e+00  2.92630100e+01  9.61287204e-01 
 2.96019052e+01  1.48524317e+00  2.96019052e+01  9.50230086e-01 
 2.99447251e+01  1.48527052e+00  2.99447251e+01  9.39298855e-01 
 3.02915152e+01  1.48529726e+00  3.02915152e+01  9.28492066e-01 
 3.06423215e+01  1.48532338e+00  3.06423215e+01  9.17808290e-01 
 3.09971905e+01  1.48534891e+00  3.09971905e+01  9.07246112e-01 
 3.13561693e+01  1.48537386e+00  3.13561693e+01  8.96804136e-01 
 3.17193054e+01  1.48539825e+00  3.17193054e+01  8.86480979e-01 
 3.20866469e+01  1.48542208e+00  3.20866469e+01  8.76275275e-01 
 3.24582427e+01  1.48544537e+00  3.24582427e+01  8.66185675e-01 
 3.28341419e+01  1.48546812e+00  3.28341419e+01  8.56210843e-01 
 3.32143943e+01  1.48549036e+00  3.32143943e+01  8.46349458e-01 
 3.35990505e+01  1.48551210e+00  3.35990505e+01  8.36600216e-01 
 3.39881614e+01  1.48553334e+00  3.39881614e+01  8.26961826e-01 
 3.43817786e+01  1.48555410e+00  3.43817786e+01  8.17433012e-01 
 3.47799543e+01  1.48557438e+00  3.47799543e+01  8.08012514e-01 
 3.51827413e+01  1.48559421e+00  3.51827413e+01  7.98699085e-01 
 3.55901929e+01  1.48561358e+00  3.55901929e+01  7.89491491e-01 
 3.60023633e+01  1.48563252e+00  3.60023633e+01  7.80388513e-01 
 3.64193070e+01  1.48565102e+00  3.64193070e+01  7.71388947e-01 
 3.68410793e+01  1.48566910e+00  3.68410793e+01  7.62491602e-01 
 3.72677361e+01  1.48568677e+00  3.72677361e+01  7.53695298e-01 
 3.76993341e+01  1.48570404e+00  3.76993341e+01  7.44998872e-01 
 3.81359304e+01  1.48572092e+00  3.81359304e+01  7.36401173e-01 
 3.85775830e+01  1.48573741e+00  3.85775830e+01  7.27901061e-01 
 3.90243503e+01  1.48575353e+00  3.90243503e+01  7.19497412e-01 
 3.94762917e+01  1.48576928e+00  3.94762917e+01  7.11189113e-01 
 3.99334670e+01  1.48578467e+00  3.99334670e+01  7.02975064e-01 
 4.03959368e+01  1.48579971e+00  4.03959368e+01  6.94854176e-01 
 4.08637625e+01  1.48581442e+00  4.08637625e+01  6.86825375e-01 
 4.13370061e+01  1.48582878e+00  4.13370061e+01  6.78887597e-01 
 4.18157303e+01  1.48584282e+00  4.18157303e+01  6.71039792e-01 
 4.22999987e+01  1.48585654e+00  4.22999987e+01  6.63280919e-01 
 4.27898753e+01  1.48586995e+00  4.27898753e+01  6.55609952e-01 
 4.32854253e+01  1.48588306e+00  4.32854253e+01  6.48025875e-01 
 4.37867142e+01  1.48589586e+00  4.37867142e+01  6.40527682e-01 
 4.42938085e+01  1.48590838e+00  4.42938085e+01  6.33114382e-01 
 4.48067755e+01  1.48592061e+00  4.48067755e+01  6.25784991e-01 
 4.53256831e+01  1.48593256e+00  4.53256831e+01  6.18538540e-01 
 4.58506003e+01  1.48594424e+00  4.58506003e+01  6.11374068e-01 
 4.63815965e+01  1.48595565e+00  4.63815965e+01  6.04290627e-01 
 4.69187422e+01  1.48596681e+00  4.69187422e+01  5.97287278e-01 
 4.74621085e+01  1.48597771e+00  4.74621085e+01  5.90363094e-01 
 4.80117676e+01  1.48598836e+00  4.80117676e+01  5.83517157e-01 
 4.85677923e+01  1.48599877e+00  4.85677923e+01  5.76748561e-01 
 4.91302564e+01  1.48600895e+00  4.91302564e+01  5.70056408e-01 
 4.96992343e+01  1.48601889e+00  4.96992343e+01  5.63439814e-01 
 5.02748016e+01  1.48602861e+00  5.02748016e+01  5.56897900e-01 
 5.08570345e+01  1.48603810e+00  5.08570345e+01  5.50429800e-01 
 5.14460103e+01  1.48604738e+00  5.14460103e+01  5.44034658e-01 
 5.20418070e+01  1.48605645e+00  5.20418070e+01  5.37711626e-01 
 5.26445036e+01  1.48606531e+00  5.26445036e+01  5.31459867e-01 
 5.32541801e+01  1.48607397e+00  5.32541801e+01  5.25278552e-01 
 5.38709172e+01  1.48608244e+00  5.38709172e+01  5.19166862e-01 
 5.44947968e+01  1.48609071e+00  5.44947968e+01  5.13123987e-01 
 5.51259015e+01  1.48609879e+00  5.51259015e+01  5.07149128e-01 
 5.57643151e+01  1.48610669e+00  5.57643151e+01  5.01241492e-01 
 5.64101221e+01  1.48611441e+00  5.64101221e+01  4.95400297e-01 
 5.70634082e+01  1.48612196e+00  5.70634082e+01  4.89624769e-01 
 5.77242601e+01  1.48612933e+00  5.77242601e+01  4.83914141e-01 
 5.83927652e+01  1.48613653e+00  5.83927652e+01  4.78267659e-01 
 5.90690124e+01  1.48614358e+00  5.90690124e+01  4.72684574e-01 
 5.97530911e+01  1.48615046e+00  5.97530911e+01  4.67164145e-01 
 6.04450922e+01  1.48615718e+00  6.04450922e+01  4.61705642e-01 
 6.11451073e+01  1.48616375e+00  6.11451073e+01  4.56308340e-01 
 6.18532294e+01  1.48617017e+00  6.18532294e+01  4.50971526e-01 
 6.25695522e+01  1.48617645e+00  6.25695522e+01  4.45694492e-01 
 6.32941707e+01  1.48618258e+00  6.32941707e+01  4.40476537e-01 
 6.40271811e+01  1.48618858e+00  6.40271811e+01  4.35316972e-01 
 6.47686804e+01  1.48619443e+00  6.47686804e+01  4.30215113e-01 
 6.55187671e+01  1.48620016e+00  6.55187671e+01  4.25170282e-01 
 6.62775405e+01  1.48620575e+00  6.62775405e+01  4.20181813e-01 
 6.70451013e+01  1.48621122e+00  6.70451013e+01  4.15249043e-01 
 6.78215512e+01  1.48621656e+00  6.78215512e+01  4.10371318e-01 
 6.86069932e+01  1.48622178e+00  6.86069932e+01  4.05547994e-01 
 6.94015314e+01  1.48622688e+00  6.94015314e+01  4.00778430e-01 
 7.02052711e+01  1.48623187e+00  7.02052711e+01  3.96061994e-01 
 7.10183190e+01  1.48623674e+00  7.10183190e+01  3.91398061e-01 
 7.18407828e+01  1.48624150e+00  7.18407828e+01  3.86786014e-01 
 7.26727715e+01  1.48624616e+00  7.26727715e+01  3.82225241e-01 
 7.35143955e+01  1.48625070e+00  7.35143955e+01  3.77715137e-01 
 7.43657664e+01  1.48625515e+00  7.43657664e+01  3.73255104e-01 
 7.52269970e+01  1.48625949e+00  7.52269970e+01  3.68844553e-01 
 7.60982015e+01  1.48626373e+00  7.60982015e+01  3.64482898e-01 
 7.69794955e+01  1.48626788e+00  7.69794955e+01  3.60169560e-01 
 7.78709957e+01  1.48627193e+00  7.78709957e+01  3.55903969e-01 
 7.87728204e+01  1.48627589e+00  7.87728204e+01  3.51685560e-01 
 7.96850891e+01  1.48627976e+00  7.96850891e+01  3.47513772e-01 
 8.06079229e+01  1.48628355e+00  8.06079229e+01  3.43388053e-01 
 8.15414439e+01  1.48628724e+00  8.15414439e+01  3.39307857e-01 
 8.24857761e+01  1.48629086e+00  8.24857761e+01  3.35272642e-01 
 8.34410446e+01  1.48629439e+00  8.34410446e+01  3.31281873e-01 
 8.44073761e+01  1.48629784e+00  8.44073761e+01  3.27335023e-01 
 8.53848987e+01  1.48630121e+00  8.53848987e+01  3.23431567e-01 
 8.63737419e+01  1.48630450e+00  8.63737419e+01  3.19570988e-01 
 8.73740370e+01  1.48630772e+00  8.73740370e+01  3.15752775e-01 
 8.83859165e+01  1.48631087e+00  8.83859165e+01  3.11976421e-01 
 8.94095146e+01  1.48631394e+00  8.94095146e+01  3.08241426e-01 
 9.04449670e+01  1.48631695e+00  9.04449670e+01  3.04547294e-01 
 9.14924110e+01  1.48631988e+00  9.14924110e+01  3.00893537e-01 
 9.25519854e+01  1.48632275e+00  9.25519854e+01  2.97279670e-01 
 9.36238307e+01  1.48632556e+00  9.36238307e+01  2.93705214e-01 
 9.47080892e+01  1.48632830e+00  9.47080892e+01  2.90169694e-01 
 9.58049044e+01  1.48633097e+00  9.58049044e+01  2.86672644e-01 
 9.69144218e+01  1.48633359e+00  9.69144218e+01  2.83213598e-01 
 9.80367886e+01  1.48633615e+00  9.80367886e+01  2.79792098e-01 
 9.91721535e+01  1.48633865e+00  9.91721535e+01  2.76407691e-01 
 1.00320667e+02  1.48634109e+00  1.00320667e+02  2.73059929e-01 
 1.01482482e+02  1.48634348e+00  1.01482482e+02  2.69748367e-01 
 1.02657751e+02  1.48634581e+00  1.02657751e+02  2.66472567e-01 
 1.03846632e+02  1.48634809e+00  1.03846632e+02  2.63232093e-01 
 1.05049280e+02  1.48635031e+00  1.05049280e+02  2.60026518e-01 
 1.06265857e+02  1.48635249e+00  1.06265857e+02  2.56855416e-01 
 1.07496523e+02  1.48635462e+00  1.07496523e+02  2.53718366e-01 
 1.08741441e+02  1.48635670e+00  1.08741441e+02  2.50614952e-01 
 1.10000777e+02  1.48635873e+00  1.10000777e+02  2.47544764e-01 
 1.11274697e+02  1.48636071e+00  1.11274697e+02  2.44507394e-01 
 1.12563370e+02  1.48636265e+00  1.12563370e+02  2.41502440e-01 
 1.13866967e+02  1.48636455e+00  1.13866967e+02  2.38529503e-01 
 1.15185661e+02  1.48636640e+00  1.15185661e+02  2.35588189e-01 
 1.16519628e+02  1.48636821e+00  1.16519628e+02  2.32678109e-01 
 1.17869043e+02  1.48636998e+00  1.17869043e+02  2.29798876e-01 
 1.19234085e+02  1.48637171e+00  1.19234085e+02  2.26950109e-01 
 1.20614936e+02  1.48637340e+00  1.20614936e+02  2.24131430e-01 
 1.22011779e+02  1.48637505e+00  1.22011779e+02  2.21342466e-01 
 1.23424798e+02  1.48637666e+00  1.23424798e+02  2.18582847e-01 
 1.24854182e+02  1.48637824e+00  1.24854182e+02  2.15852207e-01 
 1.26300119e+02  1.48637978e+00  1.26300119e+02  2.13150183e-01 
 1.27762802e+02  1.48638128e+00  1.27762802e+02  2.10476419e-01 
 1.29242424e+02  1.48638275e+00  1.29242424e+02  2.07830559e-01 
 1.30739182e+02  1.48638419e+00  1.30739182e+02  2.05212253e-01 
 1.32253273e+02  1.48638559e+00  1.32253273e+02  2.02621153e-01 
 1.33784900e+02  1.48638697e+00  1.33784900e+02  2.00056916e-01 
 1.35334264e+02  1.48638831e+00  1.35334264e+02  1.97519203e-01 
 1.36901571e+02  1.48638962e+00  1.36901571e+02  1.95007676e-01 
 1.38487029e+02  1.48639090e+00  1.38487029e+02  1.92522003e-01 
 1.40090849e+02  1.48639215e+00  1.40090849e+02  1.90061854e-01 
 1.41713242e+02  1.48639337e+00  1.41713242e+02  1.87626904e-01 
 1.43354425e+02  1.48639457e+00  1.43354425e+02  1.85216828e-01 
 1.45014614e+02  1.48639574e+00  1.45014614e+02  1.82831309e-01 
 1.46694029e+02  1.48639688e+00  1.46694029e+02  1.80470028e-01 
 1.48392894e+02  1.48639799e+00  1.48392894e+02  1.78132675e-01 
 1.50111433e+02  1.48639908e+00  1.50111433e+02  1.75818938e-01 
 1.51849875e+02  1.48640015e+00  1.51849875e+02  1.73528511e-01 
 1.53608450e+02  1.48640119e+00  1.53608450e+02  1.71261090e-01 
 1.55387391e+02  1.48640221e+00  1.55387391e+02  1.69016375e-01 
 1.57186933e+02  1.48640320e+00  1.57186933e+02  1.66794069e-01 
 1.59007317e+02  1.48640417e+00  1.59007317e+02  1.64593875e-01 
 1.60848782e+02  1.48640512e+00  1.60848782e+02  1.62415504e-01 
 1.62711573e+02  1.48640604e+00  1.62711573e+02  1.60258665e-01 
 1.64595937e+02  1.48640695e+00  1.64595937e+02  1.58123073e-01 
 1.66502124e+02  1.48640784e+00  1.66502124e+02  1.56008446e-01 
 1.68430387e+02  1.48640870e+00  1.68430387e+02  1.53914502e-01 
 1.70380981e+02  1.48640955e+00  1.70380981e+02  1.51840964e-01 
 1.72354164e+02  1.48641037e+00  1.72354164e+02  1.49787557e-01 
 1.74350199e+02  1.48641118e+00  1.74350199e+02  1.47754009e-01 
 1.76369351e+02  1.48641197e+00  1.76369351e+02  1.45740050e-01 
 1.78411886e+02  1.48641274e+00  1.78411886e+02  1.43745414e-01 
 1.80478075e+02  1.48641349e+00  1.80478075e+02  1.41769835e-01 
 1.82568193e+02  1.48641422e+00  1.82568193e+02  1.39813052e-01 
 1.84682517e+02  1.48641494e+00  1.84682517e+02  1.37874806e-01 
 1.86821327e+02  1.48641564e+00  1.86821327e+02  1.35954840e-01 
 1.88984907e+02  1.48641633e+00  1.88984907e+02  1.34052898e-01 
 1.91173543e+02  1.48641700e+00  1.91173543e+02  1.32168729e-01 
 1.93387525e+02  1.48641766e+00  1.93387525e+02  1.30302084e-01 
 1.95627148e+02  1.48641830e+00  1.95627148e+02  1.28452713e-01 
 1.97892707e+02  1.48641892e+00  1.97892707e+02  1.26620374e-01 
 2.00184505e+02  1.48641953e+00  2.00184505e+02  1.24804821e-01 
 2.02502843e+02  1.48642013e+00  2.02502843e+02  1.23005816e-01 
 2.04848030e+02  1.48642071e+00  2.04848030e+02  1.21223119e-01 
 2.07220377e+02  1.48642128e+00  2.07220377e+02  1.19456493e-01 
 2.09620198e+02  1.48642184e+00  2.09620198e+02  1.17705706e-01 
 2.12047812e+02  1.48642238e+00  2.12047812e+02  1.15970524e-01 
 2.14503539e+02  1.48642291e+00  2.14503539e+02  1.14250717e-01 
 2.16987707e+02  1.48642343e+00  2.16987707e+02  1.12546059e-01 
 2.19500643e+02  1.48642394e+00  2.19500643e+02  1.10856321e-01 
 2.22042682e+02  1.48642443e+00  2.22042682e+02  1.09181281e-01 
 2.24614160e+02  1.48642492e+00  2.24614160e+02  1.07520717e-01 
 2.27215419e+02  1.48642539e+00  2.27215419e+02  1.05874408e-01 
 2.29846803e+02  1.48642585e+00  2.29846803e+02  1.04242136e-01 
 2.32508661e+02  1.48642630e+00  2.32508661e+02  1.02623684e-01 
 2.35201345e+02  1.48642674e+00  2.35201345e+02  1.01018839e-01 
 2.37925214e+02  1.48642717e+00  2.37925214e+02  9.94273865e-02 
 2.40680628e+02  1.48642759e+00  2.40680628e+02  9.78491166e-02 
 2.43467953e+02  1.48642800e+00  2.43467953e+02  9.62838197e-02 
 2.46287557e+02  1.48642840e+00  2.46287557e+02  9.47312884e-02 
 2.49139816e+02  1.48642879e+00  2.49139816e+02  9.31913167e-02 
 2.52025106e+02  1.48642918e+00  2.52025106e+02  9.16637005e-02 
 2.54943811e+02  1.48642955e+00  2.54943811e+02  9.01482373e-02 
 2.57896318e+02  1.48642991e+00  2.57896318e+02  8.86447261e-02 
 2.60883017e+02  1.48643027e+00  2.60883017e+02  8.71529677e-02 
 2.63904306e+02  1.48643062e+00  2.63904306e+02  8.56727642e-02 
 2.66960584e+02  1.48643096e+00  2.66960584e+02  8.42039194e-02 
 2.70052257e+02  1.48643129e+00  2.70052257e+02  8.27462386e-02 
 2.73179734e+02  1.48643161e+00  2.73179734e+02  8.12995284e-02 
 2.76343431e+02  1.48643193e+00  2.76343431e+02  7.98635971e-02 
 2.79543767e+02  1.48643224e+00  2.79543767e+02  7.84382544e-02 
 2.82781166e+02  1.48643254e+00  2.82781166e+02  7.70233112e-02 
 2.86056057e+02  1.48643283e+00  2.86056057e+02  7.56185799e-02 
 2.89368875e+02  1.48643312e+00  2.89368875e+02  7.42238744e-02 
 2.92720058e+02  1.48643340e+00  2.92720058e+02  7.28390096e-02 
 2.96110052e+02  1.48643368e+00  2.96110052e+02  7.14638020e-02 
 2.99539305e+02  1.48643394e+00  2.99539305e+02  7.00980693e-02 
 3.03008272e+02  1.48643420e+00  3.03008272e+02  6.87416303e-02 
 3.06517414e+02  1.48643446e+00  3.06517414e+02  6.73943054e-02 
 3.10067195e+02  1.48643471e+00  3.10067195e+02  6.60559157e-02 
 3.13658086e+02  1.48643495e+00  3.13658086e+02  6.47262839e-02 
 3.17290563e+02  1.48643519e+00  3.17290563e+02  6.34052337e-02 
 3.20965108e+02  1.48643542e+00  3.20965108e+02  6.20925899e-02 
 3.24682207e+02  1.48643564e+00  3.24682207e+02  6.07881786e-02 
 3.28442355e+02  1.48643586e+00  3.28442355e+02  5.94918267e-02 
 3.32246049e+02  1.48643608e+00  3.32246049e+02  5.82033624e-02 
 3.36093793e+02  1.48643629e+00  3.36093793e+02  5.69226149e-02 
 3.39986099e+02  1.48643649e+00  3.39986099e+02  5.56494143e-02 
 3.43923481e+02  1.48643669e+00  3.43923481e+02  5.43835919e-02 
 3.47906461e+02  1.48643688e+00  3.47906461e+02  5.31249799e-02 
 3.51935569e+02  1.48643707e+00  3.51935569e+02  5.18734113e-02 
 3.56011338e+02  1.48643726e+00  3.56011338e+02  5.06287202e-02 
 3.60134309e+02  1.48643744e+00  3.60134309e+02  4.93907416e-02 
 3.64305027e+02  1.48643761e+00  3.64305027e+02  4.81593114e-02 
 3.68524047e+02  1.48643778e+00  3.68524047e+02  4.69342664e-02 
 3.72791927e+02  1.48643795e+00  3.72791927e+02  4.57154440e-02 
 3.77109234e+02  1.48643811e+00  3.77109234e+02  4.45026827e-02 
 3.81476539e+02  1.48643827e+00  3.81476539e+02  4.32958216e-02 
 3.85894423e+02  1.48643842e+00  3.85894423e+02  4.20947009e-02 
 3.90363469e+02  1.48643857e+00  3.90363469e+02  4.08991613e-02 
 3.94884272e+02  1.48643872e+00  3.94884272e+02  3.97090441e-02 
 3.99457430e+02  1.48643886e+00  3.99457430e+02  3.85241917e-02 
 4.04083550e+02  1.48643900e+00  4.04083550e+02  3.73444470e-02 
 4.08763246e+02  1.48643913e+00  4.08763246e+02  3.61696535e-02 
 4.13497136e+02  1.48643926e+00  4.13497136e+02  3.49996555e-02 
 4.18285850e+02  1.48643939e+00  4.18285850e+02  3.38342979e-02 
 4.23130023e+02  1.48643951e+00  4.23130023e+02  3.26734261e-02 
 4.28030295e+02  1.48643963e+00  4.28030295e+02  3.15168862e-02 
 4.32987318e+02  1.48643975e+00  4.32987318e+02  3.03645250e-02 
 4.38001748e+02  1.48643986e+00  4.38001748e+02  2.92161896e-02 
 4.43074250e+02  1.48643997e+00  4.43074250e+02  2.80717277e-02 
 4.48205497e+02  1.48644008e+00  4.48205497e+02  2.69309877e-02 
 4.53396168e+02  1.48644018e+00  4.53396168e+02  2.57938183e-02 
 4.58646954e+02  1.48644028e+00  4.58646954e+02  2.46600687e-02 
 4.63958548e+02  1.48644038e+00  4.63958548e+02  2.35295886e-02 
 4.69331656e+02  1.48644048e+00  4.69331656e+02  2.24022282e-02 
 4.74766990e+02  1.48644057e+00  4.74766990e+02  2.12778379e-02 
 4.80265271e+02  1.48644066e+00  4.80265271e+02  2.01562687e-02 
 4.85827227e+02  1.48644074e+00  4.85827227e+02  1.90373718e-02 
 4.91453597e+02  1.48644083e+00  4.91453597e+02  1.79209990e-02 
 4.97145125e+02  1.48644091e+00  4.97145125e+02  1.68070023e-02 
 5.02902567e+02  1.48644099e+00  5.02902567e+02  1.56952338e-02 
 5.08726686e+02  1.48644106e+00  5.08726686e+02  1.45855463e-02 
 5.14618255e+02  1.48644113e+00  5.14618255e+02  1.34777925e-02 
 5.20578053e+02  1.48644120e+00  5.20578053e+02  1.23718257e-02 
 5.26606872e+02  1.48644127e+00  5.26606872e+02  1.12674992e-02 
 5.32705511e+02  1.48644134e+00  5.32705511e+02  1.01646665e-02 
 5.38874778e+02  1.48644140e+00  5.38874778e+02  9.06318151e-03 
 5.45115492e+02  1.48644146e+00  5.45115492e+02  7.96289813e-03 
 5.51428479e+02  1.48644152e+00  5.51428479e+02  6.86367050e-03 
 5.57814577e+02  1.48644157e+00  5.57814577e+02  5.76535286e-03 
 5.64274633e+02  1.48644162e+00  5.64274633e+02  4.66779961e-03 
 5.70809503e+02  1.48644167e+00  5.70809503e+02  3.57086522e-03 
 5.77420053e+02  1.48644172e+00  5.77420053e+02  2.47440426e-03 
 5.84107159e+02  1.48644177e+00  5.84107159e+02  1.37827136e-03 
 5.90871709e+02  1.48644181e+00  5.90871709e+02  2.82321181e-04 
 5.97714600e+02  1.48644185e+00  5.97714600e+02 -8.13591575e-04 
 6.04636738e+02  1.48644189e+00  6.04636738e+02 -1.90961221e-03 
 6.11639042e+02  1.48644193e+00  6.11639042e+02 -3.00588604e-03 
 6.18722439e+02  1.48644197e+00  6.18722439e+02 -4.10255840e-03 
 6.25887869e+02  1.48644200e+00  6.25887869e+02 -5.19977471e-03 
 6.33136282e+02  1.48644203e+00  6.33136282e+02 -6.29768044e-03 
 6.40468639e+02  1.48644206e+00  6.40468639e+02 -7.39642114e-03 
 6.47885912e+02  1.48644208e+00  6.47885912e+02 -8.49614250e-03 
 6.55389084e+02  1.48644211e+00  6.55389084e+02 -9.59699032e-03 
 6.62979151e+02  1.48644213e+00  6.62979151e+02 -1.06991105e-02 
 6.70657118e+02  1.48644215e+00  6.70657118e+02 -1.18026493e-02 
 6.78424004e+02  1.48644217e+00  6.78424004e+02 -1.29077529e-02 
 6.86280839e+02  1.48644218e+00  6.86280839e+02 -1.40145679e-02 
 6.94228663e+02  1.48644220e+00  6.94228663e+02 -1.51232410e-02 
 7.02268532e+02  1.48644221e+00  7.02268532e+02 -1.62339192e-02 
 7.10401510e+02  1.48644222e+00  7.10401510e+02 -1.73467498e-02 
 7.18628676e+02  1.48644223e+00  7.18628676e+02 -1.84618802e-02 
 7.26951121e+02  1.48644223e+00  7.26951121e+02 -1.95794585e-02 
 7.35369948e+02  1.48644224e+00  7.35369948e+02 -2.06996326e-02 
 7.43886274e+02  1.48644224e+00  7.43886274e+02 -2.18225512e-02 
 7.52501228e+02  1.48644224e+00  7.52501228e+02 -2.29483631e-02 
 7.61215951e+02  1.48644224e+00  7.61215951e+02 -2.40772176e-02 
 7.70031600e+02  1.48644223e+00  7.70031600e+02 -2.52092644e-02 
 7.78949343e+02  1.48644223e+00  7.78949343e+02 -2.63446535e-02 
 7.87970362e+02  1.48644222e+00  7.87970362e+02 -2.74835355e-02 
 7.97095854e+02  1.48644221e+00  7.97095854e+02 -2.86260614e-02 
 8.06327028e+02  1.48644220e+00  8.06327028e+02 -2.97723826e-02 
 8.15665108e+02  1.48644218e+00  8.15665108e+02 -3.09226512e-02 
 8.25111333e+02  1.48644217e+00  8.25111333e+02 -3.20770196e-02 
 8.34666955e+02  1.48644215e+00  8.34666955e+02 -3.32356409e-02 
 8.44333240e+02  1.48644213e+00  8.44333240e+02 -3.43986688e-02 
 8.54111471e+02  1.48644211e+00  8.54111471e+02 -3.55662573e-02 
 8.64002944e+02  1.48644208e+00  8.64002944e+02 -3.67385614e-02 
 8.74008970e+02  1.48644206e+00  8.74008970e+02 -3.79157364e-02 
 8.84130875e+02  1.48644203e+00  8.84130875e+02 -3.90979384e-02 
 8.94370003e+02  1.48644200e+00  8.94370003e+02 -4.02853242e-02 
 9.04727710e+02  1.48644197e+00  9.04727710e+02 -4.14780512e-02 
 9.15205369e+02  1.48644193e+00  9.15205369e+02 -4.26762775e-02 
 9.25804371e+02  1.48644189e+00  9.25804371e+02 -4.38801620e-02 
 9.36526119e+02  1.48644185e+00  9.36526119e+02 -4.50898643e-02 
 9.47372037e+02  1.48644181e+00  9.47372037e+02 -4.63055448e-02 
 9.58343561e+02  1.48644177e+00  9.58343561e+02 -4.75273646e-02 
 9.69442146e+02  1.48644172e+00  9.69442146e+02 -4.87554858e-02 
 9.80669264e+02  1.48644167e+00  9.80669264e+02 -4.99900712e-02 
 9.92026404e+02  1.48644162e+00  9.92026404e+02 -5.12312845e-02 
 1.00351507e+03  1.48644157e+00  1.00351507e+03 -5.24792902e-02 
 1.01513679e+03  1.48644152e+00  1.01513679e+03 -5.37342539e-02 
 1.02689310e+03  1.48644146e+00  1.02689310e+03 -5.49963418e-02 
 1.03878555e+03  1.48644140e+00  1.03878555e+03 -5.62657213e-02 
 1.05081574e+03  1.48644134e+00  1.05081574e+03 -5.75425608e-02 
 1.06298524e+03  1.48644127e+00  1.06298524e+03 -5.88270295e-02 
 1.07529569e+03  1.48644120e+00  1.07529569e+03 -6.01192977e-02 
 1.08774869e+03  1.48644113e+00  1.08774869e+03 -6.14195367e-02 
 1.10034592e+03  1.48644106e+00  1.10034592e+03 -6.27279190e-02 
 1.11308904e+03  1.48644099e+00  1.11308904e+03 -6.40446180e-02 
 1.12597973e+03  1.48644091e+00  1.12597973e+03 -6.53698082e-02 
 1.13901971e+03  1.48644083e+00  1.13901971e+03 -6.67036655e-02 
 1.15221071e+03  1.48644074e+00  1.15221071e+03 -6.80463665e-02 
 1.16555447e+03  1.48644066e+00  1.16555447e+03 -6.93980894e-02 
 1.17905277e+03  1.48644057e+00  1.17905277e+03 -7.07590134e-02 
 1.19270739e+03  1.48644048e+00  1.19270739e+03 -7.21293188e-02 
 1.20652015e+03  1.48644038e+00  1.20652015e+03 -7.35091874e-02 
 1.22049287e+03  1.48644028e+00  1.22049287e+03 -7.48988021e-02 
 1.23462740e+03  1.48644018e+00  1.23462740e+03 -7.62983472e-02 
 1.24892564e+03  1.48644008e+00  1.24892564e+03 -7.77080082e-02 
 1.26338945e+03  1.48643997e+00  1.26338945e+03 -7.91279721e-02 
 1.27802078e+03  1.48643986e+00  1.27802078e+03 -8.05584270e-02 
 1.29282155e+03  1.48643975e+00  1.29282155e+03 -8.19995626e-02 
 1.30779373e+03  1.48643963e+00  1.30779373e+03 -8.34515700e-02 
 1.32293930e+03  1.48643951e+00  1.32293930e+03 -8.49146417e-02 
 1.33826027e+03  1.48643939e+00  1.33826027e+03 -8.63889718e-02 
 1.35375867e+03  1.48643926e+00  1.35375867e+03 -8.78747555e-02 
 1.36943656e+03  1.48643913e+00  1.36943656e+03 -8.93721901e-02 
 1.38529602e+03  1.48643900e+00  1.38529602e+03 -9.08814739e-02 
 1.40133915e+03  1.48643886e+00  1.40133915e+03 -9.24028071e-02 
 1.41756807e+03  1.48643872e+00  1.41756807e+03 -9.39363914e-02 
 1.43398494e+03  1.48643857e+00  1.43398494e+03 -9.54824301e-02 
 1.45059193e+03  1.48643842e+00  1.45059193e+03 -9.70411282e-02 
 1.46739125e+03  1.48643827e+00  1.46739125e+03 -9.86126923e-02 
 1.48438512e+03  1.48643811e+00  1.48438512e+03 -1.00197331e-01 
 1.50157580e+03  1.48643795e+00  1.50157580e+03 -1.01795254e-01 
 1.51896556e+03  1.48643778e+00  1.51896556e+03 -1.03406673e-01 
 1.53655671e+03  1.48643761e+00  1.53655671e+03 -1.05031803e-01 
 1.55435159e+03  1.48643743e+00  1.55435159e+03 -1.06670858e-01 
 1.57235255e+03  1.48643726e+00  1.57235255e+03 -1.08324055e-01 
 1.59056198e+03  1.48643707e+00  1.59056198e+03 -1.09991615e-01 
 1.60898229e+03  1.48643688e+00  1.60898229e+03 -1.11673758e-01 
 1.62761593e+03  1.48643669e+00  1.62761593e+03 -1.13370707e-01 
 1.64646536e+03  1.48643649e+00  1.64646536e+03 -1.15082686e-01 
 1.66553309e+03  1.48643628e+00  1.66553309e+03 -1.16809924e-01 
 1.68482165e+03  1.48643608e+00  1.68482165e+03 -1.18552649e-01 
 1.70433358e+03  1.48643586e+00  1.70433358e+03 -1.20311092e-01 
 1.72407148e+03  1.48643564e+00  1.72407148e+03 -1.22085487e-01 
 1.74403797e+03  1.48643542e+00  1.74403797e+03 -1.23876067e-01 
 1.76423569e+03  1.48643519e+00  1.76423569e+03 -1.25683072e-01 
 1.78466732e+03  1.48643495e+00  1.78466732e+03 -1.27506740e-01 
 1.80533557e+03  1.48643471e+00  1.80533557e+03 -1.29347313e-01 
 1.82624317e+03  1.48643446e+00  1.82624317e+03 -1.31205036e-01 
 1.84739291e+03  1.48643420e+00  1.84739291e+03 -1.33080154e-01 
 1.86878759e+03  1.48643394e+00  1.86878759e+03 -1.34972916e-01 
 1.89043003e+03  1.48643368e+00  1.89043003e+03 -1.36883574e-01 
 1.91232312e+03  1.48643340e+00  1.91232312e+03 -1.38812380e-01 
 1.93446975e+03  1.48643312e+00  1.93446975e+03 -1.40759590e-01 
 1.95687286e+03  1.48643283e+00  1.95687286e+03 -1.42725462e-01 
 1.97953542e+03  1.48643254e+00  1.97953542e+03 -1.44710257e-01 
 2.00246044e+03  1.48643224e+00  2.00246044e+03 -1.46714239e-01 
 2.02565095e+03  1.48643193e+00  2.02565095e+03 -1.48737672e-01 
 2.04911003e+03  1.48643161e+00  2.04911003e+03 -1.50780825e-01 
 2.07284080e+03  1.48643129e+00  2.07284080e+03 -1.52843969e-01 
 2.09684638e+03  1.48643096e+00  2.09684638e+03 -1.54927378e-01 
 2.12112998e+03  1.48643062e+00  2.12112998e+03 -1.57031327e-01 
 2.14569480e+03  1.48643027e+00  2.14569480e+03 -1.59156096e-01 
 2.17054412e+03  1.48642991e+00  2.17054412e+03 -1.61301967e-01 
 2.19568121e+03  1.48642955e+00  2.19568121e+03 -1.63469223e-01 
 2.22110941e+03  1.48642918e+00  2.22110941e+03 -1.65658152e-01 
 2.24683210e+03  1.48642879e+00  2.24683210e+03 -1.67869045e-01 
 2.27285268e+03  1.48642840e+00  2.27285268e+03 -1.70102194e-01 
 2.29917461e+03  1.48642800e+00  2.29917461e+03 -1.72357896e-01 
 2.32580137e+03  1.48642759e+00  2.32580137e+03 -1.74636449e-01 
 2.35273649e+03  1.48642717e+00  2.35273649e+03 -1.76938156e-01 
 2.37998356e+03  1.48642674e+00  2.37998356e+03 -1.79263322e-01 
 2.40754617e+03  1.48642630e+00  2.40754617e+03 -1.81612255e-01 
 2.43542798e+03  1.48642585e+00  2.43542798e+03 -1.83985267e-01 
 2.46363269e+03  1.48642539e+00  2.46363269e+03 -1.86382672e-01 
 2.49216405e+03  1.48642491e+00  2.49216405e+03 -1.88804788e-01 
 2.52102582e+03  1.48642443e+00  2.52102582e+03 -1.91251936e-01 
 2.55022184e+03  1.48642394e+00  2.55022184e+03 -1.93724441e-01 
 2.57975598e+03  1.48642343e+00  2.57975598e+03 -1.96222630e-01 
 2.60963216e+03  1.48642291e+00  2.60963216e+03 -1.98746834e-01 
 2.63985434e+03  1.48642238e+00  2.63985434e+03 -2.01297389e-01 
 2.67042651e+03  1.48642183e+00  2.67042651e+03 -2.03874632e-01 
 2.70135274e+03  1.48642128e+00  2.70135274e+03 -2.06478905e-01 
 2.73263713e+03  1.48642071e+00  2.73263713e+03 -2.09110554e-01 
 2.76428383e+03  1.48642013e+00  2.76428383e+03 -2.11769927e-01 
 2.79629703e+03  1.48641953e+00  2.79629703e+03 -2.14457376e-01 
 2.82868097e+03  1.48641892e+00  2.82868097e+03 -2.17173259e-01 
 2.86143995e+03  1.48641829e+00  2.86143995e+03 -2.19917935e-01 
 2.89457831e+03  1.48641765e+00  2.89457831e+03 -2.22691768e-01 
 2.92810044e+03  1.48641700e+00  2.92810044e+03 -2.25495125e-01 
 2.96201080e+03  1.48641633e+00  2.96201080e+03 -2.28328380e-01 
 2.99631387e+03  1.48641564e+00  2.99631387e+03 -2.31191906e-01 
 3.03101421e+03  1.48641494e+00  3.03101421e+03 -2.34086084e-01 
 3.06611641e+03  1.48641422e+00  3.06611641e+03 -2.37011297e-01 
 3.10162514e+03  1.48641349e+00  3.10162514e+03 -2.39967933e-01 
 3.13754508e+03  1.48641273e+00  3.13754508e+03 -2.42956385e-01 
 3.17388102e+03  1.48641196e+00  3.17388102e+03 -2.45977048e-01 
 3.21063777e+03  1.48641117e+00  3.21063777e+03 -2.49030323e-01 
 3.24782019e+03  1.48641037e+00  3.24782019e+03 -2.52116614e-01 
 3.28543323e+03  1.48640954e+00  3.28543323e+03 -2.55236332e-01 
 3.32348186e+03  1.48640870e+00  3.32348186e+03 -2.58389888e-01 
 3.36197113e+03  1.48640783e+00  3.36197113e+03 -2.61577703e-01 
 3.40090615e+03  1.48640695e+00  3.40090615e+03 -2.64800197e-01 
 3.44029207e+03  1.48640604e+00  3.44029207e+03 -2.68057798e-01 
 3.48013412e+03  1.48640511e+00  3.48013412e+03 -2.71350939e-01 
 3.52043759e+03  1.48640417e+00  3.52043759e+03 -2.74680055e-01 
 3.56120781e+03  1.48640319e+00  3.56120781e+03 -2.78045589e-01 
 3.60245019e+03  1.48640220e+00  3.60245019e+03 -2.81447986e-01 
 3.64417019e+03  1.48640118e+00  3.64417019e+03 -2.84887697e-01 
 3.68637336e+03  1.48640014e+00  3.68637336e+03 -2.88365178e-01 
 3.72906528e+03  1.48639908e+00  3.72906528e+03 -2.91880891e-01 
 3.77225162e+03  1.48639799e+00  3.77225162e+03 -2.95435301e-01 
 3.81593810e+03  1.48639687e+00  3.81593810e+03 -2.99028880e-01 
 3.86013052e+03  1.48639573e+00  3.86013052e+03 -3.02662104e-01 
 3.90483472e+03  1.48639456e+00  3.90483472e+03 -3.06335455e-01 
 3.95005665e+03  1.48639337e+00  3.95005665e+03 -3.10049419e-01 
 3.99580229e+03  1.48639214e+00  3.99580229e+03 -3.13804490e-01 
 4.04207771e+03  1.48639089e+00  4.04207771e+03 -3.17601164e-01 
 4.08888905e+03  1.48638961e+00  4.08888905e+03 -3.21439945e-01 
 4.13624251e+03  1.48638830e+00  4.13624251e+03 -3.25321343e-01 
 4.18414437e+03  1.48638696e+00  4.18414437e+03 -3.29245871e-01 
 4.23260098e+03  1.48638559e+00  4.23260098e+03 -3.33214050e-01 
 4.28161877e+03  1.48638418e+00  4.28161877e+03 -3.37226405e-01 
 4.33120424e+03  1.48638274e+00  4.33120424e+03 -3.41283470e-01 
 4.38136395e+03  1.48638127e+00  4.38136395e+03 -3.45385781e-01 
 4.43210457e+03  1.48637977e+00  4.43210457e+03 -3.49533883e-01 
 4.48343281e+03  1.48637823e+00  4.48343281e+03 -3.53728325e-01 
 4.53535548e+03  1.48637665e+00  4.53535548e+03 -3.57969664e-01 
 4.58787948e+03  1.48637504e+00  4.58787948e+03 -3.62258461e-01 
 4.64101175e+03  1.48637338e+00  4.64101175e+03 -3.66595286e-01 
 4.69475935e+03  1.48637169e+00  4.69475935e+03 -3.70980712e-01 
 4.74912940e+03  1.48636997e+00  4.74912940e+03 -3.75415322e-01 
 4.80412911e+03  1.48636820e+00  4.80412911e+03 -3.79899703e-01 
 4.85976577e+03  1.48636639e+00  4.85976577e+03 -3.84434450e-01 
 4.91604676e+03  1.48636453e+00  4.91604676e+03 -3.89020164e-01 
 4.97297954e+03  1.48636264e+00  4.97297954e+03 -3.93657453e-01 
 5.03057166e+03  1.48636070e+00  5.03057166e+03 -3.98346931e-01 
 5.08883076e+03  1.48635871e+00  5.08883076e+03 -4.03089221e-01 
 5.14776455e+03  1.48635668e+00  5.14776455e+03 -4.07884950e-01 
 5.20738086e+03  1.48635460e+00  5.20738086e+03 -4.12734754e-01 
 5.26768758e+03  1.48635247e+00  5.26768758e+03 -4.17639277e-01 
 5.32869272e+03  1.48635029e+00  5.32869272e+03 -4.22599169e-01 
 5.39040436e+03  1.48634807e+00  5.39040436e+03 -4.27615086e-01 
 5.45283068e+03  1.48634579e+00  5.45283068e+03 -4.32687695e-01 
 5.51597996e+03  1.48634345e+00  5.51597996e+03 -4.37817666e-01 
 5.57986057e+03  1.48634107e+00  5.57986057e+03 -4.43005681e-01 
 5.64448099e+03  1.48633862e+00  5.64448099e+03 -4.48252427e-01 
 5.70984977e+03  1.48633612e+00  5.70984977e+03 -4.53558599e-01 
 5.77597559e+03  1.48633356e+00  5.77597559e+03 -4.58924901e-01 
 5.84286722e+03  1.48633095e+00  5.84286722e+03 -4.64352044e-01 
 5.91053351e+03  1.48632827e+00  5.91053351e+03 -4.69840748e-01 
 5.97898345e+03  1.48632553e+00  5.97898345e+03 -4.75391739e-01 
 6.04822611e+03  1.48632272e+00  6.04822611e+03 -4.81005754e-01 
 6.11827067e+03  1.48631985e+00  6.11827067e+03 -4.86683537e-01 
 6.18912642e+03  1.48631691e+00  6.18912642e+03 -4.92425841e-01 
 6.26080275e+03  1.48631391e+00  6.26080275e+03 -4.98233426e-01 
 6.33330916e+03  1.48631083e+00  6.33330916e+03 -5.04107062e-01 
 6.40665527e+03  1.48630768e+00  6.40665527e+03 -5.10047529e-01 
 6.48085080e+03  1.48630446e+00  6.48085080e+03 -5.16055612e-01 
 6.55590559e+03  1.48630116e+00  6.55590559e+03 -5.22132110e-01 
 6.63182959e+03  1.48629779e+00  6.63182959e+03 -5.28277826e-01 
 6.70863287e+03  1.48629434e+00  6.70863287e+03 -5.34493575e-01 
 6.78632561e+03  1.48629081e+00  6.78632561e+03 -5.40780182e-01 
 6.86491811e+03  1.48628719e+00  6.86491811e+03 -5.47138480e-01 
 6.94442078e+03  1.48628350e+00  6.94442078e+03 -5.53569311e-01 
 7.02484418e+03  1.48627971e+00  7.02484418e+03 -5.60073528e-01 
 7.10619897e+03  1.48627584e+00  7.10619897e+03 -5.66651992e-01 
 7.18849592e+03  1.48627187e+00  7.18849592e+03 -5.73305576e-01 
 7.27174595e+03  1.48626782e+00  7.27174595e+03 -5.80035161e-01 
 7.35596011e+03  1.48626367e+00  7.35596011e+03 -5.86841639e-01 
 7.44114955e+03  1.48625942e+00  7.44114955e+03 -5.93725913e-01 
 7.52732557e+03  1.48625508e+00  7.52732557e+03 -6.00688895e-01 
 7.61449959e+03  1.48625063e+00  7.61449959e+03 -6.07731506e-01 
 7.70268318e+03  1.48624608e+00  7.70268318e+03 -6.14854682e-01 
 7.79188802e+03  1.48624142e+00  7.79188802e+03 -6.22059366e-01 
 7.88212595e+03  1.48623666e+00  7.88212595e+03 -6.29346512e-01 
 7.97340892e+03  1.48623178e+00  7.97340892e+03 -6.36717087e-01 
 8.06574904e+03  1.48622679e+00  8.06574904e+03 -6.44172066e-01 
 8.15915855e+03  1.48622169e+00  8.15915855e+03 -6.51712439e-01 
 8.25364983e+03  1.48621646e+00  8.25364983e+03 -6.59339204e-01 
 8.34923543e+03  1.48621112e+00  8.34923543e+03 -6.67053372e-01 
 8.44592800e+03  1.48620565e+00  8.44592800e+03 -6.74855965e-01 
 8.54374036e+03  1.48620005e+00  8.54374036e+03 -6.82748018e-01 
 8.64268550e+03  1.48619432e+00  8.64268550e+03 -6.90730575e-01 
 8.74277651e+03  1.48618846e+00  8.74277651e+03 -6.98804695e-01 
 8.84402669e+03  1.48618246e+00  8.84402669e+03 -7.06971448e-01 
 8.94644944e+03  1.48617632e+00  8.94644944e+03 -7.15231915e-01 
 9.05005835e+03  1.48617004e+00  9.05005835e+03 -7.23587192e-01 
 9.15486716e+03  1.48616361e+00  9.15486716e+03 -7.32038385e-01 
 9.26088975e+03  1.48615703e+00  9.26088975e+03 -7.40586615e-01 
 9.36814020e+03  1.48615030e+00  9.36814020e+03 -7.49233013e-01 
 9.47663271e+03  1.48614341e+00  9.47663271e+03 -7.57978726e-01 
 9.58638168e+03  1.48613637e+00  9.58638168e+03 -7.66824912e-01 
 9.69740165e+03  1.48612916e+00  9.69740165e+03 -7.75772744e-01 
 9.80970735e+03  1.48612178e+00  9.80970735e+03 -7.84823406e-01 
 9.92331366e+03  1.48611422e+00  9.92331366e+03 -7.93978099e-01 
 1.00382356e+04  1.48610650e+00  1.00382356e+04 -8.03238034e-01 
 1.01544885e+04  1.48609859e+00  1.01544885e+04 -8.12604439e-01 
 1.02720878e+04  1.48609050e+00  1.02720878e+04 -8.22078554e-01 
 1.03910489e+04  1.48608222e+00  1.03910489e+04 -8.31661635e-01 
 1.05113877e+04  1.48607374e+00  1.05113877e+04 -8.41354952e-01 
 1.06331202e+04  1.48606507e+00  1.06331202e+04 -8.51159787e-01 
 1.07562625e+04  1.48605620e+00  1.07562625e+04 -8.61077441e-01 
 1.08808308e+04  1.48604712e+00  1.08808308e+04 -8.71109227e-01 
 1.10068418e+04  1.48603783e+00  1.10068418e+04 -8.81256474e-01 
 1.11343122e+04  1.48602832e+00  1.11343122e+04 -8.91520526e-01 
 1.12632587e+04  1.48601860e+00  1.12632587e+04 -9.01902743e-01 
 1.13936986e+04  1.48600864e+00  1.13936986e+04 -9.12404499e-01 
 1.15256492e+04  1.48599846e+00  1.15256492e+04 -9.23027186e-01 
 1.16591278e+04  1.48598803e+00  1.16591278e+04 -9.33772212e-01 
 1.17941523e+04  1.48597737e+00  1.17941523e+04 -9.44640998e-01 
 1.19307404e+04  1.48596645e+00  1.19307404e+04 -9.55634985e-01 
 1.20689105e+04  1.48595528e+00  1.20689105e+04 -9.66755629e-01 
 1.22086806e+04  1.48594385e+00  1.22086806e+04 -9.78004402e-01 
 1.23500695e+04  1.48593216e+00  1.23500695e+04 -9.89382795e-01 
 1.24930957e+04  1.48592019e+00  1.24930957e+04 -1.00089231e+00 
 1.26377784e+04  1.48590794e+00  1.26377784e+04 -1.01253448e+00 
 1.27841366e+04  1.48589541e+00  1.27841366e+04 -1.02431084e+00 
 1.29321898e+04  1.48588259e+00  1.29321898e+04 -1.03622296e+00 
 1.30819576e+04  1.48586947e+00  1.30819576e+04 -1.04827240e+00 
 1.32334599e+04  1.48585604e+00  1.32334599e+04 -1.06046077e+00 
 1.33867167e+04  1.48584230e+00  1.33867167e+04 -1.07278967e+00 
 1.35417484e+04  1.48582824e+00  1.35417484e+04 -1.08526075e+00 
 1.36985755e+04  1.48581385e+00  1.36985755e+04 -1.09787564e+00 
 1.38572188e+04  1.48579913e+00  1.38572188e+04 -1.11063603e+00 
 1.40176994e+04  1.48578407e+00  1.40176994e+04 -1.12354361e+00 
 1.41800385e+04  1.48576865e+00  1.41800385e+04 -1.13660007e+00 
 1.43442576e+04  1.48575288e+00  1.43442576e+04 -1.14980715e+00 
 1.45103786e+04  1.48573674e+00  1.45103786e+04 -1.16316660e+00 
 1.46784234e+04  1.48572022e+00  1.46784234e+04 -1.17668018e+00 
 1.48484144e+04  1.48570332e+00  1.48484144e+04 -1.19034969e+00 
 1.50203740e+04  1.48568602e+00  1.50203740e+04 -1.20417693e+00 
 1.51943251e+04  1.48566832e+00  1.51943251e+04 -1.21816374e+00 
 1.53702907e+04  1.48565021e+00  1.53702907e+04 -1.23231196e+00 
 1.55482942e+04  1.48563168e+00  1.55482942e+04 -1.24662348e+00 
 1.57283591e+04  1.48561272e+00  1.57283591e+04 -1.26110017e+00 
 1.59105094e+04  1.48559332e+00  1.59105094e+04 -1.27574396e+00 
 1.60947691e+04  1.48557346e+00  1.60947691e+04 -1.29055679e+00 
 1.62811628e+04  1.48555314e+00  1.62811628e+04 -1.30554061e+00 
 1.64697151e+04  1.48553235e+00  1.64697151e+04 -1.32069741e+00 
 1.66604510e+04  1.48551108e+00  1.66604510e+04 -1.33602920e+00 
 1.68533958e+04  1.48548931e+00  1.68533958e+04 -1.35153800e+00 
 1.70485751e+04  1.48546703e+00  1.70485751e+04 -1.36722586e+00 
 1.72460148e+04  1.48544423e+00  1.72460148e+04 -1.38309486e+00 
 1.74457411e+04  1.48542091e+00  1.74457411e+04 -1.39914711e+00 
 1.76477804e+04  1.48539704e+00  1.76477804e+04 -1.41538471e+00 
 1.78521595e+04  1.48537261e+00  1.78521595e+04 -1.43180983e+00 
 1.80589055e+04  1.48534762e+00  1.80589055e+04 -1.44842463e+00 
 1.82680458e+04  1.48532205e+00  1.82680458e+04 -1.46523131e+00 
 1.84796082e+04  1.48529588e+00  1.84796082e+04 -1.48223209e+00 
 1.86936208e+04  1.48526910e+00  1.86936208e+04 -1.49942923e+00 
 1.89101117e+04  1.48524170e+00  1.89101117e+04 -1.51682499e+00 
 1.91291099e+04  1.48521366e+00  1.91291099e+04 -1.53442168e+00 
 1.93506443e+04  1.48518497e+00  1.93506443e+04 -1.55222163e+00 
 1.95747443e+04  1.48515561e+00  1.95747443e+04 -1.57022717e+00 
 1.98014396e+04  1.48512557e+00  1.98014396e+04 -1.58844071e+00 
 2.00307602e+04  1.48509483e+00  2.00307602e+04 -1.60686464e+00 
 2.02627366e+04  1.48506337e+00  2.02627366e+04 -1.62550140e+00 
 2.04973996e+04  1.48503118e+00  2.04973996e+04 -1.64435346e+00 
 2.07347801e+04  1.48499825e+00  2.07347801e+04 -1.66342330e+00 
 2.09749098e+04  1.48496454e+00  2.09749098e+04 -1.68271344e+00 
 2.12178204e+04  1.48493006e+00  2.12178204e+04 -1.70222644e+00 
 2.14635442e+04  1.48489477e+00  2.14635442e+04 -1.72196488e+00 
 2.17121137e+04  1.48485866e+00  2.17121137e+04 -1.74193135e+00 
 2.19635619e+04  1.48482171e+00  2.19635619e+04 -1.76212850e+00 
 2.22179221e+04  1.48478390e+00  2.22179221e+04 -1.78255901e+00 
 2.24752280e+04  1.48474521e+00  2.24752280e+04 -1.80322555e+00 
 2.27355138e+04  1.48470562e+00  2.27355138e+04 -1.82413088e+00 
 2.29988140e+04  1.48466511e+00  2.29988140e+04 -1.84527774e+00 
 2.32651635e+04  1.48462366e+00  2.32651635e+04 -1.86666893e+00 
 2.35345976e+04  1.48458125e+00  2.35345976e+04 -1.88830728e+00 
 2.38071520e+04  1.48453785e+00  2.38071520e+04 -1.91019564e+00 
 2.40828628e+04  1.48449344e+00  2.40828628e+04 -1.93233690e+00 
 2.43617666e+04  1.48444799e+00  2.43617666e+04 -1.95473398e+00 
 2.46439005e+04  1.48440149e+00  2.46439005e+04 -1.97738985e+00 
 2.49293017e+04  1.48435391e+00  2.49293017e+04 -2.00030749e+00 
 2.52180082e+04  1.48430523e+00  2.52180082e+04 -2.02348992e+00 
 2.55100581e+04  1.48425541e+00  2.55100581e+04 -2.04694021e+00 
 2.58054904e+04  1.48420443e+00  2.58054904e+04 -2.07066145e+00 
 2.61043440e+04  1.48415227e+00  2.61043440e+04 -2.09465677e+00 
 2.64066586e+04  1.48409889e+00  2.64066586e+04 -2.11892933e+00 
 2.67124744e+04  1.48404428e+00  2.67124744e+04 -2.14348234e+00 
 2.70218318e+04  1.48398840e+00  2.70218318e+04 -2.16831903e+00 
 2.73347718e+04  1.48393121e+00  2.73347718e+04 -2.19344268e+00 
 2.76513361e+04  1.48387270e+00  2.76513361e+04 -2.21885660e+00 
 2.79715664e+04  1.48381283e+00  2.79715664e+04 -2.24456414e+00 
 2.82955054e+04  1.48375157e+00  2.82955054e+04 -2.27056870e+00 
 2.86231959e+04  1.48368888e+00  2.86231959e+04 -2.29687369e+00 
 2.89546814e+04  1.48362474e+00  2.89546814e+04 -2.32348259e+00 
 2.92900058e+04  1.48355911e+00  2.92900058e+04 -2.35039890e+00 
 2.96292136e+04  1.48349195e+00  2.96292136e+04 -2.37762616e+00 
 2.99723498e+04  1.48342323e+00  2.99723498e+04 -2.40516797e+00 
 3.03194599e+04  1.48335292e+00  3.03194599e+04 -2.43302795e+00 
 3.06705898e+04  1.48328098e+00  3.06705898e+04 -2.46120977e+00 
 3.10257862e+04  1.48320736e+00  3.10257862e+04 -2.48971714e+00 
 3.13850961e+04  1.48313203e+00  3.13850961e+04 -2.51855381e+00 
 3.17485672e+04  1.48305496e+00  3.17485672e+04 -2.54772358e+00 
 3.21162476e+04  1.48297609e+00  3.21162476e+04 -2.57723028e+00 
 3.24881861e+04  1.48289540e+00  3.24881861e+04 -2.60707781e+00 
 3.28644321e+04  1.48281283e+00  3.28644321e+04 -2.63727008e+00 
 3.32450354e+04  1.48272834e+00  3.32450354e+04 -2.66781107e+00 
 3.36300464e+04  1.48264189e+00  3.36300464e+04 -2.69870479e+00 
 3.40195163e+04  1.48255344e+00  3.40195163e+04 -2.72995531e+00 
 3.44134966e+04  1.48246294e+00  3.44134966e+04 -2.76156673e+00 
 3.48120396e+04  1.48237033e+00  3.48120396e+04 -2.79354320e+00 
 3.52151982e+04  1.48227557e+00  3.52151982e+04 -2.82588894e+00 
 3.56230257e+04  1.48217862e+00  3.56230257e+04 -2.85860819e+00 
 3.60355763e+04  1.48207942e+00  3.60355763e+04 -2.89170524e+00 
 3.64529046e+04  1.48197791e+00  3.64529046e+04 -2.92518444e+00 
 3.68750660e+04  1.48187406e+00  3.68750660e+04 -2.95905020e+00 
 3.73021165e+04  1.48176779e+00  3.73021165e+04 -2.99330694e+00 
 3.77341126e+04  1.48165906e+00  3.77341126e+04 -3.02795918e+00 
 3.81711117e+04  1.48154781e+00  3.81711117e+04 -3.06301145e+00 
 3.86131717e+04  1.48143398e+00  3.86131717e+04 -3.09846835e+00 
 3.90603512e+04  1.48131751e+00  3.90603512e+04 -3.13433454e+00 
 3.95127095e+04  1.48119834e+00  3.95127095e+04 -3.17061471e+00 
 3.99703065e+04  1.48107641e+00  3.99703065e+04 -3.20731362e+00 
 4.04332030e+04  1.48095165e+00  4.04332030e+04 -3.24443608e+00 
 4.09014603e+04  1.48082400e+00  4.09014603e+04 -3.28198695e+00 
 4.13751404e+04  1.48069340e+00  4.13751404e+04 -3.31997115e+00 
 4.18543063e+04  1.48055977e+00  4.18543063e+04 -3.35839365e+00 
 4.23390214e+04  1.48042304e+00  4.23390214e+04 -3.39725948e+00 
 4.28293500e+04  1.48028315e+00  4.28293500e+04 -3.43657373e+00 
 4.33253571e+04  1.48014002e+00  4.33253571e+04 -3.47634154e+00 
 4.38271084e+04  1.47999357e+00  4.38271084e+04 -3.51656810e+00 
 4.43346705e+04  1.47984374e+00  4.43346705e+04 -3.55725869e+00 
 4.48481108e+04  1.47969043e+00  4.48481108e+04 -3.59841861e+00 
 4.53674971e+04  1.47953358e+00  4.53674971e+04 -3.64005324e+00 
 4.58928985e+04  1.47937310e+00  4.58928985e+04 -3.68216803e+00 
 4.64243846e+04  1.47920891e+00  4.64243846e+04 -3.72476846e+00 
 4.69620258e+04  1.47904092e+00  4.69620258e+04 -3.76786010e+00 
 4.75058934e+04  1.47886904e+00  4.75058934e+04 -3.81144857e+00 
 4.80560596e+04  1.47869319e+00  4.80560596e+04 -3.85553955e+00 
 4.86125973e+04  1.47851328e+00  4.86125973e+04 -3.90013879e+00 
 4.91755802e+04  1.47832920e+00  4.91755802e+04 -3.94525211e+00 
 4.97450830e+04  1.47814087e+00  4.97450830e+04 -3.99088538e+00 
 5.03211813e+04  1.47794819e+00  5.03211813e+04 -4.03704453e+00 
 5.09039513e+04  1.47775106e+00  5.09039513e+04 -4.08373559e+00 
 5.14934704e+04  1.47754937e+00  5.14934704e+04 -4.13096462e+00 
 5.20898168e+04  1.47734303e+00  5.20898168e+04 -4.17873776e+00 
 5.26930694e+04  1.47713192e+00  5.26930694e+04 -4.22706123e+00 
 5.33033083e+04  1.47691594e+00  5.33033083e+04 -4.27594130e+00 
 5.39206144e+04  1.47669497e+00  5.39206144e+04 -4.32538432e+00 
 5.45450695e+04  1.47646891e+00  5.45450695e+04 -4.37539670e+00 
 5.51767564e+04  1.47623763e+00  5.51767564e+04 -4.42598495e+00 
 5.58157589e+04  1.47600101e+00  5.58157589e+04 -4.47715561e+00 
 5.64621617e+04  1.47575894e+00  5.64621617e+04 -4.52891532e+00 
 5.71160505e+04  1.47551129e+00  5.71160505e+04 -4.58127078e+00 
 5.77775120e+04  1.47525793e+00  5.77775120e+04 -4.63422878e+00 
 5.84466339e+04  1.47499873e+00  5.84466339e+04 -4.68779617e+00 
 5.91235049e+04  1.47473356e+00  5.91235049e+04 -4.74197986e+00 
 5.98082147e+04  1.47446228e+00  5.98082147e+04 -4.79678688e+00 
 6.05008542e+04  1.47418476e+00  6.05008542e+04 -4.85222429e+00 
 6.12015151e+04  1.47390085e+00  6.12015151e+04 -4.90829926e+00 
 6.19102904e+04  1.47361041e+00  6.19102904e+04 -4.96501903e+00 
 6.26272740e+04  1.47331328e+00  6.26272740e+04 -5.02239089e+00 
 6.33525610e+04  1.47300932e+00  6.33525610e+04 -5.08042226e+00 
 6.40862476e+04  1.47269837e+00  6.40862476e+04 -5.13912060e+00 
 6.48284310e+04  1.47238027e+00  6.48284310e+04 -5.19849348e+00 
 6.55792097e+04  1.47205486e+00  6.55792097e+04 -5.25854851e+00 
 6.63386831e+04  1.47172198e+00  6.63386831e+04 -5.31929343e+00 
 6.71069519e+04  1.47138146e+00  6.71069519e+04 -5.38073604e+00 
 6.78841182e+04  1.47103311e+00  6.78841182e+04 -5.44288422e+00 
 6.86702847e+04  1.47067677e+00  6.86702847e+04 -5.50574595e+00 
 6.94655559e+04  1.47031226e+00  6.94655559e+04 -5.56932928e+00 
 7.02700371e+04  1.46993938e+00  7.02700371e+04 -5.63364235e+00 
 7.10838351e+04  1.46955796e+00  7.10838351e+04 -5.69869340e+00 
 7.19070576e+04  1.46916780e+00  7.19070576e+04 -5.76449074e+00 
 7.27398139e+04  1.46876870e+00  7.27398139e+04 -5.83104277e+00 
 7.35822143e+04  1.46836045e+00  7.35822143e+04 -5.89835801e+00 
 7.44343706e+04  1.46794287e+00  7.44343706e+04 -5.96644502e+00 
 7.52963957e+04  1.46751573e+00  7.52963957e+04 -6.03531249e+00 
 7.61684039e+04  1.46707881e+00  7.61684039e+04 -6.10496919e+00 
 7.70505109e+04  1.46663191e+00  7.70505109e+04 -6.17542397e+00 
 7.79428335e+04  1.46617480e+00  7.79428335e+04 -6.24668580e+00 
 7.88454902e+04  1.46570724e+00  7.88454902e+04 -6.31876372e+00 
 7.97586005e+04  1.46522900e+00  7.97586005e+04 -6.39166687e+00 
 8.06822855e+04  1.46473986e+00  8.06822855e+04 -6.46540449e+00 
 8.16166678e+04  1.46423955e+00  8.16166678e+04 -6.53998593e+00 
 8.25618712e+04  1.46372783e+00  8.25618712e+04 -6.61542061e+00 
 8.35180209e+04  1.46320445e+00  8.35180209e+04 -6.69171806e+00 
 8.44852439e+04  1.46266915e+00  8.44852439e+04 -6.76888791e+00 
 8.54636682e+04  1.46212166e+00  8.54636682e+04 -6.84693990e+00 
 8.64534237e+04  1.46156171e+00  8.64534237e+04 -6.92588384e+00 
 8.74546416e+04  1.46098902e+00  8.74546416e+04 -7.00572968e+00 
 8.84674546e+04  1.46040332e+00  8.84674546e+04 -7.08648745e+00 
 8.94919970e+04  1.45980430e+00  8.94919970e+04 -7.16816727e+00 
 9.05284046e+04  1.45919169e+00  9.05284046e+04 -7.25077939e+00 
 9.15768148e+04  1.45856517e+00  9.15768148e+04 -7.33433415e+00 
 9.26373667e+04  1.45792444e+00  9.26373667e+04 -7.41884201e+00 
 9.37102009e+04  1.45726918e+00  9.37102009e+04 -7.50431350e+00 
 9.47954596e+04  1.45659908e+00  9.47954596e+04 -7.59075930e+00 
 9.58932866e+04  1.45591381e+00  9.58932866e+04 -7.67819017e+00 
 9.70038276e+04  1.45521303e+00  9.70038276e+04 -7.76661698e+00 
 9.81272298e+04  1.45449641e+00  9.81272298e+04 -7.85605072e+00 
 9.92636421e+04  1.45376359e+00  9.92636421e+04 -7.94650249e+00 
 1.00413215e+05  1.45301423e+00  1.00413215e+05 -8.03798348e+00 
 1.01576102e+05  1.45224795e+00  1.01576102e+05 -8.13050501e+00 
 1.02752455e+05  1.45146440e+00  1.02752455e+05 -8.22407851e+00 
 1.03942432e+05  1.45066318e+00  1.03942432e+05 -8.31871551e+00 
 1.05146191e+05  1.44984393e+00  1.05146191e+05 -8.41442768e+00 
 1.06363890e+05  1.44900624e+00  1.06363890e+05 -8.51122676e+00 
 1.07595691e+05  1.44814971e+00  1.07595691e+05 -8.60912465e+00 
 1.08841757e+05  1.44727395e+00  1.08841757e+05 -8.70813334e+00 
 1.10102255e+05  1.44637852e+00  1.10102255e+05 -8.80826493e+00 
 1.11377350e+05  1.44546301e+00  1.11377350e+05 -8.90953166e+00 
 1.12667212e+05  1.44452697e+00  1.12667212e+05 -9.01194588e+00 
 1.13972012e+05  1.44356998e+00  1.13972012e+05 -9.11552003e+00 
 1.15291923e+05  1.44259157e+00  1.15291923e+05 -9.22026671e+00 
 1.16627120e+05  1.44159130e+00  1.16627120e+05 -9.32619862e+00 
 1.17977779e+05  1.44056868e+00  1.17977779e+05 -9.43332857e+00 
 1.19344081e+05  1.43952324e+00  1.19344081e+05 -9.54166950e+00 
 1.20726206e+05  1.43845449e+00  1.20726206e+05 -9.65123448e+00 
 1.22124337e+05  1.43736194e+00  1.22124337e+05 -9.76203668e+00 
 1.23538660e+05  1.43624508e+00  1.23538660e+05 -9.87408942e+00 
 1.24969363e+05  1.43510339e+00  1.24969363e+05 -9.98740612e+00 
 1.26416634e+05  1.43393635e+00  1.26416634e+05 -1.01020003e+01 
 1.27880666e+05  1.43274342e+00  1.27880666e+05 -1.02178857e+01 
 1.29361653e+05  1.43152405e+00  1.29361653e+05 -1.03350761e+01 
 1.30859792e+05  1.43027768e+00  1.30859792e+05 -1.04535854e+01 
 1.32375280e+05  1.42900376e+00  1.32375280e+05 -1.05734276e+01 
 1.33908319e+05  1.42770169e+00  1.33908319e+05 -1.06946170e+01 
 1.35459113e+05  1.42637089e+00  1.35459113e+05 -1.08171678e+01 
 1.37027866e+05  1.42501076e+00  1.37027866e+05 -1.09410944e+01 
 1.38614787e+05  1.42362070e+00  1.38614787e+05 -1.10664115e+01 
 1.40220086e+05  1.42220006e+00  1.40220086e+05 -1.11931336e+01 
 1.41843976e+05  1.42074823e+00  1.41843976e+05 -1.13212757e+01 
 1.43486672e+05  1.41926455e+00  1.43486672e+05 -1.14508526e+01 
 1.45148393e+05  1.41774837e+00  1.45148393e+05 -1.15818794e+01 
 1.46829358e+05  1.41619902e+00  1.46829358e+05 -1.17143713e+01 
 1.48529790e+05  1.41461582e+00  1.48529790e+05 -1.18483436e+01 
 1.50249915e+05  1.41299806e+00  1.50249915e+05 -1.19838118e+01 
 1.51989960e+05  1.41134506e+00  1.51989960e+05 -1.21207915e+01 
 1.53750157e+05  1.40965608e+00  1.53750157e+05 -1.22592984e+01 
 1.55530739e+05  1.40793040e+00  1.55530739e+05 -1.23993483e+01 
 1.57331942e+05  1.40616727e+00  1.57331942e+05 -1.25409573e+01 
 1.59154005e+05  1.40436593e+00  1.59154005e+05 -1.26841413e+01 
 1.60997169e+05  1.40252562e+00  1.60997169e+05 -1.28289167e+01 
 1.62861678e+05  1.40064555e+00  1.62861678e+05 -1.29752999e+01 
 1.64747781e+05  1.39872492e+00  1.64747781e+05 -1.31233073e+01 
 1.66655726e+05  1.39676293e+00  1.66655726e+05 -1.32729555e+01 
 1.68585768e+05  1.39475874e+00  1.68585768e+05 -1.34242614e+01 
 1.70538161e+05  1.39271152e+00  1.70538161e+05 -1.35772418e+01 
 1.72513165e+05  1.39062042e+00  1.72513165e+05 -1.37319138e+01 
 1.74511042e+05  1.38848457e+00  1.74511042e+05 -1.38882945e+01 
 1.76532055e+05  1.38630309e+00  1.76532055e+05 -1.40464013e+01 
 1.78576475e+05  1.38407509e+00  1.78576475e+05 -1.42062515e+01 
 1.80644570e+05  1.38179965e+00  1.80644570e+05 -1.43678627e+01 
 1.82736617e+05  1.37947585e+00  1.82736617e+05 -1.45312527e+01 
 1.84852891e+05  1.37710276e+00  1.84852891e+05 -1.46964392e+01 
 1.86993674e+05  1.37467941e+00  1.86993674e+05 -1.48634402e+01 
 1.89159250e+05  1.37220484e+00  1.89159250e+05 -1.50322737e+01 
 1.91349905e+05  1.36967806e+00  1.91349905e+05 -1.52029581e+01 
 1.93565930e+05  1.36709808e+00  1.93565930e+05 -1.53755117e+01 
 1.95807618e+05  1.36446387e+00  1.95807618e+05 -1.55499530e+01 
 1.98075268e+05  1.36177442e+00  1.98075268e+05 -1.57263005e+01 
 2.00369179e+05  1.35902866e+00  2.00369179e+05 -1.59045730e+01 
 2.02689657e+05  1.35622555e+00  2.02689657e+05 -1.60847895e+01 
 2.05037007e+05  1.35336399e+00  2.05037007e+05 -1.62669689e+01 
 2.07411543e+05  1.35044290e+00  2.07411543e+05 -1.64511304e+01 
 2.09813578e+05  1.34746117e+00  2.09813578e+05 -1.66372933e+01 
 2.12243431e+05  1.34441767e+00  2.12243431e+05 -1.68254769e+01 
 2.14701424e+05  1.34131125e+00  2.14701424e+05 -1.70157009e+01 
 2.17187883e+05  1.33814076e+00  2.17187883e+05 -1.72079848e+01 
 2.19703138e+05  1.33490502e+00  2.19703138e+05 -1.74023485e+01 
 2.22247522e+05  1.33160284e+00  2.22247522e+05 -1.75988119e+01 
 2.24821372e+05  1.32823301e+00  2.24821372e+05 -1.77973951e+01 
 2.27425030e+05  1.32479430e+00  2.27425030e+05 -1.79981183e+01 
 2.30058842e+05  1.32128547e+00  2.30058842e+05 -1.82010017e+01 
 2.32723155e+05  1.31770527e+00  2.32723155e+05 -1.84060659e+01 
 2.35418324e+05  1.31405240e+00  2.35418324e+05 -1.86133314e+01 
 2.38144706e+05  1.31032559e+00  2.38144706e+05 -1.88228188e+01 
 2.40902662e+05  1.30652351e+00  2.40902662e+05 -1.90345491e+01 
 2.43692558e+05  1.30264485e+00  2.43692558e+05 -1.92485431e+01 
 2.46514763e+05  1.29868824e+00  2.46514763e+05 -1.94648220e+01 
 2.49369653e+05  1.29465234e+00  2.49369653e+05 -1.96834069e+01 
 2.52257605e+05  1.29053576e+00  2.52257605e+05 -1.99043192e+01 
 2.55179003e+05  1.28633710e+00  2.55179003e+05 -2.01275804e+01 
 2.58134233e+05  1.28205495e+00  2.58134233e+05 -2.03532119e+01 
 2.61123688e+05  1.27768787e+00  2.61123688e+05 -2.05812355e+01 
 2.64147764e+05  1.27323442e+00  2.64147764e+05 -2.08116731e+01 
 2.67206861e+05  1.26869311e+00  2.67206861e+05 -2.10445465e+01 
 2.70301386e+05  1.26406248e+00  2.70301386e+05 -2.12798778e+01 
 2.73431749e+05  1.25934101e+00  2.73431749e+05 -2.15176892e+01 
 2.76598365e+05  1.25452719e+00  2.76598365e+05 -2.17580029e+01 
 2.79801653e+05  1.24961947e+00  2.79801653e+05 -2.20008415e+01 
 2.83042038e+05  1.24461630e+00  2.83042038e+05 -2.22462273e+01 
 2.86319950e+05  1.23951610e+00  2.86319950e+05 -2.24941831e+01 
 2.89635824e+05  1.23431728e+00  2.89635824e+05 -2.27447316e+01 
 2.92990099e+05  1.22901823e+00  2.92990099e+05 -2.29978957e+01 
 2.96383220e+05  1.22361732e+00  2.96383220e+05 -2.32536983e+01 
 2.99815637e+05  1.21811291e+00  2.99815637e+05 -2.35121626e+01 
 3.03287805e+05  1.21250333e+00  3.03287805e+05 -2.37733117e+01 
 3.06800183e+05  1.20678690e+00  3.06800183e+05 -2.40371689e+01 
 3.10353239e+05  1.20096192e+00  3.10353239e+05 -2.43037577e+01 
 3.13947443e+05  1.19502668e+00  3.13947443e+05 -2.45731015e+01 
 3.17583271e+05  1.18897944e+00  3.17583271e+05 -2.48452240e+01 
 3.21261205e+05  1.18281846e+00  3.21261205e+05 -2.51201490e+01 
 3.24981734e+05  1.17654195e+00  3.24981734e+05 -2.53979001e+01 
 3.28745351e+05  1.17014814e+00  3.28745351e+05 -2.56785014e+01 
 3.32552554e+05  1.16363523e+00  3.32552554e+05 -2.59619767e+01 
 3.36403848e+05  1.15700138e+00  3.36403848e+05 -2.62483504e+01 
 3.40299744e+05  1.15024478e+00  3.40299744e+05 -2.65376464e+01 
 3.44240758e+05  1.14336355e+00  3.44240758e+05 -2.68298892e+01 
 3.48227413e+05  1.13635583e+00  3.48227413e+05 -2.71251031e+01 
 3.52260238e+05  1.12921973e+00  3.52260238e+05 -2.74233125e+01 
 3.56339767e+05  1.12195335e+00  3.56339767e+05 -2.77245419e+01 
 3.60466541e+05  1.11455477e+00  3.60466541e+05 -2.80288161e+01 
 3.64641107e+05  1.10702206e+00  3.64641107e+05 -2.83361596e+01 
 3.68864019e+05  1.09935325e+00  3.68864019e+05 -2.86465973e+01 
 3.73135837e+05  1.09154638e+00  3.73135837e+05 -2.89601540e+01 
 3.77457126e+05  1.08359948e+00  3.77457126e+05 -2.92768545e+01 
 3.81828460e+05  1.07551054e+00  3.81828460e+05 -2.95967240e+01 
 3.86250419e+05  1.06727755e+00  3.86250419e+05 -2.99197873e+01 
 3.90723589e+05  1.05889849e+00  3.90723589e+05 -3.02460696e+01 
 3.95248562e+05  1.05037131e+00  3.95248562e+05 -3.05755961e+01 
 3.99825939e+05  1.04169397e+00  3.99825939e+05 -3.09083920e+01 
 4.04456327e+05  1.03286439e+00  4.04456327e+05 -3.12444824e+01 
 4.09140339e+05  1.02388050e+00  4.09140339e+05 -3.15838928e+01 
 4.13878597e+05  1.01474021e+00  4.13878597e+05 -3.19266484e+01 
 4.18671729e+05  1.00544141e+00  4.18671729e+05 -3.22727746e+01 
 4.23520370e+05  9.95981997e-01  4.23520370e+05 -3.26222969e+01 
 4.28425163e+05  9.86359838e-01  4.28425163e+05 -3.29752407e+01 
 4.33386759e+05  9.76572803e-01  4.33386759e+05 -3.33316315e+01 
 4.38405814e+05  9.66618749e-01  4.38405814e+05 -3.36914947e+01 
 4.43482996e+05  9.56495527e-01  4.43482996e+05 -3.40548560e+01 
 4.48618977e+05  9.46200977e-01  4.48618977e+05 -3.44217408e+01 
 4.53814437e+05  9.35732934e-01  4.53814437e+05 -3.47921747e+01 
 4.59070066e+05  9.25089228e-01  4.59070066e+05 -3.51661832e+01 
 4.64386560e+05  9.14267681e-01  4.64386560e+05 -3.55437920e+01 
 4.69764625e+05  9.03266114e-01  4.69764625e+05 -3.59250266e+01 
 4.75204974e+05  8.92082343e-01  4.75204974e+05 -3.63099125e+01 
 4.80708327e+05  8.80714182e-01  4.80708327e+05 -3.66984754e+01 
 4.86275414e+05  8.69159444e-01  4.86275414e+05 -3.70907407e+01 
 4.91906974e+05  8.57415943e-01  4.91906974e+05 -3.74867340e+01 
 4.97603753e+05  8.45481492e-01  4.97603753e+05 -3.78864809e+01 
 5.03366507e+05  8.33353909e-01  5.03366507e+05 -3.82900068e+01 
 5.09195999e+05  8.21031013e-01  5.09195999e+05 -3.86973373e+01 
 5.15093002e+05  8.08510631e-01  5.15093002e+05 -3.91084977e+01 
 5.21058299e+05  7.95790593e-01  5.21058299e+05 -3.95235135e+01 
 5.27092679e+05  7.82868739e-01  5.27092679e+05 -3.99424101e+01 
 5.33196944e+05  7.69742918e-01  5.33196944e+05 -4.03652129e+01 
 5.39371903e+05  7.56410988e-01  5.39371903e+05 -4.07919471e+01 
 5.45618374e+05  7.42870820e-01  5.45618374e+05 -4.12226382e+01 
 5.51937185e+05  7.29120300e-01  5.51937185e+05 -4.16573112e+01 
 5.58329174e+05  7.15157328e-01  5.58329174e+05 -4.20959915e+01 
 5.64795189e+05  7.00979822e-01  5.64795189e+05 -4.25387042e+01 
 5.71336088e+05  6.86585718e-01  5.71336088e+05 -4.29854744e+01 
 5.77952736e+05  6.71972974e-01  5.77952736e+05 -4.34363272e+01 
 5.84646012e+05  6.57139567e-01  5.84646012e+05 -4.38912877e+01 
 5.91416802e+05  6.42083503e-01  5.91416802e+05 -4.43503808e+01 
 5.98266006e+05  6.26802810e-01  5.98266006e+05 -4.48136315e+01 
 6.05194529e+05  6.11295546e-01  6.05194529e+05 -4.52810647e+01 
 6.12203293e+05  5.95559798e-01  6.12203293e+05 -4.57527053e+01 
 6.19293224e+05  5.79593685e-01  6.19293224e+05 -4.62285782e+01 
 6.26465265e+05  5.63395361e-01  6.26465265e+05 -4.67087081e+01 
 6.33720365e+05  5.46963013e-01  6.33720365e+05 -4.71931198e+01 
 6.41059486e+05  5.30294868e-01  6.41059486e+05 -4.76818380e+01 
 6.48483601e+05  5.13389190e-01  6.48483601e+05 -4.81748876e+01 
 6.55993696e+05  4.96244289e-01  6.55993696e+05 -4.86722932e+01 
 6.63590765e+05  4.78858513e-01  6.63590765e+05 -4.91740795e+01 
 6.71275815e+05  4.61230260e-01  6.71275815e+05 -4.96802712e+01 
 6.79049866e+05  4.43357973e-01  6.79049866e+05 -5.01908930e+01 
 6.86913949e+05  4.25240146e-01  6.86913949e+05 -5.07059696e+01 
 6.94869105e+05  4.06875321e-01  6.94869105e+05 -5.12255258e+01 
 7.02916391e+05  3.88262098e-01  7.02916391e+05 -5.17495862e+01 
 7.11056872e+05  3.69399126e-01  7.11056872e+05 -5.22781757e+01 
 7.19291628e+05  3.50285116e-01  7.19291628e+05 -5.28113191e+01 
 7.27621750e+05  3.30918835e-01  7.27621750e+05 -5.33490412e+01 
 7.36048344e+05  3.11299108e-01  7.36048344e+05 -5.38913671e+01 
 7.44572527e+05  2.91424825e-01  7.44572527e+05 -5.44383218e+01 
 7.53195428e+05  2.71294936e-01  7.53195428e+05 -5.49899303e+01 
 7.61918191e+05  2.50908457e-01  7.61918191e+05 -5.55462179e+01 
 7.70741972e+05  2.30264469e-01  7.70741972e+05 -5.61072099e+01 
 7.79667942e+05  2.09362120e-01  7.79667942e+05 -5.66729319e+01 
 7.88697283e+05  1.88200626e-01  7.88697283e+05 -5.72434093e+01 
 7.97831193e+05  1.66779271e-01  7.97831193e+05 -5.78186681e+01 
 8.07070883e+05  1.45097409e-01  8.07070883e+05 -5.83987341e+01 
 8.16417578e+05  1.23154465e-01  8.16417578e+05 -5.89836336e+01 
 8.25872518e+05  1.00949934e-01  8.25872518e+05 -5.95733928e+01 
 8.35436955e+05  7.84833824e-02  8.35436955e+05 -6.01680384e+01 
 8.45112157e+05  5.57544483e-02  8.45112157e+05 -6.07675972e+01 
 8.54899409e+05  3.27628411e-02  8.54899409e+05 -6.13720964e+01 
 8.64800006e+05  9.50834138e-03  8.64800006e+05 -6.19815633e+01 
 8.74815263e+05 -1.40091989e-02  8.74815263e+05 -6.25960257e+01 
 8.84946506e+05 -3.77898575e-02  8.84946506e+05 -6.32155115e+01 
 8.95195080e+05 -6.18336422e-02  8.95195080e+05 -6.38400491e+01 
 9.05562342e+05 -8.61404919e-02  9.05562342e+05 -6.44696673e+01 
 9.16049667e+05 -1.10710278e-01  9.16049667e+05 -6.51043951e+01 
 9.26658447e+05 -1.35542805e-01  9.26658447e+05 -6.57442622e+01 
 9.37390086e+05 -1.60637813e-01  9.37390086e+05 -6.63892983e+01 
 9.48246009e+05 -1.85994980e-01  9.48246009e+05 -6.70395340e+01 
 9.59227655e+05 -2.11613921e-01  9.59227655e+05 -6.76950001e+01 
 9.70336479e+05 -2.37494195e-01  9.70336479e+05 -6.83557278e+01 
 9.81573954e+05 -2.63635303e-01  9.81573954e+05 -6.90217491e+01 
 9.92941571e+05 -2.90036693e-01  9.92941571e+05 -6.96930962e+01 
 1.00444084e+06 -3.16697766e-01  1.00444084e+06 -7.03698021e+01 
 1.01607327e+06 -3.43617872e-01  1.01607327e+06 -7.10519003e+01 
 1.02784043e+06 -3.70796323e-01  1.02784043e+06 -7.17394248e+01 
 1.03974386e+06 -3.98232387e-01  1.03974386e+06 -7.24324102e+01 
 1.05178514e+06 -4.25925302e-01  1.05178514e+06 -7.31308918e+01 
 1.06396587e+06 -4.53874273e-01  1.06396587e+06 -7.38349054e+01 
 1.07628767e+06 -4.82078481e-01  1.07628767e+06 -7.45444876e+01 
 1.08875217e+06 -5.10537087e-01  1.08875217e+06 -7.52596757e+01 
 1.10136102e+06 -5.39249235e-01  1.10136102e+06 -7.59805073e+01 
 1.11411589e+06 -5.68214063e-01  1.11411589e+06 -7.67070211e+01 
 1.12701847e+06 -5.97430705e-01  1.12701847e+06 -7.74392564e+01 
 1.14007049e+06 -6.26898297e-01  1.14007049e+06 -7.81772531e+01 
 1.15327365e+06 -6.56615988e-01  1.15327365e+06 -7.89210519e+01 
 1.16662972e+06 -6.86582941e-01  1.16662972e+06 -7.96706942e+01 
 1.18014047e+06 -7.16798345e-01  1.18014047e+06 -8.04262222e+01 
 1.19380769e+06 -7.47261419e-01  1.19380769e+06 -8.11876787e+01 
 1.20763319e+06 -7.77971423e-01  1.20763319e+06 -8.19551075e+01 
 1.22161880e+06 -8.08927665e-01  1.22161880e+06 -8.27285528e+01 
 1.23576638e+06 -8.40129509e-01  1.23576638e+06 -8.35080598e+01 
 1.25007780e+06 -8.71576382e-01  1.25007780e+06 -8.42936745e+01 
 1.26455496e+06 -9.03267787e-01  1.26455496e+06 -8.50854435e+01 
 1.27919978e+06 -9.35203311e-01  1.27919978e+06 -8.58834141e+01 
 1.29401421e+06 -9.67382631e-01  1.29401421e+06 -8.66876344e+01 
 1.30900020e+06 -9.99805531e-01  1.30900020e+06 -8.74981534e+01 
 1.32415974e+06 -1.03247191e+00  1.32415974e+06 -8.83150206e+01 
 1.33949485e+06 -1.06538177e+00  1.33949485e+06 -8.91382863e+01 
 1.35500755e+06 -1.09853529e+00  1.35500755e+06 -8.99680014e+01 
 1.37069990e+06 -1.13193275e+00  1.37069990e+06 -9.08042176e+01 
 1.38657399e+06 -1.16557462e+00  1.38657399e+06 -9.16469873e+01 
 1.40263192e+06 -1.19946152e+00  1.40263192e+06 -9.24963635e+01 
 1.41887581e+06 -1.23359425e+00  1.41887581e+06 -9.33523996e+01 
 1.43530782e+06 -1.26797382e+00  1.43530782e+06 -9.42151498e+01 
 1.45193013e+06 -1.30260144e+00  1.45193013e+06 -9.50846690e+01 
 1.46874495e+06 -1.33747852e+00  1.46874495e+06 -9.59610123e+01 
 1.48575450e+06 -1.37260673e+00  1.48575450e+06 -9.68442356e+01 
 1.50296103e+06 -1.40798796e+00  1.50296103e+06 -9.77343951e+01 
 1.52036684e+06 -1.44362439e+00  1.52036684e+06 -9.86315475e+01 
 1.53797422e+06 -1.47951844e+00  1.53797422e+06 -9.95357498e+01 
 1.55578551e+06 -1.51567284e+00  1.55578551e+06 -1.00447060e+02 
 1.57380308e+06 -1.55209061e+00  1.57380308e+06 -1.01365534e+02 
 1.59202931e+06 -1.58877509e+00  1.59202931e+06 -1.02291232e+02 
 1.61046661e+06 -1.62572996e+00  1.61046661e+06 -1.03224211e+02 
 1.62911744e+06 -1.66295925e+00  1.62911744e+06 -1.04164529e+02 
 1.64798426e+06 -1.70046733e+00  1.64798426e+06 -1.05112245e+02 
 1.66706959e+06 -1.73825897e+00  1.66706959e+06 -1.06067418e+02 
 1.68637593e+06 -1.77633935e+00  1.68637593e+06 -1.07030105e+02 
 1.70590587e+06 -1.81471402e+00  1.70590587e+06 -1.08000364e+02 
 1.72566198e+06 -1.85338900e+00  1.72566198e+06 -1.08978254e+02 
 1.74564689e+06 -1.89237075e+00  1.74564689e+06 -1.09963833e+02 
 1.76586324e+06 -1.93166617e+00  1.76586324e+06 -1.10957158e+02 
 1.78631372e+06 -1.97128268e+00  1.78631372e+06 -1.11958285e+02 
 1.80700103e+06 -2.01122817e+00  1.80700103e+06 -1.12967271e+02 
 1.82792793e+06 -2.05151107e+00  1.82792793e+06 -1.13984172e+02 
 1.84909717e+06 -2.09214033e+00  1.84909717e+06 -1.15009043e+02 
 1.87051159e+06 -2.13312548e+00  1.87051159e+06 -1.16041937e+02 
 1.89217400e+06 -2.17447661e+00  1.89217400e+06 -1.17082908e+02 
 1.91408728e+06 -2.21620441e+00  1.91408728e+06 -1.18132008e+02 
 1.93625434e+06 -2.25832019e+00  1.93625434e+06 -1.19189288e+02 
 1.95867812e+06 -2.30083589e+00  1.95867812e+06 -1.20254797e+02 
 1.98136159e+06 -2.34376411e+00  1.98136159e+06 -1.21328582e+02 
 2.00430776e+06 -2.38711813e+00  2.00430776e+06 -1.22410691e+02 
 2.02751966e+06 -2.43091191e+00  2.02751966e+06 -1.23501167e+02 
 2.05100039e+06 -2.47516014e+00  2.05100039e+06 -1.24600052e+02 
 2.07475304e+06 -2.51987825e+00  2.07475304e+06 -1.25707387e+02 
 2.09878077e+06 -2.56508240e+00  2.09878077e+06 -1.26823209e+02 
 2.12308677e+06 -2.61078956e+00  2.12308677e+06 -1.27947554e+02 
 2.14767426e+06 -2.65701747e+00  2.14767426e+06 -1.29080453e+02 
 2.17254649e+06 -2.70378469e+00  2.17254649e+06 -1.30221935e+02 
 2.19770677e+06 -2.75111061e+00  2.19770677e+06 -1.31372027e+02 
 2.22315843e+06 -2.79901548e+00  2.22315843e+06 -1.32530750e+02 
 2.24890485e+06 -2.84752040e+00  2.24890485e+06 -1.33698123e+02 
 2.27494944e+06 -2.89664737e+00  2.27494944e+06 -1.34874160e+02 
 2.30129565e+06 -2.94641925e+00  2.30129565e+06 -1.36058871e+02 
 2.32794697e+06 -2.99685985e+00  2.32794697e+06 -1.37252260e+02 
 2.35490695e+06 -3.04799387e+00  2.35490695e+06 -1.38454327e+02 
 2.38217915e+06 -3.09984695e+00  2.38217915e+06 -1.39665067e+02 
 2.40976718e+06 -3.15244566e+00  2.40976718e+06 -1.40884468e+02 
 2.43767472e+06 -3.20581750e+00  2.43767472e+06 -1.42112511e+02 
 2.46590545e+06 -3.25999092e+00  2.46590545e+06 -1.43349172e+02 
 2.49446313e+06 -3.31499531e+00  2.49446313e+06 -1.44594419e+02 
 2.52335153e+06 -3.37086097e+00  2.52335153e+06 -1.45848213e+02 
 2.55257448e+06 -3.42761913e+00  2.55257448e+06 -1.47110506e+02 
 2.58213587e+06 -3.48530192e+00  2.58213587e+06 -1.48381242e+02 
 2.61203961e+06 -3.54394237e+00  2.61203961e+06 -1.49660355e+02 
 2.64228966e+06 -3.60357434e+00  2.64228966e+06 -1.50947771e+02 
 2.67289004e+06 -3.66423253e+00  2.67289004e+06 -1.52243404e+02 
 2.70384481e+06 -3.72595242e+00  2.70384481e+06 -1.53547158e+02 
 2.73515806e+06 -3.78877023e+00  2.73515806e+06 -1.54858926e+02 
 2.76683395e+06 -3.85272287e+00  2.76683395e+06 -1.56178589e+02 
 2.79887667e+06 -3.91784787e+00  2.79887667e+06 -1.57506015e+02 
 2.83129049e+06 -3.98418329e+00  2.83129049e+06 -1.58841060e+02 
 2.86407969e+06 -4.05176769e+00  2.86407969e+06 -1.60183564e+02 
 2.89724862e+06 -4.12063999e+00  2.89724862e+06 -1.61533356e+02 
 2.93080168e+06 -4.19083939e+00  2.93080168e+06 -1.62890248e+02 
 2.96474332e+06 -4.26240525e+00  2.96474332e+06 -1.64254037e+02 
 2.99907804e+06 -4.33537697e+00  2.99907804e+06 -1.65624505e+02 
 3.03381039e+06 -4.40979386e+00  3.03381039e+06 -1.67001416e+02 
 3.06894498e+06 -4.48569499e+00  3.06894498e+06 -1.68384520e+02 
 3.10448646e+06 -4.56311903e+00  3.10448646e+06 -1.69773548e+02 
 3.14043954e+06 -4.64210408e+00  3.14043954e+06 -1.71168213e+02 
 3.17680900e+06 -4.72268749e+00  3.17680900e+06 -1.72568213e+02 
 3.21359965e+06 -4.80490567e+00  3.21359965e+06 -1.73973225e+02 
 3.25081638e+06 -4.88879389e+00  3.25081638e+06 -1.75382910e+02 
 3.28846411e+06 -4.97438608e+00  3.28846411e+06 -1.76796912e+02 
 3.32654785e+06 -5.06171459e+00  3.32654785e+06 -1.78214855e+02 
 3.36507263e+06 -5.15080998e+00  3.36507263e+06 -1.79636348e+02 
 3.40404356e+06 -5.24170079e+00  3.40404356e+06  1.78939019e+02 
 3.44346582e+06 -5.33441331e+00  3.44346582e+06  1.77511670e+02 
 3.48334463e+06 -5.42897133e+00  3.48334463e+06  1.76082048e+02 
 3.52368527e+06 -5.52539594e+00  3.52368527e+06  1.74650608e+02 
 3.56449310e+06 -5.62370527e+00  3.56449310e+06  1.73217820e+02 
 3.60577353e+06 -5.72391427e+00  3.60577353e+06  1.71784167e+02 
 3.64753203e+06 -5.82603452e+00  3.64753203e+06  1.70350141e+02 
 3.68977413e+06 -5.93007402e+00  3.68977413e+06  1.68916248e+02 
 3.73250543e+06 -6.03603698e+00  3.73250543e+06  1.67482999e+02 
 3.77573161e+06 -6.14392369e+00  3.77573161e+06  1.66050911e+02 
 3.81945839e+06 -6.25373034e+00  3.81945839e+06  1.64620508e+02 
 3.86369158e+06 -6.36544894e+00  3.86369158e+06  1.63192314e+02 
 3.90843702e+06 -6.47906719e+00  3.90843702e+06  1.61766853e+02 
 3.95370067e+06 -6.59456840e+00  3.95370067e+06  1.60344650e+02 
 3.99948851e+06 -6.71193153e+00  3.99948851e+06  1.58926221e+02 
 4.04580662e+06 -6.83113111e+00  4.04580662e+06  1.57512078e+02 
 4.09266114e+06 -6.95213734e+00  4.09266114e+06  1.56102723e+02 
 4.14005829e+06 -7.07491610e+00  4.14005829e+06  1.54698644e+02 
 4.18800434e+06 -7.19942913e+00  4.18800434e+06  1.53300318e+02 
 4.23650566e+06 -7.32563412e+00  4.23650566e+06  1.51908203e+02 
 4.28556866e+06 -7.45348492e+00  4.28556866e+06  1.50522738e+02 
 4.33519987e+06 -7.58293177e+00  4.33519987e+06  1.49144342e+02 
 4.38540586e+06 -7.71392150e+00  4.38540586e+06  1.47773411e+02 
 4.43619329e+06 -7.84639787e+00  4.43619329e+06  1.46410313e+02 
 4.48756888e+06 -7.98030186e+00  4.48756888e+06  1.45055392e+02 
 4.53953946e+06 -8.11557199e+00  4.53953946e+06  1.43708964e+02 
 4.59211190e+06 -8.25214467e+00  4.59211190e+06  1.42371313e+02 
 4.64529319e+06 -8.38995460e+00  4.64529319e+06  1.41042694e+02 
 4.69909037e+06 -8.52893514e+00  4.69909037e+06  1.39723331e+02 
 4.75351058e+06 -8.66901870e+00  4.75351058e+06  1.38413416e+02 
 4.80856103e+06 -8.81013710e+00  4.80856103e+06  1.37113109e+02 
 4.86424902e+06 -8.95222204e+00  4.86424902e+06  1.35822537e+02 
 4.92058193e+06 -9.09520539e+00  4.92058193e+06  1.34541798e+02 
 4.97756723e+06 -9.23901962e+00  4.97756723e+06  1.33270956e+02 
 5.03521248e+06 -9.38359817e+00  5.03521248e+06  1.32010047e+02 
 5.09352532e+06 -9.52887572e+00  5.09352532e+06  1.30759076e+02 
 5.15251348e+06 -9.67478858e+00  5.15251348e+06  1.29518022e+02 
 5.21218479e+06 -9.82127494e+00  5.21218479e+06  1.28286836e+02 
 5.27254715e+06 -9.96827513e+00  5.27254715e+06  1.27065444e+02 
 5.33360856e+06 -1.01157319e+01  5.33360856e+06  1.25853748e+02 
 5.39537713e+06 -1.02635905e+01  5.39537713e+06  1.24651629e+02 
 5.45786104e+06 -1.04117991e+01  5.45786104e+06  1.23458950e+02 
 5.52106858e+06 -1.05603086e+01  5.52106858e+06  1.22275553e+02 
 5.58500812e+06 -1.07090730e+01  5.58500812e+06  1.21101266e+02 
 5.64968815e+06 -1.08580493e+01  5.64968815e+06  1.19935902e+02 
 5.71511724e+06 -1.10071977e+01  5.71511724e+06  1.18779264e+02 
 5.78130406e+06 -1.11564816e+01  5.78130406e+06  1.17631142e+02 
 5.84825740e+06 -1.13058673e+01  5.84825740e+06  1.16491320e+02 
 5.91598612e+06 -1.14553245e+01  5.91598612e+06  1.15359574e+02 
 5.98449920e+06 -1.16048257e+01  5.98449920e+06  1.14235675e+02 
 6.05380574e+06 -1.17543464e+01  6.05380574e+06  1.13119393e+02 
 6.12391492e+06 -1.19038651e+01  6.12391492e+06  1.12010493e+02 
 6.19483603e+06 -1.20533630e+01  6.19483603e+06  1.10908742e+02 
 6.26657849e+06 -1.22028238e+01  6.26657849e+06  1.09813907e+02 
 6.33915179e+06 -1.23522338e+01  6.33915179e+06  1.08725756e+02 
 6.41256556e+06 -1.25015816e+01  6.41256556e+06  1.07644060e+02 
 6.48682954e+06 -1.26508582e+01  6.48682954e+06  1.06568596e+02 
 6.56195357e+06 -1.28000564e+01  6.56195357e+06  1.05499142e+02 
 6.63794761e+06 -1.29491711e+01  6.63794761e+06  1.04435484e+02 
 6.71482174e+06 -1.30981987e+01  6.71482174e+06  1.03377411e+02 
 6.79258615e+06 -1.32471375e+01  6.79258615e+06  1.02324721e+02 
 6.87125115e+06 -1.33959869e+01  6.87125115e+06  1.01277216e+02 
 6.95082717e+06 -1.35447479e+01  6.95082717e+06  1.00234705e+02 
 7.03132476e+06 -1.36934226e+01  7.03132476e+06  9.91970037e+01 
 7.11275460e+06 -1.38420139e+01  7.11275460e+06  9.81639359e+01 
 7.19512747e+06 -1.39905257e+01  7.19512747e+06  9.71353303e+01 
 7.27845431e+06 -1.41389629e+01  7.27845431e+06  9.61110232e+01 
 7.36274615e+06 -1.42873308e+01  7.36274615e+06  9.50908570e+01 
 7.44801418e+06 -1.44356354e+01  7.44801418e+06  9.40746808e+01 
 7.53426970e+06 -1.45838829e+01  7.53426970e+06  9.30623496e+01 
 7.62152414e+06 -1.47320802e+01  7.62152414e+06  9.20537244e+01 
 7.70978908e+06 -1.48802342e+01  7.70978908e+06  9.10486717e+01 
 7.79907622e+06 -1.50283523e+01  7.79907622e+06  9.00470635e+01 
 7.88939739e+06 -1.51764419e+01  7.88939739e+06  8.90487767e+01 
 7.98076457e+06 -1.53245103e+01  7.98076457e+06  8.80536928e+01 
 8.07318988e+06 -1.54725651e+01  8.07318988e+06  8.70616978e+01 
 8.16668556e+06 -1.56206139e+01  8.16668556e+06  8.60726816e+01 
 8.26126402e+06 -1.57686641e+01  8.26126402e+06  8.50865380e+01 
 8.35693779e+06 -1.59167230e+01  8.35693779e+06  8.41031639e+01 
 8.45371956e+06 -1.60647979e+01  8.45371956e+06  8.31224595e+01 
 8.55162216e+06 -1.62128961e+01  8.55162216e+06  8.21443274e+01 
 8.65065857e+06 -1.63610244e+01  8.65065857e+06  8.11686731e+01 
 8.75084193e+06 -1.65091898e+01  8.75084193e+06  8.01954037e+01 
 8.85218551e+06 -1.66573988e+01  8.85218551e+06  7.92244286e+01 
 8.95470275e+06 -1.68056581e+01  8.95470275e+06  7.82556586e+01 
 9.05840724e+06 -1.69539740e+01  9.05840724e+06  7.72890058e+01 
 9.16331273e+06 -1.71023525e+01  9.16331273e+06  7.63243838e+01 
 9.26943314e+06 -1.72507998e+01  9.26943314e+06  7.53617065e+01 
 9.37678253e+06 -1.73993217e+01  9.37678253e+06  7.44008891e+01 
 9.48537513e+06 -1.75479239e+01  9.48537513e+06  7.34418469e+01 
 9.59522534e+06 -1.76966118e+01  9.59522534e+06  7.24844959e+01 
 9.70634773e+06 -1.78453911e+01  9.70634773e+06  7.15287520e+01 
 9.81875703e+06 -1.79942669e+01  9.81875703e+06  7.05745315e+01 
 9.93246814e+06 -1.81432444e+01  9.93246814e+06  6.96217505e+01 
 1.00474961e+07 -1.82923289e+01  1.00474961e+07  6.86703249e+01 
 1.01638563e+07 -1.84415252e+01  1.01638563e+07  6.77201704e+01 
 1.02815640e+07 -1.85908385e+01  1.02815640e+07  6.67712025e+01 
 1.04006349e+07 -1.87402737e+01  1.04006349e+07  6.58233363e+01 
 1.05210847e+07 -1.88898356e+01  1.05210847e+07  6.48764864e+01 
 1.06429295e+07 -1.90395292e+01  1.06429295e+07  6.39305671e+01 
 1.07661854e+07 -1.91893594e+01  1.07661854e+07  6.29854919e+01 
 1.08908687e+07 -1.93393312e+01  1.08908687e+07  6.20411742e+01 
 1.10169959e+07 -1.94894494e+01  1.10169959e+07  6.10975267e+01 
 1.11445838e+07 -1.96397192e+01  1.11445838e+07  6.01544615e+01 
 1.12736493e+07 -1.97901457e+01  1.12736493e+07  5.92118904e+01 
 1.14042096e+07 -1.99407340e+01  1.14042096e+07  5.82697247e+01 
 1.15362818e+07 -2.00914893e+01  1.15362818e+07  5.73278751e+01 
 1.16698836e+07 -2.02424171e+01  1.16698836e+07  5.63862521e+01 
 1.18050326e+07 -2.03935229e+01  1.18050326e+07  5.54447657e+01 
 1.19417468e+07 -2.05448122e+01  1.19417468e+07  5.45033257e+01 
 1.20800443e+07 -2.06962909e+01  1.20800443e+07  5.35618415e+01 
 1.22199434e+07 -2.08479650e+01  1.22199434e+07  5.26202224e+01 
 1.23614627e+07 -2.09998404e+01  1.23614627e+07  5.16783775e+01 
 1.25046209e+07 -2.11519235e+01  1.25046209e+07  5.07362160e+01 
 1.26494370e+07 -2.13042207e+01  1.26494370e+07  4.97936468e+01 
 1.27959303e+07 -2.14567387e+01  1.27959303e+07  4.88505791e+01 
 1.29441200e+07 -2.16094842e+01  1.29441200e+07  4.79069222e+01 
 1.30940260e+07 -2.17624645e+01  1.30940260e+07  4.69625856e+01 
 1.32456680e+07 -2.19156865e+01  1.32456680e+07  4.60174792e+01 
 1.33990662e+07 -2.20691580e+01  1.33990662e+07  4.50715131e+01 
 1.35542409e+07 -2.22228865e+01  1.35542409e+07  4.41245982e+01 
 1.37112127e+07 -2.23768799e+01  1.37112127e+07  4.31766458e+01 
 1.38700024e+07 -2.25311464e+01  1.38700024e+07  4.22275677e+01 
 1.40306310e+07 -2.26856943e+01  1.40306310e+07  4.12772768e+01 
 1.41931199e+07 -2.28405323e+01  1.41931199e+07  4.03256866e+01 
 1.43574905e+07 -2.29956690e+01  1.43574905e+07  3.93727115e+01 
 1.45237648e+07 -2.31511136e+01  1.45237648e+07  3.84182672e+01 
 1.46919646e+07 -2.33068754e+01  1.46919646e+07  3.74622703e+01 
 1.48621124e+07 -2.34629638e+01  1.48621124e+07  3.65046386e+01 
 1.50342306e+07 -2.36193886e+01  1.50342306e+07  3.55452913e+01 
 1.52083422e+07 -2.37761597e+01  1.52083422e+07  3.45841490e+01 
 1.53844701e+07 -2.39332872e+01  1.53844701e+07  3.36211337e+01 
 1.55626378e+07 -2.40907817e+01  1.55626378e+07  3.26561691e+01 
 1.57428689e+07 -2.42486537e+01  1.57428689e+07  3.16891804e+01 
 1.59251872e+07 -2.44069141e+01  1.59251872e+07  3.07200946e+01 
 1.61096169e+07 -2.45655738e+01  1.61096169e+07  2.97488408e+01 
 1.62961825e+07 -2.47246441e+01  1.62961825e+07  2.87753496e+01 
 1.64849088e+07 -2.48841364e+01  1.64849088e+07  2.77995540e+01 
 1.66758206e+07 -2.50440623e+01  1.66758206e+07  2.68213887e+01 
 1.68689435e+07 -2.52044338e+01  1.68689435e+07  2.58407910e+01 
 1.70643029e+07 -2.53652626e+01  1.70643029e+07  2.48577003e+01 
 1.72619247e+07 -2.55265611e+01  1.72619247e+07  2.38720581e+01 
 1.74618352e+07 -2.56883414e+01  1.74618352e+07  2.28838087e+01 
 1.76640609e+07 -2.58506162e+01  1.76640609e+07  2.18928987e+01 
 1.78686285e+07 -2.60133979e+01  1.78686285e+07  2.08992774e+01 
 1.80755653e+07 -2.61766994e+01  1.80755653e+07  1.99028965e+01 
 1.82848985e+07 -2.63405335e+01  1.82848985e+07  1.89037106e+01 
 1.84966561e+07 -2.65049133e+01  1.84966561e+07  1.79016773e+01 
 1.87108661e+07 -2.66698518e+01  1.87108661e+07  1.68967566e+01 
 1.89275568e+07 -2.68353623e+01  1.89275568e+07  1.58889117e+01 
 1.91467570e+07 -2.70014581e+01  1.91467570e+07  1.48781089e+01 
 1.93684957e+07 -2.71681525e+01  1.93684957e+07  1.38643174e+01 
 1.95928024e+07 -2.73354590e+01  1.95928024e+07  1.28475095e+01 
 1.98197069e+07 -2.75033911e+01  1.98197069e+07  1.18276606e+01 
 2.00492391e+07 -2.76719625e+01  2.00492391e+07  1.08047497e+01 
 2.02814295e+07 -2.78411865e+01  2.02814295e+07  9.77875880e+00 
 2.05163089e+07 -2.80110770e+01  2.05163089e+07  8.74967323e+00 
 2.07539085e+07 -2.81816475e+01  2.07539085e+07  7.71748186e+00 
 2.09942597e+07 -2.83529116e+01  2.09942597e+07  6.68217694e+00 
 2.12373944e+07 -2.85248829e+01  2.12373944e+07  5.64375423e+00 
 2.14833448e+07 -2.86975751e+01  2.14833448e+07  4.60221304e+00 
 2.17321436e+07 -2.88710016e+01  2.17321436e+07  3.55755626e+00 
 2.19838238e+07 -2.90451760e+01  2.19838238e+07  2.50979041e+00 
 2.22384186e+07 -2.92201117e+01  2.22384186e+07  1.45892568e+00 
 2.24959620e+07 -2.93958221e+01  2.24959620e+07  4.04975961e-01 
 2.27564879e+07 -2.95723203e+01  2.27564879e+07 -6.52041112e-01 
 2.30200310e+07 -2.97496197e+01  2.30200310e+07 -1.71210414e+00 
 2.32866262e+07 -2.99277331e+01  2.32866262e+07 -2.77518792e+00 
 2.35563088e+07 -3.01066736e+01  2.35563088e+07 -3.84126341e+00 
 2.38291146e+07 -3.02864538e+01  2.38291146e+07 -4.91029775e+00 
 2.41050798e+07 -3.04670865e+01  2.41050798e+07 -5.98225416e+00 
 2.43842409e+07 -3.06485839e+01  2.43842409e+07 -7.05709199e+00 
 2.46666350e+07 -3.08309584e+01  2.46666350e+07 -8.13476669e+00 
 2.49522996e+07 -3.10142220e+01  2.49522996e+07 -9.21522974e+00 
 2.52412724e+07 -3.11983865e+01  2.52412724e+07 -1.02984287e+01 
 2.55335918e+07 -3.13834634e+01  2.55335918e+07 -1.13843073e+01 
 2.58292965e+07 -3.15694643e+01  2.58292965e+07 -1.24728050e+01 
 2.61284258e+07 -3.17564000e+01  2.61284258e+07 -1.35638577e+01 
 2.64310194e+07 -3.19442816e+01  2.64310194e+07 -1.46573970e+01 
 2.67371172e+07 -3.21331193e+01  2.67371172e+07 -1.57533508e+01 
 2.70467600e+07 -3.23229236e+01  2.70467600e+07 -1.68516429e+01 
 2.73599888e+07 -3.25137042e+01  2.73599888e+07 -1.79521932e+01 
 2.76768451e+07 -3.27054709e+01  2.76768451e+07 -1.90549176e+01 
 2.79973709e+07 -3.28982327e+01  2.79973709e+07 -2.01597282e+01 
 2.83216087e+07 -3.30919985e+01  2.83216087e+07 -2.12665331e+01 
 2.86496015e+07 -3.32867769e+01  2.86496015e+07 -2.23752365e+01 
 2.89813928e+07 -3.34825759e+01  2.89813928e+07 -2.34857390e+01 
 2.93170265e+07 -3.36794033e+01  2.93170265e+07 -2.45979370e+01 
 2.96565473e+07 -3.38772662e+01  2.96565473e+07 -2.57117234e+01 
 3.00000000e+07 -3.40761716e+01  3.00000000e+07 -2.68269870e+01 
