 2.00000000e-01 -8.49681594e+00  2.00000000e-01  6.78862538e+01 
 2.02316202e-01 -8.41111652e+00  2.02316202e-01  6.76552206e+01 
 2.04659228e-01 -8.32570187e+00  2.04659228e-01  6.74222885e+01 
 2.07029388e-01 -8.24057669e+00  2.07029388e-01  6.71874573e+01 
 2.09426997e-01 -8.15574570e+00  2.09426997e-01  6.69507274e+01 
 2.11852373e-01 -8.07121364e+00  2.11852373e-01  6.67121000e+01 
 2.14305837e-01 -7.98698532e+00  2.14305837e-01  6.64715763e+01 
 2.16787715e-01 -7.90306555e+00  2.16787715e-01  6.62291584e+01 
 2.19298335e-01 -7.81945919e+00  2.19298335e-01  6.59848490e+01 
 2.21838031e-01 -7.73617113e+00  2.21838031e-01  6.57386511e+01 
 2.24407140e-01 -7.65320629e+00  2.24407140e-01  6.54905685e+01 
 2.27006001e-01 -7.57056960e+00  2.27006001e-01  6.52406055e+01 
 2.29634959e-01 -7.48826604e+00  2.29634959e-01  6.49887670e+01 
 2.32294364e-01 -7.40630060e+00  2.32294364e-01  6.47350585e+01 
 2.34984567e-01 -7.32467828e+00  2.34984567e-01  6.44794863e+01 
 2.37705925e-01 -7.24340413e+00  2.37705925e-01  6.42220570e+01 
 2.40458800e-01 -7.16248319e+00  2.40458800e-01  6.39627783e+01 
 2.43243555e-01 -7.08192053e+00  2.43243555e-01  6.37016581e+01 
 2.46060561e-01 -7.00172122e+00  2.46060561e-01  6.34387052e+01 
 2.48910190e-01 -6.92189034e+00  2.48910190e-01  6.31739291e+01 
 2.51792821e-01 -6.84243301e+00  2.51792821e-01  6.29073398e+01 
 2.54708836e-01 -6.76335431e+00  2.54708836e-01  6.26389484e+01 
 2.57658622e-01 -6.68465934e+00  2.57658622e-01  6.23687661e+01 
 2.60642568e-01 -6.60635322e+00  2.60642568e-01  6.20968054e+01 
 2.63661072e-01 -6.52844104e+00  2.63661072e-01  6.18230792e+01 
 2.66714534e-01 -6.45092790e+00  2.66714534e-01  6.15476011e+01 
 2.69803357e-01 -6.37381888e+00  2.69803357e-01  6.12703855e+01 
 2.72927952e-01 -6.29711906e+00  2.72927952e-01  6.09914478e+01 
 2.76088733e-01 -6.22083350e+00  2.76088733e-01  6.07108036e+01 
 2.79286119e-01 -6.14496725e+00  2.79286119e-01  6.04284698e+01 
 2.82520534e-01 -6.06952532e+00  2.82520534e-01  6.01444637e+01 
 2.85792407e-01 -5.99451271e+00  2.85792407e-01  5.98588035e+01 
 2.89102171e-01 -5.91993441e+00  2.89102171e-01  5.95715081e+01 
 2.92450266e-01 -5.84579534e+00  2.92450266e-01  5.92825973e+01 
 2.95837135e-01 -5.77210042e+00  2.95837135e-01  5.89920914e+01 
 2.99263228e-01 -5.69885452e+00  2.99263228e-01  5.87000117e+01 
 3.02728998e-01 -5.62606248e+00  3.02728998e-01  5.84063803e+01 
 3.06234905e-01 -5.55372907e+00  3.06234905e-01  5.81112198e+01 
 3.09781414e-01 -5.48185903e+00  3.09781414e-01  5.78145539e+01 
 3.13368996e-01 -5.41045707e+00  3.13368996e-01  5.75164067e+01 
 3.16998125e-01 -5.33952780e+00  3.16998125e-01  5.72168034e+01 
 3.20669283e-01 -5.26907581e+00  3.20669283e-01  5.69157698e+01 
 3.24382957e-01 -5.19910562e+00  3.24382957e-01  5.66133324e+01 
 3.28139639e-01 -5.12962166e+00  3.28139639e-01  5.63095186e+01 
 3.31939827e-01 -5.06062833e+00  3.31939827e-01  5.60043564e+01 
 3.35784025e-01 -4.99212993e+00  3.35784025e-01  5.56978746e+01 
 3.39672743e-01 -4.92413069e+00  3.39672743e-01  5.53901027e+01 
 3.43606496e-01 -4.85663477e+00  3.43606496e-01  5.50810710e+01 
 3.47585805e-01 -4.78964623e+00  3.47585805e-01  5.47708104e+01 
 3.51611200e-01 -4.72316906e+00  3.51611200e-01  5.44593526e+01 
 3.55683212e-01 -4.65720715e+00  3.55683212e-01  5.41467299e+01 
 3.59802383e-01 -4.59176431e+00  3.59802383e-01  5.38329753e+01 
 3.63969257e-01 -4.52684423e+00  3.63969257e-01  5.35181224e+01 
 3.68184388e-01 -4.46245052e+00  3.68184388e-01  5.32022057e+01 
 3.72448335e-01 -4.39858667e+00  3.72448335e-01  5.28852599e+01 
 3.76761663e-01 -4.33525608e+00  3.76761663e-01  5.25673208e+01 
 3.81124943e-01 -4.27246204e+00  3.81124943e-01  5.22484245e+01 
 3.85538754e-01 -4.21020770e+00  3.85538754e-01  5.19286076e+01 
 3.90003682e-01 -4.14849612e+00  3.90003682e-01  5.16079076e+01 
 3.94520318e-01 -4.08733023e+00  3.94520318e-01  5.12863623e+01 
 3.99089261e-01 -4.02671285e+00  3.99089261e-01  5.09640101e+01 
 4.03711118e-01 -3.96664667e+00  4.03711118e-01  5.06408898e+01 
 4.08386500e-01 -3.90713423e+00  4.08386500e-01  5.03170409e+01 
 4.13116027e-01 -3.84817798e+00  4.13116027e-01  4.99925031e+01 
 4.17900328e-01 -3.78978020e+00  4.17900328e-01  4.96673168e+01 
 4.22740035e-01 -3.73194306e+00  4.22740035e-01  4.93415225e+01 
 4.27635791e-01 -3.67466859e+00  4.27635791e-01  4.90151615e+01 
 4.32588245e-01 -3.61795867e+00  4.32588245e-01  4.86882750e+01 
 4.37598053e-01 -3.56181505e+00  4.37598053e-01  4.83609050e+01 
 4.42665880e-01 -3.50623932e+00  4.42665880e-01  4.80330935e+01 
 4.47792398e-01 -3.45123295e+00  4.47792398e-01  4.77048828e+01 
 4.52978286e-01 -3.39679726e+00  4.52978286e-01  4.73763157e+01 
 4.58224231e-01 -3.34293339e+00  4.58224231e-01  4.70474350e+01 
 4.63530930e-01 -3.28964238e+00  4.63530930e-01  4.67182837e+01 
 4.68899086e-01 -3.23692509e+00  4.68899086e-01  4.63889052e+01 
 4.74329410e-01 -3.18478223e+00  4.74329410e-01  4.60593429e+01 
 4.79822623e-01 -3.13321437e+00  4.79822623e-01  4.57296402e+01 
 4.85379453e-01 -3.08222193e+00  4.85379453e-01  4.53998408e+01 
 4.91000637e-01 -3.03180516e+00  4.91000637e-01  4.50699884e+01 
 4.96686920e-01 -2.98196417e+00  4.96686920e-01  4.47401267e+01 
 5.02439056e-01 -2.93269893e+00  5.02439056e-01  4.44102995e+01 
 5.08257807e-01 -2.88400922e+00  5.08257807e-01  4.40805504e+01 
 5.14143945e-01 -2.83589472e+00  5.14143945e-01  4.37509232e+01 
 5.20098251e-01 -2.78835490e+00  5.20098251e-01  4.34214613e+01 
 5.26121513e-01 -2.74138913e+00  5.26121513e-01  4.30922082e+01 
 5.32214531e-01 -2.69499659e+00  5.32214531e-01  4.27632073e+01 
 5.38378112e-01 -2.64917634e+00  5.38378112e-01  4.24345018e+01 
 5.44613074e-01 -2.60392727e+00  5.44613074e-01  4.21061346e+01 
 5.50920243e-01 -2.55924814e+00  5.50920243e-01  4.17781484e+01 
 5.57300455e-01 -2.51513754e+00  5.57300455e-01  4.14505857e+01 
 5.63754556e-01 -2.47159393e+00  5.63754556e-01  4.11234888e+01 
 5.70283403e-01 -2.42861563e+00  5.70283403e-01  4.07968996e+01 
 5.76887860e-01 -2.38620082e+00  5.76887860e-01  4.04708597e+01 
 5.83568804e-01 -2.34434752e+00  5.83568804e-01  4.01454102e+01 
 5.90327119e-01 -2.30305363e+00  5.90327119e-01  3.98205921e+01 
 5.97163703e-01 -2.26231692e+00  5.97163703e-01  3.94964457e+01 
 6.04079461e-01 -2.22213501e+00  6.04079461e-01  3.91730112e+01 
 6.11075310e-01 -2.18250539e+00  6.11075310e-01  3.88503281e+01 
 6.18152179e-01 -2.14342543e+00  6.18152179e-01  3.85284354e+01 
 6.25311005e-01 -2.10489237e+00  6.25311005e-01  3.82073718e+01 
 6.32552737e-01 -2.06690333e+00  6.32552737e-01  3.78871754e+01 
 6.39878336e-01 -2.02945532e+00  6.39878336e-01  3.75678836e+01 
 6.47288773e-01 -1.99254520e+00  6.47288773e-01  3.72495336e+01 
 6.54785030e-01 -1.95616975e+00  6.54785030e-01  3.69321617e+01 
 6.62368101e-01 -1.92032561e+00  6.62368101e-01  3.66158037e+01 
 6.70038992e-01 -1.88500934e+00  6.70038992e-01  3.63004948e+01 
 6.77798719e-01 -1.85021738e+00  6.77798719e-01  3.59862697e+01 
 6.85648312e-01 -1.81594606e+00  6.85648312e-01  3.56731623e+01 
 6.93588812e-01 -1.78219163e+00  6.93588812e-01  3.53612058e+01 
 7.01621270e-01 -1.74895023e+00  7.01621270e-01  3.50504329e+01 
 7.09746752e-01 -1.71621792e+00  7.09746752e-01  3.47408756e+01 
 7.17966335e-01 -1.68399067e+00  7.17966335e-01  3.44325650e+01 
 7.26281110e-01 -1.65226435e+00  7.26281110e-01  3.41255317e+01 
 7.34692178e-01 -1.62103476e+00  7.34692178e-01  3.38198056e+01 
 7.43200655e-01 -1.59029764e+00  7.43200655e-01  3.35154157e+01 
 7.51807668e-01 -1.56004863e+00  7.51807668e-01  3.32123905e+01 
 7.60514359e-01 -1.53028330e+00  7.60514359e-01  3.29107575e+01 
 7.69321883e-01 -1.50099718e+00  7.69321883e-01  3.26105436e+01 
 7.78231406e-01 -1.47218570e+00  7.78231406e-01  3.23117750e+01 
 7.87244111e-01 -1.44384427e+00  7.87244111e-01  3.20144770e+01 
 7.96361192e-01 -1.41596821e+00  7.96361192e-01  3.17186743e+01 
 8.05583858e-01 -1.38855281e+00  8.05583858e-01  3.14243907e+01 
 8.14913332e-01 -1.36159329e+00  8.14913332e-01  3.11316493e+01 
 8.24350851e-01 -1.33508485e+00  8.24350851e-01  3.08404725e+01 
 8.33897665e-01 -1.30902264e+00  8.33897665e-01  3.05508818e+01 
 8.43555041e-01 -1.28340175e+00  8.43555041e-01  3.02628979e+01 
 8.53324260e-01 -1.25821726e+00  8.53324260e-01  2.99765409e+01 
 8.63206616e-01 -1.23346420e+00  8.63206616e-01  2.96918301e+01 
 8.73203419e-01 -1.20913760e+00  8.73203419e-01  2.94087840e+01 
 8.83315996e-01 -1.18523244e+00  8.83315996e-01  2.91274202e+01 
 8.93545686e-01 -1.16174369e+00  8.93545686e-01  2.88477558e+01 
 9.03893847e-01 -1.13866628e+00  9.03893847e-01  2.85698070e+01 
 9.14361849e-01 -1.11599515e+00  9.14361849e-01  2.82935892e+01 
 9.24951082e-01 -1.09372521e+00  9.24951082e-01  2.80191173e+01 
 9.35662949e-01 -1.07185139e+00  9.35662949e-01  2.77464052e+01 
 9.46498870e-01 -1.05036857e+00  9.46498870e-01  2.74754661e+01 
 9.57460281e-01 -1.02927165e+00  9.57460281e-01  2.72063127e+01 
 9.68548637e-01 -1.00855554e+00  9.68548637e-01  2.69389567e+01 
 9.79765408e-01 -9.88215126e-01  9.79765408e-01  2.66734093e+01 
 9.91112080e-01 -9.68245314e-01  9.91112080e-01  2.64096809e+01 
 1.00259016e+00 -9.48641013e-01  1.00259016e+00  2.61477812e+01 
 1.01420116e+00 -9.29397142e-01  1.01420116e+00  2.58877193e+01 
 1.02594664e+00 -9.10508630e-01  1.02594664e+00  2.56295036e+01 
 1.03782813e+00 -8.91970422e-01  1.03782813e+00  2.53731419e+01 
 1.04984723e+00 -8.73777477e-01  1.04984723e+00  2.51186410e+01 
 1.06200552e+00 -8.55924775e-01  1.06200552e+00  2.48660076e+01 
 1.07430462e+00 -8.38407315e-01  1.07430462e+00  2.46152474e+01 
 1.08674615e+00 -8.21220118e-01  1.08674615e+00  2.43663656e+01 
 1.09933176e+00 -8.04358231e-01  1.09933176e+00  2.41193667e+01 
 1.11206313e+00 -7.87816726e-01  1.11206313e+00  2.38742548e+01 
 1.12494195e+00 -7.71590704e-01  1.12494195e+00  2.36310331e+01 
 1.13796991e+00 -7.55675294e-01  1.13796991e+00  2.33897047e+01 
 1.15114875e+00 -7.40065659e-01  1.15114875e+00  2.31502716e+01 
 1.16448021e+00 -7.24756993e-01  1.16448021e+00  2.29127356e+01 
 1.17796607e+00 -7.09744526e-01  1.17796607e+00  2.26770979e+01 
 1.19160810e+00 -6.95023523e-01  1.19160810e+00  2.24433591e+01 
 1.20540813e+00 -6.80589285e-01  1.20540813e+00  2.22115193e+01 
 1.21936797e+00 -6.66437154e-01  1.21936797e+00  2.19815782e+01 
 1.23348948e+00 -6.52562510e-01  1.23348948e+00  2.17535349e+01 
 1.24777453e+00 -6.38960774e-01  1.24777453e+00  2.15273882e+01 
 1.26222502e+00 -6.25627409e-01  1.26222502e+00  2.13031361e+01 
 1.27684286e+00 -6.12557920e-01  1.27684286e+00  2.10807764e+01 
 1.29162999e+00 -5.99747858e-01  1.29162999e+00  2.08603065e+01 
 1.30658837e+00 -5.87192817e-01  1.30658837e+00  2.06417232e+01 
 1.32171998e+00 -5.74888435e-01  1.32171998e+00  2.04250231e+01 
 1.33702683e+00 -5.62830398e-01  1.33702683e+00  2.02102021e+01 
 1.35251095e+00 -5.51014439e-01  1.35251095e+00  1.99972560e+01 
 1.36817439e+00 -5.39436338e-01  1.36817439e+00  1.97861800e+01 
 1.38401923e+00 -5.28091922e-01  1.38401923e+00  1.95769692e+01 
 1.40004757e+00 -5.16977068e-01  1.40004757e+00  1.93696180e+01 
 1.41626153e+00 -5.06087700e-01  1.41626153e+00  1.91641207e+01 
 1.43266327e+00 -4.95419794e-01  1.43266327e+00  1.89604712e+01 
 1.44925496e+00 -4.84969373e-01  1.44925496e+00  1.87586631e+01 
 1.46603879e+00 -4.74732512e-01  1.46603879e+00  1.85586897e+01 
 1.48301700e+00 -4.64705335e-01  1.48301700e+00  1.83605439e+01 
 1.50019183e+00 -4.54884017e-01  1.50019183e+00  1.81642184e+01 
 1.51756557e+00 -4.45264784e-01  1.51756557e+00  1.79697057e+01 
 1.53514051e+00 -4.35843911e-01  1.53514051e+00  1.77769978e+01 
 1.55291899e+00 -4.26617725e-01  1.55291899e+00  1.75860868e+01 
 1.57090335e+00 -4.17582606e-01  1.57090335e+00  1.73969641e+01 
 1.58909600e+00 -4.08734981e-01  1.58909600e+00  1.72096213e+01 
 1.60749933e+00 -4.00071330e-01  1.60749933e+00  1.70240496e+01 
 1.62611580e+00 -3.91588184e-01  1.62611580e+00  1.68402398e+01 
 1.64494786e+00 -3.83282124e-01  1.64494786e+00  1.66581828e+01 
 1.66399802e+00 -3.75149781e-01  1.66399802e+00  1.64778691e+01 
 1.68326879e+00 -3.67187838e-01  1.68326879e+00  1.62992891e+01 
 1.70276274e+00 -3.59393028e-01  1.70276274e+00  1.61224330e+01 
 1.72248245e+00 -3.51762132e-01  1.72248245e+00  1.59472908e+01 
 1.74243054e+00 -3.44291984e-01  1.74243054e+00  1.57738525e+01 
 1.76260964e+00 -3.36979464e-01  1.76260964e+00  1.56021077e+01 
 1.78302244e+00 -3.29821505e-01  1.78302244e+00  1.54320460e+01 
 1.80367164e+00 -3.22815086e-01  1.80367164e+00  1.52636569e+01 
 1.82455997e+00 -3.15957236e-01  1.82455997e+00  1.50969296e+01 
 1.84569022e+00 -3.09245031e-01  1.84569022e+00  1.49318534e+01 
 1.86706517e+00 -3.02675598e-01  1.86706517e+00  1.47684173e+01 
 1.88868767e+00 -2.96246108e-01  1.88868767e+00  1.46066103e+01 
 1.91056058e+00 -2.89953781e-01  1.91056058e+00  1.44464212e+01 
 1.93268680e+00 -2.83795883e-01  1.93268680e+00  1.42878390e+01 
 1.95506926e+00 -2.77769727e-01  1.95506926e+00  1.41308521e+01 
 1.97771094e+00 -2.71872673e-01  1.97771094e+00  1.39754493e+01 
 2.00061483e+00 -2.66102122e-01  2.00061483e+00  1.38216191e+01 
 2.02378396e+00 -2.60455526e-01  2.02378396e+00  1.36693500e+01 
 2.04722142e+00 -2.54930377e-01  2.04722142e+00  1.35186304e+01 
 2.07093031e+00 -2.49524213e-01  2.07093031e+00  1.33694486e+01 
 2.09491378e+00 -2.44234615e-01  2.09491378e+00  1.32217930e+01 
 2.11917499e+00 -2.39059206e-01  2.11917499e+00  1.30756519e+01 
 2.14371718e+00 -2.33995655e-01  2.14371718e+00  1.29310133e+01 
 2.16854358e+00 -2.29041669e-01  2.16854358e+00  1.27878657e+01 
 2.19365751e+00 -2.24194999e-01  2.19365751e+00  1.26461971e+01 
 2.21906227e+00 -2.19453435e-01  2.21906227e+00  1.25059957e+01 
 2.24476125e+00 -2.14814811e-01  2.24476125e+00  1.23672495e+01 
 2.27075785e+00 -2.10276997e-01  2.27075785e+00  1.22299468e+01 
 2.29705552e+00 -2.05837904e-01  2.29705552e+00  1.20940757e+01 
 2.32365774e+00 -2.01495482e-01  2.32365774e+00  1.19596241e+01 
 2.35056804e+00 -1.97247720e-01  2.35056804e+00  1.18265803e+01 
 2.37778999e+00 -1.93092644e-01  2.37778999e+00  1.16949323e+01 
 2.40532720e+00 -1.89028318e-01  2.40532720e+00  1.15646682e+01 
 2.43318331e+00 -1.85052840e-01  2.43318331e+00  1.14357762e+01 
 2.46136203e+00 -1.81164349e-01  2.46136203e+00  1.13082443e+01 
 2.48986709e+00 -1.77361016e-01  2.48986709e+00  1.11820607e+01 
 2.51870226e+00 -1.73641047e-01  2.51870226e+00  1.10572137e+01 
 2.54787137e+00 -1.70002686e-01  2.54787137e+00  1.09336913e+01 
 2.57737829e+00 -1.66444208e-01  2.57737829e+00  1.08114818e+01 
 2.60722693e+00 -1.62963922e-01  2.60722693e+00  1.06905735e+01 
 2.63742125e+00 -1.59560170e-01  2.63742125e+00  1.05709545e+01 
 2.66796525e+00 -1.56231329e-01  2.66796525e+00  1.04526133e+01 
 2.69886298e+00 -1.52975804e-01  2.69886298e+00  1.03355382e+01 
 2.73011854e+00 -1.49792035e-01  2.73011854e+00  1.02197175e+01 
 2.76173606e+00 -1.46678489e-01  2.76173606e+00  1.01051397e+01 
 2.79371975e+00 -1.43633668e-01  2.79371975e+00  9.99179329e+00 
 2.82607385e+00 -1.40656101e-01  2.82607385e+00  9.87966677e+00 
 2.85880263e+00 -1.37744347e-01  2.85880263e+00  9.76874871e+00 
 2.89191045e+00 -1.34896994e-01  2.89191045e+00  9.65902773e+00 
 2.92540169e+00 -1.32112658e-01  2.92540169e+00  9.55049250e+00 
 2.95928080e+00 -1.29389985e-01  2.95928080e+00  9.44313175e+00 
 2.99355225e+00 -1.26727644e-01  2.99355225e+00  9.33693426e+00 
 3.02822061e+00 -1.24124337e-01  3.02822061e+00  9.23188886e+00 
 3.06329046e+00 -1.21578787e-01  3.06329046e+00  9.12798446e+00 
 3.09876645e+00 -1.19089746e-01  3.09876645e+00  9.02521001e+00 
 3.13465329e+00 -1.16655991e-01  3.13465329e+00  8.92355454e+00 
 3.17095574e+00 -1.14276325e-01  3.17095574e+00  8.82300711e+00 
 3.20767861e+00 -1.11949572e-01  3.20767861e+00  8.72355689e+00 
 3.24482676e+00 -1.09674585e-01  3.24482676e+00  8.62519309e+00 
 3.28240513e+00 -1.07450238e-01  3.28240513e+00  8.52790497e+00 
 3.32041869e+00 -1.05275428e-01  3.32041869e+00  8.43168189e+00 
 3.35887249e+00 -1.03149077e-01  3.35887249e+00  8.33651326e+00 
 3.39777162e+00 -1.01070128e-01  3.39777162e+00  8.24238856e+00 
 3.43712125e+00 -9.90375458e-02  3.43712125e+00  8.14929734e+00 
 3.47692658e+00 -9.70503172e-02  3.47692658e+00  8.05722924e+00 
 3.51719290e+00 -9.51074505e-02  3.51719290e+00  7.96617394e+00 
 3.55792554e+00 -9.32079745e-02  3.55792554e+00  7.87612121e+00 
 3.59912991e+00 -9.13509385e-02  3.59912991e+00  7.78706089e+00 
 3.64081146e+00 -8.95354119e-02  3.64081146e+00  7.69898289e+00 
 3.68297573e+00 -8.77604835e-02  3.68297573e+00  7.61187721e+00 
 3.72562831e+00 -8.60252616e-02  3.72562831e+00  7.52573391e+00 
 3.76877484e+00 -8.43288732e-02  3.76877484e+00  7.44054311e+00 
 3.81242106e+00 -8.26704639e-02  3.81242106e+00  7.35629504e+00 
 3.85657274e+00 -8.10491975e-02  3.85657274e+00  7.27297998e+00 
 3.90123574e+00 -7.94642554e-02  3.90123574e+00  7.19058829e+00 
 3.94641599e+00 -7.79148367e-02  3.94641599e+00  7.10911041e+00 
 3.99211947e+00 -7.64001574e-02  3.99211947e+00  7.02853686e+00 
 4.03835224e+00 -7.49194503e-02  4.03835224e+00  6.94885823e+00 
 4.08512043e+00 -7.34719646e-02  4.08512043e+00  6.87006519e+00 
 4.13243025e+00 -7.20569658e-02  4.13243025e+00  6.79214849e+00 
 4.18028796e+00 -7.06737349e-02  4.18028796e+00  6.71509894e+00 
 4.22869991e+00 -6.93215685e-02  4.22869991e+00  6.63890744e+00 
 4.27767252e+00 -6.79997782e-02  4.27767252e+00  6.56356498e+00 
 4.32721228e+00 -6.67076906e-02  4.32721228e+00  6.48906260e+00 
 4.37732577e+00 -6.54446469e-02  4.37732577e+00  6.41539144e+00 
 4.42801962e+00 -6.42100022e-02  4.42801962e+00  6.34254270e+00 
 4.47930055e+00 -6.30031258e-02  4.47930055e+00  6.27050767e+00 
 4.53117537e+00 -6.18234008e-02  4.53117537e+00  6.19927769e+00 
 4.58365095e+00 -6.06702233e-02  4.58365095e+00  6.12884423e+00 
 4.63673425e+00 -5.95430027e-02  4.63673425e+00  6.05919877e+00 
 4.69043232e+00 -5.84411614e-02  4.69043232e+00  5.99033293e+00 
 4.74475225e+00 -5.73641340e-02  4.74475225e+00  5.92223835e+00 
 4.79970127e+00 -5.63113679e-02  4.79970127e+00  5.85490678e+00 
 4.85528665e+00 -5.52823220e-02  4.85528665e+00  5.78833004e+00 
 4.91151577e+00 -5.42764674e-02  4.91151577e+00  5.72250002e+00 
 4.96839608e+00 -5.32932866e-02  4.96839608e+00  5.65740869e+00 
 5.02593512e+00 -5.23322735e-02  5.02593512e+00  5.59304809e+00 
 5.08414052e+00 -5.13929329e-02  5.08414052e+00  5.52941033e+00 
 5.14302000e+00 -5.04747807e-02  5.14302000e+00  5.46648761e+00 
 5.20258136e+00 -4.95773433e-02  5.20258136e+00  5.40427219e+00 
 5.26283250e+00 -4.87001573e-02  5.26283250e+00  5.34275641e+00 
 5.32378141e+00 -4.78427698e-02  5.32378141e+00  5.28193268e+00 
 5.38543617e+00 -4.70047377e-02  5.38543617e+00  5.22179349e+00 
 5.44780495e+00 -4.61856277e-02  5.44780495e+00  5.16233138e+00 
 5.51089603e+00 -4.53850159e-02  5.51089603e+00  5.10353900e+00 
 5.57471776e+00 -4.46024878e-02  5.57471776e+00  5.04540903e+00 
 5.63927862e+00 -4.38376382e-02  5.63927862e+00  4.98793426e+00 
 5.70458716e+00 -4.30900707e-02  5.70458716e+00  4.93110752e+00 
 5.77065203e+00 -4.23593976e-02  5.77065203e+00  4.87492172e+00 
 5.83748200e+00 -4.16452399e-02  5.83748200e+00  4.81936986e+00 
 5.90508593e+00 -4.09472269e-02  5.90508593e+00  4.76444498e+00 
 5.97347279e+00 -4.02649961e-02  5.97347279e+00  4.71014020e+00 
 6.04265163e+00 -3.95981930e-02  6.04265163e+00  4.65644871e+00 
 6.11263163e+00 -3.89464712e-02  6.11263163e+00  4.60336378e+00 
 6.18342207e+00 -3.83094916e-02  6.18342207e+00  4.55087872e+00 
 6.25503234e+00 -3.76869229e-02  6.25503234e+00  4.49898694e+00 
 6.32747192e+00 -3.70784410e-02  6.32747192e+00  4.44768189e+00 
 6.40075043e+00 -3.64837291e-02  6.40075043e+00  4.39695710e+00 
 6.47487758e+00 -3.59024773e-02  6.47487758e+00  4.34680617e+00 
 6.54986319e+00 -3.53343828e-02  6.54986319e+00  4.29722274e+00 
 6.62571722e+00 -3.47791495e-02  6.62571722e+00  4.24820054e+00 
 6.70244971e+00 -3.42364876e-02  6.70244971e+00  4.19973337e+00 
 6.78007084e+00 -3.37061141e-02  6.78007084e+00  4.15181507e+00 
 6.85859090e+00 -3.31877521e-02  6.85859090e+00  4.10443956e+00 
 6.93802030e+00 -3.26811310e-02  6.93802030e+00  4.05760081e+00 
 7.01836957e+00 -3.21859862e-02  7.01836957e+00  4.01129286e+00 
 7.09964937e+00 -3.17020590e-02  7.09964937e+00  3.96550983e+00 
 7.18187048e+00 -3.12290964e-02  7.18187048e+00  3.92024586e+00 
 7.26504378e+00 -3.07668511e-02  7.26504378e+00  3.87549520e+00 
 7.34918032e+00 -3.03150814e-02  7.34918032e+00  3.83125211e+00 
 7.43429124e+00 -2.98735509e-02  7.43429124e+00  3.78751095e+00 
 7.52038784e+00 -2.94420286e-02  7.52038784e+00  3.74426612e+00 
 7.60748151e+00 -2.90202885e-02  7.60748151e+00  3.70151208e+00 
 7.69558382e+00 -2.86081098e-02  7.69558382e+00  3.65924336e+00 
 7.78470645e+00 -2.82052766e-02  7.78470645e+00  3.61745453e+00 
 7.87486120e+00 -2.78115777e-02  7.87486120e+00  3.57614024e+00 
 7.96606004e+00 -2.74268070e-02  7.96606004e+00  3.53529518e+00 
 8.05831505e+00 -2.70507626e-02  8.05831505e+00  3.49491409e+00 
 8.15163847e+00 -2.66832474e-02  8.15163847e+00  3.45499179e+00 
 8.24604267e+00 -2.63240686e-02  8.24604267e+00  3.41552313e+00 
 8.34154016e+00 -2.59730378e-02  8.34154016e+00  3.37650304e+00 
 8.43814361e+00 -2.56299707e-02  8.43814361e+00  3.33792648e+00 
 8.53586583e+00 -2.52946873e-02  8.53586583e+00  3.29978848e+00 
 8.63471977e+00 -2.49670116e-02  8.63471977e+00  3.26208412e+00 
 8.73471853e+00 -2.46467714e-02  8.73471853e+00  3.22480853e+00 
 8.83587539e+00 -2.43337985e-02  8.83587539e+00  3.18795689e+00 
 8.93820374e+00 -2.40279286e-02  8.93820374e+00  3.15152444e+00 
 9.04171716e+00 -2.37290009e-02  9.04171716e+00  3.11550647e+00 
 9.14642936e+00 -2.34368582e-02  9.14642936e+00  3.07989832e+00 
 9.25235424e+00 -2.31513471e-02  9.25235424e+00  3.04469537e+00 
 9.35950584e+00 -2.28723173e-02  9.35950584e+00  3.00989306e+00 
 9.46789836e+00 -2.25996221e-02  9.46789836e+00  2.97548689e+00 
 9.57754617e+00 -2.23331181e-02  9.57754617e+00  2.94147238e+00 
 9.68846382e+00 -2.20726651e-02  9.68846382e+00  2.90784513e+00 
 9.80066601e+00 -2.18181261e-02  9.80066601e+00  2.87460077e+00 
 9.91416761e+00 -2.15693669e-02  9.91416761e+00  2.84173498e+00 
 1.00289837e+01 -2.13262568e-02  1.00289837e+01  2.80924350e+00 
 1.01451294e+01 -2.10886678e-02  1.01451294e+01  2.77712208e+00 
 1.02626203e+01 -2.08564746e-02  1.02626203e+01  2.74536657e+00 
 1.03814717e+01 -2.06295551e-02  1.03814717e+01  2.71397282e+00 
 1.05016997e+01 -2.04077896e-02  1.05016997e+01  2.68293675e+00 
 1.06233199e+01 -2.01910615e-02  1.06233199e+01  2.65225431e+00 
 1.07463487e+01 -1.99792564e-02  1.07463487e+01  2.62192152e+00 
 1.08708023e+01 -1.97722628e-02  1.08708023e+01  2.59193441e+00 
 1.09966971e+01 -1.95699716e-02  1.09966971e+01  2.56228907e+00 
 1.11240500e+01 -1.93722761e-02  1.11240500e+01  2.53298165e+00 
 1.12528777e+01 -1.91790722e-02  1.12528777e+01  2.50400830e+00 
 1.13831974e+01 -1.89902579e-02  1.13831974e+01  2.47536526e+00 
 1.15150263e+01 -1.88057337e-02  1.15150263e+01  2.44704878e+00 
 1.16483819e+01 -1.86254022e-02  1.16483819e+01  2.41905516e+00 
 1.17832819e+01 -1.84491684e-02  1.17832819e+01  2.39138075e+00 
 1.19197442e+01 -1.82769393e-02  1.19197442e+01  2.36402192e+00 
 1.20577869e+01 -1.81086240e-02  1.20577869e+01  2.33697509e+00 
 1.21974282e+01 -1.79441338e-02  1.21974282e+01  2.31023674e+00 
 1.23386867e+01 -1.77833817e-02  1.23386867e+01  2.28380337e+00 
 1.24815812e+01 -1.76262830e-02  1.24815812e+01  2.25767150e+00 
 1.26261305e+01 -1.74727547e-02  1.26261305e+01  2.23183773e+00 
 1.27723538e+01 -1.73227159e-02  1.27723538e+01  2.20629866e+00 
 1.29202705e+01 -1.71760872e-02  1.29202705e+01  2.18105096e+00 
 1.30699003e+01 -1.70327913e-02  1.30699003e+01  2.15609131e+00 
 1.32212629e+01 -1.68927526e-02  1.32212629e+01  2.13141644e+00 
 1.33743785e+01 -1.67558970e-02  1.33743785e+01  2.10702312e+00 
 1.35292673e+01 -1.66221523e-02  1.35292673e+01  2.08290815e+00 
 1.36859499e+01 -1.64914478e-02  1.36859499e+01  2.05906837e+00 
 1.38444470e+01 -1.63637146e-02  1.38444470e+01  2.03550064e+00 
 1.40047796e+01 -1.62388851e-02  1.40047796e+01  2.01220188e+00 
 1.41669691e+01 -1.61168934e-02  1.41669691e+01  1.98916902e+00 
 1.43310369e+01 -1.59976750e-02  1.43310369e+01  1.96639905e+00 
 1.44970048e+01 -1.58811669e-02  1.44970048e+01  1.94388897e+00 
 1.46648947e+01 -1.57673076e-02  1.46648947e+01  1.92163583e+00 
 1.48347290e+01 -1.56560370e-02  1.48347290e+01  1.89963670e+00 
 1.50065301e+01 -1.55472961e-02  1.50065301e+01  1.87788869e+00 
 1.51803209e+01 -1.54410275e-02  1.51803209e+01  1.85638894e+00 
 1.53561243e+01 -1.53371751e-02  1.53561243e+01  1.83513463e+00 
 1.55339637e+01 -1.52356840e-02  1.55339637e+01  1.81412296e+00 
 1.57138627e+01 -1.51365005e-02  1.57138627e+01  1.79335117e+00 
 1.58958451e+01 -1.50395721e-02  1.58958451e+01  1.77281653e+00 
 1.60799350e+01 -1.49448476e-02  1.60799350e+01  1.75251633e+00 
 1.62661569e+01 -1.48522770e-02  1.62661569e+01  1.73244790e+00 
 1.64545354e+01 -1.47618113e-02  1.64545354e+01  1.71260861e+00 
 1.66450955e+01 -1.46734027e-02  1.66450955e+01  1.69299584e+00 
 1.68378625e+01 -1.45870044e-02  1.68378625e+01  1.67360700e+00 
 1.70328619e+01 -1.45025706e-02  1.70328619e+01  1.65443955e+00 
 1.72301197e+01 -1.44200569e-02  1.72301197e+01  1.63549097e+00 
 1.74296618e+01 -1.43394194e-02  1.74296618e+01  1.61675875e+00 
 1.76315149e+01 -1.42606157e-02  1.76315149e+01  1.59824043e+00 
 1.78357056e+01 -1.41836039e-02  1.78357056e+01  1.57993357e+00 
 1.80422611e+01 -1.41083434e-02  1.80422611e+01  1.56183575e+00 
 1.82512087e+01 -1.40347943e-02  1.82512087e+01  1.54394459e+00 
 1.84625761e+01 -1.39629178e-02  1.84625761e+01  1.52625774e+00 
 1.86763914e+01 -1.38926757e-02  1.86763914e+01  1.50877286e+00 
 1.88926828e+01 -1.38240311e-02  1.88926828e+01  1.49148765e+00 
 1.91114791e+01 -1.37569475e-02  1.91114791e+01  1.47439982e+00 
 1.93328093e+01 -1.36913894e-02  1.93328093e+01  1.45750713e+00 
 1.95567028e+01 -1.36273222e-02  1.95567028e+01  1.44080734e+00 
 1.97831891e+01 -1.35647119e-02  1.97831891e+01  1.42429825e+00 
 2.00122984e+01 -1.35035255e-02  2.00122984e+01  1.40797769e+00 
 2.02440610e+01 -1.34437305e-02  2.02440610e+01  1.39184350e+00 
 2.04785077e+01 -1.33852954e-02  2.04785077e+01  1.37589355e+00 
 2.07156695e+01 -1.33281892e-02  2.07156695e+01  1.36012574e+00 
 2.09555778e+01 -1.32723816e-02  2.09555778e+01  1.34453799e+00 
 2.11982645e+01 -1.32178432e-02  2.11982645e+01  1.32912824e+00 
 2.14437618e+01 -1.31645451e-02  2.14437618e+01  1.31389445e+00 
 2.16921022e+01 -1.31124591e-02  2.16921022e+01  1.29883461e+00 
 2.19433187e+01 -1.30615577e-02  2.19433187e+01  1.28394674e+00 
 2.21974444e+01 -1.30118138e-02  2.21974444e+01  1.26922887e+00 
 2.24545132e+01 -1.29632011e-02  2.24545132e+01  1.25467905e+00 
 2.27145591e+01 -1.29156941e-02  2.27145591e+01  1.24029537e+00 
 2.29776167e+01 -1.28692674e-02  2.29776167e+01  1.22607592e+00 
 2.32437206e+01 -1.28238965e-02  2.32437206e+01  1.21201883e+00 
 2.35129064e+01 -1.27795575e-02  2.35129064e+01  1.19812224e+00 
 2.37852095e+01 -1.27362268e-02  2.37852095e+01  1.18438431e+00 
 2.40606663e+01 -1.26938815e-02  2.40606663e+01  1.17080323e+00 
 2.43393131e+01 -1.26524992e-02  2.43393131e+01  1.15737720e+00 
 2.46211869e+01 -1.26120580e-02  2.46211869e+01  1.14410445e+00 
 2.49063250e+01 -1.25725366e-02  2.49063250e+01  1.13098322e+00 
 2.51947654e+01 -1.25339139e-02  2.51947654e+01  1.11801179e+00 
 2.54865462e+01 -1.24961696e-02  2.54865462e+01  1.10518843e+00 
 2.57817061e+01 -1.24592836e-02  2.57817061e+01  1.09251145e+00 
 2.60802843e+01 -1.24232365e-02  2.60802843e+01  1.07997918e+00 
 2.63823203e+01 -1.23880091e-02  2.63823203e+01  1.06758996e+00 
 2.66878542e+01 -1.23535829e-02  2.66878542e+01  1.05534214e+00 
 2.69969265e+01 -1.23199396e-02  2.69969265e+01  1.04323412e+00 
 2.73095781e+01 -1.22870614e-02  2.73095781e+01  1.03126429e+00 
 2.76258506e+01 -1.22549309e-02  2.76258506e+01  1.01943107e+00 
 2.79457858e+01 -1.22235311e-02  2.79457858e+01  1.00773288e+00 
 2.82694262e+01 -1.21928453e-02  2.82694262e+01  9.96168196e-01 
 2.85968147e+01 -1.21628574e-02  2.85968147e+01  9.84735475e-01 
 2.89279946e+01 -1.21335515e-02  2.89279946e+01  9.73433207e-01 
 2.92630100e+01 -1.21049120e-02  2.92630100e+01  9.62259898e-01 
 2.96019052e+01 -1.20769238e-02  2.96019052e+01  9.51214069e-01 
 2.99447251e+01 -1.20495722e-02  2.99447251e+01  9.40294259e-01 
 3.02915152e+01 -1.20228425e-02  3.02915152e+01  9.29499025e-01 
 3.06423215e+01 -1.19967207e-02  3.06423215e+01  9.18826936e-01 
 3.09971905e+01 -1.19711929e-02  3.09971905e+01  9.08276583e-01 
 3.13561693e+01 -1.19462457e-02  3.13561693e+01  8.97846567e-01 
 3.17193054e+01 -1.19218658e-02  3.17193054e+01  8.87535511e-01 
 3.20866469e+01 -1.18980403e-02  3.20866469e+01  8.77342048e-01 
 3.24582427e+01 -1.18747567e-02  3.24582427e+01  8.67264830e-01 
 3.28341419e+01 -1.18520025e-02  3.28341419e+01  8.57302524e-01 
 3.32143943e+01 -1.18297658e-02  3.32143943e+01  8.47453811e-01 
 3.35990505e+01 -1.18080348e-02  3.35990505e+01  8.37717388e-01 
 3.39881614e+01 -1.17867980e-02  3.39881614e+01  8.28091966e-01 
 3.43817786e+01 -1.17660441e-02  3.43817786e+01  8.18576271e-01 
 3.47799543e+01 -1.17457623e-02  3.47799543e+01  8.09169043e-01 
 3.51827413e+01 -1.17259416e-02  3.51827413e+01  7.99869038e-01 
 3.55901929e+01 -1.17065717e-02  3.55901929e+01  7.90675024e-01 
 3.60023633e+01 -1.16876423e-02  3.60023633e+01  7.81585784e-01 
 3.64193070e+01 -1.16691434e-02  3.64193070e+01  7.72600115e-01 
 3.68410793e+01 -1.16510651e-02  3.68410793e+01  7.63716828e-01 
 3.72677361e+01 -1.16333980e-02  3.72677361e+01  7.54934746e-01 
 3.76993341e+01 -1.16161327e-02  3.76993341e+01  7.46252706e-01 
 3.81359304e+01 -1.15992600e-02  3.81359304e+01  7.37669560e-01 
 3.85775830e+01 -1.15827710e-02  3.85775830e+01  7.29184171e-01 
 3.90243503e+01 -1.15666570e-02  3.90243503e+01  7.20795414e-01 
 3.94762917e+01 -1.15509094e-02  3.94762917e+01  7.12502181e-01 
 3.99334670e+01 -1.15355200e-02  3.99334670e+01  7.04303371e-01 
 4.03959368e+01 -1.15204806e-02  4.03959368e+01  6.96197900e-01 
 4.08637625e+01 -1.15057832e-02  4.08637625e+01  6.88184695e-01 
 4.13370061e+01 -1.14914200e-02  4.13370061e+01  6.80262694e-01 
 4.18157303e+01 -1.14773835e-02  4.18157303e+01  6.72430848e-01 
 4.22999987e+01 -1.14636662e-02  4.22999987e+01  6.64688119e-01 
 4.27898753e+01 -1.14502608e-02  4.27898753e+01  6.57033484e-01 
 4.32854253e+01 -1.14371604e-02  4.32854253e+01  6.49465927e-01 
 4.37867142e+01 -1.14243578e-02  4.37867142e+01  6.41984447e-01 
 4.42938085e+01 -1.14118464e-02  4.42938085e+01  6.34588052e-01 
 4.48067755e+01 -1.13996196e-02  4.48067755e+01  6.27275763e-01 
 4.53256831e+01 -1.13876708e-02  4.53256831e+01  6.20046612e-01 
 4.58506003e+01 -1.13759938e-02  4.58506003e+01  6.12899641e-01 
 4.63815965e+01 -1.13645823e-02  4.63815965e+01  6.05833903e-01 
 4.69187422e+01 -1.13534304e-02  4.69187422e+01  5.98848462e-01 
 4.74621085e+01 -1.13425321e-02  4.74621085e+01  5.91942394e-01 
 4.80117676e+01 -1.13318816e-02  4.80117676e+01  5.85114783e-01 
 4.85677923e+01 -1.13214734e-02  4.85677923e+01  5.78364725e-01 
 4.91302564e+01 -1.13113018e-02  4.91302564e+01  5.71691325e-01 
 4.96992343e+01 -1.13013616e-02  4.96992343e+01  5.65093701e-01 
 5.02748016e+01 -1.12916475e-02  5.02748016e+01  5.58570977e-01 
 5.08570345e+01 -1.12821543e-02  5.08570345e+01  5.52122289e-01 
 5.14460103e+01 -1.12728770e-02  5.14460103e+01  5.45746784e-01 
 5.20418070e+01 -1.12638108e-02  5.20418070e+01  5.39443616e-01 
 5.26445036e+01 -1.12549507e-02  5.26445036e+01  5.33211951e-01 
 5.32541801e+01 -1.12462921e-02  5.32541801e+01  5.27050963e-01 
 5.38709172e+01 -1.12378304e-02  5.38709172e+01  5.20959836e-01 
 5.44947968e+01 -1.12295612e-02  5.44947968e+01  5.14937763e-01 
 5.51259015e+01 -1.12214801e-02  5.51259015e+01  5.08983945e-01 
 5.57643151e+01 -1.12135827e-02  5.57643151e+01  5.03097594e-01 
 5.64101221e+01 -1.12058650e-02  5.64101221e+01  4.97277931e-01 
 5.70634082e+01 -1.11983228e-02  5.70634082e+01  4.91524183e-01 
 5.77242601e+01 -1.11909521e-02  5.77242601e+01  4.85835590e-01 
 5.83927652e+01 -1.11837491e-02  5.83927652e+01  4.80211396e-01 
 5.90690124e+01 -1.11767099e-02  5.90690124e+01  4.74650857e-01 
 5.97530911e+01 -1.11698308e-02  5.97530911e+01  4.69153235e-01 
 6.04450922e+01 -1.11631081e-02  6.04450922e+01  4.63717804e-01 
 6.11451073e+01 -1.11565383e-02  6.11451073e+01  4.58343841e-01 
 6.18532294e+01 -1.11501180e-02  6.18532294e+01  4.53030636e-01 
 6.25695522e+01 -1.11438437e-02  6.25695522e+01  4.47777483e-01 
 6.32941707e+01 -1.11377121e-02  6.32941707e+01  4.42583688e-01 
 6.40271811e+01 -1.11317199e-02  6.40271811e+01  4.37448561e-01 
 6.47686804e+01 -1.11258640e-02  6.47686804e+01  4.32371423e-01 
 6.55187671e+01 -1.11201413e-02  6.55187671e+01  4.27351600e-01 
 6.62775405e+01 -1.11145487e-02  6.62775405e+01  4.22388427e-01 
 6.70451013e+01 -1.11090834e-02  6.70451013e+01  4.17481247e-01 
 6.78215512e+01 -1.11037423e-02  6.78215512e+01  4.12629409e-01 
 6.86069932e+01 -1.10985227e-02  6.86069932e+01  4.07832270e-01 
 6.94015314e+01 -1.10934218e-02  6.94015314e+01  4.03089195e-01 
 7.02052711e+01 -1.10884369e-02  7.02052711e+01  3.98399555e-01 
 7.10183190e+01 -1.10835654e-02  7.10183190e+01  3.93762728e-01 
 7.18407828e+01 -1.10788047e-02  7.18407828e+01  3.89178100e-01 
 7.26727715e+01 -1.10741522e-02  7.26727715e+01  3.84645063e-01 
 7.35143955e+01 -1.10696055e-02  7.35143955e+01  3.80163017e-01 
 7.43657664e+01 -1.10651623e-02  7.43657664e+01  3.75731367e-01 
 7.52269970e+01 -1.10608200e-02  7.52269970e+01  3.71349527e-01 
 7.60982015e+01 -1.10565765e-02  7.60982015e+01  3.67016915e-01 
 7.69794955e+01 -1.10524295e-02  7.69794955e+01  3.62732957e-01 
 7.78709957e+01 -1.10483768e-02  7.78709957e+01  3.58497086e-01 
 7.87728204e+01 -1.10444163e-02  7.87728204e+01  3.54308740e-01 
 7.96850891e+01 -1.10405458e-02  7.96850891e+01  3.50167364e-01 
 8.06079229e+01 -1.10367633e-02  8.06079229e+01  3.46072409e-01 
 8.15414439e+01 -1.10330668e-02  8.15414439e+01  3.42023333e-01 
 8.24857761e+01 -1.10294544e-02  8.24857761e+01  3.38019598e-01 
 8.34410446e+01 -1.10259241e-02  8.34410446e+01  3.34060674e-01 
 8.44073761e+01 -1.10224741e-02  8.44073761e+01  3.30146036e-01 
 8.53848987e+01 -1.10191025e-02  8.53848987e+01  3.26275166e-01 
 8.63737419e+01 -1.10158075e-02  8.63737419e+01  3.22447550e-01 
 8.73740370e+01 -1.10125874e-02  8.73740370e+01  3.18662682e-01 
 8.83859165e+01 -1.10094406e-02  8.83859165e+01  3.14920058e-01 
 8.94095146e+01 -1.10063652e-02  8.94095146e+01  3.11219184e-01 
 9.04449670e+01 -1.10033598e-02  9.04449670e+01  3.07559569e-01 
 9.14924110e+01 -1.10004227e-02  9.14924110e+01  3.03940727e-01 
 9.25519854e+01 -1.09975523e-02  9.25519854e+01  3.00362180e-01 
 9.36238307e+01 -1.09947472e-02  9.36238307e+01  2.96823452e-01 
 9.47080892e+01 -1.09920058e-02  9.47080892e+01  2.93324074e-01 
 9.58049044e+01 -1.09893268e-02  9.58049044e+01  2.89863584e-01 
 9.69144218e+01 -1.09867085e-02  9.69144218e+01  2.86441521e-01 
 9.80367886e+01 -1.09841498e-02  9.80367886e+01  2.83057433e-01 
 9.91721535e+01 -1.09816492e-02  9.91721535e+01  2.79710871e-01 
 1.00320667e+02 -1.09792055e-02  1.00320667e+02  2.76401392e-01 
 1.01482482e+02 -1.09768172e-02  1.01482482e+02  2.73128556e-01 
 1.02657751e+02 -1.09744832e-02  1.02657751e+02  2.69891929e-01 
 1.03846632e+02 -1.09722022e-02  1.03846632e+02  2.66691084e-01 
 1.05049280e+02 -1.09699730e-02  1.05049280e+02  2.63525595e-01 
 1.06265857e+02 -1.09677944e-02  1.06265857e+02  2.60395042e-01 
 1.07496523e+02 -1.09656653e-02  1.07496523e+02  2.57299012e-01 
 1.08741441e+02 -1.09635845e-02  1.08741441e+02  2.54237093e-01 
 1.10000777e+02 -1.09615510e-02  1.10000777e+02  2.51208880e-01 
 1.11274697e+02 -1.09595636e-02  1.11274697e+02  2.48213971e-01 
 1.12563370e+02 -1.09576214e-02  1.12563370e+02  2.45251969e-01 
 1.13866967e+02 -1.09557232e-02  1.13866967e+02  2.42322481e-01 
 1.15185661e+02 -1.09538681e-02  1.15185661e+02  2.39425120e-01 
 1.16519628e+02 -1.09520550e-02  1.16519628e+02  2.36559501e-01 
 1.17869043e+02 -1.09502831e-02  1.17869043e+02  2.33725244e-01 
 1.19234085e+02 -1.09485514e-02  1.19234085e+02  2.30921974e-01 
 1.20614936e+02 -1.09468590e-02  1.20614936e+02  2.28149318e-01 
 1.22011779e+02 -1.09452049e-02  1.22011779e+02  2.25406910e-01 
 1.23424798e+02 -1.09435884e-02  1.23424798e+02  2.22694386e-01 
 1.24854182e+02 -1.09420085e-02  1.24854182e+02  2.20011385e-01 
 1.26300119e+02 -1.09404643e-02  1.26300119e+02  2.17357554e-01 
 1.27762802e+02 -1.09389552e-02  1.27762802e+02  2.14732539e-01 
 1.29242424e+02 -1.09374803e-02  1.29242424e+02  2.12135993e-01 
 1.30739182e+02 -1.09360387e-02  1.30739182e+02  2.09567571e-01 
 1.32253273e+02 -1.09346298e-02  1.32253273e+02  2.07026934e-01 
 1.33784900e+02 -1.09332528e-02  1.33784900e+02  2.04513744e-01 
 1.35334264e+02 -1.09319070e-02  1.35334264e+02  2.02027668e-01 
 1.36901571e+02 -1.09305916e-02  1.36901571e+02  1.99568376e-01 
 1.38487029e+02 -1.09293059e-02  1.38487029e+02  1.97135543e-01 
 1.40090849e+02 -1.09280494e-02  1.40090849e+02  1.94728846e-01 
 1.41713242e+02 -1.09268212e-02  1.41713242e+02  1.92347965e-01 
 1.43354425e+02 -1.09256208e-02  1.43354425e+02  1.89992586e-01 
 1.45014614e+02 -1.09244475e-02  1.45014614e+02  1.87662397e-01 
 1.46694029e+02 -1.09233007e-02  1.46694029e+02  1.85357087e-01 
 1.48392894e+02 -1.09221798e-02  1.48392894e+02  1.83076351e-01 
 1.50111433e+02 -1.09210842e-02  1.50111433e+02  1.80819888e-01 
 1.51849875e+02 -1.09200133e-02  1.51849875e+02  1.78587398e-01 
 1.53608450e+02 -1.09189666e-02  1.53608450e+02  1.76378585e-01 
 1.55387391e+02 -1.09179434e-02  1.55387391e+02  1.74193156e-01 
 1.57186933e+02 -1.09169433e-02  1.57186933e+02  1.72030822e-01 
 1.59007317e+02 -1.09159657e-02  1.59007317e+02  1.69891295e-01 
 1.60848782e+02 -1.09150101e-02  1.60848782e+02  1.67774293e-01 
 1.62711573e+02 -1.09140760e-02  1.62711573e+02  1.65679534e-01 
 1.64595937e+02 -1.09131629e-02  1.64595937e+02  1.63606741e-01 
 1.66502124e+02 -1.09122704e-02  1.66502124e+02  1.61555639e-01 
 1.68430387e+02 -1.09113978e-02  1.68430387e+02  1.59525956e-01 
 1.70380981e+02 -1.09105449e-02  1.70380981e+02  1.57517423e-01 
 1.72354164e+02 -1.09097110e-02  1.72354164e+02  1.55529774e-01 
 1.74350199e+02 -1.09088959e-02  1.74350199e+02  1.53562745e-01 
 1.76369351e+02 -1.09080990e-02  1.76369351e+02  1.51616076e-01 
 1.78411886e+02 -1.09073199e-02  1.78411886e+02  1.49689507e-01 
 1.80478075e+02 -1.09065583e-02  1.80478075e+02  1.47782785e-01 
 1.82568193e+02 -1.09058137e-02  1.82568193e+02  1.45895656e-01 
 1.84682517e+02 -1.09050856e-02  1.84682517e+02  1.44027870e-01 
 1.86821327e+02 -1.09043739e-02  1.86821327e+02  1.42179180e-01 
 1.88984907e+02 -1.09036779e-02  1.88984907e+02  1.40349339e-01 
 1.91173543e+02 -1.09029975e-02  1.91173543e+02  1.38538107e-01 
 1.93387525e+02 -1.09023322e-02  1.93387525e+02  1.36745241e-01 
 1.95627148e+02 -1.09016816e-02  1.95627148e+02  1.34970506e-01 
 1.97892707e+02 -1.09010455e-02  1.97892707e+02  1.33213666e-01 
 2.00184505e+02 -1.09004235e-02  2.00184505e+02  1.31474486e-01 
 2.02502843e+02 -1.08998153e-02  2.02502843e+02  1.29752738e-01 
 2.04848030e+02 -1.08992204e-02  2.04848030e+02  1.28048193e-01 
 2.07220377e+02 -1.08986387e-02  2.07220377e+02  1.26360625e-01 
 2.09620198e+02 -1.08980699e-02  2.09620198e+02  1.24689810e-01 
 2.12047812e+02 -1.08975135e-02  2.12047812e+02  1.23035526e-01 
 2.14503539e+02 -1.08969693e-02  2.14503539e+02  1.21397555e-01 
 2.16987707e+02 -1.08964371e-02  2.16987707e+02  1.19775679e-01 
 2.19500643e+02 -1.08959165e-02  2.19500643e+02  1.18169682e-01 
 2.22042682e+02 -1.08954073e-02  2.22042682e+02  1.16579353e-01 
 2.24614160e+02 -1.08949092e-02  2.24614160e+02  1.15004481e-01 
 2.27215419e+02 -1.08944220e-02  2.27215419e+02  1.13444855e-01 
 2.29846803e+02 -1.08939453e-02  2.29846803e+02  1.11900271e-01 
 2.32508661e+02 -1.08934789e-02  2.32508661e+02  1.10370523e-01 
 2.35201345e+02 -1.08930226e-02  2.35201345e+02  1.08855407e-01 
 2.37925214e+02 -1.08925762e-02  2.37925214e+02  1.07354724e-01 
 2.40680628e+02 -1.08921394e-02  2.40680628e+02  1.05868275e-01 
 2.43467953e+02 -1.08917119e-02  2.43467953e+02  1.04395861e-01 
 2.46287557e+02 -1.08912936e-02  2.46287557e+02  1.02937289e-01 
 2.49139816e+02 -1.08908841e-02  2.49139816e+02  1.01492364e-01 
 2.52025106e+02 -1.08904834e-02  2.52025106e+02  1.00060895e-01 
 2.54943811e+02 -1.08900912e-02  2.54943811e+02  9.86426931e-02 
 2.57896318e+02 -1.08897073e-02  2.57896318e+02  9.72375691e-02 
 2.60883017e+02 -1.08893314e-02  2.60883017e+02  9.58453370e-02 
 2.63904306e+02 -1.08889635e-02  2.63904306e+02  9.44658124e-02 
 2.66960584e+02 -1.08886032e-02  2.66960584e+02  9.30988123e-02 
 2.70052257e+02 -1.08882504e-02  2.70052257e+02  9.17441555e-02 
 2.73179734e+02 -1.08879049e-02  2.73179734e+02  9.04016624e-02 
 2.76343431e+02 -1.08875665e-02  2.76343431e+02  8.90711549e-02 
 2.79543767e+02 -1.08872351e-02  2.79543767e+02  8.77524568e-02 
 2.82781166e+02 -1.08869104e-02  2.82781166e+02  8.64453930e-02 
 2.86056057e+02 -1.08865924e-02  2.86056057e+02  8.51497905e-02 
 2.89368875e+02 -1.08862808e-02  2.89368875e+02  8.38654774e-02 
 2.92720058e+02 -1.08859754e-02  2.92720058e+02  8.25922833e-02 
 2.96110052e+02 -1.08856761e-02  2.96110052e+02  8.13300396e-02 
 2.99539305e+02 -1.08853828e-02  2.99539305e+02  8.00785789e-02 
 3.03008272e+02 -1.08850952e-02  3.03008272e+02  7.88377351e-02 
 3.06517414e+02 -1.08848133e-02  3.06517414e+02  7.76073440e-02 
 3.10067195e+02 -1.08845369e-02  3.10067195e+02  7.63872422e-02 
 3.13658086e+02 -1.08842658e-02  3.13658086e+02  7.51772681e-02 
 3.17290563e+02 -1.08839999e-02  3.17290563e+02  7.39772612e-02 
 3.20965108e+02 -1.08837391e-02  3.20965108e+02  7.27870624e-02 
 3.24682207e+02 -1.08834832e-02  3.24682207e+02  7.16065139e-02 
 3.28442355e+02 -1.08832320e-02  3.28442355e+02  7.04354592e-02 
 3.32246049e+02 -1.08829855e-02  3.32246049e+02  6.92737431e-02 
 3.36093793e+02 -1.08827435e-02  3.36093793e+02  6.81212115e-02 
 3.39986099e+02 -1.08825059e-02  3.39986099e+02  6.69777116e-02 
 3.43923481e+02 -1.08822726e-02  3.43923481e+02  6.58430918e-02 
 3.47906461e+02 -1.08820434e-02  3.47906461e+02  6.47172017e-02 
 3.51935569e+02 -1.08818182e-02  3.51935569e+02  6.35998920e-02 
 3.56011338e+02 -1.08815969e-02  3.56011338e+02  6.24910146e-02 
 3.60134309e+02 -1.08813794e-02  3.60134309e+02  6.13904224e-02 
 3.64305027e+02 -1.08811656e-02  3.64305027e+02  6.02979696e-02 
 3.68524047e+02 -1.08809553e-02  3.68524047e+02  5.92135112e-02 
 3.72791927e+02 -1.08807484e-02  3.72791927e+02  5.81369035e-02 
 3.77109234e+02 -1.08805449e-02  3.77109234e+02  5.70680038e-02 
 3.81476539e+02 -1.08803445e-02  3.81476539e+02  5.60066704e-02 
 3.85894423e+02 -1.08801473e-02  3.85894423e+02  5.49527625e-02 
 3.90363469e+02 -1.08799532e-02  3.90363469e+02  5.39061404e-02 
 3.94884272e+02 -1.08797619e-02  3.94884272e+02  5.28666654e-02 
 3.99457430e+02 -1.08795734e-02  3.99457430e+02  5.18341995e-02 
 4.04083550e+02 -1.08793876e-02  4.04083550e+02  5.08086060e-02 
 4.08763246e+02 -1.08792045e-02  4.08763246e+02  4.97897489e-02 
 4.13497136e+02 -1.08790238e-02  4.13497136e+02  4.87774930e-02 
 4.18285850e+02 -1.08788456e-02  4.18285850e+02  4.77717043e-02 
 4.23130023e+02 -1.08786696e-02  4.23130023e+02  4.67722492e-02 
 4.28030295e+02 -1.08784959e-02  4.28030295e+02  4.57789953e-02 
 4.32987318e+02 -1.08783244e-02  4.32987318e+02  4.47918110e-02 
 4.38001748e+02 -1.08781549e-02  4.38001748e+02  4.38105653e-02 
 4.43074250e+02 -1.08779873e-02  4.43074250e+02  4.28351281e-02 
 4.48205497e+02 -1.08778216e-02  4.48205497e+02  4.18653701e-02 
 4.53396168e+02 -1.08776577e-02  4.53396168e+02  4.09011628e-02 
 4.58646954e+02 -1.08774954e-02  4.58646954e+02  3.99423782e-02 
 4.63958548e+02 -1.08773348e-02  4.63958548e+02  3.89888894e-02 
 4.69331656e+02 -1.08771757e-02  4.69331656e+02  3.80405698e-02 
 4.74766990e+02 -1.08770180e-02  4.74766990e+02  3.70972937e-02 
 4.80265271e+02 -1.08768617e-02  4.80265271e+02  3.61589360e-02 
 4.85827227e+02 -1.08767066e-02  4.85827227e+02  3.52253725e-02 
 4.91453597e+02 -1.08765527e-02  4.91453597e+02  3.42964792e-02 
 4.97145125e+02 -1.08763999e-02  4.97145125e+02  3.33721330e-02 
 5.02902567e+02 -1.08762482e-02  5.02902567e+02  3.24522114e-02 
 5.08726686e+02 -1.08760974e-02  5.08726686e+02  3.15365923e-02 
 5.14618255e+02 -1.08759474e-02  5.14618255e+02  3.06251545e-02 
 5.20578053e+02 -1.08757983e-02  5.20578053e+02  2.97177770e-02 
 5.26606872e+02 -1.08756498e-02  5.26606872e+02  2.88143396e-02 
 5.32705511e+02 -1.08755019e-02  5.32705511e+02  2.79147225e-02 
 5.38874778e+02 -1.08753547e-02  5.38874778e+02  2.70188063e-02 
 5.45115492e+02 -1.08752078e-02  5.45115492e+02  2.61264724e-02 
 5.51428479e+02 -1.08750614e-02  5.51428479e+02  2.52376023e-02 
 5.57814577e+02 -1.08749153e-02  5.57814577e+02  2.43520783e-02 
 5.64274633e+02 -1.08747694e-02  5.64274633e+02  2.34697829e-02 
 5.70809503e+02 -1.08746236e-02  5.70809503e+02  2.25905992e-02 
 5.77420053e+02 -1.08744780e-02  5.77420053e+02  2.17144106e-02 
 5.84107159e+02 -1.08743323e-02  5.84107159e+02  2.08411009e-02 
 5.90871709e+02 -1.08741866e-02  5.90871709e+02  1.99705544e-02 
 5.97714600e+02 -1.08740408e-02  5.97714600e+02  1.91026555e-02 
 6.04636738e+02 -1.08738946e-02  6.04636738e+02  1.82372893e-02 
 6.11639042e+02 -1.08737482e-02  6.11639042e+02  1.73743410e-02 
 6.18722439e+02 -1.08736014e-02  6.18722439e+02  1.65136962e-02 
 6.25887869e+02 -1.08734542e-02  6.25887869e+02  1.56552407e-02 
 6.33136282e+02 -1.08733064e-02  6.33136282e+02  1.47988609e-02 
 6.40468639e+02 -1.08731580e-02  6.40468639e+02  1.39444430e-02 
 6.47885912e+02 -1.08730089e-02  6.47885912e+02  1.30918739e-02 
 6.55389084e+02 -1.08728590e-02  6.55389084e+02  1.22410404e-02 
 6.62979151e+02 -1.08727082e-02  6.62979151e+02  1.13918299e-02 
 6.70657118e+02 -1.08725566e-02  6.70657118e+02  1.05441296e-02 
 6.78424004e+02 -1.08724039e-02  6.78424004e+02  9.69782723e-03 
 6.86280839e+02 -1.08722501e-02  6.86280839e+02  8.85281054e-03 
 6.94228663e+02 -1.08720951e-02  6.94228663e+02  8.00896749e-03 
 7.02268532e+02 -1.08719389e-02  7.02268532e+02  7.16618621e-03 
 7.10401510e+02 -1.08717813e-02  7.10401510e+02  6.32435495e-03 
 7.18628676e+02 -1.08716223e-02  7.18628676e+02  5.48336209e-03 
 7.26951121e+02 -1.08714618e-02  7.26951121e+02  4.64309613e-03 
 7.35369948e+02 -1.08712997e-02  7.35369948e+02  3.80344566e-03 
 7.43886274e+02 -1.08711359e-02  7.43886274e+02  2.96429936e-03 
 7.52501228e+02 -1.08709704e-02  7.52501228e+02  2.12554595e-03 
 7.61215951e+02 -1.08708029e-02  7.61215951e+02  1.28707423e-03 
 7.70031600e+02 -1.08706336e-02  7.70031600e+02  4.48773028e-04 
 7.78949343e+02 -1.08704622e-02  7.78949343e+02 -3.89468804e-04 
 7.87970362e+02 -1.08702887e-02  7.87970362e+02 -1.22776241e-03 
 7.97095854e+02 -1.08701129e-02  7.97095854e+02 -2.06621893e-03 
 8.06327028e+02 -1.08699349e-02  8.06327028e+02 -2.90494955e-03 
 8.15665108e+02 -1.08697544e-02  8.15665108e+02 -3.74406547e-03 
 8.25111333e+02 -1.08695714e-02  8.25111333e+02 -4.58367795e-03 
 8.34666955e+02 -1.08693859e-02  8.34666955e+02 -5.42389831e-03 
 8.44333240e+02 -1.08691976e-02  8.44333240e+02 -6.26483795e-03 
 8.54111471e+02 -1.08690065e-02  8.54111471e+02 -7.10660839e-03 
 8.64002944e+02 -1.08688126e-02  8.64002944e+02 -7.94932123e-03 
 8.74008970e+02 -1.08686156e-02  8.74008970e+02 -8.79308820e-03 
 8.84130875e+02 -1.08684156e-02  8.84130875e+02 -9.63802118e-03 
 8.94370003e+02 -1.08682123e-02  8.94370003e+02 -1.04842322e-02 
 9.04727710e+02 -1.08680057e-02  9.04727710e+02 -1.13318335e-02 
 9.15205369e+02 -1.08677957e-02  9.15205369e+02 -1.21809374e-02 
 9.25804371e+02 -1.08675821e-02  9.25804371e+02 -1.30316565e-02 
 9.36526119e+02 -1.08673649e-02  9.36526119e+02 -1.38841036e-02 
 9.47372037e+02 -1.08671439e-02  9.47372037e+02 -1.47383918e-02 
 9.58343561e+02 -1.08669190e-02  9.58343561e+02 -1.55946343e-02 
 9.69442146e+02 -1.08666901e-02  9.69442146e+02 -1.64529446e-02 
 9.80669264e+02 -1.08664571e-02  9.80669264e+02 -1.73134366e-02 
 9.92026404e+02 -1.08662199e-02  9.92026404e+02 -1.81762244e-02 
 1.00351507e+03 -1.08659782e-02  1.00351507e+03 -1.90414223e-02 
 1.01513679e+03 -1.08657321e-02  1.01513679e+03 -1.99091450e-02 
 1.02689310e+03 -1.08654813e-02  1.02689310e+03 -2.07795077e-02 
 1.03878555e+03 -1.08652258e-02  1.03878555e+03 -2.16526258e-02 
 1.05081574e+03 -1.08649653e-02  1.05081574e+03 -2.25286149e-02 
 1.06298524e+03 -1.08646998e-02  1.06298524e+03 -2.34075913e-02 
 1.07529569e+03 -1.08644292e-02  1.07529569e+03 -2.42896715e-02 
 1.08774869e+03 -1.08641532e-02  1.08774869e+03 -2.51749725e-02 
 1.10034592e+03 -1.08638717e-02  1.10034592e+03 -2.60636116e-02 
 1.11308904e+03 -1.08635846e-02  1.11308904e+03 -2.69557068e-02 
 1.12597973e+03 -1.08632917e-02  1.12597973e+03 -2.78513762e-02 
 1.13901971e+03 -1.08629930e-02  1.13901971e+03 -2.87507386e-02 
 1.15221071e+03 -1.08626881e-02  1.15221071e+03 -2.96539134e-02 
 1.16555447e+03 -1.08623769e-02  1.16555447e+03 -3.05610202e-02 
 1.17905277e+03 -1.08620594e-02  1.17905277e+03 -3.14721794e-02 
 1.19270739e+03 -1.08617353e-02  1.19270739e+03 -3.23875118e-02 
 1.20652015e+03 -1.08614044e-02  1.20652015e+03 -3.33071386e-02 
 1.22049287e+03 -1.08610666e-02  1.22049287e+03 -3.42311820e-02 
 1.23462740e+03 -1.08607216e-02  1.23462740e+03 -3.51597644e-02 
 1.24892564e+03 -1.08603694e-02  1.24892564e+03 -3.60930089e-02 
 1.26338945e+03 -1.08600097e-02  1.26338945e+03 -3.70310394e-02 
 1.27802078e+03 -1.08596424e-02  1.27802078e+03 -3.79739801e-02 
 1.29282155e+03 -1.08592671e-02  1.29282155e+03 -3.89219562e-02 
 1.30779373e+03 -1.08588838e-02  1.30779373e+03 -3.98750932e-02 
 1.32293930e+03 -1.08584923e-02  1.32293930e+03 -4.08335177e-02 
 1.33826027e+03 -1.08580923e-02  1.33826027e+03 -4.17973568e-02 
 1.35375867e+03 -1.08576835e-02  1.35375867e+03 -4.27667381e-02 
 1.36943656e+03 -1.08572659e-02  1.36943656e+03 -4.37417904e-02 
 1.38529602e+03 -1.08568392e-02  1.38529602e+03 -4.47226428e-02 
 1.40133915e+03 -1.08564031e-02  1.40133915e+03 -4.57094254e-02 
 1.41756807e+03 -1.08559574e-02  1.41756807e+03 -4.67022692e-02 
 1.43398494e+03 -1.08555019e-02  1.43398494e+03 -4.77013057e-02 
 1.45059193e+03 -1.08550363e-02  1.45059193e+03 -4.87066675e-02 
 1.46739125e+03 -1.08545605e-02  1.46739125e+03 -4.97184879e-02 
 1.48438512e+03 -1.08540740e-02  1.48438512e+03 -5.07369010e-02 
 1.50157580e+03 -1.08535768e-02  1.50157580e+03 -5.17620419e-02 
 1.51896556e+03 -1.08530685e-02  1.51896556e+03 -5.27940466e-02 
 1.53655671e+03 -1.08525488e-02  1.53655671e+03 -5.38330519e-02 
 1.55435159e+03 -1.08520175e-02  1.55435159e+03 -5.48791956e-02 
 1.57235255e+03 -1.08514743e-02  1.57235255e+03 -5.59326165e-02 
 1.59056198e+03 -1.08509189e-02  1.59056198e+03 -5.69934542e-02 
 1.60898229e+03 -1.08503510e-02  1.60898229e+03 -5.80618495e-02 
 1.62761593e+03 -1.08497703e-02  1.62761593e+03 -5.91379440e-02 
 1.64646536e+03 -1.08491765e-02  1.64646536e+03 -6.02218804e-02 
 1.66553309e+03 -1.08485693e-02  1.66553309e+03 -6.13138025e-02 
 1.68482165e+03 -1.08479484e-02  1.68482165e+03 -6.24138551e-02 
 1.70433358e+03 -1.08473134e-02  1.70433358e+03 -6.35221842e-02 
 1.72407148e+03 -1.08466640e-02  1.72407148e+03 -6.46389366e-02 
 1.74403797e+03 -1.08459998e-02  1.74403797e+03 -6.57642606e-02 
 1.76423569e+03 -1.08453206e-02  1.76423569e+03 -6.68983053e-02 
 1.78466732e+03 -1.08446259e-02  1.78466732e+03 -6.80412212e-02 
 1.80533557e+03 -1.08439153e-02  1.80533557e+03 -6.91931598e-02 
 1.82624317e+03 -1.08431886e-02  1.82624317e+03 -7.03542739e-02 
 1.84739291e+03 -1.08424453e-02  1.84739291e+03 -7.15247176e-02 
 1.86878759e+03 -1.08416849e-02  1.86878759e+03 -7.27046461e-02 
 1.89043003e+03 -1.08409073e-02  1.89043003e+03 -7.38942159e-02 
 1.91232312e+03 -1.08401118e-02  1.91232312e+03 -7.50935847e-02 
 1.93446975e+03 -1.08392980e-02  1.93446975e+03 -7.63029117e-02 
 1.95687286e+03 -1.08384657e-02  1.95687286e+03 -7.75223572e-02 
 1.97953542e+03 -1.08376142e-02  1.97953542e+03 -7.87520830e-02 
 2.00246044e+03 -1.08367432e-02  2.00246044e+03 -7.99922522e-02 
 2.02565095e+03 -1.08358522e-02  2.02565095e+03 -8.12430293e-02 
 2.04911003e+03 -1.08349407e-02  2.04911003e+03 -8.25045803e-02 
 2.07284080e+03 -1.08340083e-02  2.07284080e+03 -8.37770724e-02 
 2.09684638e+03 -1.08330543e-02  2.09684638e+03 -8.50606745e-02 
 2.12112998e+03 -1.08320785e-02  2.12112998e+03 -8.63555568e-02 
 2.14569480e+03 -1.08310801e-02  2.14569480e+03 -8.76618911e-02 
 2.17054412e+03 -1.08300588e-02  2.17054412e+03 -8.89798507e-02 
 2.19568121e+03 -1.08290139e-02  2.19568121e+03 -9.03096104e-02 
 2.22110941e+03 -1.08279448e-02  2.22110941e+03 -9.16513467e-02 
 2.24683210e+03 -1.08268512e-02  2.24683210e+03 -9.30052375e-02 
 2.27285268e+03 -1.08257322e-02  2.27285268e+03 -9.43714624e-02 
 2.29917461e+03 -1.08245874e-02  2.29917461e+03 -9.57502027e-02 
 2.32580137e+03 -1.08234162e-02  2.32580137e+03 -9.71416413e-02 
 2.35273649e+03 -1.08222179e-02  2.35273649e+03 -9.85459628e-02 
 2.37998356e+03 -1.08209919e-02  2.37998356e+03 -9.99633535e-02 
 2.40754617e+03 -1.08197375e-02  2.40754617e+03 -1.01394001e-01 
 2.43542798e+03 -1.08184541e-02  2.43542798e+03 -1.02838097e-01 
 2.46363269e+03 -1.08171411e-02  2.46363269e+03 -1.04295830e-01 
 2.49216405e+03 -1.08157976e-02  2.49216405e+03 -1.05767396e-01 
 2.52102582e+03 -1.08144230e-02  2.52102582e+03 -1.07252989e-01 
 2.55022184e+03 -1.08130165e-02  2.55022184e+03 -1.08752807e-01 
 2.57975598e+03 -1.08115775e-02  2.57975598e+03 -1.10267048e-01 
 2.60963216e+03 -1.08101051e-02  2.60963216e+03 -1.11795913e-01 
 2.63985434e+03 -1.08085986e-02  2.63985434e+03 -1.13339606e-01 
 2.67042651e+03 -1.08070572e-02  2.67042651e+03 -1.14898330e-01 
 2.70135274e+03 -1.08054800e-02  2.70135274e+03 -1.16472294e-01 
 2.73263713e+03 -1.08038663e-02  2.73263713e+03 -1.18061705e-01 
 2.76428383e+03 -1.08022151e-02  2.76428383e+03 -1.19666775e-01 
 2.79629703e+03 -1.08005256e-02  2.79629703e+03 -1.21287717e-01 
 2.82868097e+03 -1.07987969e-02  2.82868097e+03 -1.22924746e-01 
 2.86143995e+03 -1.07970281e-02  2.86143995e+03 -1.24578078e-01 
 2.89457831e+03 -1.07952182e-02  2.89457831e+03 -1.26247935e-01 
 2.92810044e+03 -1.07933664e-02  2.92810044e+03 -1.27934536e-01 
 2.96201080e+03 -1.07914715e-02  2.96201080e+03 -1.29638106e-01 
 2.99631387e+03 -1.07895326e-02  2.99631387e+03 -1.31358872e-01 
 3.03101421e+03 -1.07875486e-02  3.03101421e+03 -1.33097061e-01 
 3.06611641e+03 -1.07855186e-02  3.06611641e+03 -1.34852904e-01 
 3.10162514e+03 -1.07834414e-02  3.10162514e+03 -1.36626634e-01 
 3.13754508e+03 -1.07813160e-02  3.13754508e+03 -1.38418487e-01 
 3.17388102e+03 -1.07791412e-02  3.17388102e+03 -1.40228701e-01 
 3.21063777e+03 -1.07769158e-02  3.21063777e+03 -1.42057515e-01 
 3.24782019e+03 -1.07746388e-02  3.24782019e+03 -1.43905173e-01 
 3.28543323e+03 -1.07723088e-02  3.28543323e+03 -1.45771920e-01 
 3.32348186e+03 -1.07699246e-02  3.32348186e+03 -1.47658004e-01 
 3.36197113e+03 -1.07674851e-02  3.36197113e+03 -1.49563675e-01 
 3.40090615e+03 -1.07649888e-02  3.40090615e+03 -1.51489186e-01 
 3.44029207e+03 -1.07624344e-02  3.44029207e+03 -1.53434793e-01 
 3.48013412e+03 -1.07598207e-02  3.48013412e+03 -1.55400754e-01 
 3.52043759e+03 -1.07571462e-02  3.52043759e+03 -1.57387330e-01 
 3.56120781e+03 -1.07544095e-02  3.56120781e+03 -1.59394786e-01 
 3.60245019e+03 -1.07516092e-02  3.60245019e+03 -1.61423387e-01 
 3.64417019e+03 -1.07487438e-02  3.64417019e+03 -1.63473402e-01 
 3.68637336e+03 -1.07458117e-02  3.68637336e+03 -1.65545106e-01 
 3.72906528e+03 -1.07428114e-02  3.72906528e+03 -1.67638771e-01 
 3.77225162e+03 -1.07397413e-02  3.77225162e+03 -1.69754677e-01 
 3.81593810e+03 -1.07365998e-02  3.81593810e+03 -1.71893104e-01 
 3.86013052e+03 -1.07333852e-02  3.86013052e+03 -1.74054337e-01 
 3.90483472e+03 -1.07300959e-02  3.90483472e+03 -1.76238663e-01 
 3.95005665e+03 -1.07267300e-02  3.95005665e+03 -1.78446371e-01 
 3.99580229e+03 -1.07232858e-02  3.99580229e+03 -1.80677756e-01 
 4.04207771e+03 -1.07197615e-02  4.04207771e+03 -1.82933112e-01 
 4.08888905e+03 -1.07161552e-02  4.08888905e+03 -1.85212741e-01 
 4.13624251e+03 -1.07124650e-02  4.13624251e+03 -1.87516945e-01 
 4.18414437e+03 -1.07086889e-02  4.18414437e+03 -1.89846030e-01 
 4.23260098e+03 -1.07048250e-02  4.23260098e+03 -1.92200306e-01 
 4.28161877e+03 -1.07008711e-02  4.28161877e+03 -1.94580085e-01 
 4.33120424e+03 -1.06968253e-02  4.33120424e+03 -1.96985684e-01 
 4.38136395e+03 -1.06926853e-02  4.38136395e+03 -1.99417422e-01 
 4.43210457e+03 -1.06884490e-02  4.43210457e+03 -2.01875623e-01 
 4.48343281e+03 -1.06841141e-02  4.48343281e+03 -2.04360613e-01 
 4.53535548e+03 -1.06796783e-02  4.53535548e+03 -2.06872722e-01 
 4.58787948e+03 -1.06751393e-02  4.58787948e+03 -2.09412286e-01 
 4.64101175e+03 -1.06704947e-02  4.64101175e+03 -2.11979640e-01 
 4.69475935e+03 -1.06657420e-02  4.69475935e+03 -2.14575127e-01 
 4.74912940e+03 -1.06608787e-02  4.74912940e+03 -2.17199092e-01 
 4.80412911e+03 -1.06559022e-02  4.80412911e+03 -2.19851883e-01 
 4.85976577e+03 -1.06508100e-02  4.85976577e+03 -2.22533853e-01 
 4.91604676e+03 -1.06455992e-02  4.91604676e+03 -2.25245359e-01 
 4.97297954e+03 -1.06402671e-02  4.97297954e+03 -2.27986761e-01 
 5.03057166e+03 -1.06348110e-02  5.03057166e+03 -2.30758425e-01 
 5.08883076e+03 -1.06292279e-02  5.08883076e+03 -2.33560718e-01 
 5.14776455e+03 -1.06235148e-02  5.14776455e+03 -2.36394014e-01 
 5.20738086e+03 -1.06176688e-02  5.20738086e+03 -2.39258689e-01 
 5.26768758e+03 -1.06116868e-02  5.26768758e+03 -2.42155124e-01 
 5.32869272e+03 -1.06055656e-02  5.32869272e+03 -2.45083706e-01 
 5.39040436e+03 -1.05993019e-02  5.39040436e+03 -2.48044823e-01 
 5.45283068e+03 -1.05928924e-02  5.45283068e+03 -2.51038870e-01 
 5.51597996e+03 -1.05863338e-02  5.51597996e+03 -2.54066245e-01 
 5.57986057e+03 -1.05796226e-02  5.57986057e+03 -2.57127350e-01 
 5.64448099e+03 -1.05727552e-02  5.64448099e+03 -2.60222595e-01 
 5.70984977e+03 -1.05657280e-02  5.70984977e+03 -2.63352390e-01 
 5.77597559e+03 -1.05585373e-02  5.77597559e+03 -2.66517152e-01 
 5.84286722e+03 -1.05511792e-02  5.84286722e+03 -2.69717302e-01 
 5.91053351e+03 -1.05436499e-02  5.91053351e+03 -2.72953268e-01 
 5.97898345e+03 -1.05359455e-02  5.97898345e+03 -2.76225479e-01 
 6.04822611e+03 -1.05280617e-02  6.04822611e+03 -2.79534372e-01 
 6.11827067e+03 -1.05199945e-02  6.11827067e+03 -2.82880387e-01 
 6.18912642e+03 -1.05117396e-02  6.18912642e+03 -2.86263970e-01 
 6.26080275e+03 -1.05032926e-02  6.26080275e+03 -2.89685571e-01 
 6.33330916e+03 -1.04946491e-02  6.33330916e+03 -2.93145648e-01 
 6.40665527e+03 -1.04858045e-02  6.40665527e+03 -2.96644661e-01 
 6.48085080e+03 -1.04767541e-02  6.48085080e+03 -3.00183075e-01 
 6.55590559e+03 -1.04674931e-02  6.55590559e+03 -3.03761364e-01 
 6.63182959e+03 -1.04580167e-02  6.63182959e+03 -3.07380003e-01 
 6.70863287e+03 -1.04483198e-02  6.70863287e+03 -3.11039476e-01 
 6.78632561e+03 -1.04383973e-02  6.78632561e+03 -3.14740270e-01 
 6.86491811e+03 -1.04282440e-02  6.86491811e+03 -3.18482879e-01 
 6.94442078e+03 -1.04178545e-02  6.94442078e+03 -3.22267803e-01 
 7.02484418e+03 -1.04072233e-02  7.02484418e+03 -3.26095545e-01 
 7.10619897e+03 -1.03963448e-02  7.10619897e+03 -3.29966617e-01 
 7.18849592e+03 -1.03852133e-02  7.18849592e+03 -3.33881536e-01 
 7.27174595e+03 -1.03738228e-02  7.27174595e+03 -3.37840823e-01 
 7.35596011e+03 -1.03621674e-02  7.35596011e+03 -3.41845007e-01 
 7.44114955e+03 -1.03502408e-02  7.44114955e+03 -3.45894624e-01 
 7.52732557e+03 -1.03380369e-02  7.52732557e+03 -3.49990213e-01 
 7.61449959e+03 -1.03255492e-02  7.61449959e+03 -3.54132322e-01 
 7.70268318e+03 -1.03127710e-02  7.70268318e+03 -3.58321503e-01 
 7.79188802e+03 -1.02996957e-02  7.79188802e+03 -3.62558317e-01 
 7.88212595e+03 -1.02863163e-02  7.88212595e+03 -3.66843330e-01 
 7.97340892e+03 -1.02726257e-02  7.97340892e+03 -3.71177114e-01 
 8.06574904e+03 -1.02586168e-02  8.06574904e+03 -3.75560248e-01 
 8.15915855e+03 -1.02442822e-02  8.15915855e+03 -3.79993319e-01 
 8.25364983e+03 -1.02296143e-02  8.25364983e+03 -3.84476919e-01 
 8.34923543e+03 -1.02146053e-02  8.34923543e+03 -3.89011649e-01 
 8.44592800e+03 -1.01992473e-02  8.44592800e+03 -3.93598114e-01 
 8.54374036e+03 -1.01835324e-02  8.54374036e+03 -3.98236928e-01 
 8.64268550e+03 -1.01674520e-02  8.64268550e+03 -4.02928712e-01 
 8.74277651e+03 -1.01509979e-02  8.74277651e+03 -4.07674094e-01 
 8.84402669e+03 -1.01341613e-02  8.84402669e+03 -4.12473710e-01 
 8.94644944e+03 -1.01169333e-02  8.94644944e+03 -4.17328201e-01 
 9.05005835e+03 -1.00993048e-02  9.05005835e+03 -4.22238220e-01 
 9.15486716e+03 -1.00812667e-02  9.15486716e+03 -4.27204422e-01 
 9.26088975e+03 -1.00628093e-02  9.26088975e+03 -4.32227474e-01 
 9.36814020e+03 -1.00439230e-02  9.36814020e+03 -4.37308049e-01 
 9.47663271e+03 -1.00245978e-02  9.47663271e+03 -4.42446829e-01 
 9.58638168e+03 -1.00048235e-02  9.58638168e+03 -4.47644502e-01 
 9.69740165e+03 -9.98458981e-03  9.69740165e+03 -4.52901766e-01 
 9.80970735e+03 -9.96388596e-03  9.80970735e+03 -4.58219326e-01 
 9.92331366e+03 -9.94270109e-03  9.92331366e+03 -4.63597896e-01 
 1.00382356e+04 -9.92102406e-03  1.00382356e+04 -4.69038198e-01 
 1.01544885e+04 -9.89884347e-03  1.01544885e+04 -4.74540963e-01 
 1.02720878e+04 -9.87614766e-03  1.02720878e+04 -4.80106929e-01 
 1.03910489e+04 -9.85292468e-03  1.03910489e+04 -4.85736846e-01 
 1.05113877e+04 -9.82916234e-03  1.05113877e+04 -4.91431469e-01 
 1.06331202e+04 -9.80484815e-03  1.06331202e+04 -4.97191565e-01 
 1.07562625e+04 -9.77996932e-03  1.07562625e+04 -5.03017908e-01 
 1.08808308e+04 -9.75451279e-03  1.08808308e+04 -5.08911282e-01 
 1.10068418e+04 -9.72846519e-03  1.10068418e+04 -5.14872481e-01 
 1.11343122e+04 -9.70181284e-03  1.11343122e+04 -5.20902307e-01 
 1.12632587e+04 -9.67454175e-03  1.12632587e+04 -5.27001572e-01 
 1.13936986e+04 -9.64663761e-03  1.13936986e+04 -5.33171098e-01 
 1.15256492e+04 -9.61808576e-03  1.15256492e+04 -5.39411717e-01 
 1.16591278e+04 -9.58887125e-03  1.16591278e+04 -5.45724270e-01 
 1.17941523e+04 -9.55897873e-03  1.17941523e+04 -5.52109609e-01 
 1.19307404e+04 -9.52839254e-03  1.19307404e+04 -5.58568596e-01 
 1.20689105e+04 -9.49709665e-03  1.20689105e+04 -5.65102102e-01 
 1.22086806e+04 -9.46507465e-03  1.22086806e+04 -5.71711010e-01 
 1.23500695e+04 -9.43230977e-03  1.23500695e+04 -5.78396213e-01 
 1.24930957e+04 -9.39878485e-03  1.24930957e+04 -5.85158614e-01 
 1.26377784e+04 -9.36448233e-03  1.26377784e+04 -5.91999129e-01 
 1.27841366e+04 -9.32938426e-03  1.27841366e+04 -5.98918683e-01 
 1.29321898e+04 -9.29347227e-03  1.29321898e+04 -6.05918212e-01 
 1.30819576e+04 -9.25672758e-03  1.30819576e+04 -6.12998664e-01 
 1.32334599e+04 -9.21913097e-03  1.32334599e+04 -6.20160999e-01 
 1.33867167e+04 -9.18066279e-03  1.33867167e+04 -6.27406187e-01 
 1.35417484e+04 -9.14130293e-03  1.35417484e+04 -6.34735211e-01 
 1.36985755e+04 -9.10103083e-03  1.36985755e+04 -6.42149067e-01 
 1.38572188e+04 -9.05982545e-03  1.38572188e+04 -6.49648759e-01 
 1.40176994e+04 -9.01766530e-03  1.40176994e+04 -6.57235308e-01 
 1.41800385e+04 -8.97452836e-03  1.41800385e+04 -6.64909744e-01 
 1.43442576e+04 -8.93039214e-03  1.43442576e+04 -6.72673111e-01 
 1.45103786e+04 -8.88523361e-03  1.45103786e+04 -6.80526465e-01 
 1.46784234e+04 -8.83902924e-03  1.46784234e+04 -6.88470876e-01 
 1.48484144e+04 -8.79175496e-03  1.48484144e+04 -6.96507425e-01 
 1.50203740e+04 -8.74338614e-03  1.50203740e+04 -7.04637210e-01 
 1.51943251e+04 -8.69389761e-03  1.51943251e+04 -7.12861337e-01 
 1.53702907e+04 -8.64326360e-03  1.53702907e+04 -7.21180931e-01 
 1.55482942e+04 -8.59145779e-03  1.55482942e+04 -7.29597127e-01 
 1.57283591e+04 -8.53845324e-03  1.57283591e+04 -7.38111076e-01 
 1.59105094e+04 -8.48422241e-03  1.59105094e+04 -7.46723941e-01 
 1.60947691e+04 -8.42873712e-03  1.60947691e+04 -7.55436903e-01 
 1.62811628e+04 -8.37196858e-03  1.62811628e+04 -7.64251154e-01 
 1.64697151e+04 -8.31388732e-03  1.64697151e+04 -7.73167902e-01 
 1.66604510e+04 -8.25446322e-03  1.66604510e+04 -7.82188371e-01 
 1.68533958e+04 -8.19366548e-03  1.68533958e+04 -7.91313798e-01 
 1.70485751e+04 -8.13146260e-03  1.70485751e+04 -8.00545438e-01 
 1.72460148e+04 -8.06782237e-03  1.72460148e+04 -8.09884559e-01 
 1.74457411e+04 -8.00271186e-03  1.74457411e+04 -8.19332448e-01 
 1.76477804e+04 -7.93609739e-03  1.76477804e+04 -8.28890404e-01 
 1.78521595e+04 -7.86794453e-03  1.78521595e+04 -8.38559745e-01 
 1.80589055e+04 -7.79821808e-03  1.80589055e+04 -8.48341805e-01 
 1.82680458e+04 -7.72688202e-03  1.82680458e+04 -8.58237936e-01 
 1.84796082e+04 -7.65389957e-03  1.84796082e+04 -8.68249503e-01 
 1.86936208e+04 -7.57923308e-03  1.86936208e+04 -8.78377893e-01 
 1.89101117e+04 -7.50284409e-03  1.89101117e+04 -8.88624508e-01 
 1.91291099e+04 -7.42469326e-03  1.91291099e+04 -8.98990768e-01 
 1.93506443e+04 -7.34474037e-03  1.93506443e+04 -9.09478111e-01 
 1.95747443e+04 -7.26294432e-03  1.95747443e+04 -9.20087993e-01 
 1.98014396e+04 -7.17926307e-03  1.98014396e+04 -9.30821889e-01 
 2.00307602e+04 -7.09365367e-03  2.00307602e+04 -9.41681294e-01 
 2.02627366e+04 -7.00607219e-03  2.02627366e+04 -9.52667719e-01 
 2.04973996e+04 -6.91647373e-03  2.04973996e+04 -9.63782697e-01 
 2.07347801e+04 -6.82481240e-03  2.07347801e+04 -9.75027780e-01 
 2.09749098e+04 -6.73104127e-03  2.09749098e+04 -9.86404540e-01 
 2.12178204e+04 -6.63511241e-03  2.12178204e+04 -9.97914568e-01 
 2.14635442e+04 -6.53697679e-03  2.14635442e+04 -1.00955948e+00 
 2.17121137e+04 -6.43658432e-03  2.17121137e+04 -1.02134090e+00 
 2.19635619e+04 -6.33388379e-03  2.19635619e+04 -1.03326049e+00 
 2.22179221e+04 -6.22882287e-03  2.22179221e+04 -1.04531993e+00 
 2.24752280e+04 -6.12134808e-03  2.24752280e+04 -1.05752092e+00 
 2.27355138e+04 -6.01140475e-03  2.27355138e+04 -1.06986516e+00 
 2.29988140e+04 -5.89893702e-03  2.29988140e+04 -1.08235442e+00 
 2.32651635e+04 -5.78388780e-03  2.32651635e+04 -1.09499044e+00 
 2.35345976e+04 -5.66619877e-03  2.35345976e+04 -1.10777503e+00 
 2.38071520e+04 -5.54581031e-03  2.38071520e+04 -1.12070999e+00 
 2.40828628e+04 -5.42266150e-03  2.40828628e+04 -1.13379716e+00 
 2.43617666e+04 -5.29669011e-03  2.43617666e+04 -1.14703840e+00 
 2.46439005e+04 -5.16783255e-03  2.46439005e+04 -1.16043560e+00 
 2.49293017e+04 -5.03602384e-03  2.49293017e+04 -1.17399066e+00 
 2.52180082e+04 -4.90119760e-03  2.52180082e+04 -1.18770553e+00 
 2.55100581e+04 -4.76328601e-03  2.55100581e+04 -1.20158216e+00 
 2.58054904e+04 -4.62221978e-03  2.58054904e+04 -1.21562255e+00 
 2.61043440e+04 -4.47792815e-03  2.61043440e+04 -1.22982871e+00 
 2.64066586e+04 -4.33033880e-03  2.64066586e+04 -1.24420268e+00 
 2.67124744e+04 -4.17937789e-03  2.67124744e+04 -1.25874654e+00 
 2.70218318e+04 -4.02496998e-03  2.70218318e+04 -1.27346237e+00 
 2.73347718e+04 -3.86703802e-03  2.73347718e+04 -1.28835232e+00 
 2.76513361e+04 -3.70550332e-03  2.76513361e+04 -1.30341853e+00 
 2.79715664e+04 -3.54028550e-03  2.79715664e+04 -1.31866319e+00 
 2.82955054e+04 -3.37130250e-03  2.82955054e+04 -1.33408852e+00 
 2.86231959e+04 -3.19847049e-03  2.86231959e+04 -1.34969676e+00 
 2.89546814e+04 -3.02170388e-03  2.89546814e+04 -1.36549019e+00 
 2.92900058e+04 -2.84091529e-03  2.92900058e+04 -1.38147113e+00 
 2.96292136e+04 -2.65601548e-03  2.96292136e+04 -1.39764191e+00 
 2.99723498e+04 -2.46691334e-03  2.99723498e+04 -1.41400490e+00 
 3.03194599e+04 -2.27351585e-03  3.03194599e+04 -1.43056252e+00 
 3.06705898e+04 -2.07572808e-03  3.06705898e+04 -1.44731721e+00 
 3.10257862e+04 -1.87345308e-03  3.10257862e+04 -1.46427143e+00 
 3.13850961e+04 -1.66659191e-03  3.13850961e+04 -1.48142771e+00 
 3.17485672e+04 -1.45504359e-03  3.17485672e+04 -1.49878860e+00 
 3.21162476e+04 -1.23870504e-03  3.21162476e+04 -1.51635666e+00 
 3.24881861e+04 -1.01747107e-03  3.24881861e+04 -1.53413453e+00 
 3.28644321e+04 -7.91234320e-04  3.28644321e+04 -1.55212486e+00 
 3.32450354e+04 -5.59885261e-04  3.32450354e+04 -1.57033035e+00 
 3.36300464e+04 -3.23312117e-04  3.36300464e+04 -1.58875373e+00 
 3.40195163e+04 -8.14008480e-05  3.40195163e+04 -1.60739778e+00 
 3.44134966e+04  1.65964892e-04  3.44134966e+04 -1.62626532e+00 
 3.48120396e+04  4.18903791e-04  3.48120396e+04 -1.64535919e+00 
 3.52151982e+04  6.77536919e-04  3.52151982e+04 -1.66468231e+00 
 3.56230257e+04  9.41987763e-04  3.56230257e+04 -1.68423760e+00 
 3.60355763e+04  1.21238227e-03  3.60355763e+04 -1.70402806e+00 
 3.64529046e+04  1.48884888e-03  3.64529046e+04 -1.72405672e+00 
 3.68750660e+04  1.77151858e-03  3.68750660e+04 -1.74432664e+00 
 3.73021165e+04  2.06052490e-03  3.73021165e+04 -1.76484095e+00 
 3.77341126e+04  2.35600402e-03  3.77341126e+04 -1.78560282e+00 
 3.81711117e+04  2.65809474e-03  3.81711117e+04 -1.80661546e+00 
 3.86131717e+04  2.96693855e-03  3.86131717e+04 -1.82788213e+00 
 3.90603512e+04  3.28267969e-03  3.90603512e+04 -1.84940616e+00 
 3.95127095e+04  3.60546514e-03  3.95127095e+04 -1.87119089e+00 
 3.99703065e+04  3.93544470e-03  3.99703065e+04 -1.89323975e+00 
 4.04332030e+04  4.27277099e-03  4.04332030e+04 -1.91555621e+00 
 4.09014603e+04  4.61759952e-03  4.09014603e+04 -1.93814378e+00 
 4.13751404e+04  4.97008871e-03  4.13751404e+04 -1.96100604e+00 
 4.18543063e+04  5.33039993e-03  4.18543063e+04 -1.98414662e+00 
 4.23390214e+04  5.69869755e-03  4.23390214e+04 -2.00756922e+00 
 4.28293500e+04  6.07514894e-03  4.28293500e+04 -2.03127757e+00 
 4.33253571e+04  6.45992453e-03  4.33253571e+04 -2.05527548e+00 
 4.38271084e+04  6.85319786e-03  4.38271084e+04 -2.07956682e+00 
 4.43346705e+04  7.25514557e-03  4.43346705e+04 -2.10415551e+00 
 4.48481108e+04  7.66594747e-03  4.48481108e+04 -2.12904554e+00 
 4.53674971e+04  8.08578655e-03  4.53674971e+04 -2.15424096e+00 
 4.58928985e+04  8.51484903e-03  4.58928985e+04 -2.17974589e+00 
 4.64243846e+04  8.95332435e-03  4.64243846e+04 -2.20556452e+00 
 4.69620258e+04  9.40140526e-03  4.69620258e+04 -2.23170108e+00 
 4.75058934e+04  9.85928779e-03  4.75058934e+04 -2.25815992e+00 
 4.80560596e+04  1.03271713e-02  4.80560596e+04 -2.28494541e+00 
 4.86125973e+04  1.08052585e-02  4.86125973e+04 -2.31206201e+00 
 4.91755802e+04  1.12937555e-02  4.91755802e+04 -2.33951427e+00 
 4.97450830e+04  1.17928718e-02  4.97450830e+04 -2.36730679e+00 
 5.03211813e+04  1.23028202e-02  5.03211813e+04 -2.39544426e+00 
 5.09039513e+04  1.28238170e-02  5.09039513e+04 -2.42393144e+00 
 5.14934704e+04  1.33560822e-02  5.14934704e+04 -2.45277318e+00 
 5.20898168e+04  1.38998387e-02  5.20898168e+04 -2.48197440e+00 
 5.26930694e+04  1.44553134e-02  5.26930694e+04 -2.51154011e+00 
 5.33033083e+04  1.50227363e-02  5.33033083e+04 -2.54147540e+00 
 5.39206144e+04  1.56023412e-02  5.39206144e+04 -2.57178545e+00 
 5.45450695e+04  1.61943650e-02  5.45450695e+04 -2.60247552e+00 
 5.51767564e+04  1.67990484e-02  5.51767564e+04 -2.63355097e+00 
 5.58157589e+04  1.74166354e-02  5.58157589e+04 -2.66501724e+00 
 5.64621617e+04  1.80473734e-02  5.64621617e+04 -2.69687987e+00 
 5.71160505e+04  1.86915135e-02  5.71160505e+04 -2.72914450e+00 
 5.77775120e+04  1.93493099e-02  5.77775120e+04 -2.76181687e+00 
 5.84466339e+04  2.00210204e-02  5.84466339e+04 -2.79490279e+00 
 5.91235049e+04  2.07069062e-02  5.91235049e+04 -2.82840821e+00 
 5.98082147e+04  2.14072318e-02  5.98082147e+04 -2.86233915e+00 
 6.05008542e+04  2.21222650e-02  6.05008542e+04 -2.89670177e+00 
 6.12015151e+04  2.28522768e-02  6.12015151e+04 -2.93150230e+00 
 6.19102904e+04  2.35975416e-02  6.19102904e+04 -2.96674711e+00 
 6.26272740e+04  2.43583369e-02  6.26272740e+04 -3.00244266e+00 
 6.33525610e+04  2.51349432e-02  6.33525610e+04 -3.03859554e+00 
 6.40862476e+04  2.59276443e-02  6.40862476e+04 -3.07521245e+00 
 6.48284310e+04  2.67367269e-02  6.48284310e+04 -3.11230021e+00 
 6.55792097e+04  2.75624804e-02  6.55792097e+04 -3.14986576e+00 
 6.63386831e+04  2.84051972e-02  6.63386831e+04 -3.18791617e+00 
 6.71069519e+04  2.92651726e-02  6.71069519e+04 -3.22645861e+00 
 6.78841182e+04  3.01427043e-02  6.78841182e+04 -3.26550042e+00 
 6.86702847e+04  3.10380926e-02  6.86702847e+04 -3.30504904e+00 
 6.94655559e+04  3.19516402e-02  6.94655559e+04 -3.34511206e+00 
 7.02700371e+04  3.28836521e-02  7.02700371e+04 -3.38569720e+00 
 7.10838351e+04  3.38344356e-02  7.10838351e+04 -3.42681232e+00 
 7.19070576e+04  3.48042997e-02  7.19070576e+04 -3.46846541e+00 
 7.27398139e+04  3.57935555e-02  7.27398139e+04 -3.51066463e+00 
 7.35822143e+04  3.68025159e-02  7.35822143e+04 -3.55341827e+00 
 7.44343706e+04  3.78314950e-02  7.44343706e+04 -3.59673477e+00 
 7.52963957e+04  3.88808086e-02  7.52963957e+04 -3.64062273e+00 
 7.61684039e+04  3.99507733e-02  7.61684039e+04 -3.68509090e+00 
 7.70505109e+04  4.10417069e-02  7.70505109e+04 -3.73014820e+00 
 7.79428335e+04  4.21539278e-02  7.79428335e+04 -3.77580371e+00 
 7.88454902e+04  4.32877550e-02  7.88454902e+04 -3.82206665e+00 
 7.97586005e+04  4.44435075e-02  7.97586005e+04 -3.86894644e+00 
 8.06822855e+04  4.56215046e-02  8.06822855e+04 -3.91645265e+00 
 8.16166678e+04  4.68220649e-02  8.16166678e+04 -3.96459505e+00 
 8.25618712e+04  4.80455069e-02  8.25618712e+04 -4.01338355e+00 
 8.35180209e+04  4.92921479e-02  8.35180209e+04 -4.06282828e+00 
 8.44852439e+04  5.05623040e-02  8.44852439e+04 -4.11293952e+00 
 8.54636682e+04  5.18562899e-02  8.54636682e+04 -4.16372776e+00 
 8.64534237e+04  5.31744182e-02  8.64534237e+04 -4.21520366e+00 
 8.74546416e+04  5.45169995e-02  8.74546416e+04 -4.26737811e+00 
 8.84674546e+04  5.58843415e-02  8.84674546e+04 -4.32026215e+00 
 8.94919970e+04  5.72767491e-02  8.94919970e+04 -4.37386705e+00 
 9.05284046e+04  5.86945234e-02  9.05284046e+04 -4.42820427e+00 
 9.15768148e+04  6.01379619e-02  9.15768148e+04 -4.48328549e+00 
 9.26373667e+04  6.16073577e-02  9.26373667e+04 -4.53912258e+00 
 9.37102009e+04  6.31029987e-02  9.37102009e+04 -4.59572764e+00 
 9.47954596e+04  6.46251679e-02  9.47954596e+04 -4.65311299e+00 
 9.58932866e+04  6.61741422e-02  9.58932866e+04 -4.71129114e+00 
 9.70038276e+04  6.77501920e-02  9.70038276e+04 -4.77027486e+00 
 9.81272298e+04  6.93535809e-02  9.81272298e+04 -4.83007711e+00 
 9.92636421e+04  7.09845649e-02  9.92636421e+04 -4.89071112e+00 
 1.00413215e+05  7.26433917e-02  1.00413215e+05 -4.95219031e+00 
 1.01576102e+05  7.43303004e-02  1.01576102e+05 -5.01452836e+00 
 1.02752455e+05  7.60455206e-02  1.02752455e+05 -5.07773918e+00 
 1.03942432e+05  7.77892715e-02  1.03942432e+05 -5.14183693e+00 
 1.05146191e+05  7.95617619e-02  1.05146191e+05 -5.20683601e+00 
 1.06363890e+05  8.13631889e-02  1.06363890e+05 -5.27275105e+00 
 1.07595691e+05  8.31937371e-02  1.07595691e+05 -5.33959696e+00 
 1.08841757e+05  8.50535783e-02  1.08841757e+05 -5.40738888e+00 
 1.10102255e+05  8.69428703e-02  1.10102255e+05 -5.47614222e+00 
 1.11377350e+05  8.88617564e-02  1.11377350e+05 -5.54587263e+00 
 1.12667212e+05  9.08103642e-02  1.12667212e+05 -5.61659604e+00 
 1.13972012e+05  9.27888049e-02  1.13972012e+05 -5.68832863e+00 
 1.15291923e+05  9.47971726e-02  1.15291923e+05 -5.76108684e+00 
 1.16627120e+05  9.68355431e-02  1.16627120e+05 -5.83488741e+00 
 1.17977779e+05  9.89039729e-02  1.17977779e+05 -5.90974730e+00 
 1.19344081e+05  1.01002499e-01  1.19344081e+05 -5.98568378e+00 
 1.20726206e+05  1.03131136e-01  1.20726206e+05 -6.06271438e+00 
 1.22124337e+05  1.05289878e-01  1.22124337e+05 -6.14085689e+00 
 1.23538660e+05  1.07478695e-01  1.23538660e+05 -6.22012940e+00 
 1.24969363e+05  1.09697532e-01  1.24969363e+05 -6.30055027e+00 
 1.26416634e+05  1.11946312e-01  1.26416634e+05 -6.38213812e+00 
 1.27880666e+05  1.14224927e-01  1.27880666e+05 -6.46491188e+00 
 1.29361653e+05  1.16533244e-01  1.29361653e+05 -6.54889073e+00 
 1.30859792e+05  1.18871103e-01  1.30859792e+05 -6.63409415e+00 
 1.32375280e+05  1.21238310e-01  1.32375280e+05 -6.72054188e+00 
 1.33908319e+05  1.23634643e-01  1.33908319e+05 -6.80825398e+00 
 1.35459113e+05  1.26059847e-01  1.35459113e+05 -6.89725074e+00 
 1.37027866e+05  1.28513634e-01  1.37027866e+05 -6.98755276e+00 
 1.38614787e+05  1.30995679e-01  1.38614787e+05 -7.07918092e+00 
 1.40220086e+05  1.33505624e-01  1.40220086e+05 -7.17215637e+00 
 1.41843976e+05  1.36043072e-01  1.41843976e+05 -7.26650053e+00 
 1.43486672e+05  1.38607589e-01  1.43486672e+05 -7.36223511e+00 
 1.45148393e+05  1.41198698e-01  1.45148393e+05 -7.45938209e+00 
 1.46829358e+05  1.43815885e-01  1.46829358e+05 -7.55796371e+00 
 1.48529790e+05  1.46458590e-01  1.48529790e+05 -7.65800250e+00 
 1.50249915e+05  1.49126212e-01  1.50249915e+05 -7.75952123e+00 
 1.51989960e+05  1.51818102e-01  1.51989960e+05 -7.86254296e+00 
 1.53750157e+05  1.54533568e-01  1.53750157e+05 -7.96709098e+00 
 1.55530739e+05  1.57271866e-01  1.55530739e+05 -8.07318888e+00 
 1.57331942e+05  1.60032207e-01  1.57331942e+05 -8.18086046e+00 
 1.59154005e+05  1.62813749e-01  1.59154005e+05 -8.29012978e+00 
 1.60997169e+05  1.65615599e-01  1.60997169e+05 -8.40102115e+00 
 1.62861678e+05  1.68436811e-01  1.62861678e+05 -8.51355913e+00 
 1.64747781e+05  1.71276385e-01  1.64747781e+05 -8.62776847e+00 
 1.66655726e+05  1.74133263e-01  1.66655726e+05 -8.74367420e+00 
 1.68585768e+05  1.77006333e-01  1.68585768e+05 -8.86130152e+00 
 1.70538161e+05  1.79894424e-01  1.70538161e+05 -8.98067589e+00 
 1.72513165e+05  1.82796304e-01  1.72513165e+05 -9.10182295e+00 
 1.74511042e+05  1.85710681e-01  1.74511042e+05 -9.22476854e+00 
 1.76532055e+05  1.88636202e-01  1.76532055e+05 -9.34953870e+00 
 1.78576475e+05  1.91571449e-01  1.78576475e+05 -9.47615965e+00 
 1.80644570e+05  1.94514942e-01  1.80644570e+05 -9.60465779e+00 
 1.82736617e+05  1.97465134e-01  1.82736617e+05 -9.73505968e+00 
 1.84852891e+05  2.00420412e-01  1.84852891e+05 -9.86739204e+00 
 1.86993674e+05  2.03379095e-01  1.86993674e+05 -1.00016817e+01 
 1.89159250e+05  2.06339435e-01  1.89159250e+05 -1.01379558e+01 
 1.91349905e+05  2.09299612e-01  1.91349905e+05 -1.02762413e+01 
 1.93565930e+05  2.12257737e-01  1.93565930e+05 -1.04165656e+01 
 1.95807618e+05  2.15211851e-01  1.95807618e+05 -1.05589560e+01 
 1.98075268e+05  2.18159922e-01  1.98075268e+05 -1.07034400e+01 
 2.00369179e+05  2.21099843e-01  2.00369179e+05 -1.08500450e+01 
 2.02689657e+05  2.24029436e-01  2.02689657e+05 -1.09987988e+01 
 2.05037007e+05  2.26946450e-01  2.05037007e+05 -1.11497290e+01 
 2.07411543e+05  2.29848555e-01  2.07411543e+05 -1.13028632e+01 
 2.09813578e+05  2.32733348e-01  2.09813578e+05 -1.14582294e+01 
 2.12243431e+05  2.35598353e-01  2.12243431e+05 -1.16158552e+01 
 2.14701424e+05  2.38441012e-01  2.14701424e+05 -1.17757685e+01 
 2.17187883e+05  2.41258697e-01  2.17187883e+05 -1.19379970e+01 
 2.19703138e+05  2.44048697e-01  2.19703138e+05 -1.21025685e+01 
 2.22247522e+05  2.46808229e-01  2.22247522e+05 -1.22695109e+01 
 2.24821372e+05  2.49534432e-01  2.24821372e+05 -1.24388516e+01 
 2.27425030e+05  2.52224365e-01  2.27425030e+05 -1.26106185e+01 
 2.30058842e+05  2.54875014e-01  2.30058842e+05 -1.27848391e+01 
 2.32723155e+05  2.57483286e-01  2.32723155e+05 -1.29615409e+01 
 2.35418324e+05  2.60046012e-01  2.35418324e+05 -1.31407513e+01 
 2.38144706e+05  2.62559946e-01  2.38144706e+05 -1.33224975e+01 
 2.40902662e+05  2.65021768e-01  2.40902662e+05 -1.35068067e+01 
 2.43692558e+05  2.67428081e-01  2.43692558e+05 -1.36937060e+01 
 2.46514763e+05  2.69775412e-01  2.46514763e+05 -1.38832222e+01 
 2.49369653e+05  2.72060216e-01  2.49369653e+05 -1.40753820e+01 
 2.52257605e+05  2.74278873e-01  2.52257605e+05 -1.42702119e+01 
 2.55179003e+05  2.76427690e-01  2.55179003e+05 -1.44677382e+01 
 2.58134233e+05  2.78502902e-01  2.58134233e+05 -1.46679871e+01 
 2.61123688e+05  2.80500674e-01  2.61123688e+05 -1.48709844e+01 
 2.64147764e+05  2.82417099e-01  2.64147764e+05 -1.50767557e+01 
 2.67206861e+05  2.84248202e-01  2.67206861e+05 -1.52853266e+01 
 2.70301386e+05  2.85989941e-01  2.70301386e+05 -1.54967221e+01 
 2.73431749e+05  2.87638205e-01  2.73431749e+05 -1.57109672e+01 
 2.76598365e+05  2.89188819e-01  2.76598365e+05 -1.59280863e+01 
 2.79801653e+05  2.90637544e-01  2.79801653e+05 -1.61481039e+01 
 2.83042038e+05  2.91980078e-01  2.83042038e+05 -1.63710438e+01 
 2.86319950e+05  2.93212057e-01  2.86319950e+05 -1.65969298e+01 
 2.89635824e+05  2.94329059e-01  2.89635824e+05 -1.68257852e+01 
 2.92990099e+05  2.95326603e-01  2.92990099e+05 -1.70576330e+01 
 2.96383220e+05  2.96200152e-01  2.96383220e+05 -1.72924959e+01 
 2.99815637e+05  2.96945112e-01  2.99815637e+05 -1.75303961e+01 
 3.03287805e+05  2.97556839e-01  3.03287805e+05 -1.77713555e+01 
 3.06800183e+05  2.98030637e-01  3.06800183e+05 -1.80153957e+01 
 3.10353239e+05  2.98361760e-01  3.10353239e+05 -1.82625378e+01 
 3.13947443e+05  2.98545414e-01  3.13947443e+05 -1.85128026e+01 
 3.17583271e+05  2.98576762e-01  3.17583271e+05 -1.87662105e+01 
 3.21261205e+05  2.98450919e-01  3.21261205e+05 -1.90227813e+01 
 3.24981734e+05  2.98162962e-01  3.24981734e+05 -1.92825346e+01 
 3.28745351e+05  2.97707927e-01  3.28745351e+05 -1.95454895e+01 
 3.32552554e+05  2.97080812e-01  3.32552554e+05 -1.98116646e+01 
 3.36403848e+05  2.96276580e-01  3.36403848e+05 -2.00810783e+01 
 3.40299744e+05  2.95290160e-01  3.40299744e+05 -2.03537482e+01 
 3.44240758e+05  2.94116449e-01  3.44240758e+05 -2.06296916e+01 
 3.48227413e+05  2.92750316e-01  3.48227413e+05 -2.09089256e+01 
 3.52260238e+05  2.91186600e-01  3.52260238e+05 -2.11914665e+01 
 3.56339767e+05  2.89420118e-01  3.56339767e+05 -2.14773303e+01 
 3.60466541e+05  2.87445661e-01  3.60466541e+05 -2.17665326e+01 
 3.64641107e+05  2.85258000e-01  3.64641107e+05 -2.20590882e+01 
 3.68864019e+05  2.82851887e-01  3.68864019e+05 -2.23550120e+01 
 3.73135837e+05  2.80222057e-01  3.73135837e+05 -2.26543178e+01 
 3.77457126e+05  2.77363231e-01  3.77457126e+05 -2.29570195e+01 
 3.81828460e+05  2.74270115e-01  3.81828460e+05 -2.32631301e+01 
 3.86250419e+05  2.70937406e-01  3.86250419e+05 -2.35726623e+01 
 3.90723589e+05  2.67359793e-01  3.90723589e+05 -2.38856284e+01 
 3.95248562e+05  2.63531956e-01  3.95248562e+05 -2.42020401e+01 
 3.99825939e+05  2.59448573e-01  3.99825939e+05 -2.45219086e+01 
 4.04456327e+05  2.55104319e-01  4.04456327e+05 -2.48452447e+01 
 4.09140339e+05  2.50493867e-01  4.09140339e+05 -2.51720587e+01 
 4.13878597e+05  2.45611892e-01  4.13878597e+05 -2.55023605e+01 
 4.18671729e+05  2.40453075e-01  4.18671729e+05 -2.58361594e+01 
 4.23520370e+05  2.35012099e-01  4.23520370e+05 -2.61734643e+01 
 4.28425163e+05  2.29283657e-01  4.28425163e+05 -2.65142835e+01 
 4.33386759e+05  2.23262452e-01  4.33386759e+05 -2.68586250e+01 
 4.38405814e+05  2.16943195e-01  4.38405814e+05 -2.72064962e+01 
 4.43482996e+05  2.10320615e-01  4.43482996e+05 -2.75579041e+01 
 4.48618977e+05  2.03389453e-01  4.48618977e+05 -2.79128552e+01 
 4.53814437e+05  1.96144469e-01  4.53814437e+05 -2.82713556e+01 
 4.59070066e+05  1.88580442e-01  4.59070066e+05 -2.86334107e+01 
 4.64386560e+05  1.80692174e-01  4.64386560e+05 -2.89990257e+01 
 4.69764625e+05  1.72474486e-01  4.69764625e+05 -2.93682053e+01 
 4.75204974e+05  1.63922230e-01  4.75204974e+05 -2.97409535e+01 
 4.80708327e+05  1.55030280e-01  4.80708327e+05 -3.01172741e+01 
 4.86275414e+05  1.45793543e-01  4.86275414e+05 -3.04971704e+01 
 4.91906974e+05  1.36206955e-01  4.91906974e+05 -3.08806451e+01 
 4.97603753e+05  1.26265487e-01  4.97603753e+05 -3.12677005e+01 
 5.03366507e+05  1.15964144e-01  5.03366507e+05 -3.16583385e+01 
 5.09195999e+05  1.05297968e-01  5.09195999e+05 -3.20525606e+01 
 5.15093002e+05  9.42620420e-02  5.15093002e+05 -3.24503678e+01 
 5.21058299e+05  8.28514894e-02  5.21058299e+05 -3.28517605e+01 
 5.27092679e+05  7.10614775e-02  5.27092679e+05 -3.32567388e+01 
 5.33196944e+05  5.88872193e-02  5.33196944e+05 -3.36653025e+01 
 5.39371903e+05  4.63239757e-02  5.39371903e+05 -3.40774506e+01 
 5.45618374e+05  3.33670578e-02  5.45618374e+05 -3.44931820e+01 
 5.51937185e+05  2.00118291e-02  5.51937185e+05 -3.49124950e+01 
 5.58329174e+05  6.25370770e-03  5.58329174e+05 -3.53353876e+01 
 5.64795189e+05 -7.91183129e-03  5.64795189e+05 -3.57618572e+01 
 5.71336088e+05 -2.24892535e-02  5.71336088e+05 -3.61919008e+01 
 5.77952736e+05 -3.74829628e-02  5.77952736e+05 -3.66255152e+01 
 5.84646012e+05 -5.28972990e-02  5.84646012e+05 -3.70626965e+01 
 5.91416802e+05 -6.87365353e-02  5.91416802e+05 -3.75034406e+01 
 5.98266006e+05 -8.50048758e-02  5.98266006e+05 -3.79477429e+01 
 6.05194529e+05 -1.01706453e-01  6.05194529e+05 -3.83955985e+01 
 6.12203293e+05 -1.18845325e-01  6.12203293e+05 -3.88470019e+01 
 6.19293224e+05 -1.36425473e-01  6.19293224e+05 -3.93019474e+01 
 6.26465265e+05 -1.54450798e-01  6.26465265e+05 -3.97604288e+01 
 6.33720365e+05 -1.72925121e-01  6.33720365e+05 -4.02224397e+01 
 6.41059486e+05 -1.91852175e-01  6.41059486e+05 -4.06879732e+01 
 6.48483601e+05 -2.11235607e-01  6.48483601e+05 -4.11570220e+01 
 6.55993696e+05 -2.31078973e-01  6.55993696e+05 -4.16295786e+01 
 6.63590765e+05 -2.51385736e-01  6.63590765e+05 -4.21056350e+01 
 6.71275815e+05 -2.72159260e-01  6.71275815e+05 -4.25851829e+01 
 6.79049866e+05 -2.93402812e-01  6.79049866e+05 -4.30682138e+01 
 6.86913949e+05 -3.15119557e-01  6.86913949e+05 -4.35547187e+01 
 6.94869105e+05 -3.37312554e-01  6.94869105e+05 -4.40446884e+01 
 7.02916391e+05 -3.59984751e-01  7.02916391e+05 -4.45381136e+01 
 7.11056872e+05 -3.83138989e-01  7.11056872e+05 -4.50349843e+01 
 7.19291628e+05 -4.06777992e-01  7.19291628e+05 -4.55352905e+01 
 7.27621750e+05 -4.30904368e-01  7.27621750e+05 -4.60390221e+01 
 7.36048344e+05 -4.55520601e-01  7.36048344e+05 -4.65461683e+01 
 7.44572527e+05 -4.80629057e-01  7.44572527e+05 -4.70567186e+01 
 7.53195428e+05 -5.06231970e-01  7.53195428e+05 -4.75706619e+01 
 7.61918191e+05 -5.32331447e-01  7.61918191e+05 -4.80879872e+01 
 7.70741972e+05 -5.58929462e-01  7.70741972e+05 -4.86086831e+01 
 7.79667942e+05 -5.86027853e-01  7.79667942e+05 -4.91327381e+01 
 7.88697283e+05 -6.13628320e-01  7.88697283e+05 -4.96601408e+01 
 7.97831193e+05 -6.41732419e-01  7.97831193e+05 -5.01908793e+01 
 8.07070883e+05 -6.70341564e-01  8.07070883e+05 -5.07249420e+01 
 8.16417578e+05 -6.99457020e-01  8.16417578e+05 -5.12623170e+01 
 8.25872518e+05 -7.29079901e-01  8.25872518e+05 -5.18029924e+01 
 8.35436955e+05 -7.59211171e-01  8.35436955e+05 -5.23469562e+01 
 8.45112157e+05 -7.89851634e-01  8.45112157e+05 -5.28941966e+01 
 8.54899409e+05 -8.21001938e-01  8.54899409e+05 -5.34447018e+01 
 8.64800006e+05 -8.52662569e-01  8.64800006e+05 -5.39984599e+01 
 8.74815263e+05 -8.84833850e-01  8.74815263e+05 -5.45554591e+01 
 8.84946506e+05 -9.17515938e-01  8.84946506e+05 -5.51156880e+01 
 8.95195080e+05 -9.50708822e-01  8.95195080e+05 -5.56791349e+01 
 9.05562342e+05 -9.84412319e-01  9.05562342e+05 -5.62457887e+01 
 9.16049667e+05 -1.01862607e+00  9.16049667e+05 -5.68156382e+01 
 9.26658447e+05 -1.05334956e+00  9.26658447e+05 -5.73886726e+01 
 9.37390086e+05 -1.08858207e+00  9.37390086e+05 -5.79648814e+01 
 9.48246009e+05 -1.12432272e+00  9.48246009e+05 -5.85442543e+01 
 9.59227655e+05 -1.16057044e+00  9.59227655e+05 -5.91267812e+01 
 9.70336479e+05 -1.19732400e+00  9.70336479e+05 -5.97124528e+01 
 9.81573954e+05 -1.23458196e+00  9.81573954e+05 -6.03012599e+01 
 9.92941571e+05 -1.27234272e+00  9.92941571e+05 -6.08931937e+01 
 1.00444084e+06 -1.31060447e+00  1.00444084e+06 -6.14882461e+01 
 1.01607327e+06 -1.34936524e+00  1.01607327e+06 -6.20864093e+01 
 1.02784043e+06 -1.38862286e+00  1.02784043e+06 -6.26876764e+01 
 1.03974386e+06 -1.42837498e+00  1.03974386e+06 -6.32920407e+01 
 1.05178514e+06 -1.46861905e+00  1.05178514e+06 -6.38994964e+01 
 1.06396587e+06 -1.50935235e+00  1.06396587e+06 -6.45100383e+01 
 1.07628767e+06 -1.55057197e+00  1.07628767e+06 -6.51236620e+01 
 1.08875217e+06 -1.59227479e+00  1.08875217e+06 -6.57403638e+01 
 1.10136102e+06 -1.63445755e+00  1.10136102e+06 -6.63601408e+01 
 1.11411589e+06 -1.67711675e+00  1.11411589e+06 -6.69829911e+01 
 1.12701847e+06 -1.72024876e+00  1.12701847e+06 -6.76089134e+01 
 1.14007049e+06 -1.76384972e+00  1.14007049e+06 -6.82379076e+01 
 1.15327365e+06 -1.80791562e+00  1.15327365e+06 -6.88699746e+01 
 1.16662972e+06 -1.85244226e+00  1.16662972e+06 -6.95051162e+01 
 1.18014047e+06 -1.89742525e+00  1.18014047e+06 -7.01433354e+01 
 1.19380769e+06 -1.94286004e+00  1.19380769e+06 -7.07846362e+01 
 1.20763319e+06 -1.98874190e+00  1.20763319e+06 -7.14290238e+01 
 1.22161880e+06 -2.03506594e+00  1.22161880e+06 -7.20765047e+01 
 1.23576638e+06 -2.08182707e+00  1.23576638e+06 -7.27270867e+01 
 1.25007780e+06 -2.12902008e+00  1.25007780e+06 -7.33807787e+01 
 1.26455496e+06 -2.17663957e+00  1.26455496e+06 -7.40375913e+01 
 1.27919978e+06 -2.22467999e+00  1.27919978e+06 -7.46975362e+01 
 1.29401421e+06 -2.27313563e+00  1.29401421e+06 -7.53606266e+01 
 1.30900020e+06 -2.32200064e+00  1.30900020e+06 -7.60268775e+01 
 1.32415974e+06 -2.37126902e+00  1.32415974e+06 -7.66963052e+01 
 1.33949485e+06 -2.42093464e+00  1.33949485e+06 -7.73689275e+01 
 1.35500755e+06 -2.47099123e+00  1.35500755e+06 -7.80447642e+01 
 1.37069990e+06 -2.52143240e+00  1.37069990e+06 -7.87238366e+01 
 1.38657399e+06 -2.57225161e+00  1.38657399e+06 -7.94061678e+01 
 1.40263192e+06 -2.62344225e+00  1.40263192e+06 -8.00917826e+01 
 1.41887581e+06 -2.67499758e+00  1.41887581e+06 -8.07807079e+01 
 1.43530782e+06 -2.72691074e+00  1.43530782e+06 -8.14729724e+01 
 1.45193013e+06 -2.77917481e+00  1.45193013e+06 -8.21686066e+01 
 1.46874495e+06 -2.83178278e+00  1.46874495e+06 -8.28676433e+01 
 1.48575450e+06 -2.88472755e+00  1.48575450e+06 -8.35701171e+01 
 1.50296103e+06 -2.93800196e+00  1.50296103e+06 -8.42760650e+01 
 1.52036684e+06 -2.99159880e+00  1.52036684e+06 -8.49855260e+01 
 1.53797422e+06 -3.04551082e+00  1.53797422e+06 -8.56985413e+01 
 1.55578551e+06 -3.09973072e+00  1.55578551e+06 -8.64151544e+01 
 1.57380308e+06 -3.15425120e+00  1.57380308e+06 -8.71354113e+01 
 1.59202931e+06 -3.20906492e+00  1.59202931e+06 -8.78593600e+01 
 1.61046661e+06 -3.26416457e+00  1.61046661e+06 -8.85870514e+01 
 1.62911744e+06 -3.31954284e+00  1.62911744e+06 -8.93185385e+01 
 1.64798426e+06 -3.37519248e+00  1.64798426e+06 -9.00538770e+01 
 1.66706959e+06 -3.43110625e+00  1.66706959e+06 -9.07931252e+01 
 1.68637593e+06 -3.48727701e+00  1.68637593e+06 -9.15363441e+01 
 1.70590587e+06 -3.54369767e+00  1.70590587e+06 -9.22835971e+01 
 1.72566198e+06 -3.60036127e+00  1.72566198e+06 -9.30349506e+01 
 1.74564689e+06 -3.65726095e+00  1.74564689e+06 -9.37904737e+01 
 1.76586324e+06 -3.71439001e+00  1.76586324e+06 -9.45502382e+01 
 1.78631372e+06 -3.77174189e+00  1.78631372e+06 -9.53143190e+01 
 1.80700103e+06 -3.82931023e+00  1.80700103e+06 -9.60827937e+01 
 1.82792793e+06 -3.88708889e+00  1.82792793e+06 -9.68557429e+01 
 1.84909717e+06 -3.94507195e+00  1.84909717e+06 -9.76332502e+01 
 1.87051159e+06 -4.00325376e+00  1.87051159e+06 -9.84154021e+01 
 1.89217400e+06 -4.06162896e+00  1.89217400e+06 -9.92022882e+01 
 1.91408728e+06 -4.12019253e+00  1.91408728e+06 -9.99940011e+01 
 1.93625434e+06 -4.17893978e+00  1.93625434e+06 -1.00790636e+02 
 1.95867812e+06 -4.23786644e+00  1.95867812e+06 -1.01592293e+02 
 1.98136159e+06 -4.29696864e+00  1.98136159e+06 -1.02399073e+02 
 2.00430776e+06 -4.35624298e+00  2.00430776e+06 -1.03211080e+02 
 2.02751966e+06 -4.41568658e+00  2.02751966e+06 -1.04028423e+02 
 2.05100039e+06 -4.47529709e+00  2.05100039e+06 -1.04851212e+02 
 2.07475304e+06 -4.53507274e+00  2.07475304e+06 -1.05679562e+02 
 2.09878077e+06 -4.59501242e+00  2.09878077e+06 -1.06513588e+02 
 2.12308677e+06 -4.65511568e+00  2.12308677e+06 -1.07353411e+02 
 2.14767426e+06 -4.71538280e+00  2.14767426e+06 -1.08199151e+02 
 2.17254649e+06 -4.77581488e+00  2.17254649e+06 -1.09050935e+02 
 2.19770677e+06 -4.83641380e+00  2.19770677e+06 -1.09908889e+02 
 2.22315843e+06 -4.89718239e+00  2.22315843e+06 -1.10773141e+02 
 2.24890485e+06 -4.95812438e+00  2.24890485e+06 -1.11643825e+02 
 2.27494944e+06 -5.01924455e+00  2.27494944e+06 -1.12521072e+02 
 2.30129565e+06 -5.08054873e+00  2.30129565e+06 -1.13405019e+02 
 2.32794697e+06 -5.14204389e+00  2.32794697e+06 -1.14295800e+02 
 2.35490695e+06 -5.20373818e+00  2.35490695e+06 -1.15193553e+02 
 2.38217915e+06 -5.26564102e+00  2.38217915e+06 -1.16098417e+02 
 2.40976718e+06 -5.32776315e+00  2.40976718e+06 -1.17010528e+02 
 2.43767472e+06 -5.39011669e+00  2.43767472e+06 -1.17930024e+02 
 2.46590545e+06 -5.45271520e+00  2.46590545e+06 -1.18857042e+02 
 2.49446313e+06 -5.51557376e+00  2.49446313e+06 -1.19791718e+02 
 2.52335153e+06 -5.57870900e+00  2.52335153e+06 -1.20734184e+02 
 2.55257448e+06 -5.64213917e+00  2.55257448e+06 -1.21684573e+02 
 2.58213587e+06 -5.70588418e+00  2.58213587e+06 -1.22643011e+02 
 2.61203961e+06 -5.76996567e+00  2.61203961e+06 -1.23609621e+02 
 2.64228966e+06 -5.83440701e+00  2.64228966e+06 -1.24584521e+02 
 2.67289004e+06 -5.89923337e+00  2.67289004e+06 -1.25567824e+02 
 2.70384481e+06 -5.96447172e+00  2.70384481e+06 -1.26559635e+02 
 2.73515806e+06 -6.03015083e+00  2.73515806e+06 -1.27560051e+02 
 2.76683395e+06 -6.09630130e+00  2.76683395e+06 -1.28569159e+02 
 2.79887667e+06 -6.16295552e+00  2.79887667e+06 -1.29587038e+02 
 2.83129049e+06 -6.23014767e+00  2.83129049e+06 -1.30613754e+02 
 2.86407969e+06 -6.29791364e+00  2.86407969e+06 -1.31649360e+02 
 2.89724862e+06 -6.36629098e+00  2.89724862e+06 -1.32693896e+02 
 2.93080168e+06 -6.43531882e+00  2.93080168e+06 -1.33747386e+02 
 2.96474332e+06 -6.50503776e+00  2.96474332e+06 -1.34809838e+02 
 2.99907804e+06 -6.57548977e+00  2.99907804e+06 -1.35881240e+02 
 3.03381039e+06 -6.64671798e+00  3.03381039e+06 -1.36961565e+02 
 3.06894498e+06 -6.71876654e+00  3.06894498e+06 -1.38050761e+02 
 3.10448646e+06 -6.79168043e+00  3.10448646e+06 -1.39148757e+02 
 3.14043954e+06 -6.86550521e+00  3.14043954e+06 -1.40255460e+02 
 3.17680900e+06 -6.94028678e+00  3.17680900e+06 -1.41370752e+02 
 3.21359965e+06 -7.01607111e+00  3.21359965e+06 -1.42494489e+02 
 3.25081638e+06 -7.09290389e+00  3.25081638e+06 -1.43626506e+02 
 3.28846411e+06 -7.17083031e+00  3.28846411e+06 -1.44766608e+02 
 3.32654785e+06 -7.24989463e+00  3.32654785e+06 -1.45914578e+02 
 3.36507263e+06 -7.33013986e+00  3.36507263e+06 -1.47070169e+02 
 3.40404356e+06 -7.41160739e+00  3.40404356e+06 -1.48233112e+02 
 3.44346582e+06 -7.49433665e+00  3.44346582e+06 -1.49403109e+02 
 3.48334463e+06 -7.57836467e+00  3.48334463e+06 -1.50579841e+02 
 3.52368527e+06 -7.66372577e+00  3.52368527e+06 -1.51762962e+02 
 3.56449310e+06 -7.75045116e+00  3.56449310e+06 -1.52952106e+02 
 3.60577353e+06 -7.83856860e+00  3.60577353e+06 -1.54146885e+02 
 3.64753203e+06 -7.92810210e+00  3.64753203e+06 -1.55346894e+02 
 3.68977413e+06 -8.01907159e+00  3.68977413e+06 -1.56551709e+02 
 3.73250543e+06 -8.11149266e+00  3.73250543e+06 -1.57760895e+02 
 3.77573161e+06 -8.20537637e+00  3.77573161e+06 -1.58974002e+02 
 3.81945839e+06 -8.30072903e+00  3.81945839e+06 -1.60190576e+02 
 3.86369158e+06 -8.39755209e+00  3.86369158e+06 -1.61410153e+02 
 3.90843702e+06 -8.49584210e+00  3.90843702e+06 -1.62632270e+02 
 3.95370067e+06 -8.59559062e+00  3.95370067e+06 -1.63856464e+02 
 3.99948851e+06 -8.69678432e+00  3.99948851e+06 -1.65082276e+02 
 4.04580662e+06 -8.79940506e+00  4.04580662e+06 -1.66309255e+02 
 4.09266114e+06 -8.90343005e+00  4.09266114e+06 -1.67536961e+02 
 4.14005829e+06 -9.00883205e+00  4.14005829e+06 -1.68764967e+02 
 4.18800434e+06 -9.11557963e+00  4.18800434e+06 -1.69992863e+02 
 4.23650566e+06 -9.22363751e+00  4.23650566e+06 -1.71220257e+02 
 4.28556866e+06 -9.33296690e+00  4.28556866e+06 -1.72446780e+02 
 4.33519987e+06 -9.44352584e+00  4.33519987e+06 -1.73672086e+02 
 4.38540586e+06 -9.55526971e+00  4.38540586e+06 -1.74895855e+02 
 4.43619329e+06 -9.66815158e+00  4.43619329e+06 -1.76117790e+02 
 4.48756888e+06 -9.78212273e+00  4.48756888e+06 -1.77337626e+02 
 4.53953946e+06 -9.89713305e+00  4.53953946e+06 -1.78555123e+02 
 4.59211190e+06 -1.00131316e+01  4.59211190e+06 -1.79770071e+02 
 4.64529319e+06 -1.01300668e+01  4.64529319e+06  1.79017713e+02 
 4.69909037e+06 -1.02478873e+01  4.69909037e+06  1.77808383e+02 
 4.75351058e+06 -1.03665420e+01  4.75351058e+06  1.76602067e+02 
 4.80856103e+06 -1.04859806e+01  4.80856103e+06  1.75398865e+02 
 4.86424902e+06 -1.06061540e+01  4.86424902e+06  1.74198855e+02 
 4.92058193e+06 -1.07270144e+01  4.92058193e+06  1.73002090e+02 
 4.97756723e+06 -1.08485161e+01  4.97756723e+06  1.71808601e+02 
 5.03521248e+06 -1.09706149e+01  5.03521248e+06  1.70618400e+02 
 5.09352532e+06 -1.10932693e+01  5.09352532e+06  1.69431480e+02 
 5.15251348e+06 -1.12164399e+01  5.15251348e+06  1.68247817e+02 
 5.21218479e+06 -1.13400900e+01  5.21218479e+06  1.67067376e+02 
 5.27254715e+06 -1.14641853e+01  5.27254715e+06  1.65890108e+02 
 5.33360856e+06 -1.15886943e+01  5.33360856e+06  1.64715952e+02 
 5.39537713e+06 -1.17135882e+01  5.39537713e+06  1.63544842e+02 
 5.45786104e+06 -1.18388410e+01  5.45786104e+06  1.62376703e+02 
 5.52106858e+06 -1.19644291e+01  5.52106858e+06  1.61211457e+02 
 5.58500812e+06 -1.20903318e+01  5.58500812e+06  1.60049023e+02 
 5.64968815e+06 -1.22165307e+01  5.64968815e+06  1.58889316e+02 
 5.71511724e+06 -1.23430100e+01  5.71511724e+06  1.57732254e+02 
 5.78130406e+06 -1.24697562e+01  5.78130406e+06  1.56577754e+02 
 5.84825740e+06 -1.25967580e+01  5.84825740e+06  1.55425738e+02 
 5.91598612e+06 -1.27240059e+01  5.91598612e+06  1.54276127e+02 
 5.98449920e+06 -1.28514928e+01  5.98449920e+06  1.53128851e+02 
 6.05380574e+06 -1.29792129e+01  6.05380574e+06  1.51983842e+02 
 6.12391492e+06 -1.31071623e+01  6.12391492e+06  1.50841038e+02 
 6.19483603e+06 -1.32353384e+01  6.19483603e+06  1.49700384e+02 
 6.26657849e+06 -1.33637399e+01  6.26657849e+06  1.48561830e+02 
 6.33915179e+06 -1.34923669e+01  6.33915179e+06  1.47425334e+02 
 6.41256556e+06 -1.36212201e+01  6.41256556e+06  1.46290861e+02 
 6.48682954e+06 -1.37503014e+01  6.48682954e+06  1.45158381e+02 
 6.56195357e+06 -1.38796133e+01  6.56195357e+06  1.44027874e+02 
 6.63794761e+06 -1.40091588e+01  6.63794761e+06  1.42899324e+02 
 6.71482174e+06 -1.41389414e+01  6.71482174e+06  1.41772724e+02 
 6.79258615e+06 -1.42689650e+01  6.79258615e+06  1.40648073e+02 
 6.87125115e+06 -1.43992339e+01  6.87125115e+06  1.39525374e+02 
 6.95082717e+06 -1.45297521e+01  6.95082717e+06  1.38404640e+02 
 7.03132476e+06 -1.46605240e+01  7.03132476e+06  1.37285886e+02 
 7.11275460e+06 -1.47915539e+01  7.11275460e+06  1.36169134e+02 
 7.19512747e+06 -1.49228458e+01  7.19512747e+06  1.35054412e+02 
 7.27845431e+06 -1.50544038e+01  7.27845431e+06  1.33941749e+02 
 7.36274615e+06 -1.51862315e+01  7.36274615e+06  1.32831182e+02 
 7.44801418e+06 -1.53183324e+01  7.44801418e+06  1.31722748e+02 
 7.53426970e+06 -1.54507093e+01  7.53426970e+06  1.30616489e+02 
 7.62152414e+06 -1.55833651e+01  7.62152414e+06  1.29512450e+02 
 7.70978908e+06 -1.57163019e+01  7.70978908e+06  1.28410678e+02 
 7.79907622e+06 -1.58495215e+01  7.79907622e+06  1.27311220e+02 
 7.88939739e+06 -1.59830252e+01  7.88939739e+06  1.26214127e+02 
 7.98076457e+06 -1.61168139e+01  7.98076457e+06  1.25119449e+02 
 8.07318988e+06 -1.62508878e+01  8.07318988e+06  1.24027237e+02 
 8.16668556e+06 -1.63852467e+01  8.16668556e+06  1.22937541e+02 
 8.26126402e+06 -1.65198901e+01  8.26126402e+06  1.21850414e+02 
 8.35693779e+06 -1.66548167e+01  8.35693779e+06  1.20765904e+02 
 8.45371956e+06 -1.67900249e+01  8.45371956e+06  1.19684062e+02 
 8.55162216e+06 -1.69255125e+01  8.55162216e+06  1.18604934e+02 
 8.65065857e+06 -1.70612769e+01  8.65065857e+06  1.17528567e+02 
 8.75084193e+06 -1.71973152e+01  8.75084193e+06  1.16455004e+02 
 8.85218551e+06 -1.73336237e+01  8.85218551e+06  1.15384288e+02 
 8.95470275e+06 -1.74701986e+01  8.95470275e+06  1.14316458e+02 
 9.05840724e+06 -1.76070356e+01  9.05840724e+06  1.13251550e+02 
 9.16331273e+06 -1.77441302e+01  9.16331273e+06  1.12189598e+02 
 9.26943314e+06 -1.78814772e+01  9.26943314e+06  1.11130633e+02 
 9.37678253e+06 -1.80190715e+01  9.37678253e+06  1.10074682e+02 
 9.48537513e+06 -1.81569075e+01  9.48537513e+06  1.09021768e+02 
 9.59522534e+06 -1.82949793e+01  9.59522534e+06  1.07971912e+02 
 9.70634773e+06 -1.84332810e+01  9.70634773e+06  1.06925131e+02 
 9.81875703e+06 -1.85718062e+01  9.81875703e+06  1.05881438e+02 
 9.93246814e+06 -1.87105487e+01  9.93246814e+06  1.04840841e+02 
 1.00474961e+07 -1.88495018e+01  1.00474961e+07  1.03803346e+02 
 1.01638563e+07 -1.89886590e+01  1.01638563e+07  1.02768954e+02 
 1.02815640e+07 -1.91280135e+01  1.02815640e+07  1.01737662e+02 
 1.04006349e+07 -1.92675586e+01  1.04006349e+07  1.00709464e+02 
 1.05210847e+07 -1.94072874e+01  1.05210847e+07  9.96843488e+01 
 1.06429295e+07 -1.95471932e+01  1.06429295e+07  9.86623025e+01 
 1.07661854e+07 -1.96872693e+01  1.07661854e+07  9.76433065e+01 
 1.08908687e+07 -1.98275088e+01  1.08908687e+07  9.66273385e+01 
 1.10169959e+07 -1.99679052e+01  1.10169959e+07  9.56143727e+01 
 1.11445838e+07 -2.01084520e+01  1.11445838e+07  9.46043793e+01 
 1.12736493e+07 -2.02491428e+01  1.12736493e+07  9.35973249e+01 
 1.14042096e+07 -2.03899713e+01  1.14042096e+07  9.25931726e+01 
 1.15362818e+07 -2.05309315e+01  1.15362818e+07  9.15918821e+01 
 1.16698836e+07 -2.06720173e+01  1.16698836e+07  9.05934096e+01 
 1.18050326e+07 -2.08132232e+01  1.18050326e+07  8.95977080e+01 
 1.19417468e+07 -2.09545436e+01  1.19417468e+07  8.86047273e+01 
 1.20800443e+07 -2.10959734e+01  1.20800443e+07  8.76144143e+01 
 1.22199434e+07 -2.12375074e+01  1.22199434e+07  8.66267128e+01 
 1.23614627e+07 -2.13791410e+01  1.23614627e+07  8.56415641e+01 
 1.25046209e+07 -2.15208698e+01  1.25046209e+07  8.46589065e+01 
 1.26494370e+07 -2.16626894e+01  1.26494370e+07  8.36786761e+01 
 1.27959303e+07 -2.18045961e+01  1.27959303e+07  8.27008065e+01 
 1.29441200e+07 -2.19465863e+01  1.29441200e+07  8.17252290e+01 
 1.30940260e+07 -2.20886568e+01  1.30940260e+07  8.07518730e+01 
 1.32456680e+07 -2.22308045e+01  1.32456680e+07  7.97806656e+01 
 1.33990662e+07 -2.23730269e+01  1.33990662e+07  7.88115325e+01 
 1.35542409e+07 -2.25153216e+01  1.35542409e+07  7.78443974e+01 
 1.37112127e+07 -2.26576868e+01  1.37112127e+07  7.68791826e+01 
 1.38700024e+07 -2.28001208e+01  1.38700024e+07  7.59158091e+01 
 1.40306310e+07 -2.29426224e+01  1.40306310e+07  7.49541966e+01 
 1.41931199e+07 -2.30851906e+01  1.41931199e+07  7.39942636e+01 
 1.43574905e+07 -2.32278248e+01  1.43574905e+07  7.30359277e+01 
 1.45237648e+07 -2.33705248e+01  1.45237648e+07  7.20791058e+01 
 1.46919646e+07 -2.35132907e+01  1.46919646e+07  7.11237140e+01 
 1.48621124e+07 -2.36561229e+01  1.48621124e+07  7.01696679e+01 
 1.50342306e+07 -2.37990222e+01  1.50342306e+07  6.92168826e+01 
 1.52083422e+07 -2.39419896e+01  1.52083422e+07  6.82652731e+01 
 1.53844701e+07 -2.40850267e+01  1.53844701e+07  6.73147541e+01 
 1.55626378e+07 -2.42281351e+01  1.55626378e+07  6.63652404e+01 
 1.57428689e+07 -2.43713170e+01  1.57428689e+07  6.54166468e+01 
 1.59251872e+07 -2.45145747e+01  1.59251872e+07  6.44688884e+01 
 1.61096169e+07 -2.46579109e+01  1.61096169e+07  6.35218807e+01 
 1.62961825e+07 -2.48013288e+01  1.62961825e+07  6.25755395e+01 
 1.64849088e+07 -2.49448314e+01  1.64849088e+07  6.16297815e+01 
 1.66758206e+07 -2.50884226e+01  1.66758206e+07  6.06845238e+01 
 1.68689435e+07 -2.52321061e+01  1.68689435e+07  5.97396844e+01 
 1.70643029e+07 -2.53758860e+01  1.70643029e+07  5.87951824e+01 
 1.72619247e+07 -2.55197669e+01  1.72619247e+07  5.78509376e+01 
 1.74618352e+07 -2.56637534e+01  1.74618352e+07  5.69068712e+01 
 1.76640609e+07 -2.58078504e+01  1.76640609e+07  5.59629056e+01 
 1.78686285e+07 -2.59520631e+01  1.78686285e+07  5.50189645e+01 
 1.80755653e+07 -2.60963969e+01  1.80755653e+07  5.40749728e+01 
 1.82848985e+07 -2.62408574e+01  1.82848985e+07  5.31308573e+01 
 1.84966561e+07 -2.63854504e+01  1.84966561e+07  5.21865462e+01 
 1.87108661e+07 -2.65301821e+01  1.87108661e+07  5.12419693e+01 
 1.89275568e+07 -2.66750586e+01  1.89275568e+07  5.02970584e+01 
 1.91467570e+07 -2.68200864e+01  1.91467570e+07  4.93517469e+01 
 1.93684957e+07 -2.69652720e+01  1.93684957e+07  4.84059704e+01 
 1.95928024e+07 -2.71106223e+01  1.95928024e+07  4.74596663e+01 
 1.98197069e+07 -2.72561440e+01  1.98197069e+07  4.65127741e+01 
 2.00492391e+07 -2.74018444e+01  2.00492391e+07  4.55652356e+01 
 2.02814295e+07 -2.75477304e+01  2.02814295e+07  4.46169947e+01 
 2.05163089e+07 -2.76938095e+01  2.05163089e+07  4.36679975e+01 
 2.07539085e+07 -2.78400891e+01  2.07539085e+07  4.27181927e+01 
 2.09942597e+07 -2.79865766e+01  2.09942597e+07  4.17675312e+01 
 2.12373944e+07 -2.81332798e+01  2.12373944e+07  4.08159664e+01 
 2.14833448e+07 -2.82802061e+01  2.14833448e+07  3.98634543e+01 
 2.17321436e+07 -2.84273635e+01  2.17321436e+07  3.89099534e+01 
 2.19838238e+07 -2.85747596e+01  2.19838238e+07  3.79554249e+01 
 2.22384186e+07 -2.87224024e+01  2.22384186e+07  3.69998326e+01 
 2.24959620e+07 -2.88702997e+01  2.24959620e+07  3.60431431e+01 
 2.27564879e+07 -2.90184594e+01  2.27564879e+07  3.50853256e+01 
 2.30200310e+07 -2.91668895e+01  2.30200310e+07  3.41263524e+01 
 2.32866262e+07 -2.93155978e+01  2.32866262e+07  3.31661985e+01 
 2.35563088e+07 -2.94645922e+01  2.35563088e+07  3.22048416e+01 
 2.38291146e+07 -2.96138807e+01  2.38291146e+07  3.12422627e+01 
 2.41050798e+07 -2.97634711e+01  2.41050798e+07  3.02784455e+01 
 2.43842409e+07 -2.99133711e+01  2.43842409e+07  2.93133768e+01 
 2.46666350e+07 -3.00635886e+01  2.46666350e+07  2.83470463e+01 
 2.49522996e+07 -3.02141312e+01  2.49522996e+07  2.73794470e+01 
 2.52412724e+07 -3.03650066e+01  2.52412724e+07  2.64105746e+01 
 2.55335918e+07 -3.05162223e+01  2.55335918e+07  2.54404282e+01 
 2.58292965e+07 -3.06677856e+01  2.58292965e+07  2.44690100e+01 
 2.61284258e+07 -3.08197040e+01  2.61284258e+07  2.34963251e+01 
 2.64310194e+07 -3.09719846e+01  2.64310194e+07  2.25223820e+01 
 2.67371172e+07 -3.11246346e+01  2.67371172e+07  2.15471923e+01 
 2.70467600e+07 -3.12776607e+01  2.70467600e+07  2.05707706e+01 
 2.73599888e+07 -3.14310700e+01  2.73599888e+07  1.95931350e+01 
 2.76768451e+07 -3.15848688e+01  2.76768451e+07  1.86143066e+01 
 2.79973709e+07 -3.17390638e+01  2.79973709e+07  1.76343097e+01 
 2.83216087e+07 -3.18936611e+01  2.83216087e+07  1.66531717e+01 
 2.86496015e+07 -3.20486669e+01  2.86496015e+07  1.56709235e+01 
 2.89813928e+07 -3.22040869e+01  2.89813928e+07  1.46875989e+01 
 2.93170265e+07 -3.23599270e+01  2.93170265e+07  1.37032350e+01 
 2.96565473e+07 -3.25161925e+01  2.96565473e+07  1.27178721e+01 
 3.00000000e+07 -3.26728885e+01  3.00000000e+07  1.17315537e+01 
