cella,variante,f_hz,amp,gm,rl,grandezza,uscita,picco_V,t_picco_s,finestra_s,esito,nota
gm0x3_1k_i,ldr_v4_td6_BB,1000,3.818,0a3,100k,A_ins,MAINJACK,4.035,1.000021,2.000,SOPRA,riferimento g0sempre_1k
gm0x3_1k_i,ldr_v4_td6_BB,1000,3.818,0a3,100k,A_rel,MAINJACK,4.035,8.000021,2.000,SOPRA,riferimento g0mai_1k
gm0x3_1k_i,ldr_v4_td6_BB,1000,3.818,0a3,100k,B2,MAINJACK,1.032e-07,7.526365,,sotto,mute da t_ins+t_grad+20 ms a t_rel
gm0x3_1k_i,ldr_v4_td6_BB,1000,3.818,0a3,100k,C1_ins,MAINJACK,0.0006549,2.353927,,sotto,"diagnostica, cond 1"
gm0x3_1k_i,ldr_v4_td6_BB,1000,3.818,0a3,100k,C1_rel,MAINJACK,0.0005264,14.171354,,sotto,"diagnostica, cond 1"
gm0x3_1k_i,ldr_v4_td6_BB,1000,3.818,0a3,100k,C2_ins,MAINJACK,0.0006549,2.353927,,sotto,"riferimento g0sempre_1k, cond 1"
gm0x3_1k_i,ldr_v4_td6_BB,1000,3.818,0a3,100k,C2_rel,MAINJACK,0.0004971,14.167344,,sotto,"riferimento g0mai_1k, cond 1"
gm0x3_1k_i,ldr_v4_td6_BB,1000,3.818,0a3,100k,S_ins,MAINJACK,7.163,6.040000,,sotto,dB in 100 ms sopra -70 dB; pieno 3.814 V da g0mai_1k
gm0x3_1k_i,ldr_v4_td6_BB,1000,3.818,0a3,100k,S_rel,MAINJACK,5.729,10.908000,,sotto,dB in 100 ms sopra -70 dB; pieno 3.814 V da g0mai_1k
gm0x3_1k_i,ldr_v4_td6_BB,1000,3.818,0a3,100k,A_ins,FIXJACK1,4.035,1.000021,2.000,SOPRA,riferimento g0sempre_1k
gm0x3_1k_i,ldr_v4_td6_BB,1000,3.818,0a3,100k,A_rel,FIXJACK1,4.035,8.000021,2.000,SOPRA,riferimento g0mai_1k
gm0x3_1k_i,ldr_v4_td6_BB,1000,3.818,0a3,100k,B2,FIXJACK1,1.059e-07,7.526365,,sotto,mute da t_ins+t_grad+20 ms a t_rel
gm0x3_1k_i,ldr_v4_td6_BB,1000,3.818,0a3,100k,C1_ins,FIXJACK1,0.000655,2.353927,,sotto,"diagnostica, cond 1"
gm0x3_1k_i,ldr_v4_td6_BB,1000,3.818,0a3,100k,C1_rel,FIXJACK1,0.0003678,14.169354,,sotto,"diagnostica, cond 1"
gm0x3_1k_i,ldr_v4_td6_BB,1000,3.818,0a3,100k,C2_ins,FIXJACK1,0.000655,2.353927,,sotto,"riferimento g0sempre_1k, cond 1"
gm0x3_1k_i,ldr_v4_td6_BB,1000,3.818,0a3,100k,C2_rel,FIXJACK1,0.0003393,14.167344,,sotto,"riferimento g0mai_1k, cond 1"
gm0x3_1k_i,ldr_v4_td6_BB,1000,3.818,0a3,100k,S_ins,FIXJACK1,7.163,6.040000,,sotto,dB in 100 ms sopra -70 dB; pieno 3.815 V da g0mai_1k
gm0x3_1k_i,ldr_v4_td6_BB,1000,3.818,0a3,100k,S_rel,FIXJACK1,5.36,10.959000,,sotto,dB in 100 ms sopra -70 dB; pieno 3.815 V da g0mai_1k
gm0x3_1k_i,ldr_v4_td6_BB,1000,3.818,0a3,100k,A_ins,FIXJACK2,4.035,1.000021,2.000,SOPRA,riferimento g0sempre_1k
gm0x3_1k_i,ldr_v4_td6_BB,1000,3.818,0a3,100k,A_rel,FIXJACK2,4.035,8.000021,2.000,SOPRA,riferimento g0mai_1k
gm0x3_1k_i,ldr_v4_td6_BB,1000,3.818,0a3,100k,B2,FIXJACK2,1.059e-07,7.526365,,sotto,mute da t_ins+t_grad+20 ms a t_rel
gm0x3_1k_i,ldr_v4_td6_BB,1000,3.818,0a3,100k,C1_ins,FIXJACK2,0.000655,2.353927,,sotto,"diagnostica, cond 1"
gm0x3_1k_i,ldr_v4_td6_BB,1000,3.818,0a3,100k,C1_rel,FIXJACK2,0.0003678,14.169354,,sotto,"diagnostica, cond 1"
gm0x3_1k_i,ldr_v4_td6_BB,1000,3.818,0a3,100k,C2_ins,FIXJACK2,0.000655,2.353927,,sotto,"riferimento g0sempre_1k, cond 1"
gm0x3_1k_i,ldr_v4_td6_BB,1000,3.818,0a3,100k,C2_rel,FIXJACK2,0.0003393,14.167344,,sotto,"riferimento g0mai_1k, cond 1"
gm0x3_1k_i,ldr_v4_td6_BB,1000,3.818,0a3,100k,S_ins,FIXJACK2,7.163,6.040000,,sotto,dB in 100 ms sopra -70 dB; pieno 3.815 V da g0mai_1k
gm0x3_1k_i,ldr_v4_td6_BB,1000,3.818,0a3,100k,S_rel,FIXJACK2,5.36,10.959000,,sotto,dB in 100 ms sopra -70 dB; pieno 3.815 V da g0mai_1k
gm0x3_1k_c,ldr_v4_td6_BB,1000,3.818,0a3,100k,A_ins,MAINJACK,2.692e-05,8.000031,2.000,sotto,riferimento g3sempre_1k
gm0x3_1k_c,ldr_v4_td6_BB,1000,3.818,0a3,100k,A_rel,MAINJACK,5.73,10.000021,2.000,SOPRA,riferimento g3mai_1k
gm0x3_1k_c,ldr_v4_td6_BB,1000,3.818,0a3,100k,B2,MAINJACK,1.346e-07,8.027344,,sotto,mute da t_ins+t_grad+20 ms a t_rel
gm0x3_1k_c,ldr_v4_td6_BB,1000,3.818,0a3,100k,C1_ins,MAINJACK,2.681e-05,8.000031,,sotto,"diagnostica, cond 1"
gm0x3_1k_c,ldr_v4_td6_BB,1000,3.818,0a3,100k,C1_rel,MAINJACK,1.54e-05,10.000312,,sotto,"diagnostica, cond 1"
gm0x3_1k_c,ldr_v4_td6_BB,1000,3.818,0a3,100k,C2_ins,MAINJACK,2.681e-05,8.000031,,sotto,"riferimento g3sempre_1k, cond 1"
gm0x3_1k_c,ldr_v4_td6_BB,1000,3.818,0a3,100k,C2_rel,MAINJACK,7.95e-05,10.000146,,sotto,"riferimento g3mai_1k, cond 1"
gm0x3_1k_c,ldr_v4_td6_BB,1000,3.818,0a3,100k,S_ins,MAINJACK,0,,,sotto,dB in 100 ms sopra -70 dB; pieno 5.416 V da g3mai_1k
gm0x3_1k_c,ldr_v4_td6_BB,1000,3.818,0a3,100k,S_rel,MAINJACK,0,,,sotto,dB in 100 ms sopra -70 dB; pieno 5.416 V da g3mai_1k
gm0x3_1k_c,ldr_v4_td6_BB,1000,3.818,0a3,100k,A_ins,FIXJACK1,4.049e-08,8.000906,2.000,sotto,riferimento g3sempre_1k
gm0x3_1k_c,ldr_v4_td6_BB,1000,3.818,0a3,100k,A_rel,FIXJACK1,4.035,10.000021,2.000,SOPRA,riferimento g3mai_1k
gm0x3_1k_c,ldr_v4_td6_BB,1000,3.818,0a3,100k,B2,FIXJACK1,4.453e-08,8.020344,,sotto,mute da t_ins+t_grad+20 ms a t_rel
gm0x3_1k_c,ldr_v4_td6_BB,1000,3.818,0a3,100k,C1_ins,FIXJACK1,1.992e-11,8.000010,,sotto,"diagnostica, cond 1"
gm0x3_1k_c,ldr_v4_td6_BB,1000,3.818,0a3,100k,C1_rel,FIXJACK1,1.084e-05,10.000312,,sotto,"diagnostica, cond 1"
gm0x3_1k_c,ldr_v4_td6_BB,1000,3.818,0a3,100k,C2_ins,FIXJACK1,1.992e-11,8.000010,,sotto,"riferimento g3sempre_1k, cond 1"
gm0x3_1k_c,ldr_v4_td6_BB,1000,3.818,0a3,100k,C2_rel,FIXJACK1,4.501e-05,10.000156,,sotto,"riferimento g3mai_1k, cond 1"
gm0x3_1k_c,ldr_v4_td6_BB,1000,3.818,0a3,100k,S_ins,FIXJACK1,0,,,sotto,dB in 100 ms sopra -70 dB; pieno 3.815 V da g3mai_1k
gm0x3_1k_c,ldr_v4_td6_BB,1000,3.818,0a3,100k,S_rel,FIXJACK1,0,,,sotto,dB in 100 ms sopra -70 dB; pieno 3.815 V da g3mai_1k
gm0x3_1k_c,ldr_v4_td6_BB,1000,3.818,0a3,100k,A_ins,FIXJACK2,4.049e-08,8.000906,2.000,sotto,riferimento g3sempre_1k
gm0x3_1k_c,ldr_v4_td6_BB,1000,3.818,0a3,100k,A_rel,FIXJACK2,4.035,10.000021,2.000,SOPRA,riferimento g3mai_1k
gm0x3_1k_c,ldr_v4_td6_BB,1000,3.818,0a3,100k,B2,FIXJACK2,4.453e-08,8.020344,,sotto,mute da t_ins+t_grad+20 ms a t_rel
gm0x3_1k_c,ldr_v4_td6_BB,1000,3.818,0a3,100k,C1_ins,FIXJACK2,1.993e-11,8.000010,,sotto,"diagnostica, cond 1"
gm0x3_1k_c,ldr_v4_td6_BB,1000,3.818,0a3,100k,C1_rel,FIXJACK2,1.084e-05,10.000312,,sotto,"diagnostica, cond 1"
gm0x3_1k_c,ldr_v4_td6_BB,1000,3.818,0a3,100k,C2_ins,FIXJACK2,1.992e-11,8.000010,,sotto,"riferimento g3sempre_1k, cond 1"
gm0x3_1k_c,ldr_v4_td6_BB,1000,3.818,0a3,100k,C2_rel,FIXJACK2,4.501e-05,10.000156,,sotto,"riferimento g3mai_1k, cond 1"
gm0x3_1k_c,ldr_v4_td6_BB,1000,3.818,0a3,100k,S_ins,FIXJACK2,0,,,sotto,dB in 100 ms sopra -70 dB; pieno 3.815 V da g3mai_1k
gm0x3_1k_c,ldr_v4_td6_BB,1000,3.818,0a3,100k,S_rel,FIXJACK2,0,,,sotto,dB in 100 ms sopra -70 dB; pieno 3.815 V da g3mai_1k
gm3x0_1k_i,ldr_v4_td6_BB,1000,3.818,3a0,100k,A_ins,MAINJACK,5.73,1.000021,2.000,SOPRA,riferimento g3sempre_1k
gm3x0_1k_i,ldr_v4_td6_BB,1000,3.818,3a0,100k,A_rel,MAINJACK,5.73,8.000021,2.000,SOPRA,riferimento g3mai_1k
gm3x0_1k_i,ldr_v4_td6_BB,1000,3.818,3a0,100k,B2,MAINJACK,1.469e-07,7.526365,,sotto,mute da t_ins+t_grad+20 ms a t_rel
gm3x0_1k_i,ldr_v4_td6_BB,1000,3.818,3a0,100k,C1_ins,MAINJACK,0.0009423,2.353927,,sotto,"diagnostica, cond 1"
gm3x0_1k_i,ldr_v4_td6_BB,1000,3.818,3a0,100k,C1_rel,MAINJACK,0.000368,14.170354,,sotto,"diagnostica, cond 1"
gm3x0_1k_i,ldr_v4_td6_BB,1000,3.818,3a0,100k,C2_ins,MAINJACK,0.0009423,2.353927,,sotto,"riferimento g3sempre_1k, cond 1"
gm3x0_1k_i,ldr_v4_td6_BB,1000,3.818,3a0,100k,C2_rel,MAINJACK,0.0003164,14.163344,,sotto,"riferimento g3mai_1k, cond 1"
gm3x0_1k_i,ldr_v4_td6_BB,1000,3.818,3a0,100k,S_ins,MAINJACK,7.163,6.040000,,sotto,dB in 100 ms sopra -70 dB; pieno 5.416 V da g3mai_1k
gm3x0_1k_i,ldr_v4_td6_BB,1000,3.818,3a0,100k,S_rel,MAINJACK,5.047,11.014000,,sotto,dB in 100 ms sopra -70 dB; pieno 5.416 V da g3mai_1k
gm3x0_1k_i,ldr_v4_td6_BB,1000,3.818,3a0,100k,A_ins,FIXJACK1,4.035,1.000021,2.000,SOPRA,riferimento g3sempre_1k
gm3x0_1k_i,ldr_v4_td6_BB,1000,3.818,3a0,100k,A_rel,FIXJACK1,4.035,8.000021,2.000,SOPRA,riferimento g3mai_1k
gm3x0_1k_i,ldr_v4_td6_BB,1000,3.818,3a0,100k,B2,FIXJACK1,1.063e-07,7.526365,,sotto,mute da t_ins+t_grad+20 ms a t_rel
gm3x0_1k_i,ldr_v4_td6_BB,1000,3.818,3a0,100k,C1_ins,FIXJACK1,0.0006551,2.353927,,sotto,"diagnostica, cond 1"
gm3x0_1k_i,ldr_v4_td6_BB,1000,3.818,3a0,100k,C1_rel,FIXJACK1,0.000368,14.170354,,sotto,"diagnostica, cond 1"
gm3x0_1k_i,ldr_v4_td6_BB,1000,3.818,3a0,100k,C2_ins,FIXJACK1,0.0006551,2.353927,,sotto,"riferimento g3sempre_1k, cond 1"
gm3x0_1k_i,ldr_v4_td6_BB,1000,3.818,3a0,100k,C2_rel,FIXJACK1,0.0003394,14.163344,,sotto,"riferimento g3mai_1k, cond 1"
gm3x0_1k_i,ldr_v4_td6_BB,1000,3.818,3a0,100k,S_ins,FIXJACK1,7.163,6.040000,,sotto,dB in 100 ms sopra -70 dB; pieno 3.815 V da g3mai_1k
gm3x0_1k_i,ldr_v4_td6_BB,1000,3.818,3a0,100k,S_rel,FIXJACK1,5.36,10.959000,,sotto,dB in 100 ms sopra -70 dB; pieno 3.815 V da g3mai_1k
gm3x0_1k_i,ldr_v4_td6_BB,1000,3.818,3a0,100k,A_ins,FIXJACK2,4.035,1.000021,2.000,SOPRA,riferimento g3sempre_1k
gm3x0_1k_i,ldr_v4_td6_BB,1000,3.818,3a0,100k,A_rel,FIXJACK2,4.035,8.000021,2.000,SOPRA,riferimento g3mai_1k
gm3x0_1k_i,ldr_v4_td6_BB,1000,3.818,3a0,100k,B2,FIXJACK2,1.063e-07,7.526365,,sotto,mute da t_ins+t_grad+20 ms a t_rel
gm3x0_1k_i,ldr_v4_td6_BB,1000,3.818,3a0,100k,C1_ins,FIXJACK2,0.0006551,2.353927,,sotto,"diagnostica, cond 1"
gm3x0_1k_i,ldr_v4_td6_BB,1000,3.818,3a0,100k,C1_rel,FIXJACK2,0.000368,14.170354,,sotto,"diagnostica, cond 1"
gm3x0_1k_i,ldr_v4_td6_BB,1000,3.818,3a0,100k,C2_ins,FIXJACK2,0.0006551,2.353927,,sotto,"riferimento g3sempre_1k, cond 1"
gm3x0_1k_i,ldr_v4_td6_BB,1000,3.818,3a0,100k,C2_rel,FIXJACK2,0.0003394,14.163344,,sotto,"riferimento g3mai_1k, cond 1"
gm3x0_1k_i,ldr_v4_td6_BB,1000,3.818,3a0,100k,S_ins,FIXJACK2,7.163,6.040000,,sotto,dB in 100 ms sopra -70 dB; pieno 3.815 V da g3mai_1k
gm3x0_1k_i,ldr_v4_td6_BB,1000,3.818,3a0,100k,S_rel,FIXJACK2,5.36,10.959000,,sotto,dB in 100 ms sopra -70 dB; pieno 3.815 V da g3mai_1k
gm3x0_1k_c,ldr_v4_td6_BB,1000,3.818,3a0,100k,A_ins,MAINJACK,2.7e-05,8.000031,2.000,sotto,riferimento g0sempre_1k
gm3x0_1k_c,ldr_v4_td6_BB,1000,3.818,3a0,100k,A_rel,MAINJACK,4.035,10.000021,2.000,SOPRA,riferimento g0mai_1k
gm3x0_1k_c,ldr_v4_td6_BB,1000,3.818,3a0,100k,B2,MAINJACK,1.151e-07,8.026844,,sotto,mute da t_ins+t_grad+20 ms a t_rel
gm3x0_1k_c,ldr_v4_td6_BB,1000,3.818,3a0,100k,C1_ins,MAINJACK,2.587e-05,8.000031,,sotto,"diagnostica, cond 1"
gm3x0_1k_c,ldr_v4_td6_BB,1000,3.818,3a0,100k,C1_rel,MAINJACK,1.084e-05,10.000312,,sotto,"diagnostica, cond 1"
gm3x0_1k_c,ldr_v4_td6_BB,1000,3.818,3a0,100k,C2_ins,MAINJACK,2.587e-05,8.000031,,sotto,"riferimento g0sempre_1k, cond 1"
gm3x0_1k_c,ldr_v4_td6_BB,1000,3.818,3a0,100k,C2_rel,MAINJACK,4.495e-05,10.000146,,sotto,"riferimento g0mai_1k, cond 1"
gm3x0_1k_c,ldr_v4_td6_BB,1000,3.818,3a0,100k,S_ins,MAINJACK,0,,,sotto,dB in 100 ms sopra -70 dB; pieno 3.814 V da g0mai_1k
gm3x0_1k_c,ldr_v4_td6_BB,1000,3.818,3a0,100k,S_rel,MAINJACK,0,,,sotto,dB in 100 ms sopra -70 dB; pieno 3.814 V da g0mai_1k
gm3x0_1k_c,ldr_v4_td6_BB,1000,3.818,3a0,100k,A_ins,FIXJACK1,4.049e-08,8.000906,2.000,sotto,riferimento g0sempre_1k
gm3x0_1k_c,ldr_v4_td6_BB,1000,3.818,3a0,100k,A_rel,FIXJACK1,4.035,10.000021,2.000,SOPRA,riferimento g0mai_1k
gm3x0_1k_c,ldr_v4_td6_BB,1000,3.818,3a0,100k,B2,FIXJACK1,4.453e-08,8.020344,,sotto,mute da t_ins+t_grad+20 ms a t_rel
gm3x0_1k_c,ldr_v4_td6_BB,1000,3.818,3a0,100k,C1_ins,FIXJACK1,4.38e-11,8.000604,,sotto,"diagnostica, cond 1"
gm3x0_1k_c,ldr_v4_td6_BB,1000,3.818,3a0,100k,C1_rel,FIXJACK1,1.084e-05,10.000312,,sotto,"diagnostica, cond 1"
gm3x0_1k_c,ldr_v4_td6_BB,1000,3.818,3a0,100k,C2_ins,FIXJACK1,4.38e-11,8.000604,,sotto,"riferimento g0sempre_1k, cond 1"
gm3x0_1k_c,ldr_v4_td6_BB,1000,3.818,3a0,100k,C2_rel,FIXJACK1,4.495e-05,10.000146,,sotto,"riferimento g0mai_1k, cond 1"
gm3x0_1k_c,ldr_v4_td6_BB,1000,3.818,3a0,100k,S_ins,FIXJACK1,0,,,sotto,dB in 100 ms sopra -70 dB; pieno 3.815 V da g0mai_1k
gm3x0_1k_c,ldr_v4_td6_BB,1000,3.818,3a0,100k,S_rel,FIXJACK1,0,,,sotto,dB in 100 ms sopra -70 dB; pieno 3.815 V da g0mai_1k
gm3x0_1k_c,ldr_v4_td6_BB,1000,3.818,3a0,100k,A_ins,FIXJACK2,4.049e-08,8.000906,2.000,sotto,riferimento g0sempre_1k
gm3x0_1k_c,ldr_v4_td6_BB,1000,3.818,3a0,100k,A_rel,FIXJACK2,4.035,10.000021,2.000,SOPRA,riferimento g0mai_1k
gm3x0_1k_c,ldr_v4_td6_BB,1000,3.818,3a0,100k,B2,FIXJACK2,4.453e-08,8.020344,,sotto,mute da t_ins+t_grad+20 ms a t_rel
gm3x0_1k_c,ldr_v4_td6_BB,1000,3.818,3a0,100k,C1_ins,FIXJACK2,4.379e-11,8.000604,,sotto,"diagnostica, cond 1"
gm3x0_1k_c,ldr_v4_td6_BB,1000,3.818,3a0,100k,C1_rel,FIXJACK2,1.084e-05,10.000312,,sotto,"diagnostica, cond 1"
gm3x0_1k_c,ldr_v4_td6_BB,1000,3.818,3a0,100k,C2_ins,FIXJACK2,4.38e-11,8.000604,,sotto,"riferimento g0sempre_1k, cond 1"
gm3x0_1k_c,ldr_v4_td6_BB,1000,3.818,3a0,100k,C2_rel,FIXJACK2,4.495e-05,10.000146,,sotto,"riferimento g0mai_1k, cond 1"
gm3x0_1k_c,ldr_v4_td6_BB,1000,3.818,3a0,100k,S_ins,FIXJACK2,0,,,sotto,dB in 100 ms sopra -70 dB; pieno 3.815 V da g0mai_1k
gm3x0_1k_c,ldr_v4_td6_BB,1000,3.818,3a0,100k,S_rel,FIXJACK2,0,,,sotto,dB in 100 ms sopra -70 dB; pieno 3.815 V da g0mai_1k
gm3x10_1k_i,ldr_v4_td6_BB,1000,3.818,3a10,100k,A_ins,MAINJACK,5.73,1.000021,2.000,SOPRA,riferimento g3sempre_1k
gm3x10_1k_i,ldr_v4_td6_BB,1000,3.818,3a10,100k,A_rel,MAINJACK,5.73,8.000021,2.000,SOPRA,riferimento g3mai_1k
gm3x10_1k_i,ldr_v4_td6_BB,1000,3.818,3a10,100k,B2,MAINJACK,1.469e-07,7.526365,,sotto,mute da t_ins+t_grad+20 ms a t_rel
gm3x10_1k_i,ldr_v4_td6_BB,1000,3.818,3a10,100k,C1_ins,MAINJACK,0.0009423,2.353927,,sotto,"diagnostica, cond 1"
gm3x10_1k_i,ldr_v4_td6_BB,1000,3.818,3a10,100k,C1_rel,MAINJACK,0.001215,14.199354,,SOPRA,"diagnostica, cond 1"
gm3x10_1k_i,ldr_v4_td6_BB,1000,3.818,3a10,100k,C2_ins,MAINJACK,0.0009423,2.353927,,sotto,"riferimento g3sempre_1k, cond 1"
gm3x10_1k_i,ldr_v4_td6_BB,1000,3.818,3a10,100k,C2_rel,MAINJACK,0.00116,14.196354,,SOPRA,"riferimento g3mai_1k, cond 1"
gm3x10_1k_i,ldr_v4_td6_BB,1000,3.818,3a10,100k,S_ins,MAINJACK,7.163,6.040000,,sotto,dB in 100 ms sopra -70 dB; pieno 5.416 V da g3mai_1k
gm3x10_1k_i,ldr_v4_td6_BB,1000,3.818,3a10,100k,S_rel,MAINJACK,6.08,10.844000,,sotto,dB in 100 ms sopra -70 dB; pieno 5.416 V da g3mai_1k
gm3x10_1k_i,ldr_v4_td6_BB,1000,3.818,3a10,100k,A_ins,FIXJACK1,4.035,1.000021,2.000,SOPRA,riferimento g3sempre_1k
gm3x10_1k_i,ldr_v4_td6_BB,1000,3.818,3a10,100k,A_rel,FIXJACK1,4.035,8.000021,2.000,SOPRA,riferimento g3mai_1k
gm3x10_1k_i,ldr_v4_td6_BB,1000,3.818,3a10,100k,B2,FIXJACK1,1.063e-07,7.526365,,sotto,mute da t_ins+t_grad+20 ms a t_rel
gm3x10_1k_i,ldr_v4_td6_BB,1000,3.818,3a10,100k,C1_ins,FIXJACK1,0.0006551,2.353927,,sotto,"diagnostica, cond 1"
gm3x10_1k_i,ldr_v4_td6_BB,1000,3.818,3a10,100k,C1_rel,FIXJACK1,0.0003679,14.173354,,sotto,"diagnostica, cond 1"
gm3x10_1k_i,ldr_v4_td6_BB,1000,3.818,3a10,100k,C2_ins,FIXJACK1,0.0006551,2.353927,,sotto,"riferimento g3sempre_1k, cond 1"
gm3x10_1k_i,ldr_v4_td6_BB,1000,3.818,3a10,100k,C2_rel,FIXJACK1,0.0003391,14.172344,,sotto,"riferimento g3mai_1k, cond 1"
gm3x10_1k_i,ldr_v4_td6_BB,1000,3.818,3a10,100k,S_ins,FIXJACK1,7.163,6.040000,,sotto,dB in 100 ms sopra -70 dB; pieno 3.815 V da g3mai_1k
gm3x10_1k_i,ldr_v4_td6_BB,1000,3.818,3a10,100k,S_rel,FIXJACK1,5.36,10.959000,,sotto,dB in 100 ms sopra -70 dB; pieno 3.815 V da g3mai_1k
gm3x10_1k_i,ldr_v4_td6_BB,1000,3.818,3a10,100k,A_ins,FIXJACK2,4.035,1.000021,2.000,SOPRA,riferimento g3sempre_1k
gm3x10_1k_i,ldr_v4_td6_BB,1000,3.818,3a10,100k,A_rel,FIXJACK2,4.035,8.000021,2.000,SOPRA,riferimento g3mai_1k
gm3x10_1k_i,ldr_v4_td6_BB,1000,3.818,3a10,100k,B2,FIXJACK2,1.063e-07,7.526365,,sotto,mute da t_ins+t_grad+20 ms a t_rel
gm3x10_1k_i,ldr_v4_td6_BB,1000,3.818,3a10,100k,C1_ins,FIXJACK2,0.0006551,2.353927,,sotto,"diagnostica, cond 1"
gm3x10_1k_i,ldr_v4_td6_BB,1000,3.818,3a10,100k,C1_rel,FIXJACK2,0.0003679,14.173354,,sotto,"diagnostica, cond 1"
gm3x10_1k_i,ldr_v4_td6_BB,1000,3.818,3a10,100k,C2_ins,FIXJACK2,0.0006551,2.353927,,sotto,"riferimento g3sempre_1k, cond 1"
gm3x10_1k_i,ldr_v4_td6_BB,1000,3.818,3a10,100k,C2_rel,FIXJACK2,0.0003391,14.172344,,sotto,"riferimento g3mai_1k, cond 1"
gm3x10_1k_i,ldr_v4_td6_BB,1000,3.818,3a10,100k,S_ins,FIXJACK2,7.163,6.040000,,sotto,dB in 100 ms sopra -70 dB; pieno 3.815 V da g3mai_1k
gm3x10_1k_i,ldr_v4_td6_BB,1000,3.818,3a10,100k,S_rel,FIXJACK2,5.36,10.959000,,sotto,dB in 100 ms sopra -70 dB; pieno 3.815 V da g3mai_1k
gm3x10_1k_c,ldr_v4_td6_BB,1000,3.818,3a10,100k,A_ins,MAINJACK,0.0001113,8.000031,2.000,SOPRA,riferimento g10sempre_1k
gm3x10_1k_c,ldr_v4_td6_BB,1000,3.818,3a10,100k,A_rel,MAINJACK,12.72,10.000021,2.000,SOPRA,riferimento g10mai_1k
gm3x10_1k_c,ldr_v4_td6_BB,1000,3.818,3a10,100k,B2,MAINJACK,4.328e-07,8.027344,,sotto,mute da t_ins+t_grad+20 ms a t_rel
gm3x10_1k_c,ldr_v4_td6_BB,1000,3.818,3a10,100k,C1_ins,MAINJACK,0.0001107,8.000031,,sotto,"diagnostica, cond 1"
gm3x10_1k_c,ldr_v4_td6_BB,1000,3.818,3a10,100k,C1_rel,MAINJACK,3.42e-05,10.000312,,sotto,"diagnostica, cond 1"
gm3x10_1k_c,ldr_v4_td6_BB,1000,3.818,3a10,100k,C2_ins,MAINJACK,0.0001107,8.000031,,sotto,"riferimento g10sempre_1k, cond 1"
gm3x10_1k_c,ldr_v4_td6_BB,1000,3.818,3a10,100k,C2_rel,MAINJACK,0.0003641,10.000135,,sotto,"riferimento g10mai_1k, cond 1"
gm3x10_1k_c,ldr_v4_td6_BB,1000,3.818,3a10,100k,S_ins,MAINJACK,0,,,sotto,dB in 100 ms sopra -70 dB; pieno 12.02 V da g10mai_1k
gm3x10_1k_c,ldr_v4_td6_BB,1000,3.818,3a10,100k,S_rel,MAINJACK,0,,,sotto,dB in 100 ms sopra -70 dB; pieno 12.02 V da g10mai_1k
gm3x10_1k_c,ldr_v4_td6_BB,1000,3.818,3a10,100k,A_ins,FIXJACK1,4.049e-08,8.000906,2.000,sotto,riferimento g10sempre_1k
gm3x10_1k_c,ldr_v4_td6_BB,1000,3.818,3a10,100k,A_rel,FIXJACK1,4.035,10.000021,2.000,SOPRA,riferimento g10mai_1k
gm3x10_1k_c,ldr_v4_td6_BB,1000,3.818,3a10,100k,B2,FIXJACK1,4.453e-08,8.020344,,sotto,mute da t_ins+t_grad+20 ms a t_rel
gm3x10_1k_c,ldr_v4_td6_BB,1000,3.818,3a10,100k,C1_ins,FIXJACK1,1.014e-10,8.000312,,sotto,"diagnostica, cond 1"
gm3x10_1k_c,ldr_v4_td6_BB,1000,3.818,3a10,100k,C1_rel,FIXJACK1,1.084e-05,10.000312,,sotto,"diagnostica, cond 1"
gm3x10_1k_c,ldr_v4_td6_BB,1000,3.818,3a10,100k,C2_ins,FIXJACK1,1.014e-10,8.000312,,sotto,"riferimento g10sempre_1k, cond 1"
gm3x10_1k_c,ldr_v4_td6_BB,1000,3.818,3a10,100k,C2_rel,FIXJACK1,4.485e-05,10.000156,,sotto,"riferimento g10mai_1k, cond 1"
gm3x10_1k_c,ldr_v4_td6_BB,1000,3.818,3a10,100k,S_ins,FIXJACK1,0,,,sotto,dB in 100 ms sopra -70 dB; pieno 3.815 V da g10mai_1k
gm3x10_1k_c,ldr_v4_td6_BB,1000,3.818,3a10,100k,S_rel,FIXJACK1,0,,,sotto,dB in 100 ms sopra -70 dB; pieno 3.815 V da g10mai_1k
gm3x10_1k_c,ldr_v4_td6_BB,1000,3.818,3a10,100k,A_ins,FIXJACK2,4.049e-08,8.000906,2.000,sotto,riferimento g10sempre_1k
gm3x10_1k_c,ldr_v4_td6_BB,1000,3.818,3a10,100k,A_rel,FIXJACK2,4.035,10.000021,2.000,SOPRA,riferimento g10mai_1k
gm3x10_1k_c,ldr_v4_td6_BB,1000,3.818,3a10,100k,B2,FIXJACK2,4.453e-08,8.020344,,sotto,mute da t_ins+t_grad+20 ms a t_rel
gm3x10_1k_c,ldr_v4_td6_BB,1000,3.818,3a10,100k,C1_ins,FIXJACK2,1.015e-10,8.000312,,sotto,"diagnostica, cond 1"
gm3x10_1k_c,ldr_v4_td6_BB,1000,3.818,3a10,100k,C1_rel,FIXJACK2,1.084e-05,10.000312,,sotto,"diagnostica, cond 1"
gm3x10_1k_c,ldr_v4_td6_BB,1000,3.818,3a10,100k,C2_ins,FIXJACK2,1.015e-10,8.000312,,sotto,"riferimento g10sempre_1k, cond 1"
gm3x10_1k_c,ldr_v4_td6_BB,1000,3.818,3a10,100k,C2_rel,FIXJACK2,4.485e-05,10.000156,,sotto,"riferimento g10mai_1k, cond 1"
gm3x10_1k_c,ldr_v4_td6_BB,1000,3.818,3a10,100k,S_ins,FIXJACK2,0,,,sotto,dB in 100 ms sopra -70 dB; pieno 3.815 V da g10mai_1k
gm3x10_1k_c,ldr_v4_td6_BB,1000,3.818,3a10,100k,S_rel,FIXJACK2,0,,,sotto,dB in 100 ms sopra -70 dB; pieno 3.815 V da g10mai_1k
gm10x3_1k_i,ldr_v4_td6_BB,1000,3.818,10a3,100k,A_ins,MAINJACK,12.72,1.000021,2.000,SOPRA,riferimento g10sempre_1k
gm10x3_1k_i,ldr_v4_td6_BB,1000,3.818,10a3,100k,A_rel,MAINJACK,12.72,8.000021,2.000,SOPRA,riferimento g10mai_1k
gm10x3_1k_i,ldr_v4_td6_BB,1000,3.818,10a3,100k,B2,MAINJACK,3.292e-07,7.526365,,sotto,mute da t_ins+t_grad+20 ms a t_rel
gm10x3_1k_i,ldr_v4_td6_BB,1000,3.818,10a3,100k,C1_ins,MAINJACK,0.002219,2.353927,,SOPRA,"diagnostica, cond 1"
gm10x3_1k_i,ldr_v4_td6_BB,1000,3.818,10a3,100k,C1_rel,MAINJACK,0.0005264,14.177354,,sotto,"diagnostica, cond 1"
gm10x3_1k_i,ldr_v4_td6_BB,1000,3.818,10a3,100k,C2_ins,MAINJACK,0.002219,2.353927,,SOPRA,"riferimento g10sempre_1k, cond 1"
gm10x3_1k_i,ldr_v4_td6_BB,1000,3.818,10a3,100k,C2_rel,MAINJACK,0.0004686,13.694156,,sotto,"riferimento g10mai_1k, cond 1"
gm10x3_1k_i,ldr_v4_td6_BB,1000,3.818,10a3,100k,S_ins,MAINJACK,7.163,6.040000,,sotto,dB in 100 ms sopra -70 dB; pieno 12.02 V da g10mai_1k
gm10x3_1k_i,ldr_v4_td6_BB,1000,3.818,10a3,100k,S_rel,MAINJACK,4.847,11.091000,,sotto,dB in 100 ms sopra -70 dB; pieno 12.02 V da g10mai_1k
gm10x3_1k_i,ldr_v4_td6_BB,1000,3.818,10a3,100k,A_ins,FIXJACK1,4.035,1.000021,2.000,SOPRA,riferimento g10sempre_1k
gm10x3_1k_i,ldr_v4_td6_BB,1000,3.818,10a3,100k,A_rel,FIXJACK1,4.035,8.000021,2.000,SOPRA,riferimento g10mai_1k
gm10x3_1k_i,ldr_v4_td6_BB,1000,3.818,10a3,100k,B2,FIXJACK1,1.069e-07,7.526365,,sotto,mute da t_ins+t_grad+20 ms a t_rel
gm10x3_1k_i,ldr_v4_td6_BB,1000,3.818,10a3,100k,C1_ins,FIXJACK1,0.0006538,2.353927,,sotto,"diagnostica, cond 1"
gm10x3_1k_i,ldr_v4_td6_BB,1000,3.818,10a3,100k,C1_rel,FIXJACK1,0.0003678,14.163354,,sotto,"diagnostica, cond 1"
gm10x3_1k_i,ldr_v4_td6_BB,1000,3.818,10a3,100k,C2_ins,FIXJACK1,0.0006538,2.353927,,sotto,"riferimento g10sempre_1k, cond 1"
gm10x3_1k_i,ldr_v4_td6_BB,1000,3.818,10a3,100k,C2_rel,FIXJACK1,0.0003397,14.159344,,sotto,"riferimento g10mai_1k, cond 1"
gm10x3_1k_i,ldr_v4_td6_BB,1000,3.818,10a3,100k,S_ins,FIXJACK1,7.163,6.040000,,sotto,dB in 100 ms sopra -70 dB; pieno 3.815 V da g10mai_1k
gm10x3_1k_i,ldr_v4_td6_BB,1000,3.818,10a3,100k,S_rel,FIXJACK1,5.36,10.959000,,sotto,dB in 100 ms sopra -70 dB; pieno 3.815 V da g10mai_1k
gm10x3_1k_i,ldr_v4_td6_BB,1000,3.818,10a3,100k,A_ins,FIXJACK2,4.035,1.000021,2.000,SOPRA,riferimento g10sempre_1k
gm10x3_1k_i,ldr_v4_td6_BB,1000,3.818,10a3,100k,A_rel,FIXJACK2,4.035,8.000021,2.000,SOPRA,riferimento g10mai_1k
gm10x3_1k_i,ldr_v4_td6_BB,1000,3.818,10a3,100k,B2,FIXJACK2,1.069e-07,7.526365,,sotto,mute da t_ins+t_grad+20 ms a t_rel
gm10x3_1k_i,ldr_v4_td6_BB,1000,3.818,10a3,100k,C1_ins,FIXJACK2,0.0006538,2.353927,,sotto,"diagnostica, cond 1"
gm10x3_1k_i,ldr_v4_td6_BB,1000,3.818,10a3,100k,C1_rel,FIXJACK2,0.0003678,14.163354,,sotto,"diagnostica, cond 1"
gm10x3_1k_i,ldr_v4_td6_BB,1000,3.818,10a3,100k,C2_ins,FIXJACK2,0.0006538,2.353927,,sotto,"riferimento g10sempre_1k, cond 1"
gm10x3_1k_i,ldr_v4_td6_BB,1000,3.818,10a3,100k,C2_rel,FIXJACK2,0.0003397,14.159344,,sotto,"riferimento g10mai_1k, cond 1"
gm10x3_1k_i,ldr_v4_td6_BB,1000,3.818,10a3,100k,S_ins,FIXJACK2,7.163,6.040000,,sotto,dB in 100 ms sopra -70 dB; pieno 3.815 V da g10mai_1k
gm10x3_1k_i,ldr_v4_td6_BB,1000,3.818,10a3,100k,S_rel,FIXJACK2,5.36,10.959000,,sotto,dB in 100 ms sopra -70 dB; pieno 3.815 V da g10mai_1k
gm10x3_1k_c,ldr_v4_td6_BB,1000,3.818,10a3,100k,A_ins,MAINJACK,0.0001112,8.000031,2.000,SOPRA,riferimento g3sempre_1k
gm10x3_1k_c,ldr_v4_td6_BB,1000,3.818,10a3,100k,A_rel,MAINJACK,5.73,10.000021,2.000,SOPRA,riferimento g3mai_1k
gm10x3_1k_c,ldr_v4_td6_BB,1000,3.818,10a3,100k,B2,MAINJACK,3.595e-07,8.026844,,sotto,mute da t_ins+t_grad+20 ms a t_rel
gm10x3_1k_c,ldr_v4_td6_BB,1000,3.818,10a3,100k,C1_ins,MAINJACK,0.0001067,8.000031,,sotto,"diagnostica, cond 1"
gm10x3_1k_c,ldr_v4_td6_BB,1000,3.818,10a3,100k,C1_rel,MAINJACK,1.54e-05,10.000312,,sotto,"diagnostica, cond 1"
gm10x3_1k_c,ldr_v4_td6_BB,1000,3.818,10a3,100k,C2_ins,MAINJACK,0.0001067,8.000031,,sotto,"riferimento g3sempre_1k, cond 1"
gm10x3_1k_c,ldr_v4_td6_BB,1000,3.818,10a3,100k,C2_rel,MAINJACK,7.951e-05,10.000146,,sotto,"riferimento g3mai_1k, cond 1"
gm10x3_1k_c,ldr_v4_td6_BB,1000,3.818,10a3,100k,S_ins,MAINJACK,0,,,sotto,dB in 100 ms sopra -70 dB; pieno 5.416 V da g3mai_1k
gm10x3_1k_c,ldr_v4_td6_BB,1000,3.818,10a3,100k,S_rel,MAINJACK,0,,,sotto,dB in 100 ms sopra -70 dB; pieno 5.416 V da g3mai_1k
gm10x3_1k_c,ldr_v4_td6_BB,1000,3.818,10a3,100k,A_ins,FIXJACK1,4.049e-08,8.000906,2.000,sotto,riferimento g3sempre_1k
gm10x3_1k_c,ldr_v4_td6_BB,1000,3.818,10a3,100k,A_rel,FIXJACK1,4.035,10.000021,2.000,SOPRA,riferimento g3mai_1k
gm10x3_1k_c,ldr_v4_td6_BB,1000,3.818,10a3,100k,B2,FIXJACK1,4.453e-08,8.020344,,sotto,mute da t_ins+t_grad+20 ms a t_rel
gm10x3_1k_c,ldr_v4_td6_BB,1000,3.818,10a3,100k,C1_ins,FIXJACK1,2.56e-11,8.000615,,sotto,"diagnostica, cond 1"
gm10x3_1k_c,ldr_v4_td6_BB,1000,3.818,10a3,100k,C1_rel,FIXJACK1,1.084e-05,10.000312,,sotto,"diagnostica, cond 1"
gm10x3_1k_c,ldr_v4_td6_BB,1000,3.818,10a3,100k,C2_ins,FIXJACK1,2.559e-11,8.000615,,sotto,"riferimento g3sempre_1k, cond 1"
gm10x3_1k_c,ldr_v4_td6_BB,1000,3.818,10a3,100k,C2_rel,FIXJACK1,4.501e-05,10.000156,,sotto,"riferimento g3mai_1k, cond 1"
gm10x3_1k_c,ldr_v4_td6_BB,1000,3.818,10a3,100k,S_ins,FIXJACK1,0,,,sotto,dB in 100 ms sopra -70 dB; pieno 3.815 V da g3mai_1k
gm10x3_1k_c,ldr_v4_td6_BB,1000,3.818,10a3,100k,S_rel,FIXJACK1,0,,,sotto,dB in 100 ms sopra -70 dB; pieno 3.815 V da g3mai_1k
gm10x3_1k_c,ldr_v4_td6_BB,1000,3.818,10a3,100k,A_ins,FIXJACK2,4.049e-08,8.000906,2.000,sotto,riferimento g3sempre_1k
gm10x3_1k_c,ldr_v4_td6_BB,1000,3.818,10a3,100k,A_rel,FIXJACK2,4.035,10.000021,2.000,SOPRA,riferimento g3mai_1k
gm10x3_1k_c,ldr_v4_td6_BB,1000,3.818,10a3,100k,B2,FIXJACK2,4.453e-08,8.020344,,sotto,mute da t_ins+t_grad+20 ms a t_rel
gm10x3_1k_c,ldr_v4_td6_BB,1000,3.818,10a3,100k,C1_ins,FIXJACK2,2.56e-11,8.000615,,sotto,"diagnostica, cond 1"
gm10x3_1k_c,ldr_v4_td6_BB,1000,3.818,10a3,100k,C1_rel,FIXJACK2,1.084e-05,10.000312,,sotto,"diagnostica, cond 1"
gm10x3_1k_c,ldr_v4_td6_BB,1000,3.818,10a3,100k,C2_ins,FIXJACK2,2.559e-11,8.000615,,sotto,"riferimento g3sempre_1k, cond 1"
gm10x3_1k_c,ldr_v4_td6_BB,1000,3.818,10a3,100k,C2_rel,FIXJACK2,4.501e-05,10.000156,,sotto,"riferimento g3mai_1k, cond 1"
gm10x3_1k_c,ldr_v4_td6_BB,1000,3.818,10a3,100k,S_ins,FIXJACK2,0,,,sotto,dB in 100 ms sopra -70 dB; pieno 3.815 V da g3mai_1k
gm10x3_1k_c,ldr_v4_td6_BB,1000,3.818,10a3,100k,S_rel,FIXJACK2,0,,,sotto,dB in 100 ms sopra -70 dB; pieno 3.815 V da g3mai_1k
gm0x10_1k_i,ldr_v4_td6_BB,1000,3.818,0a10,100k,A_ins,MAINJACK,4.035,1.000021,2.000,SOPRA,riferimento g0sempre_1k
gm0x10_1k_i,ldr_v4_td6_BB,1000,3.818,0a10,100k,A_rel,MAINJACK,4.035,8.000021,2.000,SOPRA,riferimento g0mai_1k
gm0x10_1k_i,ldr_v4_td6_BB,1000,3.818,0a10,100k,B2,MAINJACK,1.032e-07,7.526365,,sotto,mute da t_ins+t_grad+20 ms a t_rel
gm0x10_1k_i,ldr_v4_td6_BB,1000,3.818,0a10,100k,C1_ins,MAINJACK,0.0006549,2.353927,,sotto,"diagnostica, cond 1"
gm0x10_1k_i,ldr_v4_td6_BB,1000,3.818,0a10,100k,C1_rel,MAINJACK,0.001215,14.199354,,SOPRA,"diagnostica, cond 1"
gm0x10_1k_i,ldr_v4_td6_BB,1000,3.818,0a10,100k,C2_ins,MAINJACK,0.0006549,2.353927,,sotto,"riferimento g0sempre_1k, cond 1"
gm0x10_1k_i,ldr_v4_td6_BB,1000,3.818,0a10,100k,C2_rel,MAINJACK,0.001185,14.190354,,SOPRA,"riferimento g0mai_1k, cond 1"
gm0x10_1k_i,ldr_v4_td6_BB,1000,3.818,0a10,100k,S_ins,MAINJACK,7.163,6.040000,,sotto,dB in 100 ms sopra -70 dB; pieno 3.814 V da g0mai_1k
gm0x10_1k_i,ldr_v4_td6_BB,1000,3.818,0a10,100k,S_rel,MAINJACK,6.104,10.832000,,sotto,dB in 100 ms sopra -70 dB; pieno 3.814 V da g0mai_1k
gm0x10_1k_i,ldr_v4_td6_BB,1000,3.818,0a10,100k,A_ins,FIXJACK1,4.035,1.000021,2.000,SOPRA,riferimento g0sempre_1k
gm0x10_1k_i,ldr_v4_td6_BB,1000,3.818,0a10,100k,A_rel,FIXJACK1,4.035,8.000021,2.000,SOPRA,riferimento g0mai_1k
gm0x10_1k_i,ldr_v4_td6_BB,1000,3.818,0a10,100k,B2,FIXJACK1,1.059e-07,7.526365,,sotto,mute da t_ins+t_grad+20 ms a t_rel
gm0x10_1k_i,ldr_v4_td6_BB,1000,3.818,0a10,100k,C1_ins,FIXJACK1,0.000655,2.353927,,sotto,"diagnostica, cond 1"
gm0x10_1k_i,ldr_v4_td6_BB,1000,3.818,0a10,100k,C1_rel,FIXJACK1,0.0003678,14.184354,,sotto,"diagnostica, cond 1"
gm0x10_1k_i,ldr_v4_td6_BB,1000,3.818,0a10,100k,C2_ins,FIXJACK1,0.000655,2.353927,,sotto,"riferimento g0sempre_1k, cond 1"
gm0x10_1k_i,ldr_v4_td6_BB,1000,3.818,0a10,100k,C2_rel,FIXJACK1,0.0003389,14.167344,,sotto,"riferimento g0mai_1k, cond 1"
gm0x10_1k_i,ldr_v4_td6_BB,1000,3.818,0a10,100k,S_ins,FIXJACK1,7.163,6.040000,,sotto,dB in 100 ms sopra -70 dB; pieno 3.815 V da g0mai_1k
gm0x10_1k_i,ldr_v4_td6_BB,1000,3.818,0a10,100k,S_rel,FIXJACK1,5.36,10.959000,,sotto,dB in 100 ms sopra -70 dB; pieno 3.815 V da g0mai_1k
gm0x10_1k_i,ldr_v4_td6_BB,1000,3.818,0a10,100k,A_ins,FIXJACK2,4.035,1.000021,2.000,SOPRA,riferimento g0sempre_1k
gm0x10_1k_i,ldr_v4_td6_BB,1000,3.818,0a10,100k,A_rel,FIXJACK2,4.035,8.000021,2.000,SOPRA,riferimento g0mai_1k
gm0x10_1k_i,ldr_v4_td6_BB,1000,3.818,0a10,100k,B2,FIXJACK2,1.059e-07,7.526365,,sotto,mute da t_ins+t_grad+20 ms a t_rel
gm0x10_1k_i,ldr_v4_td6_BB,1000,3.818,0a10,100k,C1_ins,FIXJACK2,0.000655,2.353927,,sotto,"diagnostica, cond 1"
gm0x10_1k_i,ldr_v4_td6_BB,1000,3.818,0a10,100k,C1_rel,FIXJACK2,0.0003678,14.184354,,sotto,"diagnostica, cond 1"
gm0x10_1k_i,ldr_v4_td6_BB,1000,3.818,0a10,100k,C2_ins,FIXJACK2,0.000655,2.353927,,sotto,"riferimento g0sempre_1k, cond 1"
gm0x10_1k_i,ldr_v4_td6_BB,1000,3.818,0a10,100k,C2_rel,FIXJACK2,0.0003389,14.167344,,sotto,"riferimento g0mai_1k, cond 1"
gm0x10_1k_i,ldr_v4_td6_BB,1000,3.818,0a10,100k,S_ins,FIXJACK2,7.163,6.040000,,sotto,dB in 100 ms sopra -70 dB; pieno 3.815 V da g0mai_1k
gm0x10_1k_i,ldr_v4_td6_BB,1000,3.818,0a10,100k,S_rel,FIXJACK2,5.36,10.959000,,sotto,dB in 100 ms sopra -70 dB; pieno 3.815 V da g0mai_1k
gm0x10_1k_c,ldr_v4_td6_BB,1000,3.818,0a10,100k,A_ins,MAINJACK,0.0001113,8.000031,2.000,SOPRA,riferimento g10sempre_1k
gm0x10_1k_c,ldr_v4_td6_BB,1000,3.818,0a10,100k,A_rel,MAINJACK,12.72,10.000021,2.000,SOPRA,riferimento g10mai_1k
gm0x10_1k_c,ldr_v4_td6_BB,1000,3.818,0a10,100k,B2,MAINJACK,5.082e-07,8.027344,,sotto,mute da t_ins+t_grad+20 ms a t_rel
gm0x10_1k_c,ldr_v4_td6_BB,1000,3.818,0a10,100k,C1_ins,MAINJACK,0.0001117,8.000333,,sotto,"diagnostica, cond 1"
gm0x10_1k_c,ldr_v4_td6_BB,1000,3.818,0a10,100k,C1_rel,MAINJACK,3.42e-05,10.000312,,sotto,"diagnostica, cond 1"
gm0x10_1k_c,ldr_v4_td6_BB,1000,3.818,0a10,100k,C2_ins,MAINJACK,0.0001117,8.000333,,sotto,"riferimento g10sempre_1k, cond 1"
gm0x10_1k_c,ldr_v4_td6_BB,1000,3.818,0a10,100k,C2_rel,MAINJACK,0.0003641,10.000135,,sotto,"riferimento g10mai_1k, cond 1"
gm0x10_1k_c,ldr_v4_td6_BB,1000,3.818,0a10,100k,S_ins,MAINJACK,0,,,sotto,dB in 100 ms sopra -70 dB; pieno 12.02 V da g10mai_1k
gm0x10_1k_c,ldr_v4_td6_BB,1000,3.818,0a10,100k,S_rel,MAINJACK,0,,,sotto,dB in 100 ms sopra -70 dB; pieno 12.02 V da g10mai_1k
gm0x10_1k_c,ldr_v4_td6_BB,1000,3.818,0a10,100k,A_ins,FIXJACK1,4.049e-08,8.000906,2.000,sotto,riferimento g10sempre_1k
gm0x10_1k_c,ldr_v4_td6_BB,1000,3.818,0a10,100k,A_rel,FIXJACK1,4.035,10.000021,2.000,SOPRA,riferimento g10mai_1k
gm0x10_1k_c,ldr_v4_td6_BB,1000,3.818,0a10,100k,B2,FIXJACK1,4.453e-08,8.020344,,sotto,mute da t_ins+t_grad+20 ms a t_rel
gm0x10_1k_c,ldr_v4_td6_BB,1000,3.818,0a10,100k,C1_ins,FIXJACK1,1.601e-11,8.000323,,sotto,"diagnostica, cond 1"
gm0x10_1k_c,ldr_v4_td6_BB,1000,3.818,0a10,100k,C1_rel,FIXJACK1,1.084e-05,10.000312,,sotto,"diagnostica, cond 1"
gm0x10_1k_c,ldr_v4_td6_BB,1000,3.818,0a10,100k,C2_ins,FIXJACK1,1.6e-11,8.000323,,sotto,"riferimento g10sempre_1k, cond 1"
gm0x10_1k_c,ldr_v4_td6_BB,1000,3.818,0a10,100k,C2_rel,FIXJACK1,4.485e-05,10.000156,,sotto,"riferimento g10mai_1k, cond 1"
gm0x10_1k_c,ldr_v4_td6_BB,1000,3.818,0a10,100k,S_ins,FIXJACK1,0,,,sotto,dB in 100 ms sopra -70 dB; pieno 3.815 V da g10mai_1k
gm0x10_1k_c,ldr_v4_td6_BB,1000,3.818,0a10,100k,S_rel,FIXJACK1,0,,,sotto,dB in 100 ms sopra -70 dB; pieno 3.815 V da g10mai_1k
gm0x10_1k_c,ldr_v4_td6_BB,1000,3.818,0a10,100k,A_ins,FIXJACK2,4.049e-08,8.000906,2.000,sotto,riferimento g10sempre_1k
gm0x10_1k_c,ldr_v4_td6_BB,1000,3.818,0a10,100k,A_rel,FIXJACK2,4.035,10.000021,2.000,SOPRA,riferimento g10mai_1k
gm0x10_1k_c,ldr_v4_td6_BB,1000,3.818,0a10,100k,B2,FIXJACK2,4.453e-08,8.020344,,sotto,mute da t_ins+t_grad+20 ms a t_rel
gm0x10_1k_c,ldr_v4_td6_BB,1000,3.818,0a10,100k,C1_ins,FIXJACK2,1.6e-11,8.000323,,sotto,"diagnostica, cond 1"
gm0x10_1k_c,ldr_v4_td6_BB,1000,3.818,0a10,100k,C1_rel,FIXJACK2,1.084e-05,10.000312,,sotto,"diagnostica, cond 1"
gm0x10_1k_c,ldr_v4_td6_BB,1000,3.818,0a10,100k,C2_ins,FIXJACK2,1.599e-11,8.000323,,sotto,"riferimento g10sempre_1k, cond 1"
gm0x10_1k_c,ldr_v4_td6_BB,1000,3.818,0a10,100k,C2_rel,FIXJACK2,4.485e-05,10.000156,,sotto,"riferimento g10mai_1k, cond 1"
gm0x10_1k_c,ldr_v4_td6_BB,1000,3.818,0a10,100k,S_ins,FIXJACK2,0,,,sotto,dB in 100 ms sopra -70 dB; pieno 3.815 V da g10mai_1k
gm0x10_1k_c,ldr_v4_td6_BB,1000,3.818,0a10,100k,S_rel,FIXJACK2,0,,,sotto,dB in 100 ms sopra -70 dB; pieno 3.815 V da g10mai_1k
gm10x0_1k_i,ldr_v4_td6_BB,1000,3.818,10a0,100k,A_ins,MAINJACK,12.72,1.000021,2.000,SOPRA,riferimento g10sempre_1k
gm10x0_1k_i,ldr_v4_td6_BB,1000,3.818,10a0,100k,A_rel,MAINJACK,12.72,8.000021,2.000,SOPRA,riferimento g10mai_1k
gm10x0_1k_i,ldr_v4_td6_BB,1000,3.818,10a0,100k,B2,MAINJACK,3.292e-07,7.526365,,sotto,mute da t_ins+t_grad+20 ms a t_rel
gm10x0_1k_i,ldr_v4_td6_BB,1000,3.818,10a0,100k,C1_ins,MAINJACK,0.002219,2.353927,,SOPRA,"diagnostica, cond 1"
gm10x0_1k_i,ldr_v4_td6_BB,1000,3.818,10a0,100k,C1_rel,MAINJACK,0.000368,14.176354,,sotto,"diagnostica, cond 1"
gm10x0_1k_i,ldr_v4_td6_BB,1000,3.818,10a0,100k,C2_ins,MAINJACK,0.002219,2.353927,,SOPRA,"riferimento g10sempre_1k, cond 1"
gm10x0_1k_i,ldr_v4_td6_BB,1000,3.818,10a0,100k,C2_rel,MAINJACK,0.0004296,13.656146,,sotto,"riferimento g10mai_1k, cond 1"
gm10x0_1k_i,ldr_v4_td6_BB,1000,3.818,10a0,100k,S_ins,MAINJACK,7.163,6.040000,,sotto,dB in 100 ms sopra -70 dB; pieno 12.02 V da g10mai_1k
gm10x0_1k_i,ldr_v4_td6_BB,1000,3.818,10a0,100k,S_rel,MAINJACK,4.694,11.153000,,sotto,dB in 100 ms sopra -70 dB; pieno 12.02 V da g10mai_1k
gm10x0_1k_i,ldr_v4_td6_BB,1000,3.818,10a0,100k,A_ins,FIXJACK1,4.035,1.000021,2.000,SOPRA,riferimento g10sempre_1k
gm10x0_1k_i,ldr_v4_td6_BB,1000,3.818,10a0,100k,A_rel,FIXJACK1,4.035,8.000021,2.000,SOPRA,riferimento g10mai_1k
gm10x0_1k_i,ldr_v4_td6_BB,1000,3.818,10a0,100k,B2,FIXJACK1,1.069e-07,7.526365,,sotto,mute da t_ins+t_grad+20 ms a t_rel
gm10x0_1k_i,ldr_v4_td6_BB,1000,3.818,10a0,100k,C1_ins,FIXJACK1,0.0006538,2.353927,,sotto,"diagnostica, cond 1"
gm10x0_1k_i,ldr_v4_td6_BB,1000,3.818,10a0,100k,C1_rel,FIXJACK1,0.000368,14.176354,,sotto,"diagnostica, cond 1"
gm10x0_1k_i,ldr_v4_td6_BB,1000,3.818,10a0,100k,C2_ins,FIXJACK1,0.0006538,2.353927,,sotto,"riferimento g10sempre_1k, cond 1"
gm10x0_1k_i,ldr_v4_td6_BB,1000,3.818,10a0,100k,C2_rel,FIXJACK1,0.0003397,14.162344,,sotto,"riferimento g10mai_1k, cond 1"
gm10x0_1k_i,ldr_v4_td6_BB,1000,3.818,10a0,100k,S_ins,FIXJACK1,7.163,6.040000,,sotto,dB in 100 ms sopra -70 dB; pieno 3.815 V da g10mai_1k
gm10x0_1k_i,ldr_v4_td6_BB,1000,3.818,10a0,100k,S_rel,FIXJACK1,5.36,10.959000,,sotto,dB in 100 ms sopra -70 dB; pieno 3.815 V da g10mai_1k
gm10x0_1k_i,ldr_v4_td6_BB,1000,3.818,10a0,100k,A_ins,FIXJACK2,4.035,1.000021,2.000,SOPRA,riferimento g10sempre_1k
gm10x0_1k_i,ldr_v4_td6_BB,1000,3.818,10a0,100k,A_rel,FIXJACK2,4.035,8.000021,2.000,SOPRA,riferimento g10mai_1k
gm10x0_1k_i,ldr_v4_td6_BB,1000,3.818,10a0,100k,B2,FIXJACK2,1.069e-07,7.526365,,sotto,mute da t_ins+t_grad+20 ms a t_rel
gm10x0_1k_i,ldr_v4_td6_BB,1000,3.818,10a0,100k,C1_ins,FIXJACK2,0.0006538,2.353927,,sotto,"diagnostica, cond 1"
gm10x0_1k_i,ldr_v4_td6_BB,1000,3.818,10a0,100k,C1_rel,FIXJACK2,0.000368,14.176354,,sotto,"diagnostica, cond 1"
gm10x0_1k_i,ldr_v4_td6_BB,1000,3.818,10a0,100k,C2_ins,FIXJACK2,0.0006538,2.353927,,sotto,"riferimento g10sempre_1k, cond 1"
gm10x0_1k_i,ldr_v4_td6_BB,1000,3.818,10a0,100k,C2_rel,FIXJACK2,0.0003397,14.162344,,sotto,"riferimento g10mai_1k, cond 1"
gm10x0_1k_i,ldr_v4_td6_BB,1000,3.818,10a0,100k,S_ins,FIXJACK2,7.163,6.040000,,sotto,dB in 100 ms sopra -70 dB; pieno 3.815 V da g10mai_1k
gm10x0_1k_i,ldr_v4_td6_BB,1000,3.818,10a0,100k,S_rel,FIXJACK2,5.36,10.959000,,sotto,dB in 100 ms sopra -70 dB; pieno 3.815 V da g10mai_1k
gm10x0_1k_c,ldr_v4_td6_BB,1000,3.818,10a0,100k,A_ins,MAINJACK,0.0001162,8.000333,2.000,SOPRA,riferimento g0sempre_1k
gm10x0_1k_c,ldr_v4_td6_BB,1000,3.818,10a0,100k,A_rel,MAINJACK,4.035,10.000021,2.000,SOPRA,riferimento g0mai_1k
gm10x0_1k_c,ldr_v4_td6_BB,1000,3.818,10a0,100k,B2,MAINJACK,4.125e-07,8.026844,,sotto,mute da t_ins+t_grad+20 ms a t_rel
gm10x0_1k_c,ldr_v4_td6_BB,1000,3.818,10a0,100k,C1_ins,MAINJACK,0.000112,8.000333,,sotto,"diagnostica, cond 1"
gm10x0_1k_c,ldr_v4_td6_BB,1000,3.818,10a0,100k,C1_rel,MAINJACK,1.084e-05,10.000312,,sotto,"diagnostica, cond 1"
gm10x0_1k_c,ldr_v4_td6_BB,1000,3.818,10a0,100k,C2_ins,MAINJACK,0.000112,8.000333,,sotto,"riferimento g0sempre_1k, cond 1"
gm10x0_1k_c,ldr_v4_td6_BB,1000,3.818,10a0,100k,C2_rel,MAINJACK,4.495e-05,10.000146,,sotto,"riferimento g0mai_1k, cond 1"
gm10x0_1k_c,ldr_v4_td6_BB,1000,3.818,10a0,100k,S_ins,MAINJACK,0,,,sotto,dB in 100 ms sopra -70 dB; pieno 3.814 V da g0mai_1k
gm10x0_1k_c,ldr_v4_td6_BB,1000,3.818,10a0,100k,S_rel,MAINJACK,0,,,sotto,dB in 100 ms sopra -70 dB; pieno 3.814 V da g0mai_1k
gm10x0_1k_c,ldr_v4_td6_BB,1000,3.818,10a0,100k,A_ins,FIXJACK1,4.043e-08,8.000906,2.000,sotto,riferimento g0sempre_1k
gm10x0_1k_c,ldr_v4_td6_BB,1000,3.818,10a0,100k,A_rel,FIXJACK1,4.035,10.000021,2.000,SOPRA,riferimento g0mai_1k
gm10x0_1k_c,ldr_v4_td6_BB,1000,3.818,10a0,100k,B2,FIXJACK1,4.453e-08,8.020344,,sotto,mute da t_ins+t_grad+20 ms a t_rel
gm10x0_1k_c,ldr_v4_td6_BB,1000,3.818,10a0,100k,C1_ins,FIXJACK1,1.891e-10,8.000312,,sotto,"diagnostica, cond 1"
gm10x0_1k_c,ldr_v4_td6_BB,1000,3.818,10a0,100k,C1_rel,FIXJACK1,1.084e-05,10.000312,,sotto,"diagnostica, cond 1"
gm10x0_1k_c,ldr_v4_td6_BB,1000,3.818,10a0,100k,C2_ins,FIXJACK1,1.891e-10,8.000312,,sotto,"riferimento g0sempre_1k, cond 1"
gm10x0_1k_c,ldr_v4_td6_BB,1000,3.818,10a0,100k,C2_rel,FIXJACK1,4.495e-05,10.000146,,sotto,"riferimento g0mai_1k, cond 1"
gm10x0_1k_c,ldr_v4_td6_BB,1000,3.818,10a0,100k,S_ins,FIXJACK1,0,,,sotto,dB in 100 ms sopra -70 dB; pieno 3.815 V da g0mai_1k
gm10x0_1k_c,ldr_v4_td6_BB,1000,3.818,10a0,100k,S_rel,FIXJACK1,0,,,sotto,dB in 100 ms sopra -70 dB; pieno 3.815 V da g0mai_1k
gm10x0_1k_c,ldr_v4_td6_BB,1000,3.818,10a0,100k,A_ins,FIXJACK2,4.043e-08,8.000906,2.000,sotto,riferimento g0sempre_1k
gm10x0_1k_c,ldr_v4_td6_BB,1000,3.818,10a0,100k,A_rel,FIXJACK2,4.035,10.000021,2.000,SOPRA,riferimento g0mai_1k
gm10x0_1k_c,ldr_v4_td6_BB,1000,3.818,10a0,100k,B2,FIXJACK2,4.453e-08,8.020344,,sotto,mute da t_ins+t_grad+20 ms a t_rel
gm10x0_1k_c,ldr_v4_td6_BB,1000,3.818,10a0,100k,C1_ins,FIXJACK2,1.891e-10,8.000312,,sotto,"diagnostica, cond 1"
gm10x0_1k_c,ldr_v4_td6_BB,1000,3.818,10a0,100k,C1_rel,FIXJACK2,1.084e-05,10.000312,,sotto,"diagnostica, cond 1"
gm10x0_1k_c,ldr_v4_td6_BB,1000,3.818,10a0,100k,C2_ins,FIXJACK2,1.891e-10,8.000312,,sotto,"riferimento g0sempre_1k, cond 1"
gm10x0_1k_c,ldr_v4_td6_BB,1000,3.818,10a0,100k,C2_rel,FIXJACK2,4.495e-05,10.000146,,sotto,"riferimento g0mai_1k, cond 1"
gm10x0_1k_c,ldr_v4_td6_BB,1000,3.818,10a0,100k,S_ins,FIXJACK2,0,,,sotto,dB in 100 ms sopra -70 dB; pieno 3.815 V da g0mai_1k
gm10x0_1k_c,ldr_v4_td6_BB,1000,3.818,10a0,100k,S_rel,FIXJACK2,0,,,sotto,dB in 100 ms sopra -70 dB; pieno 3.815 V da g0mai_1k
gm0x3_20_i,ldr_v4_td6_BB,20,3.818,0a3,100k,A_ins,MAINJACK,4.063,1.000031,2.000,SOPRA,riferimento g0sempre_20
gm0x3_20_i,ldr_v4_td6_BB,20,3.818,0a3,100k,A_rel,MAINJACK,4.063,8.000031,2.000,SOPRA,riferimento g0mai_20
gm0x3_20_i,ldr_v4_td6_BB,20,3.818,0a3,100k,B2,MAINJACK,2.698e-06,7.526354,,sotto,mute da t_ins+t_grad+20 ms a t_rel
gm0x3_20_i,ldr_v4_td6_BB,20,3.818,0a3,100k,C1_ins,MAINJACK,0.00254,5.499760,,SOPRA,"diagnostica, cond 7.22"
gm0x3_20_i,ldr_v4_td6_BB,20,3.818,0a3,100k,C1_rel,MAINJACK,0.003151,14.024812,,SOPRA,"diagnostica, cond 7.22"
gm0x3_20_i,ldr_v4_td6_BB,20,3.818,0a3,100k,C2_ins,MAINJACK,0.00254,5.499760,,SOPRA,"riferimento g0sempre_20, cond 7.22"
gm0x3_20_i,ldr_v4_td6_BB,20,3.818,0a3,100k,C2_rel,MAINJACK,0.003152,13.999823,,SOPRA,"riferimento g0mai_20, cond 7.22"
gm0x3_20_i,ldr_v4_td6_BB,20,3.818,0a3,100k,S_ins,MAINJACK,7.158,6.030000,,sotto,dB in 100 ms sopra -70 dB; pieno 3.813 V da g0mai_20
gm0x3_20_i,ldr_v4_td6_BB,20,3.818,0a3,100k,S_rel,MAINJACK,3.839,11.837000,,sotto,dB in 100 ms sopra -70 dB; pieno 3.813 V da g0mai_20
gm0x3_20_i,ldr_v4_td6_BB,20,3.818,0a3,100k,A_ins,FIXJACK1,4.064,1.000031,2.000,SOPRA,riferimento g0sempre_20
gm0x3_20_i,ldr_v4_td6_BB,20,3.818,0a3,100k,A_rel,FIXJACK1,4.064,8.000031,2.000,SOPRA,riferimento g0mai_20
gm0x3_20_i,ldr_v4_td6_BB,20,3.818,0a3,100k,B2,FIXJACK1,2.683e-06,7.526385,,sotto,mute da t_ins+t_grad+20 ms a t_rel
gm0x3_20_i,ldr_v4_td6_BB,20,3.818,0a3,100k,C1_ins,FIXJACK1,0.00254,5.499792,,SOPRA,"diagnostica, cond 7.22"
gm0x3_20_i,ldr_v4_td6_BB,20,3.818,0a3,100k,C1_rel,FIXJACK1,0.00222,14.024844,,SOPRA,"diagnostica, cond 7.22"
gm0x3_20_i,ldr_v4_td6_BB,20,3.818,0a3,100k,C2_ins,FIXJACK1,0.00254,5.499792,,SOPRA,"riferimento g0sempre_20, cond 7.22"
gm0x3_20_i,ldr_v4_td6_BB,20,3.818,0a3,100k,C2_rel,FIXJACK1,0.00222,13.999854,,SOPRA,"riferimento g0mai_20, cond 7.22"
gm0x3_20_i,ldr_v4_td6_BB,20,3.818,0a3,100k,S_ins,FIXJACK1,7.158,6.030000,,sotto,dB in 100 ms sopra -70 dB; pieno 3.814 V da g0mai_20
gm0x3_20_i,ldr_v4_td6_BB,20,3.818,0a3,100k,S_rel,FIXJACK1,3.839,11.837000,,sotto,dB in 100 ms sopra -70 dB; pieno 3.814 V da g0mai_20
gm0x3_20_i,ldr_v4_td6_BB,20,3.818,0a3,100k,A_ins,FIXJACK2,4.064,1.000031,2.000,SOPRA,riferimento g0sempre_20
gm0x3_20_i,ldr_v4_td6_BB,20,3.818,0a3,100k,A_rel,FIXJACK2,4.064,8.000031,2.000,SOPRA,riferimento g0mai_20
gm0x3_20_i,ldr_v4_td6_BB,20,3.818,0a3,100k,B2,FIXJACK2,2.683e-06,7.526385,,sotto,mute da t_ins+t_grad+20 ms a t_rel
gm0x3_20_i,ldr_v4_td6_BB,20,3.818,0a3,100k,C1_ins,FIXJACK2,0.00254,5.499792,,SOPRA,"diagnostica, cond 7.22"
gm0x3_20_i,ldr_v4_td6_BB,20,3.818,0a3,100k,C1_rel,FIXJACK2,0.00222,14.024844,,SOPRA,"diagnostica, cond 7.22"
gm0x3_20_i,ldr_v4_td6_BB,20,3.818,0a3,100k,C2_ins,FIXJACK2,0.00254,5.499792,,SOPRA,"riferimento g0sempre_20, cond 7.22"
gm0x3_20_i,ldr_v4_td6_BB,20,3.818,0a3,100k,C2_rel,FIXJACK2,0.00222,13.999854,,SOPRA,"riferimento g0mai_20, cond 7.22"
gm0x3_20_i,ldr_v4_td6_BB,20,3.818,0a3,100k,S_ins,FIXJACK2,7.158,6.030000,,sotto,dB in 100 ms sopra -70 dB; pieno 3.814 V da g0mai_20
gm0x3_20_i,ldr_v4_td6_BB,20,3.818,0a3,100k,S_rel,FIXJACK2,3.839,11.837000,,sotto,dB in 100 ms sopra -70 dB; pieno 3.814 V da g0mai_20
gm0x3_20_c,ldr_v4_td6_BB,20,3.818,0a3,100k,A_ins,MAINJACK,2.696e-05,8.000031,2.000,sotto,riferimento g3sempre_20
gm0x3_20_c,ldr_v4_td6_BB,20,3.818,0a3,100k,A_rel,MAINJACK,5.77,10.000031,2.000,SOPRA,riferimento g3mai_20
gm0x3_20_c,ldr_v4_td6_BB,20,3.818,0a3,100k,B2,MAINJACK,7.066e-08,8.027021,,sotto,mute da t_ins+t_grad+20 ms a t_rel
gm0x3_20_c,ldr_v4_td6_BB,20,3.818,0a3,100k,C1_ins,MAINJACK,2.669e-05,8.000031,,sotto,"diagnostica, cond 7.22"
gm0x3_20_c,ldr_v4_td6_BB,20,3.818,0a3,100k,C1_rel,MAINJACK,2.286e-07,10.000594,,sotto,"diagnostica, cond 7.22"
gm0x3_20_c,ldr_v4_td6_BB,20,3.818,0a3,100k,C2_ins,MAINJACK,2.669e-05,8.000031,,sotto,"riferimento g3sempre_20, cond 7.22"
gm0x3_20_c,ldr_v4_td6_BB,20,3.818,0a3,100k,C2_rel,MAINJACK,2.448e-06,10.107406,,sotto,"riferimento g3mai_20, cond 7.22"
gm0x3_20_c,ldr_v4_td6_BB,20,3.818,0a3,100k,S_ins,MAINJACK,0,,,sotto,dB in 100 ms sopra -70 dB; pieno 5.415 V da g3mai_20
gm0x3_20_c,ldr_v4_td6_BB,20,3.818,0a3,100k,S_rel,MAINJACK,0,,,sotto,dB in 100 ms sopra -70 dB; pieno 5.415 V da g3mai_20
gm0x3_20_c,ldr_v4_td6_BB,20,3.818,0a3,100k,A_ins,FIXJACK1,9.245e-10,8.050000,2.000,sotto,riferimento g3sempre_20
gm0x3_20_c,ldr_v4_td6_BB,20,3.818,0a3,100k,A_rel,FIXJACK1,4.064,10.000031,2.000,SOPRA,riferimento g3mai_20
gm0x3_20_c,ldr_v4_td6_BB,20,3.818,0a3,100k,B2,FIXJACK1,9.901e-10,8.024990,,sotto,mute da t_ins+t_grad+20 ms a t_rel
gm0x3_20_c,ldr_v4_td6_BB,20,3.818,0a3,100k,C1_ins,FIXJACK1,6.172e-11,8.000010,,sotto,"diagnostica, cond 7.22"
gm0x3_20_c,ldr_v4_td6_BB,20,3.818,0a3,100k,C1_rel,FIXJACK1,1.611e-07,10.000594,,sotto,"diagnostica, cond 7.22"
gm0x3_20_c,ldr_v4_td6_BB,20,3.818,0a3,100k,C2_ins,FIXJACK1,6.171e-11,8.000010,,sotto,"riferimento g3sempre_20, cond 7.22"
gm0x3_20_c,ldr_v4_td6_BB,20,3.818,0a3,100k,C2_rel,FIXJACK1,1.119e-06,10.107583,,sotto,"riferimento g3mai_20, cond 7.22"
gm0x3_20_c,ldr_v4_td6_BB,20,3.818,0a3,100k,S_ins,FIXJACK1,0,,,sotto,dB in 100 ms sopra -70 dB; pieno 3.814 V da g3mai_20
gm0x3_20_c,ldr_v4_td6_BB,20,3.818,0a3,100k,S_rel,FIXJACK1,0,,,sotto,dB in 100 ms sopra -70 dB; pieno 3.814 V da g3mai_20
gm0x3_20_c,ldr_v4_td6_BB,20,3.818,0a3,100k,A_ins,FIXJACK2,9.244e-10,8.050010,2.000,sotto,riferimento g3sempre_20
gm0x3_20_c,ldr_v4_td6_BB,20,3.818,0a3,100k,A_rel,FIXJACK2,4.064,10.000031,2.000,SOPRA,riferimento g3mai_20
gm0x3_20_c,ldr_v4_td6_BB,20,3.818,0a3,100k,B2,FIXJACK2,9.901e-10,8.025010,,sotto,mute da t_ins+t_grad+20 ms a t_rel
gm0x3_20_c,ldr_v4_td6_BB,20,3.818,0a3,100k,C1_ins,FIXJACK2,6.17e-11,8.000010,,sotto,"diagnostica, cond 7.22"
gm0x3_20_c,ldr_v4_td6_BB,20,3.818,0a3,100k,C1_rel,FIXJACK2,1.611e-07,10.000594,,sotto,"diagnostica, cond 7.22"
gm0x3_20_c,ldr_v4_td6_BB,20,3.818,0a3,100k,C2_ins,FIXJACK2,6.17e-11,8.000010,,sotto,"riferimento g3sempre_20, cond 7.22"
gm0x3_20_c,ldr_v4_td6_BB,20,3.818,0a3,100k,C2_rel,FIXJACK2,1.119e-06,10.107573,,sotto,"riferimento g3mai_20, cond 7.22"
gm0x3_20_c,ldr_v4_td6_BB,20,3.818,0a3,100k,S_ins,FIXJACK2,0,,,sotto,dB in 100 ms sopra -70 dB; pieno 3.814 V da g3mai_20
gm0x3_20_c,ldr_v4_td6_BB,20,3.818,0a3,100k,S_rel,FIXJACK2,0,,,sotto,dB in 100 ms sopra -70 dB; pieno 3.814 V da g3mai_20
gm3x0_20_i,ldr_v4_td6_BB,20,3.818,3a0,100k,A_ins,MAINJACK,5.77,1.000031,2.000,SOPRA,riferimento g3sempre_20
gm3x0_20_i,ldr_v4_td6_BB,20,3.818,3a0,100k,A_rel,MAINJACK,5.77,8.000031,2.000,SOPRA,riferimento g3mai_20
gm3x0_20_i,ldr_v4_td6_BB,20,3.818,3a0,100k,B2,MAINJACK,3.831e-06,7.526354,,sotto,mute da t_ins+t_grad+20 ms a t_rel
gm3x0_20_i,ldr_v4_td6_BB,20,3.818,3a0,100k,C1_ins,MAINJACK,0.003607,5.499760,,SOPRA,"diagnostica, cond 7.22"
gm3x0_20_i,ldr_v4_td6_BB,20,3.818,3a0,100k,C1_rel,MAINJACK,0.002219,14.024812,,SOPRA,"diagnostica, cond 7.22"
gm3x0_20_i,ldr_v4_td6_BB,20,3.818,3a0,100k,C2_ins,MAINJACK,0.003607,5.499760,,SOPRA,"riferimento g3sempre_20, cond 7.22"
gm3x0_20_i,ldr_v4_td6_BB,20,3.818,3a0,100k,C2_rel,MAINJACK,0.002221,13.999813,,SOPRA,"riferimento g3mai_20, cond 7.22"
gm3x0_20_i,ldr_v4_td6_BB,20,3.818,3a0,100k,S_ins,MAINJACK,7.158,6.030000,,sotto,dB in 100 ms sopra -70 dB; pieno 5.415 V da g3mai_20
gm3x0_20_i,ldr_v4_td6_BB,20,3.818,3a0,100k,S_rel,MAINJACK,3.79,11.887000,,sotto,dB in 100 ms sopra -70 dB; pieno 5.415 V da g3mai_20
gm3x0_20_i,ldr_v4_td6_BB,20,3.818,3a0,100k,A_ins,FIXJACK1,4.064,1.000031,2.000,SOPRA,riferimento g3sempre_20
gm3x0_20_i,ldr_v4_td6_BB,20,3.818,3a0,100k,A_rel,FIXJACK1,4.064,8.000031,2.000,SOPRA,riferimento g3mai_20
gm3x0_20_i,ldr_v4_td6_BB,20,3.818,3a0,100k,B2,FIXJACK1,2.683e-06,7.526385,,sotto,mute da t_ins+t_grad+20 ms a t_rel
gm3x0_20_i,ldr_v4_td6_BB,20,3.818,3a0,100k,C1_ins,FIXJACK1,0.00254,5.499792,,SOPRA,"diagnostica, cond 7.22"
gm3x0_20_i,ldr_v4_td6_BB,20,3.818,3a0,100k,C1_rel,FIXJACK1,0.00222,14.024844,,SOPRA,"diagnostica, cond 7.22"
gm3x0_20_i,ldr_v4_td6_BB,20,3.818,3a0,100k,C2_ins,FIXJACK1,0.00254,5.499792,,SOPRA,"riferimento g3sempre_20, cond 7.22"
gm3x0_20_i,ldr_v4_td6_BB,20,3.818,3a0,100k,C2_rel,FIXJACK1,0.00222,13.999854,,SOPRA,"riferimento g3mai_20, cond 7.22"
gm3x0_20_i,ldr_v4_td6_BB,20,3.818,3a0,100k,S_ins,FIXJACK1,7.158,6.030000,,sotto,dB in 100 ms sopra -70 dB; pieno 3.814 V da g3mai_20
gm3x0_20_i,ldr_v4_td6_BB,20,3.818,3a0,100k,S_rel,FIXJACK1,3.839,11.837000,,sotto,dB in 100 ms sopra -70 dB; pieno 3.814 V da g3mai_20
gm3x0_20_i,ldr_v4_td6_BB,20,3.818,3a0,100k,A_ins,FIXJACK2,4.064,1.000031,2.000,SOPRA,riferimento g3sempre_20
gm3x0_20_i,ldr_v4_td6_BB,20,3.818,3a0,100k,A_rel,FIXJACK2,4.064,8.000031,2.000,SOPRA,riferimento g3mai_20
gm3x0_20_i,ldr_v4_td6_BB,20,3.818,3a0,100k,B2,FIXJACK2,2.683e-06,7.526385,,sotto,mute da t_ins+t_grad+20 ms a t_rel
gm3x0_20_i,ldr_v4_td6_BB,20,3.818,3a0,100k,C1_ins,FIXJACK2,0.00254,5.499792,,SOPRA,"diagnostica, cond 7.22"
gm3x0_20_i,ldr_v4_td6_BB,20,3.818,3a0,100k,C1_rel,FIXJACK2,0.00222,14.024844,,SOPRA,"diagnostica, cond 7.22"
gm3x0_20_i,ldr_v4_td6_BB,20,3.818,3a0,100k,C2_ins,FIXJACK2,0.00254,5.499792,,SOPRA,"riferimento g3sempre_20, cond 7.22"
gm3x0_20_i,ldr_v4_td6_BB,20,3.818,3a0,100k,C2_rel,FIXJACK2,0.00222,13.999854,,SOPRA,"riferimento g3mai_20, cond 7.22"
gm3x0_20_i,ldr_v4_td6_BB,20,3.818,3a0,100k,S_ins,FIXJACK2,7.158,6.030000,,sotto,dB in 100 ms sopra -70 dB; pieno 3.814 V da g3mai_20
gm3x0_20_i,ldr_v4_td6_BB,20,3.818,3a0,100k,S_rel,FIXJACK2,3.839,11.837000,,sotto,dB in 100 ms sopra -70 dB; pieno 3.814 V da g3mai_20
gm3x0_20_c,ldr_v4_td6_BB,20,3.818,3a0,100k,A_ins,MAINJACK,2.696e-05,8.000031,2.000,sotto,riferimento g0sempre_20
gm3x0_20_c,ldr_v4_td6_BB,20,3.818,3a0,100k,A_rel,MAINJACK,4.063,10.000031,2.000,SOPRA,riferimento g0mai_20
gm3x0_20_c,ldr_v4_td6_BB,20,3.818,3a0,100k,B2,MAINJACK,7.333e-08,8.026948,,sotto,mute da t_ins+t_grad+20 ms a t_rel
gm3x0_20_c,ldr_v4_td6_BB,20,3.818,3a0,100k,C1_ins,MAINJACK,2.669e-05,8.000031,,sotto,"diagnostica, cond 7.22"
gm3x0_20_c,ldr_v4_td6_BB,20,3.818,3a0,100k,C1_rel,MAINJACK,1.609e-07,10.000594,,sotto,"diagnostica, cond 7.22"
gm3x0_20_c,ldr_v4_td6_BB,20,3.818,3a0,100k,C2_ins,MAINJACK,2.669e-05,8.000031,,sotto,"riferimento g0sempre_20, cond 7.22"
gm3x0_20_c,ldr_v4_td6_BB,20,3.818,3a0,100k,C2_rel,MAINJACK,1.12e-06,10.107573,,sotto,"riferimento g0mai_20, cond 7.22"
gm3x0_20_c,ldr_v4_td6_BB,20,3.818,3a0,100k,S_ins,MAINJACK,0,,,sotto,dB in 100 ms sopra -70 dB; pieno 3.813 V da g0mai_20
gm3x0_20_c,ldr_v4_td6_BB,20,3.818,3a0,100k,S_rel,MAINJACK,0,,,sotto,dB in 100 ms sopra -70 dB; pieno 3.813 V da g0mai_20
gm3x0_20_c,ldr_v4_td6_BB,20,3.818,3a0,100k,A_ins,FIXJACK1,9.244e-10,8.050021,2.000,sotto,riferimento g0sempre_20
gm3x0_20_c,ldr_v4_td6_BB,20,3.818,3a0,100k,A_rel,FIXJACK1,4.064,10.000031,2.000,SOPRA,riferimento g0mai_20
gm3x0_20_c,ldr_v4_td6_BB,20,3.818,3a0,100k,B2,FIXJACK1,9.902e-10,8.025010,,sotto,mute da t_ins+t_grad+20 ms a t_rel
gm3x0_20_c,ldr_v4_td6_BB,20,3.818,3a0,100k,C1_ins,FIXJACK1,1.782e-11,8.000010,,sotto,"diagnostica, cond 7.22"
gm3x0_20_c,ldr_v4_td6_BB,20,3.818,3a0,100k,C1_rel,FIXJACK1,1.611e-07,10.000594,,sotto,"diagnostica, cond 7.22"
gm3x0_20_c,ldr_v4_td6_BB,20,3.818,3a0,100k,C2_ins,FIXJACK1,1.782e-11,8.000010,,sotto,"riferimento g0sempre_20, cond 7.22"
gm3x0_20_c,ldr_v4_td6_BB,20,3.818,3a0,100k,C2_rel,FIXJACK1,1.119e-06,10.107583,,sotto,"riferimento g0mai_20, cond 7.22"
gm3x0_20_c,ldr_v4_td6_BB,20,3.818,3a0,100k,S_ins,FIXJACK1,0,,,sotto,dB in 100 ms sopra -70 dB; pieno 3.814 V da g0mai_20
gm3x0_20_c,ldr_v4_td6_BB,20,3.818,3a0,100k,S_rel,FIXJACK1,0,,,sotto,dB in 100 ms sopra -70 dB; pieno 3.814 V da g0mai_20
gm3x0_20_c,ldr_v4_td6_BB,20,3.818,3a0,100k,A_ins,FIXJACK2,9.244e-10,8.050010,2.000,sotto,riferimento g0sempre_20
gm3x0_20_c,ldr_v4_td6_BB,20,3.818,3a0,100k,A_rel,FIXJACK2,4.064,10.000031,2.000,SOPRA,riferimento g0mai_20
gm3x0_20_c,ldr_v4_td6_BB,20,3.818,3a0,100k,B2,FIXJACK2,9.902e-10,8.025010,,sotto,mute da t_ins+t_grad+20 ms a t_rel
gm3x0_20_c,ldr_v4_td6_BB,20,3.818,3a0,100k,C1_ins,FIXJACK2,1.78e-11,8.000010,,sotto,"diagnostica, cond 7.22"
gm3x0_20_c,ldr_v4_td6_BB,20,3.818,3a0,100k,C1_rel,FIXJACK2,1.611e-07,10.000594,,sotto,"diagnostica, cond 7.22"
gm3x0_20_c,ldr_v4_td6_BB,20,3.818,3a0,100k,C2_ins,FIXJACK2,1.78e-11,8.000010,,sotto,"riferimento g0sempre_20, cond 7.22"
gm3x0_20_c,ldr_v4_td6_BB,20,3.818,3a0,100k,C2_rel,FIXJACK2,1.119e-06,10.107583,,sotto,"riferimento g0mai_20, cond 7.22"
gm3x0_20_c,ldr_v4_td6_BB,20,3.818,3a0,100k,S_ins,FIXJACK2,0,,,sotto,dB in 100 ms sopra -70 dB; pieno 3.814 V da g0mai_20
gm3x0_20_c,ldr_v4_td6_BB,20,3.818,3a0,100k,S_rel,FIXJACK2,0,,,sotto,dB in 100 ms sopra -70 dB; pieno 3.814 V da g0mai_20
gm3x10_20_i,ldr_v4_td6_BB,20,3.818,3a10,100k,A_ins,MAINJACK,5.77,1.000031,2.000,SOPRA,riferimento g3sempre_20
gm3x10_20_i,ldr_v4_td6_BB,20,3.818,3a10,100k,A_rel,MAINJACK,5.77,8.000031,2.000,SOPRA,riferimento g3mai_20
gm3x10_20_i,ldr_v4_td6_BB,20,3.818,3a10,100k,B2,MAINJACK,3.831e-06,7.526354,,sotto,mute da t_ins+t_grad+20 ms a t_rel
gm3x10_20_i,ldr_v4_td6_BB,20,3.818,3a10,100k,C1_ins,MAINJACK,0.003607,5.499760,,SOPRA,"diagnostica, cond 7.22"
gm3x10_20_i,ldr_v4_td6_BB,20,3.818,3a10,100k,C1_rel,MAINJACK,0.006989,13.999833,,SOPRA,"diagnostica, cond 7.22"
gm3x10_20_i,ldr_v4_td6_BB,20,3.818,3a10,100k,C2_ins,MAINJACK,0.003607,5.499760,,SOPRA,"riferimento g3sempre_20, cond 7.22"
gm3x10_20_i,ldr_v4_td6_BB,20,3.818,3a10,100k,C2_rel,MAINJACK,0.006991,13.999833,,SOPRA,"riferimento g3mai_20, cond 7.22"
gm3x10_20_i,ldr_v4_td6_BB,20,3.818,3a10,100k,S_ins,MAINJACK,7.158,6.030000,,sotto,dB in 100 ms sopra -70 dB; pieno 5.415 V da g3mai_20
gm3x10_20_i,ldr_v4_td6_BB,20,3.818,3a10,100k,S_rel,MAINJACK,3.868,11.176000,,sotto,dB in 100 ms sopra -70 dB; pieno 5.415 V da g3mai_20
gm3x10_20_i,ldr_v4_td6_BB,20,3.818,3a10,100k,A_ins,FIXJACK1,4.064,1.000031,2.000,SOPRA,riferimento g3sempre_20
gm3x10_20_i,ldr_v4_td6_BB,20,3.818,3a10,100k,A_rel,FIXJACK1,4.064,8.000031,2.000,SOPRA,riferimento g3mai_20
gm3x10_20_i,ldr_v4_td6_BB,20,3.818,3a10,100k,B2,FIXJACK1,2.683e-06,7.526385,,sotto,mute da t_ins+t_grad+20 ms a t_rel
gm3x10_20_i,ldr_v4_td6_BB,20,3.818,3a10,100k,C1_ins,FIXJACK1,0.00254,5.499792,,SOPRA,"diagnostica, cond 7.22"
gm3x10_20_i,ldr_v4_td6_BB,20,3.818,3a10,100k,C1_rel,FIXJACK1,0.00222,14.024844,,SOPRA,"diagnostica, cond 7.22"
gm3x10_20_i,ldr_v4_td6_BB,20,3.818,3a10,100k,C2_ins,FIXJACK1,0.00254,5.499792,,SOPRA,"riferimento g3sempre_20, cond 7.22"
gm3x10_20_i,ldr_v4_td6_BB,20,3.818,3a10,100k,C2_rel,FIXJACK1,0.00222,13.999854,,SOPRA,"riferimento g3mai_20, cond 7.22"
gm3x10_20_i,ldr_v4_td6_BB,20,3.818,3a10,100k,S_ins,FIXJACK1,7.158,6.030000,,sotto,dB in 100 ms sopra -70 dB; pieno 3.814 V da g3mai_20
gm3x10_20_i,ldr_v4_td6_BB,20,3.818,3a10,100k,S_rel,FIXJACK1,3.839,11.837000,,sotto,dB in 100 ms sopra -70 dB; pieno 3.814 V da g3mai_20
gm3x10_20_i,ldr_v4_td6_BB,20,3.818,3a10,100k,A_ins,FIXJACK2,4.064,1.000031,2.000,SOPRA,riferimento g3sempre_20
gm3x10_20_i,ldr_v4_td6_BB,20,3.818,3a10,100k,A_rel,FIXJACK2,4.064,8.000031,2.000,SOPRA,riferimento g3mai_20
gm3x10_20_i,ldr_v4_td6_BB,20,3.818,3a10,100k,B2,FIXJACK2,2.683e-06,7.526385,,sotto,mute da t_ins+t_grad+20 ms a t_rel
gm3x10_20_i,ldr_v4_td6_BB,20,3.818,3a10,100k,C1_ins,FIXJACK2,0.00254,5.499792,,SOPRA,"diagnostica, cond 7.22"
gm3x10_20_i,ldr_v4_td6_BB,20,3.818,3a10,100k,C1_rel,FIXJACK2,0.00222,14.024844,,SOPRA,"diagnostica, cond 7.22"
gm3x10_20_i,ldr_v4_td6_BB,20,3.818,3a10,100k,C2_ins,FIXJACK2,0.00254,5.499792,,SOPRA,"riferimento g3sempre_20, cond 7.22"
gm3x10_20_i,ldr_v4_td6_BB,20,3.818,3a10,100k,C2_rel,FIXJACK2,0.00222,13.999854,,SOPRA,"riferimento g3mai_20, cond 7.22"
gm3x10_20_i,ldr_v4_td6_BB,20,3.818,3a10,100k,S_ins,FIXJACK2,7.158,6.030000,,sotto,dB in 100 ms sopra -70 dB; pieno 3.814 V da g3mai_20
gm3x10_20_i,ldr_v4_td6_BB,20,3.818,3a10,100k,S_rel,FIXJACK2,3.839,11.837000,,sotto,dB in 100 ms sopra -70 dB; pieno 3.814 V da g3mai_20
gm3x10_20_c,ldr_v4_td6_BB,20,3.818,3a10,100k,A_ins,MAINJACK,0.0001114,8.000031,2.000,SOPRA,riferimento g10sempre_20
gm3x10_20_c,ldr_v4_td6_BB,20,3.818,3a10,100k,A_rel,MAINJACK,12.8,10.000031,2.000,SOPRA,riferimento g10mai_20
gm3x10_20_c,ldr_v4_td6_BB,20,3.818,3a10,100k,B2,MAINJACK,2.887e-07,8.027010,,sotto,mute da t_ins+t_grad+20 ms a t_rel
gm3x10_20_c,ldr_v4_td6_BB,20,3.818,3a10,100k,C1_ins,MAINJACK,0.0001103,8.000031,,sotto,"diagnostica, cond 7.22"
gm3x10_20_c,ldr_v4_td6_BB,20,3.818,3a10,100k,C1_rel,MAINJACK,5.071e-07,10.000594,,sotto,"diagnostica, cond 7.22"
gm3x10_20_c,ldr_v4_td6_BB,20,3.818,3a10,100k,C2_ins,MAINJACK,0.0001103,8.000031,,sotto,"riferimento g10sempre_20, cond 7.22"
gm3x10_20_c,ldr_v4_td6_BB,20,3.818,3a10,100k,C2_rel,MAINJACK,0.0001461,10.024771,,sotto,"riferimento g10mai_20, cond 7.22"
gm3x10_20_c,ldr_v4_td6_BB,20,3.818,3a10,100k,S_ins,MAINJACK,0,,,sotto,dB in 100 ms sopra -70 dB; pieno 12.02 V da g10mai_20
gm3x10_20_c,ldr_v4_td6_BB,20,3.818,3a10,100k,S_rel,MAINJACK,0,,,sotto,dB in 100 ms sopra -70 dB; pieno 12.02 V da g10mai_20
gm3x10_20_c,ldr_v4_td6_BB,20,3.818,3a10,100k,A_ins,FIXJACK1,9.244e-10,8.050021,2.000,sotto,riferimento g10sempre_20
gm3x10_20_c,ldr_v4_td6_BB,20,3.818,3a10,100k,A_rel,FIXJACK1,4.064,10.000031,2.000,SOPRA,riferimento g10mai_20
gm3x10_20_c,ldr_v4_td6_BB,20,3.818,3a10,100k,B2,FIXJACK1,9.901e-10,8.024990,,sotto,mute da t_ins+t_grad+20 ms a t_rel
gm3x10_20_c,ldr_v4_td6_BB,20,3.818,3a10,100k,C1_ins,FIXJACK1,7.677e-11,8.000312,,sotto,"diagnostica, cond 7.22"
gm3x10_20_c,ldr_v4_td6_BB,20,3.818,3a10,100k,C1_rel,FIXJACK1,1.611e-07,10.000594,,sotto,"diagnostica, cond 7.22"
gm3x10_20_c,ldr_v4_td6_BB,20,3.818,3a10,100k,C2_ins,FIXJACK1,7.676e-11,8.000312,,sotto,"riferimento g10sempre_20, cond 7.22"
gm3x10_20_c,ldr_v4_td6_BB,20,3.818,3a10,100k,C2_rel,FIXJACK1,1.119e-06,10.107573,,sotto,"riferimento g10mai_20, cond 7.22"
gm3x10_20_c,ldr_v4_td6_BB,20,3.818,3a10,100k,S_ins,FIXJACK1,0,,,sotto,dB in 100 ms sopra -70 dB; pieno 3.814 V da g10mai_20
gm3x10_20_c,ldr_v4_td6_BB,20,3.818,3a10,100k,S_rel,FIXJACK1,0,,,sotto,dB in 100 ms sopra -70 dB; pieno 3.814 V da g10mai_20
gm3x10_20_c,ldr_v4_td6_BB,20,3.818,3a10,100k,A_ins,FIXJACK2,9.244e-10,8.050042,2.000,sotto,riferimento g10sempre_20
gm3x10_20_c,ldr_v4_td6_BB,20,3.818,3a10,100k,A_rel,FIXJACK2,4.064,10.000031,2.000,SOPRA,riferimento g10mai_20
gm3x10_20_c,ldr_v4_td6_BB,20,3.818,3a10,100k,B2,FIXJACK2,9.901e-10,8.025000,,sotto,mute da t_ins+t_grad+20 ms a t_rel
gm3x10_20_c,ldr_v4_td6_BB,20,3.818,3a10,100k,C1_ins,FIXJACK2,7.678e-11,8.000312,,sotto,"diagnostica, cond 7.22"
gm3x10_20_c,ldr_v4_td6_BB,20,3.818,3a10,100k,C1_rel,FIXJACK2,1.611e-07,10.000594,,sotto,"diagnostica, cond 7.22"
gm3x10_20_c,ldr_v4_td6_BB,20,3.818,3a10,100k,C2_ins,FIXJACK2,7.677e-11,8.000312,,sotto,"riferimento g10sempre_20, cond 7.22"
gm3x10_20_c,ldr_v4_td6_BB,20,3.818,3a10,100k,C2_rel,FIXJACK2,1.119e-06,10.107573,,sotto,"riferimento g10mai_20, cond 7.22"
gm3x10_20_c,ldr_v4_td6_BB,20,3.818,3a10,100k,S_ins,FIXJACK2,0,,,sotto,dB in 100 ms sopra -70 dB; pieno 3.814 V da g10mai_20
gm3x10_20_c,ldr_v4_td6_BB,20,3.818,3a10,100k,S_rel,FIXJACK2,0,,,sotto,dB in 100 ms sopra -70 dB; pieno 3.814 V da g10mai_20
gm10x3_20_i,ldr_v4_td6_BB,20,3.818,10a3,100k,A_ins,MAINJACK,12.8,1.000031,2.000,SOPRA,riferimento g10sempre_20
gm10x3_20_i,ldr_v4_td6_BB,20,3.818,10a3,100k,A_rel,MAINJACK,12.8,8.000031,2.000,SOPRA,riferimento g10mai_20
gm10x3_20_i,ldr_v4_td6_BB,20,3.818,10a3,100k,B2,MAINJACK,8.5e-06,7.526354,,sotto,mute da t_ins+t_grad+20 ms a t_rel
gm10x3_20_i,ldr_v4_td6_BB,20,3.818,10a3,100k,C1_ins,MAINJACK,0.008004,5.499760,,SOPRA,"diagnostica, cond 7.22"
gm10x3_20_i,ldr_v4_td6_BB,20,3.818,10a3,100k,C1_rel,MAINJACK,0.003151,14.024812,,SOPRA,"diagnostica, cond 7.22"
gm10x3_20_i,ldr_v4_td6_BB,20,3.818,10a3,100k,C2_ins,MAINJACK,0.008004,5.499760,,SOPRA,"riferimento g10sempre_20, cond 7.22"
gm10x3_20_i,ldr_v4_td6_BB,20,3.818,10a3,100k,C2_rel,MAINJACK,0.003297,14.024781,,SOPRA,"riferimento g10mai_20, cond 7.22"
gm10x3_20_i,ldr_v4_td6_BB,20,3.818,10a3,100k,S_ins,MAINJACK,7.158,6.030000,,sotto,dB in 100 ms sopra -70 dB; pieno 12.02 V da g10mai_20
gm10x3_20_i,ldr_v4_td6_BB,20,3.818,10a3,100k,S_rel,MAINJACK,3.652,11.987000,,sotto,dB in 100 ms sopra -70 dB; pieno 12.02 V da g10mai_20
gm10x3_20_i,ldr_v4_td6_BB,20,3.818,10a3,100k,A_ins,FIXJACK1,4.064,1.000031,2.000,SOPRA,riferimento g10sempre_20
gm10x3_20_i,ldr_v4_td6_BB,20,3.818,10a3,100k,A_rel,FIXJACK1,4.064,8.000031,2.000,SOPRA,riferimento g10mai_20
gm10x3_20_i,ldr_v4_td6_BB,20,3.818,10a3,100k,B2,FIXJACK1,2.682e-06,7.526385,,sotto,mute da t_ins+t_grad+20 ms a t_rel
gm10x3_20_i,ldr_v4_td6_BB,20,3.818,10a3,100k,C1_ins,FIXJACK1,0.00254,5.499792,,SOPRA,"diagnostica, cond 7.22"
gm10x3_20_i,ldr_v4_td6_BB,20,3.818,10a3,100k,C1_rel,FIXJACK1,0.00222,14.024844,,SOPRA,"diagnostica, cond 7.22"
gm10x3_20_i,ldr_v4_td6_BB,20,3.818,10a3,100k,C2_ins,FIXJACK1,0.00254,5.499792,,SOPRA,"riferimento g10sempre_20, cond 7.22"
gm10x3_20_i,ldr_v4_td6_BB,20,3.818,10a3,100k,C2_rel,FIXJACK1,0.00222,13.999854,,SOPRA,"riferimento g10mai_20, cond 7.22"
gm10x3_20_i,ldr_v4_td6_BB,20,3.818,10a3,100k,S_ins,FIXJACK1,7.158,6.030000,,sotto,dB in 100 ms sopra -70 dB; pieno 3.814 V da g10mai_20
gm10x3_20_i,ldr_v4_td6_BB,20,3.818,10a3,100k,S_rel,FIXJACK1,3.839,11.837000,,sotto,dB in 100 ms sopra -70 dB; pieno 3.814 V da g10mai_20
gm10x3_20_i,ldr_v4_td6_BB,20,3.818,10a3,100k,A_ins,FIXJACK2,4.064,1.000031,2.000,SOPRA,riferimento g10sempre_20
gm10x3_20_i,ldr_v4_td6_BB,20,3.818,10a3,100k,A_rel,FIXJACK2,4.064,8.000031,2.000,SOPRA,riferimento g10mai_20
gm10x3_20_i,ldr_v4_td6_BB,20,3.818,10a3,100k,B2,FIXJACK2,2.682e-06,7.526385,,sotto,mute da t_ins+t_grad+20 ms a t_rel
gm10x3_20_i,ldr_v4_td6_BB,20,3.818,10a3,100k,C1_ins,FIXJACK2,0.00254,5.499792,,SOPRA,"diagnostica, cond 7.22"
gm10x3_20_i,ldr_v4_td6_BB,20,3.818,10a3,100k,C1_rel,FIXJACK2,0.00222,14.024844,,SOPRA,"diagnostica, cond 7.22"
gm10x3_20_i,ldr_v4_td6_BB,20,3.818,10a3,100k,C2_ins,FIXJACK2,0.00254,5.499792,,SOPRA,"riferimento g10sempre_20, cond 7.22"
gm10x3_20_i,ldr_v4_td6_BB,20,3.818,10a3,100k,C2_rel,FIXJACK2,0.00222,13.999854,,SOPRA,"riferimento g10mai_20, cond 7.22"
gm10x3_20_i,ldr_v4_td6_BB,20,3.818,10a3,100k,S_ins,FIXJACK2,7.158,6.030000,,sotto,dB in 100 ms sopra -70 dB; pieno 3.814 V da g10mai_20
gm10x3_20_i,ldr_v4_td6_BB,20,3.818,10a3,100k,S_rel,FIXJACK2,3.839,11.837000,,sotto,dB in 100 ms sopra -70 dB; pieno 3.814 V da g10mai_20
gm10x3_20_c,ldr_v4_td6_BB,20,3.818,10a3,100k,A_ins,MAINJACK,0.0001112,8.000031,2.000,SOPRA,riferimento g3sempre_20
gm10x3_20_c,ldr_v4_td6_BB,20,3.818,10a3,100k,A_rel,MAINJACK,5.77,10.000031,2.000,SOPRA,riferimento g3mai_20
gm10x3_20_c,ldr_v4_td6_BB,20,3.818,10a3,100k,B2,MAINJACK,3.016e-07,8.026958,,sotto,mute da t_ins+t_grad+20 ms a t_rel
gm10x3_20_c,ldr_v4_td6_BB,20,3.818,10a3,100k,C1_ins,MAINJACK,0.00011,8.000031,,sotto,"diagnostica, cond 7.22"
gm10x3_20_c,ldr_v4_td6_BB,20,3.818,10a3,100k,C1_rel,MAINJACK,2.285e-07,10.000594,,sotto,"diagnostica, cond 7.22"
gm10x3_20_c,ldr_v4_td6_BB,20,3.818,10a3,100k,C2_ins,MAINJACK,0.00011,8.000031,,sotto,"riferimento g3sempre_20, cond 7.22"
gm10x3_20_c,ldr_v4_td6_BB,20,3.818,10a3,100k,C2_rel,MAINJACK,2.448e-06,10.107406,,sotto,"riferimento g3mai_20, cond 7.22"
gm10x3_20_c,ldr_v4_td6_BB,20,3.818,10a3,100k,S_ins,MAINJACK,0,,,sotto,dB in 100 ms sopra -70 dB; pieno 5.415 V da g3mai_20
gm10x3_20_c,ldr_v4_td6_BB,20,3.818,10a3,100k,S_rel,MAINJACK,0,,,sotto,dB in 100 ms sopra -70 dB; pieno 5.415 V da g3mai_20
gm10x3_20_c,ldr_v4_td6_BB,20,3.818,10a3,100k,A_ins,FIXJACK1,9.244e-10,8.050010,2.000,sotto,riferimento g3sempre_20
gm10x3_20_c,ldr_v4_td6_BB,20,3.818,10a3,100k,A_rel,FIXJACK1,4.064,10.000031,2.000,SOPRA,riferimento g3mai_20
gm10x3_20_c,ldr_v4_td6_BB,20,3.818,10a3,100k,B2,FIXJACK1,9.902e-10,8.024979,,sotto,mute da t_ins+t_grad+20 ms a t_rel
gm10x3_20_c,ldr_v4_td6_BB,20,3.818,10a3,100k,C1_ins,FIXJACK1,1.024e-10,8.000406,,sotto,"diagnostica, cond 7.22"
gm10x3_20_c,ldr_v4_td6_BB,20,3.818,10a3,100k,C1_rel,FIXJACK1,1.611e-07,10.000594,,sotto,"diagnostica, cond 7.22"
gm10x3_20_c,ldr_v4_td6_BB,20,3.818,10a3,100k,C2_ins,FIXJACK1,1.024e-10,8.000406,,sotto,"riferimento g3sempre_20, cond 7.22"
gm10x3_20_c,ldr_v4_td6_BB,20,3.818,10a3,100k,C2_rel,FIXJACK1,1.119e-06,10.107573,,sotto,"riferimento g3mai_20, cond 7.22"
gm10x3_20_c,ldr_v4_td6_BB,20,3.818,10a3,100k,S_ins,FIXJACK1,0,,,sotto,dB in 100 ms sopra -70 dB; pieno 3.814 V da g3mai_20
gm10x3_20_c,ldr_v4_td6_BB,20,3.818,10a3,100k,S_rel,FIXJACK1,0,,,sotto,dB in 100 ms sopra -70 dB; pieno 3.814 V da g3mai_20
gm10x3_20_c,ldr_v4_td6_BB,20,3.818,10a3,100k,A_ins,FIXJACK2,9.244e-10,8.050010,2.000,sotto,riferimento g3sempre_20
gm10x3_20_c,ldr_v4_td6_BB,20,3.818,10a3,100k,A_rel,FIXJACK2,4.064,10.000031,2.000,SOPRA,riferimento g3mai_20
gm10x3_20_c,ldr_v4_td6_BB,20,3.818,10a3,100k,B2,FIXJACK2,9.902e-10,8.024990,,sotto,mute da t_ins+t_grad+20 ms a t_rel
gm10x3_20_c,ldr_v4_td6_BB,20,3.818,10a3,100k,C1_ins,FIXJACK2,1.024e-10,8.000406,,sotto,"diagnostica, cond 7.22"
gm10x3_20_c,ldr_v4_td6_BB,20,3.818,10a3,100k,C1_rel,FIXJACK2,1.611e-07,10.000594,,sotto,"diagnostica, cond 7.22"
gm10x3_20_c,ldr_v4_td6_BB,20,3.818,10a3,100k,C2_ins,FIXJACK2,1.024e-10,8.000406,,sotto,"riferimento g3sempre_20, cond 7.22"
gm10x3_20_c,ldr_v4_td6_BB,20,3.818,10a3,100k,C2_rel,FIXJACK2,1.119e-06,10.107573,,sotto,"riferimento g3mai_20, cond 7.22"
gm10x3_20_c,ldr_v4_td6_BB,20,3.818,10a3,100k,S_ins,FIXJACK2,0,,,sotto,dB in 100 ms sopra -70 dB; pieno 3.814 V da g3mai_20
gm10x3_20_c,ldr_v4_td6_BB,20,3.818,10a3,100k,S_rel,FIXJACK2,0,,,sotto,dB in 100 ms sopra -70 dB; pieno 3.814 V da g3mai_20
gm0x10_20_i,ldr_v4_td6_BB,20,3.818,0a10,100k,A_ins,MAINJACK,4.063,1.000031,2.000,SOPRA,riferimento g0sempre_20
gm0x10_20_i,ldr_v4_td6_BB,20,3.818,0a10,100k,A_rel,MAINJACK,4.063,8.000031,2.000,SOPRA,riferimento g0mai_20
gm0x10_20_i,ldr_v4_td6_BB,20,3.818,0a10,100k,B2,MAINJACK,2.698e-06,7.526354,,sotto,mute da t_ins+t_grad+20 ms a t_rel
gm0x10_20_i,ldr_v4_td6_BB,20,3.818,0a10,100k,C1_ins,MAINJACK,0.00254,5.499760,,SOPRA,"diagnostica, cond 7.22"
gm0x10_20_i,ldr_v4_td6_BB,20,3.818,0a10,100k,C1_rel,MAINJACK,0.006989,13.999833,,SOPRA,"diagnostica, cond 7.22"
gm0x10_20_i,ldr_v4_td6_BB,20,3.818,0a10,100k,C2_ins,MAINJACK,0.00254,5.499760,,SOPRA,"riferimento g0sempre_20, cond 7.22"
gm0x10_20_i,ldr_v4_td6_BB,20,3.818,0a10,100k,C2_rel,MAINJACK,0.00699,13.999833,,SOPRA,"riferimento g0mai_20, cond 7.22"
gm0x10_20_i,ldr_v4_td6_BB,20,3.818,0a10,100k,S_ins,MAINJACK,7.158,6.030000,,sotto,dB in 100 ms sopra -70 dB; pieno 3.813 V da g0mai_20
gm0x10_20_i,ldr_v4_td6_BB,20,3.818,0a10,100k,S_rel,MAINJACK,4.06,11.101000,,sotto,dB in 100 ms sopra -70 dB; pieno 3.813 V da g0mai_20
gm0x10_20_i,ldr_v4_td6_BB,20,3.818,0a10,100k,A_ins,FIXJACK1,4.064,1.000031,2.000,SOPRA,riferimento g0sempre_20
gm0x10_20_i,ldr_v4_td6_BB,20,3.818,0a10,100k,A_rel,FIXJACK1,4.064,8.000031,2.000,SOPRA,riferimento g0mai_20
gm0x10_20_i,ldr_v4_td6_BB,20,3.818,0a10,100k,B2,FIXJACK1,2.683e-06,7.526385,,sotto,mute da t_ins+t_grad+20 ms a t_rel
gm0x10_20_i,ldr_v4_td6_BB,20,3.818,0a10,100k,C1_ins,FIXJACK1,0.00254,5.499792,,SOPRA,"diagnostica, cond 7.22"
gm0x10_20_i,ldr_v4_td6_BB,20,3.818,0a10,100k,C1_rel,FIXJACK1,0.00222,14.024844,,SOPRA,"diagnostica, cond 7.22"
gm0x10_20_i,ldr_v4_td6_BB,20,3.818,0a10,100k,C2_ins,FIXJACK1,0.00254,5.499792,,SOPRA,"riferimento g0sempre_20, cond 7.22"
gm0x10_20_i,ldr_v4_td6_BB,20,3.818,0a10,100k,C2_rel,FIXJACK1,0.00222,13.999854,,SOPRA,"riferimento g0mai_20, cond 7.22"
gm0x10_20_i,ldr_v4_td6_BB,20,3.818,0a10,100k,S_ins,FIXJACK1,7.158,6.030000,,sotto,dB in 100 ms sopra -70 dB; pieno 3.814 V da g0mai_20
gm0x10_20_i,ldr_v4_td6_BB,20,3.818,0a10,100k,S_rel,FIXJACK1,3.839,11.837000,,sotto,dB in 100 ms sopra -70 dB; pieno 3.814 V da g0mai_20
gm0x10_20_i,ldr_v4_td6_BB,20,3.818,0a10,100k,A_ins,FIXJACK2,4.064,1.000031,2.000,SOPRA,riferimento g0sempre_20
gm0x10_20_i,ldr_v4_td6_BB,20,3.818,0a10,100k,A_rel,FIXJACK2,4.064,8.000031,2.000,SOPRA,riferimento g0mai_20
gm0x10_20_i,ldr_v4_td6_BB,20,3.818,0a10,100k,B2,FIXJACK2,2.683e-06,7.526385,,sotto,mute da t_ins+t_grad+20 ms a t_rel
gm0x10_20_i,ldr_v4_td6_BB,20,3.818,0a10,100k,C1_ins,FIXJACK2,0.00254,5.499792,,SOPRA,"diagnostica, cond 7.22"
gm0x10_20_i,ldr_v4_td6_BB,20,3.818,0a10,100k,C1_rel,FIXJACK2,0.00222,14.024844,,SOPRA,"diagnostica, cond 7.22"
gm0x10_20_i,ldr_v4_td6_BB,20,3.818,0a10,100k,C2_ins,FIXJACK2,0.00254,5.499792,,SOPRA,"riferimento g0sempre_20, cond 7.22"
gm0x10_20_i,ldr_v4_td6_BB,20,3.818,0a10,100k,C2_rel,FIXJACK2,0.00222,13.999854,,SOPRA,"riferimento g0mai_20, cond 7.22"
gm0x10_20_i,ldr_v4_td6_BB,20,3.818,0a10,100k,S_ins,FIXJACK2,7.158,6.030000,,sotto,dB in 100 ms sopra -70 dB; pieno 3.814 V da g0mai_20
gm0x10_20_i,ldr_v4_td6_BB,20,3.818,0a10,100k,S_rel,FIXJACK2,3.839,11.837000,,sotto,dB in 100 ms sopra -70 dB; pieno 3.814 V da g0mai_20
gm0x10_20_c,ldr_v4_td6_BB,20,3.818,0a10,100k,A_ins,MAINJACK,0.0001114,8.000031,2.000,SOPRA,riferimento g10sempre_20
gm0x10_20_c,ldr_v4_td6_BB,20,3.818,0a10,100k,A_rel,MAINJACK,12.8,10.000031,2.000,SOPRA,riferimento g10mai_20
gm0x10_20_c,ldr_v4_td6_BB,20,3.818,0a10,100k,B2,MAINJACK,3.627e-07,8.027062,,sotto,mute da t_ins+t_grad+20 ms a t_rel
gm0x10_20_c,ldr_v4_td6_BB,20,3.818,0a10,100k,C1_ins,MAINJACK,0.00011,8.000031,,sotto,"diagnostica, cond 7.22"
gm0x10_20_c,ldr_v4_td6_BB,20,3.818,0a10,100k,C1_rel,MAINJACK,5.071e-07,10.000594,,sotto,"diagnostica, cond 7.22"
gm0x10_20_c,ldr_v4_td6_BB,20,3.818,0a10,100k,C2_ins,MAINJACK,0.00011,8.000031,,sotto,"riferimento g10sempre_20, cond 7.22"
gm0x10_20_c,ldr_v4_td6_BB,20,3.818,0a10,100k,C2_rel,MAINJACK,0.0001461,10.024771,,sotto,"riferimento g10mai_20, cond 7.22"
gm0x10_20_c,ldr_v4_td6_BB,20,3.818,0a10,100k,S_ins,MAINJACK,0,,,sotto,dB in 100 ms sopra -70 dB; pieno 12.02 V da g10mai_20
gm0x10_20_c,ldr_v4_td6_BB,20,3.818,0a10,100k,S_rel,MAINJACK,0,,,sotto,dB in 100 ms sopra -70 dB; pieno 12.02 V da g10mai_20
gm0x10_20_c,ldr_v4_td6_BB,20,3.818,0a10,100k,A_ins,FIXJACK1,9.244e-10,8.050010,2.000,sotto,riferimento g10sempre_20
gm0x10_20_c,ldr_v4_td6_BB,20,3.818,0a10,100k,A_rel,FIXJACK1,4.064,10.000031,2.000,SOPRA,riferimento g10mai_20
gm0x10_20_c,ldr_v4_td6_BB,20,3.818,0a10,100k,B2,FIXJACK1,9.902e-10,8.025010,,sotto,mute da t_ins+t_grad+20 ms a t_rel
gm0x10_20_c,ldr_v4_td6_BB,20,3.818,0a10,100k,C1_ins,FIXJACK1,1.726e-10,8.000312,,sotto,"diagnostica, cond 7.22"
gm0x10_20_c,ldr_v4_td6_BB,20,3.818,0a10,100k,C1_rel,FIXJACK1,1.611e-07,10.000594,,sotto,"diagnostica, cond 7.22"
gm0x10_20_c,ldr_v4_td6_BB,20,3.818,0a10,100k,C2_ins,FIXJACK1,1.726e-10,8.000312,,sotto,"riferimento g10sempre_20, cond 7.22"
gm0x10_20_c,ldr_v4_td6_BB,20,3.818,0a10,100k,C2_rel,FIXJACK1,1.119e-06,10.107583,,sotto,"riferimento g10mai_20, cond 7.22"
gm0x10_20_c,ldr_v4_td6_BB,20,3.818,0a10,100k,S_ins,FIXJACK1,0,,,sotto,dB in 100 ms sopra -70 dB; pieno 3.814 V da g10mai_20
gm0x10_20_c,ldr_v4_td6_BB,20,3.818,0a10,100k,S_rel,FIXJACK1,0,,,sotto,dB in 100 ms sopra -70 dB; pieno 3.814 V da g10mai_20
gm0x10_20_c,ldr_v4_td6_BB,20,3.818,0a10,100k,A_ins,FIXJACK2,9.244e-10,8.050010,2.000,sotto,riferimento g10sempre_20
gm0x10_20_c,ldr_v4_td6_BB,20,3.818,0a10,100k,A_rel,FIXJACK2,4.064,10.000031,2.000,SOPRA,riferimento g10mai_20
gm0x10_20_c,ldr_v4_td6_BB,20,3.818,0a10,100k,B2,FIXJACK2,9.902e-10,8.025010,,sotto,mute da t_ins+t_grad+20 ms a t_rel
gm0x10_20_c,ldr_v4_td6_BB,20,3.818,0a10,100k,C1_ins,FIXJACK2,1.726e-10,8.000312,,sotto,"diagnostica, cond 7.22"
gm0x10_20_c,ldr_v4_td6_BB,20,3.818,0a10,100k,C1_rel,FIXJACK2,1.611e-07,10.000594,,sotto,"diagnostica, cond 7.22"
gm0x10_20_c,ldr_v4_td6_BB,20,3.818,0a10,100k,C2_ins,FIXJACK2,1.726e-10,8.000312,,sotto,"riferimento g10sempre_20, cond 7.22"
gm0x10_20_c,ldr_v4_td6_BB,20,3.818,0a10,100k,C2_rel,FIXJACK2,1.119e-06,10.107573,,sotto,"riferimento g10mai_20, cond 7.22"
gm0x10_20_c,ldr_v4_td6_BB,20,3.818,0a10,100k,S_ins,FIXJACK2,0,,,sotto,dB in 100 ms sopra -70 dB; pieno 3.814 V da g10mai_20
gm0x10_20_c,ldr_v4_td6_BB,20,3.818,0a10,100k,S_rel,FIXJACK2,0,,,sotto,dB in 100 ms sopra -70 dB; pieno 3.814 V da g10mai_20
gm10x0_20_i,ldr_v4_td6_BB,20,3.818,10a0,100k,A_ins,MAINJACK,12.8,1.000031,2.000,SOPRA,riferimento g10sempre_20
gm10x0_20_i,ldr_v4_td6_BB,20,3.818,10a0,100k,A_rel,MAINJACK,12.8,8.000031,2.000,SOPRA,riferimento g10mai_20
gm10x0_20_i,ldr_v4_td6_BB,20,3.818,10a0,100k,B2,MAINJACK,8.5e-06,7.526354,,sotto,mute da t_ins+t_grad+20 ms a t_rel
gm10x0_20_i,ldr_v4_td6_BB,20,3.818,10a0,100k,C1_ins,MAINJACK,0.008004,5.499760,,SOPRA,"diagnostica, cond 7.22"
gm10x0_20_i,ldr_v4_td6_BB,20,3.818,10a0,100k,C1_rel,MAINJACK,0.002219,14.024812,,SOPRA,"diagnostica, cond 7.22"
gm10x0_20_i,ldr_v4_td6_BB,20,3.818,10a0,100k,C2_ins,MAINJACK,0.008004,5.499760,,SOPRA,"riferimento g10sempre_20, cond 7.22"
gm10x0_20_i,ldr_v4_td6_BB,20,3.818,10a0,100k,C2_rel,MAINJACK,0.002365,14.024781,,SOPRA,"riferimento g10mai_20, cond 7.22"
gm10x0_20_i,ldr_v4_td6_BB,20,3.818,10a0,100k,S_ins,MAINJACK,7.158,6.030000,,sotto,dB in 100 ms sopra -70 dB; pieno 12.02 V da g10mai_20
gm10x0_20_i,ldr_v4_td6_BB,20,3.818,10a0,100k,S_rel,MAINJACK,3.543,12.072000,,sotto,dB in 100 ms sopra -70 dB; pieno 12.02 V da g10mai_20
gm10x0_20_i,ldr_v4_td6_BB,20,3.818,10a0,100k,A_ins,FIXJACK1,4.064,1.000031,2.000,SOPRA,riferimento g10sempre_20
gm10x0_20_i,ldr_v4_td6_BB,20,3.818,10a0,100k,A_rel,FIXJACK1,4.064,8.000031,2.000,SOPRA,riferimento g10mai_20
gm10x0_20_i,ldr_v4_td6_BB,20,3.818,10a0,100k,B2,FIXJACK1,2.682e-06,7.526385,,sotto,mute da t_ins+t_grad+20 ms a t_rel
gm10x0_20_i,ldr_v4_td6_BB,20,3.818,10a0,100k,C1_ins,FIXJACK1,0.00254,5.499792,,SOPRA,"diagnostica, cond 7.22"
gm10x0_20_i,ldr_v4_td6_BB,20,3.818,10a0,100k,C1_rel,FIXJACK1,0.00222,14.024844,,SOPRA,"diagnostica, cond 7.22"
gm10x0_20_i,ldr_v4_td6_BB,20,3.818,10a0,100k,C2_ins,FIXJACK1,0.00254,5.499792,,SOPRA,"riferimento g10sempre_20, cond 7.22"
gm10x0_20_i,ldr_v4_td6_BB,20,3.818,10a0,100k,C2_rel,FIXJACK1,0.00222,13.999854,,SOPRA,"riferimento g10mai_20, cond 7.22"
gm10x0_20_i,ldr_v4_td6_BB,20,3.818,10a0,100k,S_ins,FIXJACK1,7.158,6.030000,,sotto,dB in 100 ms sopra -70 dB; pieno 3.814 V da g10mai_20
gm10x0_20_i,ldr_v4_td6_BB,20,3.818,10a0,100k,S_rel,FIXJACK1,3.839,11.837000,,sotto,dB in 100 ms sopra -70 dB; pieno 3.814 V da g10mai_20
gm10x0_20_i,ldr_v4_td6_BB,20,3.818,10a0,100k,A_ins,FIXJACK2,4.064,1.000031,2.000,SOPRA,riferimento g10sempre_20
gm10x0_20_i,ldr_v4_td6_BB,20,3.818,10a0,100k,A_rel,FIXJACK2,4.064,8.000031,2.000,SOPRA,riferimento g10mai_20
gm10x0_20_i,ldr_v4_td6_BB,20,3.818,10a0,100k,B2,FIXJACK2,2.682e-06,7.526385,,sotto,mute da t_ins+t_grad+20 ms a t_rel
gm10x0_20_i,ldr_v4_td6_BB,20,3.818,10a0,100k,C1_ins,FIXJACK2,0.00254,5.499792,,SOPRA,"diagnostica, cond 7.22"
gm10x0_20_i,ldr_v4_td6_BB,20,3.818,10a0,100k,C1_rel,FIXJACK2,0.00222,14.024844,,SOPRA,"diagnostica, cond 7.22"
gm10x0_20_i,ldr_v4_td6_BB,20,3.818,10a0,100k,C2_ins,FIXJACK2,0.00254,5.499792,,SOPRA,"riferimento g10sempre_20, cond 7.22"
gm10x0_20_i,ldr_v4_td6_BB,20,3.818,10a0,100k,C2_rel,FIXJACK2,0.00222,13.999854,,SOPRA,"riferimento g10mai_20, cond 7.22"
gm10x0_20_i,ldr_v4_td6_BB,20,3.818,10a0,100k,S_ins,FIXJACK2,7.158,6.030000,,sotto,dB in 100 ms sopra -70 dB; pieno 3.814 V da g10mai_20
gm10x0_20_i,ldr_v4_td6_BB,20,3.818,10a0,100k,S_rel,FIXJACK2,3.839,11.837000,,sotto,dB in 100 ms sopra -70 dB; pieno 3.814 V da g10mai_20
gm10x0_20_c,ldr_v4_td6_BB,20,3.818,10a0,100k,A_ins,MAINJACK,0.000116,8.000333,2.000,SOPRA,riferimento g0sempre_20
gm10x0_20_c,ldr_v4_td6_BB,20,3.818,10a0,100k,A_rel,MAINJACK,4.063,10.000031,2.000,SOPRA,riferimento g0mai_20
gm10x0_20_c,ldr_v4_td6_BB,20,3.818,10a0,100k,B2,MAINJACK,3.706e-07,8.027198,,sotto,mute da t_ins+t_grad+20 ms a t_rel
gm10x0_20_c,ldr_v4_td6_BB,20,3.818,10a0,100k,C1_ins,MAINJACK,0.0001147,8.000333,,sotto,"diagnostica, cond 7.22"
gm10x0_20_c,ldr_v4_td6_BB,20,3.818,10a0,100k,C1_rel,MAINJACK,1.609e-07,10.000594,,sotto,"diagnostica, cond 7.22"
gm10x0_20_c,ldr_v4_td6_BB,20,3.818,10a0,100k,C2_ins,MAINJACK,0.0001147,8.000333,,sotto,"riferimento g0sempre_20, cond 7.22"
gm10x0_20_c,ldr_v4_td6_BB,20,3.818,10a0,100k,C2_rel,MAINJACK,1.12e-06,10.107573,,sotto,"riferimento g0mai_20, cond 7.22"
gm10x0_20_c,ldr_v4_td6_BB,20,3.818,10a0,100k,S_ins,MAINJACK,0,,,sotto,dB in 100 ms sopra -70 dB; pieno 3.813 V da g0mai_20
gm10x0_20_c,ldr_v4_td6_BB,20,3.818,10a0,100k,S_rel,MAINJACK,0,,,sotto,dB in 100 ms sopra -70 dB; pieno 3.813 V da g0mai_20
gm10x0_20_c,ldr_v4_td6_BB,20,3.818,10a0,100k,A_ins,FIXJACK1,9.244e-10,8.050021,2.000,sotto,riferimento g0sempre_20
gm10x0_20_c,ldr_v4_td6_BB,20,3.818,10a0,100k,A_rel,FIXJACK1,4.064,10.000031,2.000,SOPRA,riferimento g0mai_20
gm10x0_20_c,ldr_v4_td6_BB,20,3.818,10a0,100k,B2,FIXJACK1,9.901e-10,8.024969,,sotto,mute da t_ins+t_grad+20 ms a t_rel
gm10x0_20_c,ldr_v4_td6_BB,20,3.818,10a0,100k,C1_ins,FIXJACK1,2.702e-10,8.000323,,sotto,"diagnostica, cond 7.22"
gm10x0_20_c,ldr_v4_td6_BB,20,3.818,10a0,100k,C1_rel,FIXJACK1,1.611e-07,10.000594,,sotto,"diagnostica, cond 7.22"
gm10x0_20_c,ldr_v4_td6_BB,20,3.818,10a0,100k,C2_ins,FIXJACK1,2.702e-10,8.000323,,sotto,"riferimento g0sempre_20, cond 7.22"
gm10x0_20_c,ldr_v4_td6_BB,20,3.818,10a0,100k,C2_rel,FIXJACK1,1.119e-06,10.107583,,sotto,"riferimento g0mai_20, cond 7.22"
gm10x0_20_c,ldr_v4_td6_BB,20,3.818,10a0,100k,S_ins,FIXJACK1,0,,,sotto,dB in 100 ms sopra -70 dB; pieno 3.814 V da g0mai_20
gm10x0_20_c,ldr_v4_td6_BB,20,3.818,10a0,100k,S_rel,FIXJACK1,0,,,sotto,dB in 100 ms sopra -70 dB; pieno 3.814 V da g0mai_20
gm10x0_20_c,ldr_v4_td6_BB,20,3.818,10a0,100k,A_ins,FIXJACK2,9.245e-10,8.050021,2.000,sotto,riferimento g0sempre_20
gm10x0_20_c,ldr_v4_td6_BB,20,3.818,10a0,100k,A_rel,FIXJACK2,4.064,10.000031,2.000,SOPRA,riferimento g0mai_20
gm10x0_20_c,ldr_v4_td6_BB,20,3.818,10a0,100k,B2,FIXJACK2,9.901e-10,8.024979,,sotto,mute da t_ins+t_grad+20 ms a t_rel
gm10x0_20_c,ldr_v4_td6_BB,20,3.818,10a0,100k,C1_ins,FIXJACK2,2.702e-10,8.000323,,sotto,"diagnostica, cond 7.22"
gm10x0_20_c,ldr_v4_td6_BB,20,3.818,10a0,100k,C1_rel,FIXJACK2,1.611e-07,10.000594,,sotto,"diagnostica, cond 7.22"
gm10x0_20_c,ldr_v4_td6_BB,20,3.818,10a0,100k,C2_ins,FIXJACK2,2.702e-10,8.000323,,sotto,"riferimento g0sempre_20, cond 7.22"
gm10x0_20_c,ldr_v4_td6_BB,20,3.818,10a0,100k,C2_rel,FIXJACK2,1.119e-06,10.107573,,sotto,"riferimento g0mai_20, cond 7.22"
gm10x0_20_c,ldr_v4_td6_BB,20,3.818,10a0,100k,S_ins,FIXJACK2,0,,,sotto,dB in 100 ms sopra -70 dB; pieno 3.814 V da g0mai_20
gm10x0_20_c,ldr_v4_td6_BB,20,3.818,10a0,100k,S_rel,FIXJACK2,0,,,sotto,dB in 100 ms sopra -70 dB; pieno 3.814 V da g0mai_20
gm0x3_lz_i,ldr_v4_td6_BB,1000,0,0a3,100k,A_ins,MAINJACK,4.141e-09,2.362521,2.000,sotto,riferimento g0sempre_lz
gm0x3_lz_i,ldr_v4_td6_BB,1000,0,0a3,100k,A_rel,MAINJACK,2.698e-05,8.000031,2.000,sotto,riferimento g0mai_lz
gm0x3_lz_i,ldr_v4_td6_BB,1000,0,0a3,100k,B2,MAINJACK,3.118e-09,7.520000,,sotto,mute da t_ins+t_grad+20 ms a t_rel
gm0x3_lz_i,ldr_v4_td6_BB,1000,0,0a3,100k,A_ins,FIXJACK1,4.143e-09,2.362104,2.000,sotto,riferimento g0sempre_lz
gm0x3_lz_i,ldr_v4_td6_BB,1000,0,0a3,100k,A_rel,FIXJACK1,3.077e-11,8.000156,2.000,sotto,riferimento g0mai_lz
gm0x3_lz_i,ldr_v4_td6_BB,1000,0,0a3,100k,B2,FIXJACK1,7.578e-09,7.520000,,sotto,mute da t_ins+t_grad+20 ms a t_rel
gm0x3_lz_i,ldr_v4_td6_BB,1000,0,0a3,100k,A_ins,FIXJACK2,4.144e-09,2.362594,2.000,sotto,riferimento g0sempre_lz
gm0x3_lz_i,ldr_v4_td6_BB,1000,0,0a3,100k,A_rel,FIXJACK2,3.014e-11,8.000156,2.000,sotto,riferimento g0mai_lz
gm0x3_lz_i,ldr_v4_td6_BB,1000,0,0a3,100k,B2,FIXJACK2,7.578e-09,7.520000,,sotto,mute da t_ins+t_grad+20 ms a t_rel
gm0x3_lz_c,ldr_v4_td6_BB,1000,0,0a3,100k,A_ins,MAINJACK,2.698e-05,8.000031,2.000,sotto,riferimento g3sempre_lz
gm0x3_lz_c,ldr_v4_td6_BB,1000,0,0a3,100k,A_rel,MAINJACK,1.438e-08,11.323302,2.000,sotto,riferimento g3mai_lz
gm0x3_lz_c,ldr_v4_td6_BB,1000,0,0a3,100k,B2,MAINJACK,7.318e-08,8.026979,,sotto,mute da t_ins+t_grad+20 ms a t_rel
gm0x3_lz_c,ldr_v4_td6_BB,1000,0,0a3,100k,A_ins,FIXJACK1,2.93e-11,8.000156,2.000,sotto,riferimento g3sempre_lz
gm0x3_lz_c,ldr_v4_td6_BB,1000,0,0a3,100k,A_rel,FIXJACK1,1.012e-08,11.323156,2.000,sotto,riferimento g3mai_lz
gm0x3_lz_c,ldr_v4_td6_BB,1000,0,0a3,100k,B2,FIXJACK1,2.491e-14,9.496167,,sotto,mute da t_ins+t_grad+20 ms a t_rel
gm0x3_lz_c,ldr_v4_td6_BB,1000,0,0a3,100k,A_ins,FIXJACK2,2.931e-11,8.000156,2.000,sotto,riferimento g3sempre_lz
gm0x3_lz_c,ldr_v4_td6_BB,1000,0,0a3,100k,A_rel,FIXJACK2,1.012e-08,11.323135,2.000,sotto,riferimento g3mai_lz
gm0x3_lz_c,ldr_v4_td6_BB,1000,0,0a3,100k,B2,FIXJACK2,2.451e-14,8.318333,,sotto,mute da t_ins+t_grad+20 ms a t_rel
gm3x0_lz_i,ldr_v4_td6_BB,1000,0,3a0,100k,A_ins,MAINJACK,5.884e-09,2.362646,2.000,sotto,riferimento g3sempre_lz
gm3x0_lz_i,ldr_v4_td6_BB,1000,0,3a0,100k,A_rel,MAINJACK,2.696e-05,8.000031,2.000,sotto,riferimento g3mai_lz
gm3x0_lz_i,ldr_v4_td6_BB,1000,0,3a0,100k,B2,MAINJACK,4.429e-09,7.520000,,sotto,mute da t_ins+t_grad+20 ms a t_rel
gm3x0_lz_i,ldr_v4_td6_BB,1000,0,3a0,100k,A_ins,FIXJACK1,4.145e-09,2.362229,2.000,sotto,riferimento g3sempre_lz
gm3x0_lz_i,ldr_v4_td6_BB,1000,0,3a0,100k,A_rel,FIXJACK1,4.024e-11,8.000604,2.000,sotto,riferimento g3mai_lz
gm3x0_lz_i,ldr_v4_td6_BB,1000,0,3a0,100k,B2,FIXJACK1,7.578e-09,7.520000,,sotto,mute da t_ins+t_grad+20 ms a t_rel
gm3x0_lz_i,ldr_v4_td6_BB,1000,0,3a0,100k,A_ins,FIXJACK2,4.147e-09,2.362406,2.000,sotto,riferimento g3sempre_lz
gm3x0_lz_i,ldr_v4_td6_BB,1000,0,3a0,100k,A_rel,FIXJACK2,4.281e-11,8.000604,2.000,sotto,riferimento g3mai_lz
gm3x0_lz_i,ldr_v4_td6_BB,1000,0,3a0,100k,B2,FIXJACK2,7.578e-09,7.520000,,sotto,mute da t_ins+t_grad+20 ms a t_rel
gm3x0_lz_c,ldr_v4_td6_BB,1000,0,3a0,100k,A_ins,MAINJACK,2.696e-05,8.000031,2.000,sotto,riferimento g0sempre_lz
gm3x0_lz_c,ldr_v4_td6_BB,1000,0,3a0,100k,A_rel,MAINJACK,1.013e-08,11.323219,2.000,sotto,riferimento g0mai_lz
gm3x0_lz_c,ldr_v4_td6_BB,1000,0,3a0,100k,B2,MAINJACK,7.04e-08,8.026979,,sotto,mute da t_ins+t_grad+20 ms a t_rel
gm3x0_lz_c,ldr_v4_td6_BB,1000,0,3a0,100k,A_ins,FIXJACK1,4.339e-11,8.000604,2.000,sotto,riferimento g0sempre_lz
gm3x0_lz_c,ldr_v4_td6_BB,1000,0,3a0,100k,A_rel,FIXJACK1,1.012e-08,11.323229,2.000,sotto,riferimento g0mai_lz
gm3x0_lz_c,ldr_v4_td6_BB,1000,0,3a0,100k,B2,FIXJACK1,2.283e-14,8.570990,,sotto,mute da t_ins+t_grad+20 ms a t_rel
gm3x0_lz_c,ldr_v4_td6_BB,1000,0,3a0,100k,A_ins,FIXJACK2,4.339e-11,8.000604,2.000,sotto,riferimento g0sempre_lz
gm3x0_lz_c,ldr_v4_td6_BB,1000,0,3a0,100k,A_rel,FIXJACK2,1.012e-08,11.323219,2.000,sotto,riferimento g0mai_lz
gm3x0_lz_c,ldr_v4_td6_BB,1000,0,3a0,100k,B2,FIXJACK2,2.22e-14,9.370615,,sotto,mute da t_ins+t_grad+20 ms a t_rel
gm3x10_lz_i,ldr_v4_td6_BB,1000,0,3a10,100k,A_ins,MAINJACK,5.884e-09,2.362646,2.000,sotto,riferimento g3sempre_lz
gm3x10_lz_i,ldr_v4_td6_BB,1000,0,3a10,100k,A_rel,MAINJACK,0.0001115,8.000031,2.000,SOPRA,riferimento g3mai_lz
gm3x10_lz_i,ldr_v4_td6_BB,1000,0,3a10,100k,B2,MAINJACK,4.429e-09,7.520000,,sotto,mute da t_ins+t_grad+20 ms a t_rel
gm3x10_lz_i,ldr_v4_td6_BB,1000,0,3a10,100k,A_ins,FIXJACK1,4.145e-09,2.362229,2.000,sotto,riferimento g3sempre_lz
gm3x10_lz_i,ldr_v4_td6_BB,1000,0,3a10,100k,A_rel,FIXJACK1,5.303e-10,8.000531,2.000,sotto,riferimento g3mai_lz
gm3x10_lz_i,ldr_v4_td6_BB,1000,0,3a10,100k,B2,FIXJACK1,7.578e-09,7.520000,,sotto,mute da t_ins+t_grad+20 ms a t_rel
gm3x10_lz_i,ldr_v4_td6_BB,1000,0,3a10,100k,A_ins,FIXJACK2,4.147e-09,2.362406,2.000,sotto,riferimento g3sempre_lz
gm3x10_lz_i,ldr_v4_td6_BB,1000,0,3a10,100k,A_rel,FIXJACK2,5.304e-10,8.000531,2.000,sotto,riferimento g3mai_lz
gm3x10_lz_i,ldr_v4_td6_BB,1000,0,3a10,100k,B2,FIXJACK2,7.578e-09,7.520000,,sotto,mute da t_ins+t_grad+20 ms a t_rel
gm3x10_lz_c,ldr_v4_td6_BB,1000,0,3a10,100k,A_ins,MAINJACK,0.0001115,8.000031,2.000,SOPRA,riferimento g10sempre_lz
gm3x10_lz_c,ldr_v4_td6_BB,1000,0,3a10,100k,A_rel,MAINJACK,3.192e-08,11.323125,2.000,sotto,riferimento g10mai_lz
gm3x10_lz_c,ldr_v4_td6_BB,1000,0,3a10,100k,B2,MAINJACK,2.913e-07,8.026990,,sotto,mute da t_ins+t_grad+20 ms a t_rel
gm3x10_lz_c,ldr_v4_td6_BB,1000,0,3a10,100k,A_ins,FIXJACK1,5.298e-10,8.000531,2.000,sotto,riferimento g10sempre_lz
gm3x10_lz_c,ldr_v4_td6_BB,1000,0,3a10,100k,A_rel,FIXJACK1,1.012e-08,11.323125,2.000,sotto,riferimento g10mai_lz
gm3x10_lz_c,ldr_v4_td6_BB,1000,0,3a10,100k,B2,FIXJACK1,1.431e-13,8.027042,,sotto,mute da t_ins+t_grad+20 ms a t_rel
gm3x10_lz_c,ldr_v4_td6_BB,1000,0,3a10,100k,A_ins,FIXJACK2,5.298e-10,8.000531,2.000,sotto,riferimento g10sempre_lz
gm3x10_lz_c,ldr_v4_td6_BB,1000,0,3a10,100k,A_rel,FIXJACK2,1.012e-08,11.323344,2.000,sotto,riferimento g10mai_lz
gm3x10_lz_c,ldr_v4_td6_BB,1000,0,3a10,100k,B2,FIXJACK2,1.442e-13,8.026729,,sotto,mute da t_ins+t_grad+20 ms a t_rel
gm10x3_lz_i,ldr_v4_td6_BB,1000,0,10a3,100k,A_ins,MAINJACK,1.305e-08,2.362333,2.000,sotto,riferimento g10sempre_lz
gm10x3_lz_i,ldr_v4_td6_BB,1000,0,10a3,100k,A_rel,MAINJACK,0.0001112,8.000031,2.000,SOPRA,riferimento g10mai_lz
gm10x3_lz_i,ldr_v4_td6_BB,1000,0,10a3,100k,B2,MAINJACK,9.827e-09,7.520000,,sotto,mute da t_ins+t_grad+20 ms a t_rel
gm10x3_lz_i,ldr_v4_td6_BB,1000,0,10a3,100k,A_ins,FIXJACK1,4.144e-09,2.362323,2.000,sotto,riferimento g10sempre_lz
gm10x3_lz_i,ldr_v4_td6_BB,1000,0,10a3,100k,A_rel,FIXJACK1,1.427e-10,8.000010,2.000,sotto,riferimento g10mai_lz
gm10x3_lz_i,ldr_v4_td6_BB,1000,0,10a3,100k,B2,FIXJACK1,7.577e-09,7.520000,,sotto,mute da t_ins+t_grad+20 ms a t_rel
gm10x3_lz_i,ldr_v4_td6_BB,1000,0,10a3,100k,A_ins,FIXJACK2,4.144e-09,2.362354,2.000,sotto,riferimento g10sempre_lz
gm10x3_lz_i,ldr_v4_td6_BB,1000,0,10a3,100k,A_rel,FIXJACK2,1.457e-10,8.000010,2.000,sotto,riferimento g10mai_lz
gm10x3_lz_i,ldr_v4_td6_BB,1000,0,10a3,100k,B2,FIXJACK2,7.577e-09,7.520000,,sotto,mute da t_ins+t_grad+20 ms a t_rel
gm10x3_lz_c,ldr_v4_td6_BB,1000,0,10a3,100k,A_ins,MAINJACK,0.0001112,8.000031,2.000,SOPRA,riferimento g3sempre_lz
gm10x3_lz_c,ldr_v4_td6_BB,1000,0,10a3,100k,A_rel,MAINJACK,1.439e-08,11.323187,2.000,sotto,riferimento g3mai_lz
gm10x3_lz_c,ldr_v4_td6_BB,1000,0,10a3,100k,B2,MAINJACK,2.968e-07,8.026979,,sotto,mute da t_ins+t_grad+20 ms a t_rel
gm10x3_lz_c,ldr_v4_td6_BB,1000,0,10a3,100k,A_ins,FIXJACK1,1.465e-10,8.000010,2.000,sotto,riferimento g3sempre_lz
gm10x3_lz_c,ldr_v4_td6_BB,1000,0,10a3,100k,A_rel,FIXJACK1,1.012e-08,11.323260,2.000,sotto,riferimento g3mai_lz
gm10x3_lz_c,ldr_v4_td6_BB,1000,0,10a3,100k,B2,FIXJACK1,6.304e-14,8.025063,,sotto,mute da t_ins+t_grad+20 ms a t_rel
gm10x3_lz_c,ldr_v4_td6_BB,1000,0,10a3,100k,A_ins,FIXJACK2,1.465e-10,8.000010,2.000,sotto,riferimento g3sempre_lz
gm10x3_lz_c,ldr_v4_td6_BB,1000,0,10a3,100k,A_rel,FIXJACK2,1.012e-08,11.323135,2.000,sotto,riferimento g3mai_lz
gm10x3_lz_c,ldr_v4_td6_BB,1000,0,10a3,100k,B2,FIXJACK2,5.772e-14,8.029146,,sotto,mute da t_ins+t_grad+20 ms a t_rel
gm0x10_lz_i,ldr_v4_td6_BB,1000,0,0a10,100k,A_ins,MAINJACK,4.141e-09,2.362521,2.000,sotto,riferimento g0sempre_lz
gm0x10_lz_i,ldr_v4_td6_BB,1000,0,0a10,100k,A_rel,MAINJACK,0.0001115,8.000031,2.000,SOPRA,riferimento g0mai_lz
gm0x10_lz_i,ldr_v4_td6_BB,1000,0,0a10,100k,B2,MAINJACK,3.118e-09,7.520000,,sotto,mute da t_ins+t_grad+20 ms a t_rel
gm0x10_lz_i,ldr_v4_td6_BB,1000,0,0a10,100k,A_ins,FIXJACK1,4.143e-09,2.362104,2.000,sotto,riferimento g0sempre_lz
gm0x10_lz_i,ldr_v4_td6_BB,1000,0,0a10,100k,A_rel,FIXJACK1,2.202e-10,8.000156,2.000,sotto,riferimento g0mai_lz
gm0x10_lz_i,ldr_v4_td6_BB,1000,0,0a10,100k,B2,FIXJACK1,7.578e-09,7.520000,,sotto,mute da t_ins+t_grad+20 ms a t_rel
gm0x10_lz_i,ldr_v4_td6_BB,1000,0,0a10,100k,A_ins,FIXJACK2,4.144e-09,2.362594,2.000,sotto,riferimento g0sempre_lz
gm0x10_lz_i,ldr_v4_td6_BB,1000,0,0a10,100k,A_rel,FIXJACK2,2.196e-10,8.000156,2.000,sotto,riferimento g0mai_lz
gm0x10_lz_i,ldr_v4_td6_BB,1000,0,0a10,100k,B2,FIXJACK2,7.578e-09,7.520000,,sotto,mute da t_ins+t_grad+20 ms a t_rel
gm0x10_lz_c,ldr_v4_td6_BB,1000,0,0a10,100k,A_ins,MAINJACK,0.0001115,8.000031,2.000,SOPRA,riferimento g10sempre_lz
gm0x10_lz_c,ldr_v4_td6_BB,1000,0,0a10,100k,A_rel,MAINJACK,3.192e-08,11.323250,2.000,sotto,riferimento g10mai_lz
gm0x10_lz_c,ldr_v4_td6_BB,1000,0,0a10,100k,B2,MAINJACK,3.741e-07,8.027042,,sotto,mute da t_ins+t_grad+20 ms a t_rel
gm0x10_lz_c,ldr_v4_td6_BB,1000,0,0a10,100k,A_ins,FIXJACK1,2.188e-10,8.000156,2.000,sotto,riferimento g10sempre_lz
gm0x10_lz_c,ldr_v4_td6_BB,1000,0,0a10,100k,A_rel,FIXJACK1,1.012e-08,11.323042,2.000,sotto,riferimento g10mai_lz
gm0x10_lz_c,ldr_v4_td6_BB,1000,0,0a10,100k,B2,FIXJACK1,9.05e-14,8.027604,,sotto,mute da t_ins+t_grad+20 ms a t_rel
gm0x10_lz_c,ldr_v4_td6_BB,1000,0,0a10,100k,A_ins,FIXJACK2,2.187e-10,8.000156,2.000,sotto,riferimento g10sempre_lz
gm0x10_lz_c,ldr_v4_td6_BB,1000,0,0a10,100k,A_rel,FIXJACK2,1.012e-08,11.323427,2.000,sotto,riferimento g10mai_lz
gm0x10_lz_c,ldr_v4_td6_BB,1000,0,0a10,100k,B2,FIXJACK2,9.168e-14,8.026500,,sotto,mute da t_ins+t_grad+20 ms a t_rel
gm10x0_lz_i,ldr_v4_td6_BB,1000,0,10a0,100k,A_ins,MAINJACK,1.305e-08,2.362333,2.000,sotto,riferimento g10sempre_lz
gm10x0_lz_i,ldr_v4_td6_BB,1000,0,10a0,100k,A_rel,MAINJACK,0.0001162,8.000333,2.000,SOPRA,riferimento g10mai_lz
gm10x0_lz_i,ldr_v4_td6_BB,1000,0,10a0,100k,B2,MAINJACK,9.827e-09,7.520000,,sotto,mute da t_ins+t_grad+20 ms a t_rel
gm10x0_lz_i,ldr_v4_td6_BB,1000,0,10a0,100k,A_ins,FIXJACK1,4.144e-09,2.362323,2.000,sotto,riferimento g10sempre_lz
gm10x0_lz_i,ldr_v4_td6_BB,1000,0,10a0,100k,A_rel,FIXJACK1,1.873e-10,8.000312,2.000,sotto,riferimento g10mai_lz
gm10x0_lz_i,ldr_v4_td6_BB,1000,0,10a0,100k,B2,FIXJACK1,7.577e-09,7.520000,,sotto,mute da t_ins+t_grad+20 ms a t_rel
gm10x0_lz_i,ldr_v4_td6_BB,1000,0,10a0,100k,A_ins,FIXJACK2,4.144e-09,2.362354,2.000,sotto,riferimento g10sempre_lz
gm10x0_lz_i,ldr_v4_td6_BB,1000,0,10a0,100k,A_rel,FIXJACK2,1.883e-10,8.000312,2.000,sotto,riferimento g10mai_lz
gm10x0_lz_i,ldr_v4_td6_BB,1000,0,10a0,100k,B2,FIXJACK2,7.577e-09,7.520000,,sotto,mute da t_ins+t_grad+20 ms a t_rel
gm10x0_lz_c,ldr_v4_td6_BB,1000,0,10a0,100k,A_ins,MAINJACK,0.0001162,8.000333,2.000,SOPRA,riferimento g0sempre_lz
gm10x0_lz_c,ldr_v4_td6_BB,1000,0,10a0,100k,A_rel,MAINJACK,1.013e-08,11.323187,2.000,sotto,riferimento g0mai_lz
gm10x0_lz_c,ldr_v4_td6_BB,1000,0,10a0,100k,B2,MAINJACK,3.691e-07,8.027208,,sotto,mute da t_ins+t_grad+20 ms a t_rel
gm10x0_lz_c,ldr_v4_td6_BB,1000,0,10a0,100k,A_ins,FIXJACK1,1.86e-10,8.000312,2.000,sotto,riferimento g0sempre_lz
gm10x0_lz_c,ldr_v4_td6_BB,1000,0,10a0,100k,A_rel,FIXJACK1,1.012e-08,11.323323,2.000,sotto,riferimento g0mai_lz
gm10x0_lz_c,ldr_v4_td6_BB,1000,0,10a0,100k,B2,FIXJACK1,2.284e-14,8.464479,,sotto,mute da t_ins+t_grad+20 ms a t_rel
gm10x0_lz_c,ldr_v4_td6_BB,1000,0,10a0,100k,A_ins,FIXJACK2,1.86e-10,8.000312,2.000,sotto,riferimento g0sempre_lz
gm10x0_lz_c,ldr_v4_td6_BB,1000,0,10a0,100k,A_rel,FIXJACK2,1.012e-08,11.323208,2.000,sotto,riferimento g0mai_lz
gm10x0_lz_c,ldr_v4_td6_BB,1000,0,10a0,100k,B2,FIXJACK2,2.107e-14,9.767865,,sotto,mute da t_ins+t_grad+20 ms a t_rel
pav_gm0x10_0,pavimento,1000,0,0a10,100k,A_pav,MAINJACK,1.532e-11,1.335792,2.000,sotto,contro gm0x10_lz_i
pav_gm0x10_0,pavimento,1000,0,0a10,100k,A_pav,FIXJACK1,1.452e-11,2.583469,2.000,sotto,contro gm0x10_lz_i
pav_gm0x10_0,pavimento,1000,0,0a10,100k,A_pav,FIXJACK2,1.739e-11,2.935365,2.000,sotto,contro gm0x10_lz_i
pav_gm0x10_1,pavimento,1000,0,0a10,100k,A_pav,MAINJACK,1.643e-05,8.000156,2.000,sotto,contro gm0x10_lz_i
pav_gm0x10_1,pavimento,1000,0,0a10,100k,A_pav,FIXJACK1,2.195e-10,8.000156,2.000,sotto,contro gm0x10_lz_i
pav_gm0x10_1,pavimento,1000,0,0a10,100k,A_pav,FIXJACK2,2.195e-10,8.000156,2.000,sotto,contro gm0x10_lz_i
pav_gm0x10_2,pavimento,1000,0,0a10,100k,A_pav,MAINJACK,4.992e-11,10.475240,2.000,sotto,contro gm0x10_lz_i
pav_gm0x10_2,pavimento,1000,0,0a10,100k,A_pav,FIXJACK1,1.456e-11,10.149344,2.000,sotto,contro gm0x10_lz_i
pav_gm0x10_2,pavimento,1000,0,0a10,100k,A_pav,FIXJACK2,1.482e-11,11.700865,2.000,sotto,contro gm0x10_lz_i
minv25_1k,ldr_v4_td6_BB_inv25,1000,3.818,10,100k,A_ins,MAINJACK,12.72,1.000021,1.500,SOPRA,riferimento g10sempre_1k
minv25_1k,ldr_v4_td6_BB_inv25,1000,3.818,10,100k,A_rel,MAINJACK,1.086,2.583000,2.000,SOPRA,riferimento g10mai_1k
minv25_1k,ldr_v4_td6_BB_inv25,1000,3.818,10,100k,B2,MAINJACK,0,2.520000,,sotto,mute da t_ins+t_grad+20 ms a t_rel
minv25_1k,ldr_v4_td6_BB_inv25,1000,3.818,10,100k,C1_ins,MAINJACK,0.002219,2.353927,,SOPRA,"diagnostica, cond 1"
minv25_1k,ldr_v4_td6_BB_inv25,1000,3.818,10,100k,C1_rel,MAINJACK,0.001588,2.581927,,SOPRA,"diagnostica, cond 1"
minv25_1k,ldr_v4_td6_BB_inv25,1000,3.818,10,100k,C2_ins,MAINJACK,0.002219,2.353927,,SOPRA,"riferimento g10sempre_1k, cond 1"
minv25_1k,ldr_v4_td6_BB_inv25,1000,3.818,10,100k,C2_rel,MAINJACK,0.001295,2.581917,,SOPRA,"riferimento g10mai_1k, cond 1"
minv25_1k,ldr_v4_td6_BB_inv25,1000,3.818,10,100k,S_ins,MAINJACK,0.1825,2.599000,,sotto,dB in 100 ms sopra -70 dB; pieno 12.02 V da g10mai_1k
minv25_1k,ldr_v4_td6_BB_inv25,1000,3.818,10,100k,S_rel,MAINJACK,0.1827,2.602000,,sotto,dB in 100 ms sopra -70 dB; pieno 12.02 V da g10mai_1k
minv25_1k,ldr_v4_td6_BB_inv25,1000,3.818,10,100k,A_ins,FIXJACK1,4.035,1.000021,1.500,SOPRA,riferimento g10sempre_1k
minv25_1k,ldr_v4_td6_BB_inv25,1000,3.818,10,100k,A_rel,FIXJACK1,0.3448,2.583000,2.000,SOPRA,riferimento g10mai_1k
minv25_1k,ldr_v4_td6_BB_inv25,1000,3.818,10,100k,B2,FIXJACK1,0,2.520000,,sotto,mute da t_ins+t_grad+20 ms a t_rel
minv25_1k,ldr_v4_td6_BB_inv25,1000,3.818,10,100k,C1_ins,FIXJACK1,0.0006538,2.353927,,sotto,"diagnostica, cond 1"
minv25_1k,ldr_v4_td6_BB_inv25,1000,3.818,10,100k,C1_rel,FIXJACK1,0.0004562,2.581917,,sotto,"diagnostica, cond 1"
minv25_1k,ldr_v4_td6_BB_inv25,1000,3.818,10,100k,C2_ins,FIXJACK1,0.0006538,2.353927,,sotto,"riferimento g10sempre_1k, cond 1"
minv25_1k,ldr_v4_td6_BB_inv25,1000,3.818,10,100k,C2_rel,FIXJACK1,0.0004235,2.581927,,sotto,"riferimento g10mai_1k, cond 1"
minv25_1k,ldr_v4_td6_BB_inv25,1000,3.818,10,100k,S_ins,FIXJACK1,0.1825,2.599000,,sotto,dB in 100 ms sopra -70 dB; pieno 3.815 V da g10mai_1k
minv25_1k,ldr_v4_td6_BB_inv25,1000,3.818,10,100k,S_rel,FIXJACK1,0.1827,2.602000,,sotto,dB in 100 ms sopra -70 dB; pieno 3.815 V da g10mai_1k
minv25_1k,ldr_v4_td6_BB_inv25,1000,3.818,10,100k,A_ins,FIXJACK2,4.035,1.000021,1.500,SOPRA,riferimento g10sempre_1k
minv25_1k,ldr_v4_td6_BB_inv25,1000,3.818,10,100k,A_rel,FIXJACK2,0.3448,2.583000,2.000,SOPRA,riferimento g10mai_1k
minv25_1k,ldr_v4_td6_BB_inv25,1000,3.818,10,100k,B2,FIXJACK2,0,2.520000,,sotto,mute da t_ins+t_grad+20 ms a t_rel
minv25_1k,ldr_v4_td6_BB_inv25,1000,3.818,10,100k,C1_ins,FIXJACK2,0.0006538,2.353927,,sotto,"diagnostica, cond 1"
minv25_1k,ldr_v4_td6_BB_inv25,1000,3.818,10,100k,C1_rel,FIXJACK2,0.0004562,2.581917,,sotto,"diagnostica, cond 1"
minv25_1k,ldr_v4_td6_BB_inv25,1000,3.818,10,100k,C2_ins,FIXJACK2,0.0006538,2.353927,,sotto,"riferimento g10sempre_1k, cond 1"
minv25_1k,ldr_v4_td6_BB_inv25,1000,3.818,10,100k,C2_rel,FIXJACK2,0.0004235,2.581927,,sotto,"riferimento g10mai_1k, cond 1"
minv25_1k,ldr_v4_td6_BB_inv25,1000,3.818,10,100k,S_ins,FIXJACK2,0.1825,2.599000,,sotto,dB in 100 ms sopra -70 dB; pieno 3.815 V da g10mai_1k
minv25_1k,ldr_v4_td6_BB_inv25,1000,3.818,10,100k,S_rel,FIXJACK2,0.1827,2.602000,,sotto,dB in 100 ms sopra -70 dB; pieno 3.815 V da g10mai_1k
minv50_1k,ldr_v4_td6_BB_inv50,1000,3.818,10,100k,A_ins,MAINJACK,12.72,1.000021,2.000,SOPRA,riferimento g10sempre_1k
minv50_1k,ldr_v4_td6_BB_inv50,1000,3.818,10,100k,A_rel,MAINJACK,5.265,4.837010,2.000,SOPRA,riferimento g10mai_1k
minv50_1k,ldr_v4_td6_BB_inv50,1000,3.818,10,100k,B2,MAINJACK,0,4.020000,,sotto,mute da t_ins+t_grad+20 ms a t_rel
minv50_1k,ldr_v4_td6_BB_inv50,1000,3.818,10,100k,C1_ins,MAINJACK,0.002219,2.353927,,SOPRA,"diagnostica, cond 1"
minv50_1k,ldr_v4_td6_BB_inv50,1000,3.818,10,100k,C1_rel,MAINJACK,0.003069,4.835938,,SOPRA,"diagnostica, cond 1"
minv50_1k,ldr_v4_td6_BB_inv50,1000,3.818,10,100k,C2_ins,MAINJACK,0.002219,2.353927,,SOPRA,"riferimento g10sempre_1k, cond 1"
minv50_1k,ldr_v4_td6_BB_inv50,1000,3.818,10,100k,C2_rel,MAINJACK,0.002776,4.835938,,SOPRA,"riferimento g10mai_1k, cond 1"
minv50_1k,ldr_v4_td6_BB_inv50,1000,3.818,10,100k,S_ins,MAINJACK,0.2336,4.099000,,sotto,dB in 100 ms sopra -70 dB; pieno 12.02 V da g10mai_1k
minv50_1k,ldr_v4_td6_BB_inv50,1000,3.818,10,100k,S_rel,MAINJACK,0.9318,4.866000,,sotto,dB in 100 ms sopra -70 dB; pieno 12.02 V da g10mai_1k
minv50_1k,ldr_v4_td6_BB_inv50,1000,3.818,10,100k,A_ins,FIXJACK1,4.035,1.000021,2.000,SOPRA,riferimento g10sempre_1k
minv50_1k,ldr_v4_td6_BB_inv50,1000,3.818,10,100k,A_rel,FIXJACK1,1.671,4.837000,2.000,SOPRA,riferimento g10mai_1k
minv50_1k,ldr_v4_td6_BB_inv50,1000,3.818,10,100k,B2,FIXJACK1,0,4.020000,,sotto,mute da t_ins+t_grad+20 ms a t_rel
minv50_1k,ldr_v4_td6_BB_inv50,1000,3.818,10,100k,C1_ins,FIXJACK1,0.0006538,2.353927,,sotto,"diagnostica, cond 1"
minv50_1k,ldr_v4_td6_BB_inv50,1000,3.818,10,100k,C1_rel,FIXJACK1,0.0009575,4.835938,,sotto,"diagnostica, cond 1"
minv50_1k,ldr_v4_td6_BB_inv50,1000,3.818,10,100k,C2_ins,FIXJACK1,0.0006538,2.353927,,sotto,"riferimento g10sempre_1k, cond 1"
minv50_1k,ldr_v4_td6_BB_inv50,1000,3.818,10,100k,C2_rel,FIXJACK1,0.0009282,4.835938,,sotto,"riferimento g10mai_1k, cond 1"
minv50_1k,ldr_v4_td6_BB_inv50,1000,3.818,10,100k,S_ins,FIXJACK1,0.2336,4.099000,,sotto,dB in 100 ms sopra -70 dB; pieno 3.815 V da g10mai_1k
minv50_1k,ldr_v4_td6_BB_inv50,1000,3.818,10,100k,S_rel,FIXJACK1,0.9318,4.866000,,sotto,dB in 100 ms sopra -70 dB; pieno 3.815 V da g10mai_1k
minv50_1k,ldr_v4_td6_BB_inv50,1000,3.818,10,100k,A_ins,FIXJACK2,4.035,1.000021,2.000,SOPRA,riferimento g10sempre_1k
minv50_1k,ldr_v4_td6_BB_inv50,1000,3.818,10,100k,A_rel,FIXJACK2,1.671,4.837000,2.000,SOPRA,riferimento g10mai_1k
minv50_1k,ldr_v4_td6_BB_inv50,1000,3.818,10,100k,B2,FIXJACK2,0,4.020000,,sotto,mute da t_ins+t_grad+20 ms a t_rel
minv50_1k,ldr_v4_td6_BB_inv50,1000,3.818,10,100k,C1_ins,FIXJACK2,0.0006538,2.353927,,sotto,"diagnostica, cond 1"
minv50_1k,ldr_v4_td6_BB_inv50,1000,3.818,10,100k,C1_rel,FIXJACK2,0.0009575,4.835938,,sotto,"diagnostica, cond 1"
minv50_1k,ldr_v4_td6_BB_inv50,1000,3.818,10,100k,C2_ins,FIXJACK2,0.0006538,2.353927,,sotto,"riferimento g10sempre_1k, cond 1"
minv50_1k,ldr_v4_td6_BB_inv50,1000,3.818,10,100k,C2_rel,FIXJACK2,0.0009282,4.835938,,sotto,"riferimento g10mai_1k, cond 1"
minv50_1k,ldr_v4_td6_BB_inv50,1000,3.818,10,100k,S_ins,FIXJACK2,0.2336,4.099000,,sotto,dB in 100 ms sopra -70 dB; pieno 3.815 V da g10mai_1k
minv50_1k,ldr_v4_td6_BB_inv50,1000,3.818,10,100k,S_rel,FIXJACK2,0.9318,4.866000,,sotto,dB in 100 ms sopra -70 dB; pieno 3.815 V da g10mai_1k
minv75_1k,ldr_v4_td6_BB_inv75,1000,3.818,10,100k,A_ins,MAINJACK,12.72,1.000021,2.000,SOPRA,riferimento g10sempre_1k
minv75_1k,ldr_v4_td6_BB_inv75,1000,3.818,10,100k,A_rel,MAINJACK,10.73,7.094010,2.000,SOPRA,riferimento g10mai_1k
minv75_1k,ldr_v4_td6_BB_inv75,1000,3.818,10,100k,B2,MAINJACK,0,5.520000,,sotto,mute da t_ins+t_grad+20 ms a t_rel
minv75_1k,ldr_v4_td6_BB_inv75,1000,3.818,10,100k,C1_ins,MAINJACK,0.004286,5.502979,,SOPRA,"diagnostica, cond 1"
minv75_1k,ldr_v4_td6_BB_inv75,1000,3.818,10,100k,C1_rel,MAINJACK,0.004286,5.502979,,SOPRA,"diagnostica, cond 1"
minv75_1k,ldr_v4_td6_BB_inv75,1000,3.818,10,100k,C2_ins,MAINJACK,0.004286,5.502979,,SOPRA,"riferimento g10sempre_1k, cond 1"
minv75_1k,ldr_v4_td6_BB_inv75,1000,3.818,10,100k,C2_rel,MAINJACK,0.004123,5.503010,,SOPRA,"riferimento g10mai_1k, cond 1"
minv75_1k,ldr_v4_td6_BB_inv75,1000,3.818,10,100k,S_ins,MAINJACK,3.035,5.403000,,sotto,dB in 100 ms sopra -70 dB; pieno 12.02 V da g10mai_1k
minv75_1k,ldr_v4_td6_BB_inv75,1000,3.818,10,100k,S_rel,MAINJACK,2.181,7.153000,,sotto,dB in 100 ms sopra -70 dB; pieno 12.02 V da g10mai_1k
minv75_1k,ldr_v4_td6_BB_inv75,1000,3.818,10,100k,A_ins,FIXJACK1,4.035,1.000021,2.000,SOPRA,riferimento g10sempre_1k
minv75_1k,ldr_v4_td6_BB_inv75,1000,3.818,10,100k,A_rel,FIXJACK1,3.405,7.094510,2.000,SOPRA,riferimento g10mai_1k
minv75_1k,ldr_v4_td6_BB_inv75,1000,3.818,10,100k,B2,FIXJACK1,0,5.520000,,sotto,mute da t_ins+t_grad+20 ms a t_rel
minv75_1k,ldr_v4_td6_BB_inv75,1000,3.818,10,100k,C1_ins,FIXJACK1,0.001359,5.502979,,SOPRA,"diagnostica, cond 1"
minv75_1k,ldr_v4_td6_BB_inv75,1000,3.818,10,100k,C1_rel,FIXJACK1,0.001359,5.502979,,SOPRA,"diagnostica, cond 1"
minv75_1k,ldr_v4_td6_BB_inv75,1000,3.818,10,100k,C2_ins,FIXJACK1,0.001359,5.502979,,SOPRA,"riferimento g10sempre_1k, cond 1"
minv75_1k,ldr_v4_td6_BB_inv75,1000,3.818,10,100k,C2_rel,FIXJACK1,0.001346,5.502479,,SOPRA,"riferimento g10mai_1k, cond 1"
minv75_1k,ldr_v4_td6_BB_inv75,1000,3.818,10,100k,S_ins,FIXJACK1,3.035,5.403000,,sotto,dB in 100 ms sopra -70 dB; pieno 3.815 V da g10mai_1k
minv75_1k,ldr_v4_td6_BB_inv75,1000,3.818,10,100k,S_rel,FIXJACK1,2.181,7.153000,,sotto,dB in 100 ms sopra -70 dB; pieno 3.815 V da g10mai_1k
minv75_1k,ldr_v4_td6_BB_inv75,1000,3.818,10,100k,A_ins,FIXJACK2,4.035,1.000021,2.000,SOPRA,riferimento g10sempre_1k
minv75_1k,ldr_v4_td6_BB_inv75,1000,3.818,10,100k,A_rel,FIXJACK2,3.405,7.094510,2.000,SOPRA,riferimento g10mai_1k
minv75_1k,ldr_v4_td6_BB_inv75,1000,3.818,10,100k,B2,FIXJACK2,0,5.520000,,sotto,mute da t_ins+t_grad+20 ms a t_rel
minv75_1k,ldr_v4_td6_BB_inv75,1000,3.818,10,100k,C1_ins,FIXJACK2,0.001359,5.502979,,SOPRA,"diagnostica, cond 1"
minv75_1k,ldr_v4_td6_BB_inv75,1000,3.818,10,100k,C1_rel,FIXJACK2,0.001359,5.502979,,SOPRA,"diagnostica, cond 1"
minv75_1k,ldr_v4_td6_BB_inv75,1000,3.818,10,100k,C2_ins,FIXJACK2,0.001359,5.502979,,SOPRA,"riferimento g10sempre_1k, cond 1"
minv75_1k,ldr_v4_td6_BB_inv75,1000,3.818,10,100k,C2_rel,FIXJACK2,0.001346,5.502479,,SOPRA,"riferimento g10mai_1k, cond 1"
minv75_1k,ldr_v4_td6_BB_inv75,1000,3.818,10,100k,S_ins,FIXJACK2,3.035,5.403000,,sotto,dB in 100 ms sopra -70 dB; pieno 3.815 V da g10mai_1k
minv75_1k,ldr_v4_td6_BB_inv75,1000,3.818,10,100k,S_rel,FIXJACK2,2.181,7.153000,,sotto,dB in 100 ms sopra -70 dB; pieno 3.815 V da g10mai_1k
mh01_1k,ldr_v4_td6_BB_h01,1000,3.818,10,100k,A_ins,MAINJACK,12.72,1.000021,2.000,SOPRA,riferimento g10sempre_1k
mh01_1k,ldr_v4_td6_BB_h01,1000,3.818,10,100k,A_rel,MAINJACK,12.72,7.600021,2.000,SOPRA,riferimento g10mai_1k
mh01_1k,ldr_v4_td6_BB_h01,1000,3.818,10,100k,B2,MAINJACK,3.292e-07,7.526365,,sotto,mute da t_ins+t_grad+20 ms a t_rel
mh01_1k,ldr_v4_td6_BB_h01,1000,3.818,10,100k,C1_ins,MAINJACK,0.002219,2.353927,,SOPRA,"diagnostica, cond 1"
mh01_1k,ldr_v4_td6_BB_h01,1000,3.818,10,100k,C1_rel,MAINJACK,0.001215,11.800354,,SOPRA,"diagnostica, cond 1"
mh01_1k,ldr_v4_td6_BB_h01,1000,3.818,10,100k,C2_ins,MAINJACK,0.002219,2.353927,,SOPRA,"riferimento g10sempre_1k, cond 1"
mh01_1k,ldr_v4_td6_BB_h01,1000,3.818,10,100k,C2_rel,MAINJACK,0.0009783,11.773677,,sotto,"riferimento g10mai_1k, cond 1"
mh01_1k,ldr_v4_td6_BB_h01,1000,3.818,10,100k,S_ins,MAINJACK,7.163,6.040000,,sotto,dB in 100 ms sopra -70 dB; pieno 12.02 V da g10mai_1k
mh01_1k,ldr_v4_td6_BB_h01,1000,3.818,10,100k,S_rel,MAINJACK,5.445,8.479000,,sotto,dB in 100 ms sopra -70 dB; pieno 12.02 V da g10mai_1k
mh01_1k,ldr_v4_td6_BB_h01,1000,3.818,10,100k,A_ins,FIXJACK1,4.035,1.000021,2.000,SOPRA,riferimento g10sempre_1k
mh01_1k,ldr_v4_td6_BB_h01,1000,3.818,10,100k,A_rel,FIXJACK1,4.035,7.600021,2.000,SOPRA,riferimento g10mai_1k
mh01_1k,ldr_v4_td6_BB_h01,1000,3.818,10,100k,B2,FIXJACK1,1.069e-07,7.526365,,sotto,mute da t_ins+t_grad+20 ms a t_rel
mh01_1k,ldr_v4_td6_BB_h01,1000,3.818,10,100k,C1_ins,FIXJACK1,0.0006538,2.353927,,sotto,"diagnostica, cond 1"
mh01_1k,ldr_v4_td6_BB_h01,1000,3.818,10,100k,C1_rel,FIXJACK1,0.0003679,11.770354,,sotto,"diagnostica, cond 1"
mh01_1k,ldr_v4_td6_BB_h01,1000,3.818,10,100k,C2_ins,FIXJACK1,0.0006538,2.353927,,sotto,"riferimento g10sempre_1k, cond 1"
mh01_1k,ldr_v4_td6_BB_h01,1000,3.818,10,100k,C2_rel,FIXJACK1,0.0003394,11.773344,,sotto,"riferimento g10mai_1k, cond 1"
mh01_1k,ldr_v4_td6_BB_h01,1000,3.818,10,100k,S_ins,FIXJACK1,7.163,6.040000,,sotto,dB in 100 ms sopra -70 dB; pieno 3.815 V da g10mai_1k
mh01_1k,ldr_v4_td6_BB_h01,1000,3.818,10,100k,S_rel,FIXJACK1,5.445,8.479000,,sotto,dB in 100 ms sopra -70 dB; pieno 3.815 V da g10mai_1k
mh01_1k,ldr_v4_td6_BB_h01,1000,3.818,10,100k,A_ins,FIXJACK2,4.035,1.000021,2.000,SOPRA,riferimento g10sempre_1k
mh01_1k,ldr_v4_td6_BB_h01,1000,3.818,10,100k,A_rel,FIXJACK2,4.035,7.600021,2.000,SOPRA,riferimento g10mai_1k
mh01_1k,ldr_v4_td6_BB_h01,1000,3.818,10,100k,B2,FIXJACK2,1.069e-07,7.526365,,sotto,mute da t_ins+t_grad+20 ms a t_rel
mh01_1k,ldr_v4_td6_BB_h01,1000,3.818,10,100k,C1_ins,FIXJACK2,0.0006538,2.353927,,sotto,"diagnostica, cond 1"
mh01_1k,ldr_v4_td6_BB_h01,1000,3.818,10,100k,C1_rel,FIXJACK2,0.0003679,11.770354,,sotto,"diagnostica, cond 1"
mh01_1k,ldr_v4_td6_BB_h01,1000,3.818,10,100k,C2_ins,FIXJACK2,0.0006538,2.353927,,sotto,"riferimento g10sempre_1k, cond 1"
mh01_1k,ldr_v4_td6_BB_h01,1000,3.818,10,100k,C2_rel,FIXJACK2,0.0003394,11.773344,,sotto,"riferimento g10mai_1k, cond 1"
mh01_1k,ldr_v4_td6_BB_h01,1000,3.818,10,100k,S_ins,FIXJACK2,7.163,6.040000,,sotto,dB in 100 ms sopra -70 dB; pieno 3.815 V da g10mai_1k
mh01_1k,ldr_v4_td6_BB_h01,1000,3.818,10,100k,S_rel,FIXJACK2,5.445,8.479000,,sotto,dB in 100 ms sopra -70 dB; pieno 3.815 V da g10mai_1k
mev_1k,ldr_v4_td6_BB_ev,1000,3.818,10,100k,A_ins,MAINJACK,12.72,1.000021,2.000,SOPRA,riferimento g10sempre_1k
mev_1k,ldr_v4_td6_BB_ev,1000,3.818,10,100k,A_rel,MAINJACK,12.72,8.500021,2.000,SOPRA,riferimento g10mai_1k
mev_1k,ldr_v4_td6_BB_ev,1000,3.818,10,100k,B2,MAINJACK,3.292e-07,7.526365,,sotto,mute da t_ins+t_grad+20 ms a t_rel
mev_1k,ldr_v4_td6_BB_ev,1000,3.818,10,100k,C1_ins,MAINJACK,0.002219,2.353927,,SOPRA,"diagnostica, cond 1"
mev_1k,ldr_v4_td6_BB_ev,1000,3.818,10,100k,C1_rel,MAINJACK,0.001215,12.700354,,SOPRA,"diagnostica, cond 1"
mev_1k,ldr_v4_td6_BB_ev,1000,3.818,10,100k,C2_ins,MAINJACK,0.002219,2.353927,,SOPRA,"riferimento g10sempre_1k, cond 1"
mev_1k,ldr_v4_td6_BB_ev,1000,3.818,10,100k,C2_rel,MAINJACK,0.0009785,12.667677,,sotto,"riferimento g10mai_1k, cond 1"
mev_1k,ldr_v4_td6_BB_ev,1000,3.818,10,100k,S_ins,MAINJACK,7.163,6.040000,,sotto,dB in 100 ms sopra -70 dB; pieno 12.02 V da g10mai_1k
mev_1k,ldr_v4_td6_BB_ev,1000,3.818,10,100k,S_rel,MAINJACK,5.32,9.437000,,sotto,dB in 100 ms sopra -70 dB; pieno 12.02 V da g10mai_1k
mev_1k,ldr_v4_td6_BB_ev,1000,3.818,10,100k,A_ins,FIXJACK1,4.035,1.000021,2.000,SOPRA,riferimento g10sempre_1k
mev_1k,ldr_v4_td6_BB_ev,1000,3.818,10,100k,A_rel,FIXJACK1,4.035,8.500021,2.000,SOPRA,riferimento g10mai_1k
mev_1k,ldr_v4_td6_BB_ev,1000,3.818,10,100k,B2,FIXJACK1,1.069e-07,7.526365,,sotto,mute da t_ins+t_grad+20 ms a t_rel
mev_1k,ldr_v4_td6_BB_ev,1000,3.818,10,100k,C1_ins,FIXJACK1,0.0006538,2.353927,,sotto,"diagnostica, cond 1"
mev_1k,ldr_v4_td6_BB_ev,1000,3.818,10,100k,C1_rel,FIXJACK1,0.0003679,12.670354,,sotto,"diagnostica, cond 1"
mev_1k,ldr_v4_td6_BB_ev,1000,3.818,10,100k,C2_ins,FIXJACK1,0.0006538,2.353927,,sotto,"riferimento g10sempre_1k, cond 1"
mev_1k,ldr_v4_td6_BB_ev,1000,3.818,10,100k,C2_rel,FIXJACK1,0.0003393,12.682344,,sotto,"riferimento g10mai_1k, cond 1"
mev_1k,ldr_v4_td6_BB_ev,1000,3.818,10,100k,S_ins,FIXJACK1,7.163,6.040000,,sotto,dB in 100 ms sopra -70 dB; pieno 3.815 V da g10mai_1k
mev_1k,ldr_v4_td6_BB_ev,1000,3.818,10,100k,S_rel,FIXJACK1,5.32,9.437000,,sotto,dB in 100 ms sopra -70 dB; pieno 3.815 V da g10mai_1k
mev_1k,ldr_v4_td6_BB_ev,1000,3.818,10,100k,A_ins,FIXJACK2,4.035,1.000021,2.000,SOPRA,riferimento g10sempre_1k
mev_1k,ldr_v4_td6_BB_ev,1000,3.818,10,100k,A_rel,FIXJACK2,4.035,8.500021,2.000,SOPRA,riferimento g10mai_1k
mev_1k,ldr_v4_td6_BB_ev,1000,3.818,10,100k,B2,FIXJACK2,1.069e-07,7.526365,,sotto,mute da t_ins+t_grad+20 ms a t_rel
mev_1k,ldr_v4_td6_BB_ev,1000,3.818,10,100k,C1_ins,FIXJACK2,0.0006538,2.353927,,sotto,"diagnostica, cond 1"
mev_1k,ldr_v4_td6_BB_ev,1000,3.818,10,100k,C1_rel,FIXJACK2,0.0003679,12.670354,,sotto,"diagnostica, cond 1"
mev_1k,ldr_v4_td6_BB_ev,1000,3.818,10,100k,C2_ins,FIXJACK2,0.0006538,2.353927,,sotto,"riferimento g10sempre_1k, cond 1"
mev_1k,ldr_v4_td6_BB_ev,1000,3.818,10,100k,C2_rel,FIXJACK2,0.0003393,12.682344,,sotto,"riferimento g10mai_1k, cond 1"
mev_1k,ldr_v4_td6_BB_ev,1000,3.818,10,100k,S_ins,FIXJACK2,7.163,6.040000,,sotto,dB in 100 ms sopra -70 dB; pieno 3.815 V da g10mai_1k
mev_1k,ldr_v4_td6_BB_ev,1000,3.818,10,100k,S_rel,FIXJACK2,5.32,9.437000,,sotto,dB in 100 ms sopra -70 dB; pieno 3.815 V da g10mai_1k
rele_1k,rele_contro_norele,1000,3.818,10,100k,A_ins,MAINJACK,0.0001251,7.501458,1.000,SOPRA,riferimento mnorele_1k
rele_1k,rele_contro_norele,1000,3.818,10,100k,A_rel,MAINJACK,6.542e-05,8.500438,2.000,sotto,riferimento mnorele_1k
rele_1k,rele_contro_norele,1000,3.818,10,100k,B2,MAINJACK,3.292e-07,7.526365,,sotto,mute da t_ins+t_grad+20 ms a t_rel
rele_1k,rele_contro_norele,1000,3.818,10,100k,C1_ins,MAINJACK,6.663e-05,7.500302,,sotto,"diagnostica, cond 1"
rele_1k,rele_contro_norele,1000,3.818,10,100k,C1_rel,MAINJACK,5.642e-05,8.500396,,sotto,"diagnostica, cond 1"
rele_1k,rele_contro_norele,1000,3.818,10,100k,C2_ins,MAINJACK,6.664e-05,7.500302,,sotto,"riferimento mnorele_1k, cond 1"
rele_1k,rele_contro_norele,1000,3.818,10,100k,C2_rel,MAINJACK,5.65e-05,8.500396,,sotto,"riferimento mnorele_1k, cond 1"
rele_1k,rele_contro_norele,1000,3.818,10,100k,S_ins,MAINJACK,0,,,sotto,dB in 100 ms sopra -70 dB; pieno 12.02 V da mnorele_1k
rele_1k,rele_contro_norele,1000,3.818,10,100k,S_rel,MAINJACK,0,,,sotto,dB in 100 ms sopra -70 dB; pieno 12.02 V da mnorele_1k
rele_1k,rele_contro_norele,1000,3.818,10,100k,A_ins,FIXJACK1,3.973e-05,7.501458,1.000,"sotto, finestra corta: non accetta",riferimento mnorele_1k
rele_1k,rele_contro_norele,1000,3.818,10,100k,A_rel,FIXJACK1,2.075e-05,8.500438,2.000,sotto,riferimento mnorele_1k
rele_1k,rele_contro_norele,1000,3.818,10,100k,B2,FIXJACK1,1.069e-07,7.526365,,sotto,mute da t_ins+t_grad+20 ms a t_rel
rele_1k,rele_contro_norele,1000,3.818,10,100k,C1_ins,FIXJACK1,2.118e-05,7.500302,,sotto,"diagnostica, cond 1"
rele_1k,rele_contro_norele,1000,3.818,10,100k,C1_rel,FIXJACK1,1.794e-05,8.500396,,sotto,"diagnostica, cond 1"
rele_1k,rele_contro_norele,1000,3.818,10,100k,C2_ins,FIXJACK1,2.118e-05,7.500302,,sotto,"riferimento mnorele_1k, cond 1"
rele_1k,rele_contro_norele,1000,3.818,10,100k,C2_rel,FIXJACK1,1.796e-05,8.500396,,sotto,"riferimento mnorele_1k, cond 1"
rele_1k,rele_contro_norele,1000,3.818,10,100k,S_ins,FIXJACK1,0,,,sotto,dB in 100 ms sopra -70 dB; pieno 3.815 V da mnorele_1k
rele_1k,rele_contro_norele,1000,3.818,10,100k,S_rel,FIXJACK1,0,,,sotto,dB in 100 ms sopra -70 dB; pieno 3.815 V da mnorele_1k
rele_1k,rele_contro_norele,1000,3.818,10,100k,A_ins,FIXJACK2,3.973e-05,7.501458,1.000,"sotto, finestra corta: non accetta",riferimento mnorele_1k
rele_1k,rele_contro_norele,1000,3.818,10,100k,A_rel,FIXJACK2,2.075e-05,8.500438,2.000,sotto,riferimento mnorele_1k
rele_1k,rele_contro_norele,1000,3.818,10,100k,B2,FIXJACK2,1.069e-07,7.526365,,sotto,mute da t_ins+t_grad+20 ms a t_rel
rele_1k,rele_contro_norele,1000,3.818,10,100k,C1_ins,FIXJACK2,2.118e-05,7.500302,,sotto,"diagnostica, cond 1"
rele_1k,rele_contro_norele,1000,3.818,10,100k,C1_rel,FIXJACK2,1.794e-05,8.500396,,sotto,"diagnostica, cond 1"
rele_1k,rele_contro_norele,1000,3.818,10,100k,C2_ins,FIXJACK2,2.118e-05,7.500302,,sotto,"riferimento mnorele_1k, cond 1"
rele_1k,rele_contro_norele,1000,3.818,10,100k,C2_rel,FIXJACK2,1.796e-05,8.500396,,sotto,"riferimento mnorele_1k, cond 1"
rele_1k,rele_contro_norele,1000,3.818,10,100k,S_ins,FIXJACK2,0,,,sotto,dB in 100 ms sopra -70 dB; pieno 3.815 V da mnorele_1k
rele_1k,rele_contro_norele,1000,3.818,10,100k,S_rel,FIXJACK2,0,,,sotto,dB in 100 ms sopra -70 dB; pieno 3.815 V da mnorele_1k
mh2_1k,ldr_v4_td6_BB_h2,1000,3.818,10,100k,A_ins,MAINJACK,12.72,1.000021,2.000,SOPRA,riferimento g10sempre_1k
mh2_1k,ldr_v4_td6_BB_h2,1000,3.818,10,100k,A_rel,MAINJACK,12.72,9.500021,2.000,SOPRA,riferimento g10mai_1k
mh2_1k,ldr_v4_td6_BB_h2,1000,3.818,10,100k,B2,MAINJACK,3.292e-07,7.526365,,sotto,mute da t_ins+t_grad+20 ms a t_rel
mh2_1k,ldr_v4_td6_BB_h2,1000,3.818,10,100k,C1_ins,MAINJACK,0.002219,2.353927,,SOPRA,"diagnostica, cond 1"
mh2_1k,ldr_v4_td6_BB_h2,1000,3.818,10,100k,C1_rel,MAINJACK,0.001215,13.698354,,SOPRA,"diagnostica, cond 1"
mh2_1k,ldr_v4_td6_BB_h2,1000,3.818,10,100k,C2_ins,MAINJACK,0.002219,2.353927,,SOPRA,"riferimento g10sempre_1k, cond 1"
mh2_1k,ldr_v4_td6_BB_h2,1000,3.818,10,100k,C2_rel,MAINJACK,0.0009785,13.674677,,sotto,"riferimento g10mai_1k, cond 1"
mh2_1k,ldr_v4_td6_BB_h2,1000,3.818,10,100k,S_ins,MAINJACK,7.163,6.040000,,sotto,dB in 100 ms sopra -70 dB; pieno 12.02 V da g10mai_1k
mh2_1k,ldr_v4_td6_BB_h2,1000,3.818,10,100k,S_rel,MAINJACK,5.35,10.457000,,sotto,dB in 100 ms sopra -70 dB; pieno 12.02 V da g10mai_1k
mh2_1k,ldr_v4_td6_BB_h2,1000,3.818,10,100k,A_ins,FIXJACK1,4.035,1.000021,2.000,SOPRA,riferimento g10sempre_1k
mh2_1k,ldr_v4_td6_BB_h2,1000,3.818,10,100k,A_rel,FIXJACK1,4.035,9.500021,2.000,SOPRA,riferimento g10mai_1k
mh2_1k,ldr_v4_td6_BB_h2,1000,3.818,10,100k,B2,FIXJACK1,1.069e-07,7.526365,,sotto,mute da t_ins+t_grad+20 ms a t_rel
mh2_1k,ldr_v4_td6_BB_h2,1000,3.818,10,100k,C1_ins,FIXJACK1,0.0006538,2.353927,,sotto,"diagnostica, cond 1"
mh2_1k,ldr_v4_td6_BB_h2,1000,3.818,10,100k,C1_rel,FIXJACK1,0.0003679,13.669354,,sotto,"diagnostica, cond 1"
mh2_1k,ldr_v4_td6_BB_h2,1000,3.818,10,100k,C2_ins,FIXJACK1,0.0006538,2.353927,,sotto,"riferimento g10sempre_1k, cond 1"
mh2_1k,ldr_v4_td6_BB_h2,1000,3.818,10,100k,C2_rel,FIXJACK1,0.0003393,13.673344,,sotto,"riferimento g10mai_1k, cond 1"
mh2_1k,ldr_v4_td6_BB_h2,1000,3.818,10,100k,S_ins,FIXJACK1,7.163,6.040000,,sotto,dB in 100 ms sopra -70 dB; pieno 3.815 V da g10mai_1k
mh2_1k,ldr_v4_td6_BB_h2,1000,3.818,10,100k,S_rel,FIXJACK1,5.35,10.457000,,sotto,dB in 100 ms sopra -70 dB; pieno 3.815 V da g10mai_1k
mh2_1k,ldr_v4_td6_BB_h2,1000,3.818,10,100k,A_ins,FIXJACK2,4.035,1.000021,2.000,SOPRA,riferimento g10sempre_1k
mh2_1k,ldr_v4_td6_BB_h2,1000,3.818,10,100k,A_rel,FIXJACK2,4.035,9.500021,2.000,SOPRA,riferimento g10mai_1k
mh2_1k,ldr_v4_td6_BB_h2,1000,3.818,10,100k,B2,FIXJACK2,1.069e-07,7.526365,,sotto,mute da t_ins+t_grad+20 ms a t_rel
mh2_1k,ldr_v4_td6_BB_h2,1000,3.818,10,100k,C1_ins,FIXJACK2,0.0006538,2.353927,,sotto,"diagnostica, cond 1"
mh2_1k,ldr_v4_td6_BB_h2,1000,3.818,10,100k,C1_rel,FIXJACK2,0.0003679,13.669354,,sotto,"diagnostica, cond 1"
mh2_1k,ldr_v4_td6_BB_h2,1000,3.818,10,100k,C2_ins,FIXJACK2,0.0006538,2.353927,,sotto,"riferimento g10sempre_1k, cond 1"
mh2_1k,ldr_v4_td6_BB_h2,1000,3.818,10,100k,C2_rel,FIXJACK2,0.0003393,13.673344,,sotto,"riferimento g10mai_1k, cond 1"
mh2_1k,ldr_v4_td6_BB_h2,1000,3.818,10,100k,S_ins,FIXJACK2,7.163,6.040000,,sotto,dB in 100 ms sopra -70 dB; pieno 3.815 V da g10mai_1k
mh2_1k,ldr_v4_td6_BB_h2,1000,3.818,10,100k,S_rel,FIXJACK2,5.35,10.457000,,sotto,dB in 100 ms sopra -70 dB; pieno 3.815 V da g10mai_1k
mh20_1k,ldr_v4_td6_BB_h20,1000,3.818,10,100k,A_ins,MAINJACK,12.72,1.000021,2.000,SOPRA,riferimento g10sempre_1k
mh20_1k,ldr_v4_td6_BB_h20,1000,3.818,10,100k,A_rel,MAINJACK,12.72,27.500021,2.000,SOPRA,riferimento g10mai_1k
mh20_1k,ldr_v4_td6_BB_h20,1000,3.818,10,100k,B2,MAINJACK,3.292e-07,7.526365,,sotto,mute da t_ins+t_grad+20 ms a t_rel
mh20_1k,ldr_v4_td6_BB_h20,1000,3.818,10,100k,C1_ins,MAINJACK,0.002219,2.353927,,SOPRA,"diagnostica, cond 1"
mh20_1k,ldr_v4_td6_BB_h20,1000,3.818,10,100k,C1_rel,MAINJACK,0.001215,31.694354,,SOPRA,"diagnostica, cond 1"
mh20_1k,ldr_v4_td6_BB_h20,1000,3.818,10,100k,C2_ins,MAINJACK,0.002219,2.353927,,SOPRA,"riferimento g10sempre_1k, cond 1"
mh20_1k,ldr_v4_td6_BB_h20,1000,3.818,10,100k,C2_rel,MAINJACK,0.0009785,31.668677,,sotto,"riferimento g10mai_1k, cond 1"
mh20_1k,ldr_v4_td6_BB_h20,1000,3.818,10,100k,S_ins,MAINJACK,7.163,6.040000,,sotto,dB in 100 ms sopra -70 dB; pieno 12.02 V da g10mai_1k
mh20_1k,ldr_v4_td6_BB_h20,1000,3.818,10,100k,S_rel,MAINJACK,5.37,28.460000,,sotto,dB in 100 ms sopra -70 dB; pieno 12.02 V da g10mai_1k
mh20_1k,ldr_v4_td6_BB_h20,1000,3.818,10,100k,A_ins,FIXJACK1,4.035,1.000021,2.000,SOPRA,riferimento g10sempre_1k
mh20_1k,ldr_v4_td6_BB_h20,1000,3.818,10,100k,A_rel,FIXJACK1,4.035,27.500021,2.000,SOPRA,riferimento g10mai_1k
mh20_1k,ldr_v4_td6_BB_h20,1000,3.818,10,100k,B2,FIXJACK1,1.069e-07,7.526365,,sotto,mute da t_ins+t_grad+20 ms a t_rel
mh20_1k,ldr_v4_td6_BB_h20,1000,3.818,10,100k,C1_ins,FIXJACK1,0.0006538,2.353927,,sotto,"diagnostica, cond 1"
mh20_1k,ldr_v4_td6_BB_h20,1000,3.818,10,100k,C1_rel,FIXJACK1,0.0003677,31.687354,,sotto,"diagnostica, cond 1"
mh20_1k,ldr_v4_td6_BB_h20,1000,3.818,10,100k,C2_ins,FIXJACK1,0.0006538,2.353927,,sotto,"riferimento g10sempre_1k, cond 1"
mh20_1k,ldr_v4_td6_BB_h20,1000,3.818,10,100k,C2_rel,FIXJACK1,0.0003393,31.669344,,sotto,"riferimento g10mai_1k, cond 1"
mh20_1k,ldr_v4_td6_BB_h20,1000,3.818,10,100k,S_ins,FIXJACK1,7.163,6.040000,,sotto,dB in 100 ms sopra -70 dB; pieno 3.815 V da g10mai_1k
mh20_1k,ldr_v4_td6_BB_h20,1000,3.818,10,100k,S_rel,FIXJACK1,5.37,28.460000,,sotto,dB in 100 ms sopra -70 dB; pieno 3.815 V da g10mai_1k
mh20_1k,ldr_v4_td6_BB_h20,1000,3.818,10,100k,A_ins,FIXJACK2,4.035,1.000021,2.000,SOPRA,riferimento g10sempre_1k
mh20_1k,ldr_v4_td6_BB_h20,1000,3.818,10,100k,A_rel,FIXJACK2,4.035,27.500021,2.000,SOPRA,riferimento g10mai_1k
mh20_1k,ldr_v4_td6_BB_h20,1000,3.818,10,100k,B2,FIXJACK2,1.069e-07,7.526365,,sotto,mute da t_ins+t_grad+20 ms a t_rel
mh20_1k,ldr_v4_td6_BB_h20,1000,3.818,10,100k,C1_ins,FIXJACK2,0.0006538,2.353927,,sotto,"diagnostica, cond 1"
mh20_1k,ldr_v4_td6_BB_h20,1000,3.818,10,100k,C1_rel,FIXJACK2,0.0003677,31.687354,,sotto,"diagnostica, cond 1"
mh20_1k,ldr_v4_td6_BB_h20,1000,3.818,10,100k,C2_ins,FIXJACK2,0.0006538,2.353927,,sotto,"riferimento g10sempre_1k, cond 1"
mh20_1k,ldr_v4_td6_BB_h20,1000,3.818,10,100k,C2_rel,FIXJACK2,0.0003393,31.669344,,sotto,"riferimento g10mai_1k, cond 1"
mh20_1k,ldr_v4_td6_BB_h20,1000,3.818,10,100k,S_ins,FIXJACK2,7.163,6.040000,,sotto,dB in 100 ms sopra -70 dB; pieno 3.815 V da g10mai_1k
mh20_1k,ldr_v4_td6_BB_h20,1000,3.818,10,100k,S_rel,FIXJACK2,5.37,28.460000,,sotto,dB in 100 ms sopra -70 dB; pieno 3.815 V da g10mai_1k
minv25_20,ldr_v4_td6_BB_inv25,20,3.818,10,100k,A_ins,MAINJACK,12.8,1.000031,1.500,SOPRA,riferimento g10sempre_20
minv25_20,ldr_v4_td6_BB_inv25,20,3.818,10,100k,A_rel,MAINJACK,1.08,2.500031,2.000,SOPRA,riferimento g10mai_20
minv25_20,ldr_v4_td6_BB_inv25,20,3.818,10,100k,B2,MAINJACK,0,2.520000,,sotto,mute da t_ins+t_grad+20 ms a t_rel
minv25_20,ldr_v4_td6_BB_inv25,20,3.818,10,100k,C1_ins,MAINJACK,0.002323,2.353510,,SOPRA,"diagnostica, cond 7.22"
minv25_20,ldr_v4_td6_BB_inv25,20,3.818,10,100k,C1_rel,MAINJACK,0.001707,2.649812,,SOPRA,"diagnostica, cond 7.22"
minv25_20,ldr_v4_td6_BB_inv25,20,3.818,10,100k,C2_ins,MAINJACK,0.002323,2.353510,,SOPRA,"riferimento g10sempre_20, cond 7.22"
minv25_20,ldr_v4_td6_BB_inv25,20,3.818,10,100k,C2_rel,MAINJACK,0.001758,2.674771,,SOPRA,"riferimento g10mai_20, cond 7.22"
minv25_20,ldr_v4_td6_BB_inv25,20,3.818,10,100k,S_ins,MAINJACK,0.1748,2.599000,,sotto,dB in 100 ms sopra -70 dB; pieno 12.02 V da g10mai_20
minv25_20,ldr_v4_td6_BB_inv25,20,3.818,10,100k,S_rel,MAINJACK,0.1796,2.610000,,sotto,dB in 100 ms sopra -70 dB; pieno 12.02 V da g10mai_20
minv25_20,ldr_v4_td6_BB_inv25,20,3.818,10,100k,A_ins,FIXJACK1,4.064,1.000031,1.500,SOPRA,riferimento g10sempre_20
minv25_20,ldr_v4_td6_BB_inv25,20,3.818,10,100k,A_rel,FIXJACK1,0.3428,2.500031,2.000,SOPRA,riferimento g10mai_20
minv25_20,ldr_v4_td6_BB_inv25,20,3.818,10,100k,B2,FIXJACK1,0,2.520000,,sotto,mute da t_ins+t_grad+20 ms a t_rel
minv25_20,ldr_v4_td6_BB_inv25,20,3.818,10,100k,C1_ins,FIXJACK1,0.0007406,2.353510,,sotto,"diagnostica, cond 7.22"
minv25_20,ldr_v4_td6_BB_inv25,20,3.818,10,100k,C1_rel,FIXJACK1,0.0005486,2.649698,,sotto,"diagnostica, cond 7.22"
minv25_20,ldr_v4_td6_BB_inv25,20,3.818,10,100k,C2_ins,FIXJACK1,0.0007406,2.353510,,sotto,"riferimento g10sempre_20, cond 7.22"
minv25_20,ldr_v4_td6_BB_inv25,20,3.818,10,100k,C2_rel,FIXJACK1,0.0005495,2.649677,,sotto,"riferimento g10mai_20, cond 7.22"
minv25_20,ldr_v4_td6_BB_inv25,20,3.818,10,100k,S_ins,FIXJACK1,0.1748,2.599000,,sotto,dB in 100 ms sopra -70 dB; pieno 3.814 V da g10mai_20
minv25_20,ldr_v4_td6_BB_inv25,20,3.818,10,100k,S_rel,FIXJACK1,0.1796,2.610000,,sotto,dB in 100 ms sopra -70 dB; pieno 3.814 V da g10mai_20
minv25_20,ldr_v4_td6_BB_inv25,20,3.818,10,100k,A_ins,FIXJACK2,4.064,1.000031,1.500,SOPRA,riferimento g10sempre_20
minv25_20,ldr_v4_td6_BB_inv25,20,3.818,10,100k,A_rel,FIXJACK2,0.3428,2.500031,2.000,SOPRA,riferimento g10mai_20
minv25_20,ldr_v4_td6_BB_inv25,20,3.818,10,100k,B2,FIXJACK2,0,2.520000,,sotto,mute da t_ins+t_grad+20 ms a t_rel
minv25_20,ldr_v4_td6_BB_inv25,20,3.818,10,100k,C1_ins,FIXJACK2,0.0007406,2.353510,,sotto,"diagnostica, cond 7.22"
minv25_20,ldr_v4_td6_BB_inv25,20,3.818,10,100k,C1_rel,FIXJACK2,0.0005486,2.649698,,sotto,"diagnostica, cond 7.22"
minv25_20,ldr_v4_td6_BB_inv25,20,3.818,10,100k,C2_ins,FIXJACK2,0.0007406,2.353510,,sotto,"riferimento g10sempre_20, cond 7.22"
minv25_20,ldr_v4_td6_BB_inv25,20,3.818,10,100k,C2_rel,FIXJACK2,0.0005495,2.649677,,sotto,"riferimento g10mai_20, cond 7.22"
minv25_20,ldr_v4_td6_BB_inv25,20,3.818,10,100k,S_ins,FIXJACK2,0.1748,2.599000,,sotto,dB in 100 ms sopra -70 dB; pieno 3.814 V da g10mai_20
minv25_20,ldr_v4_td6_BB_inv25,20,3.818,10,100k,S_rel,FIXJACK2,0.1796,2.610000,,sotto,dB in 100 ms sopra -70 dB; pieno 3.814 V da g10mai_20
minv50_20,ldr_v4_td6_BB_inv50,20,3.818,10,100k,A_ins,MAINJACK,12.8,1.000031,2.000,SOPRA,riferimento g10sempre_20
minv50_20,ldr_v4_td6_BB_inv50,20,3.818,10,100k,A_rel,MAINJACK,3.705,4.837365,2.000,SOPRA,riferimento g10mai_20
minv50_20,ldr_v4_td6_BB_inv50,20,3.818,10,100k,B2,MAINJACK,0,4.020000,,sotto,mute da t_ins+t_grad+20 ms a t_rel
minv50_20,ldr_v4_td6_BB_inv50,20,3.818,10,100k,C1_ins,MAINJACK,0.002323,2.353510,,SOPRA,"diagnostica, cond 7.22"
minv50_20,ldr_v4_td6_BB_inv50,20,3.818,10,100k,C1_rel,MAINJACK,0.005668,4.924812,,SOPRA,"diagnostica, cond 7.22"
minv50_20,ldr_v4_td6_BB_inv50,20,3.818,10,100k,C2_ins,MAINJACK,0.002323,2.353510,,SOPRA,"riferimento g10sempre_20, cond 7.22"
minv50_20,ldr_v4_td6_BB_inv50,20,3.818,10,100k,C2_rel,MAINJACK,0.005814,4.924792,,SOPRA,"riferimento g10mai_20, cond 7.22"
minv50_20,ldr_v4_td6_BB_inv50,20,3.818,10,100k,S_ins,MAINJACK,0.2333,4.099000,,sotto,dB in 100 ms sopra -70 dB; pieno 12.02 V da g10mai_20
minv50_20,ldr_v4_td6_BB_inv50,20,3.818,10,100k,S_rel,MAINJACK,0.9207,4.872000,,sotto,dB in 100 ms sopra -70 dB; pieno 12.02 V da g10mai_20
minv50_20,ldr_v4_td6_BB_inv50,20,3.818,10,100k,A_ins,FIXJACK1,4.064,1.000031,2.000,SOPRA,riferimento g10sempre_20
minv50_20,ldr_v4_td6_BB_inv50,20,3.818,10,100k,A_rel,FIXJACK1,1.176,4.837396,2.000,SOPRA,riferimento g10mai_20
minv50_20,ldr_v4_td6_BB_inv50,20,3.818,10,100k,B2,FIXJACK1,0,4.020000,,sotto,mute da t_ins+t_grad+20 ms a t_rel
minv50_20,ldr_v4_td6_BB_inv50,20,3.818,10,100k,C1_ins,FIXJACK1,0.0007406,2.353510,,sotto,"diagnostica, cond 7.22"
minv50_20,ldr_v4_td6_BB_inv50,20,3.818,10,100k,C1_rel,FIXJACK1,0.001802,4.924833,,SOPRA,"diagnostica, cond 7.22"
minv50_20,ldr_v4_td6_BB_inv50,20,3.818,10,100k,C2_ins,FIXJACK1,0.0007406,2.353510,,sotto,"riferimento g10sempre_20, cond 7.22"
minv50_20,ldr_v4_td6_BB_inv50,20,3.818,10,100k,C2_rel,FIXJACK1,0.001803,4.924833,,SOPRA,"riferimento g10mai_20, cond 7.22"
minv50_20,ldr_v4_td6_BB_inv50,20,3.818,10,100k,S_ins,FIXJACK1,0.2333,4.099000,,sotto,dB in 100 ms sopra -70 dB; pieno 3.814 V da g10mai_20
minv50_20,ldr_v4_td6_BB_inv50,20,3.818,10,100k,S_rel,FIXJACK1,0.9207,4.872000,,sotto,dB in 100 ms sopra -70 dB; pieno 3.814 V da g10mai_20
minv50_20,ldr_v4_td6_BB_inv50,20,3.818,10,100k,A_ins,FIXJACK2,4.064,1.000031,2.000,SOPRA,riferimento g10sempre_20
minv50_20,ldr_v4_td6_BB_inv50,20,3.818,10,100k,A_rel,FIXJACK2,1.176,4.837396,2.000,SOPRA,riferimento g10mai_20
minv50_20,ldr_v4_td6_BB_inv50,20,3.818,10,100k,B2,FIXJACK2,0,4.020000,,sotto,mute da t_ins+t_grad+20 ms a t_rel
minv50_20,ldr_v4_td6_BB_inv50,20,3.818,10,100k,C1_ins,FIXJACK2,0.0007406,2.353510,,sotto,"diagnostica, cond 7.22"
minv50_20,ldr_v4_td6_BB_inv50,20,3.818,10,100k,C1_rel,FIXJACK2,0.001802,4.924833,,SOPRA,"diagnostica, cond 7.22"
minv50_20,ldr_v4_td6_BB_inv50,20,3.818,10,100k,C2_ins,FIXJACK2,0.0007406,2.353510,,sotto,"riferimento g10sempre_20, cond 7.22"
minv50_20,ldr_v4_td6_BB_inv50,20,3.818,10,100k,C2_rel,FIXJACK2,0.001803,4.924833,,SOPRA,"riferimento g10mai_20, cond 7.22"
minv50_20,ldr_v4_td6_BB_inv50,20,3.818,10,100k,S_ins,FIXJACK2,0.2333,4.099000,,sotto,dB in 100 ms sopra -70 dB; pieno 3.814 V da g10mai_20
minv50_20,ldr_v4_td6_BB_inv50,20,3.818,10,100k,S_rel,FIXJACK2,0.9207,4.872000,,sotto,dB in 100 ms sopra -70 dB; pieno 3.814 V da g10mai_20
minv75_20,ldr_v4_td6_BB_inv75,20,3.818,10,100k,A_ins,MAINJACK,12.8,1.000031,2.000,SOPRA,riferimento g10sempre_20
minv75_20,ldr_v4_td6_BB_inv75,20,3.818,10,100k,A_rel,MAINJACK,10,5.500031,2.000,SOPRA,riferimento g10mai_20
minv75_20,ldr_v4_td6_BB_inv75,20,3.818,10,100k,B2,MAINJACK,0,5.520000,,sotto,mute da t_ins+t_grad+20 ms a t_rel
minv75_20,ldr_v4_td6_BB_inv75,20,3.818,10,100k,C1_ins,MAINJACK,0.009962,5.500740,,SOPRA,"diagnostica, cond 7.22"
minv75_20,ldr_v4_td6_BB_inv75,20,3.818,10,100k,C1_rel,MAINJACK,0.009962,5.500740,,SOPRA,"diagnostica, cond 7.22"
minv75_20,ldr_v4_td6_BB_inv75,20,3.818,10,100k,C2_ins,MAINJACK,0.009962,5.500740,,SOPRA,"riferimento g10sempre_20, cond 7.22"
minv75_20,ldr_v4_td6_BB_inv75,20,3.818,10,100k,C2_rel,MAINJACK,0.00994,5.500750,,SOPRA,"riferimento g10mai_20, cond 7.22"
minv75_20,ldr_v4_td6_BB_inv75,20,3.818,10,100k,S_ins,MAINJACK,2.881,5.399000,,sotto,dB in 100 ms sopra -70 dB; pieno 12.02 V da g10mai_20
minv75_20,ldr_v4_td6_BB_inv75,20,3.818,10,100k,S_rel,MAINJACK,2.227,7.153000,,sotto,dB in 100 ms sopra -70 dB; pieno 12.02 V da g10mai_20
minv75_20,ldr_v4_td6_BB_inv75,20,3.818,10,100k,A_ins,FIXJACK1,4.064,1.000031,2.000,SOPRA,riferimento g10sempre_20
minv75_20,ldr_v4_td6_BB_inv75,20,3.818,10,100k,A_rel,FIXJACK1,3.176,5.500031,2.000,SOPRA,riferimento g10mai_20
minv75_20,ldr_v4_td6_BB_inv75,20,3.818,10,100k,B2,FIXJACK1,0,5.520000,,sotto,mute da t_ins+t_grad+20 ms a t_rel
minv75_20,ldr_v4_td6_BB_inv75,20,3.818,10,100k,C1_ins,FIXJACK1,0.003164,5.500750,,SOPRA,"diagnostica, cond 7.22"
minv75_20,ldr_v4_td6_BB_inv75,20,3.818,10,100k,C1_rel,FIXJACK1,0.003164,5.500750,,SOPRA,"diagnostica, cond 7.22"
minv75_20,ldr_v4_td6_BB_inv75,20,3.818,10,100k,C2_ins,FIXJACK1,0.003164,5.500750,,SOPRA,"riferimento g10sempre_20, cond 7.22"
minv75_20,ldr_v4_td6_BB_inv75,20,3.818,10,100k,C2_rel,FIXJACK1,0.003163,5.500750,,SOPRA,"riferimento g10mai_20, cond 7.22"
minv75_20,ldr_v4_td6_BB_inv75,20,3.818,10,100k,S_ins,FIXJACK1,2.881,5.398000,,sotto,dB in 100 ms sopra -70 dB; pieno 3.814 V da g10mai_20
minv75_20,ldr_v4_td6_BB_inv75,20,3.818,10,100k,S_rel,FIXJACK1,2.227,7.153000,,sotto,dB in 100 ms sopra -70 dB; pieno 3.814 V da g10mai_20
minv75_20,ldr_v4_td6_BB_inv75,20,3.818,10,100k,A_ins,FIXJACK2,4.064,1.000031,2.000,SOPRA,riferimento g10sempre_20
minv75_20,ldr_v4_td6_BB_inv75,20,3.818,10,100k,A_rel,FIXJACK2,3.176,5.500031,2.000,SOPRA,riferimento g10mai_20
minv75_20,ldr_v4_td6_BB_inv75,20,3.818,10,100k,B2,FIXJACK2,0,5.520000,,sotto,mute da t_ins+t_grad+20 ms a t_rel
minv75_20,ldr_v4_td6_BB_inv75,20,3.818,10,100k,C1_ins,FIXJACK2,0.003164,5.500750,,SOPRA,"diagnostica, cond 7.22"
minv75_20,ldr_v4_td6_BB_inv75,20,3.818,10,100k,C1_rel,FIXJACK2,0.003164,5.500750,,SOPRA,"diagnostica, cond 7.22"
minv75_20,ldr_v4_td6_BB_inv75,20,3.818,10,100k,C2_ins,FIXJACK2,0.003164,5.500750,,SOPRA,"riferimento g10sempre_20, cond 7.22"
minv75_20,ldr_v4_td6_BB_inv75,20,3.818,10,100k,C2_rel,FIXJACK2,0.003163,5.500750,,SOPRA,"riferimento g10mai_20, cond 7.22"
minv75_20,ldr_v4_td6_BB_inv75,20,3.818,10,100k,S_ins,FIXJACK2,2.881,5.398000,,sotto,dB in 100 ms sopra -70 dB; pieno 3.814 V da g10mai_20
minv75_20,ldr_v4_td6_BB_inv75,20,3.818,10,100k,S_rel,FIXJACK2,2.227,7.153000,,sotto,dB in 100 ms sopra -70 dB; pieno 3.814 V da g10mai_20
mh01_20,ldr_v4_td6_BB_h01,20,3.818,10,100k,A_ins,MAINJACK,12.8,1.000031,2.000,SOPRA,riferimento g10sempre_20
mh01_20,ldr_v4_td6_BB_h01,20,3.818,10,100k,A_rel,MAINJACK,12.8,7.600031,2.000,SOPRA,riferimento g10mai_20
mh01_20,ldr_v4_td6_BB_h01,20,3.818,10,100k,B2,MAINJACK,8.5e-06,7.526354,,sotto,mute da t_ins+t_grad+20 ms a t_rel
mh01_20,ldr_v4_td6_BB_h01,20,3.818,10,100k,C1_ins,MAINJACK,0.008004,5.499760,,SOPRA,"diagnostica, cond 7.22"
mh01_20,ldr_v4_td6_BB_h01,20,3.818,10,100k,C1_rel,MAINJACK,0.006989,11.599833,,SOPRA,"diagnostica, cond 7.22"
mh01_20,ldr_v4_td6_BB_h01,20,3.818,10,100k,C2_ins,MAINJACK,0.008004,5.499760,,SOPRA,"riferimento g10sempre_20, cond 7.22"
mh01_20,ldr_v4_td6_BB_h01,20,3.818,10,100k,C2_rel,MAINJACK,0.007134,11.624792,,SOPRA,"riferimento g10mai_20, cond 7.22"
mh01_20,ldr_v4_td6_BB_h01,20,3.818,10,100k,S_ins,MAINJACK,7.158,6.030000,,sotto,dB in 100 ms sopra -70 dB; pieno 12.02 V da g10mai_20
mh01_20,ldr_v4_td6_BB_h01,20,3.818,10,100k,S_rel,MAINJACK,4.937,8.505000,,sotto,dB in 100 ms sopra -70 dB; pieno 12.02 V da g10mai_20
mh01_20,ldr_v4_td6_BB_h01,20,3.818,10,100k,A_ins,FIXJACK1,4.064,1.000031,2.000,SOPRA,riferimento g10sempre_20
mh01_20,ldr_v4_td6_BB_h01,20,3.818,10,100k,A_rel,FIXJACK1,4.064,7.600031,2.000,SOPRA,riferimento g10mai_20
mh01_20,ldr_v4_td6_BB_h01,20,3.818,10,100k,B2,FIXJACK1,2.682e-06,7.526385,,sotto,mute da t_ins+t_grad+20 ms a t_rel
mh01_20,ldr_v4_td6_BB_h01,20,3.818,10,100k,C1_ins,FIXJACK1,0.00254,5.499792,,SOPRA,"diagnostica, cond 7.22"
mh01_20,ldr_v4_td6_BB_h01,20,3.818,10,100k,C1_rel,FIXJACK1,0.00222,11.624844,,SOPRA,"diagnostica, cond 7.22"
mh01_20,ldr_v4_td6_BB_h01,20,3.818,10,100k,C2_ins,FIXJACK1,0.00254,5.499792,,SOPRA,"riferimento g10sempre_20, cond 7.22"
mh01_20,ldr_v4_td6_BB_h01,20,3.818,10,100k,C2_rel,FIXJACK1,0.00222,11.599854,,SOPRA,"riferimento g10mai_20, cond 7.22"
mh01_20,ldr_v4_td6_BB_h01,20,3.818,10,100k,S_ins,FIXJACK1,7.158,6.030000,,sotto,dB in 100 ms sopra -70 dB; pieno 3.814 V da g10mai_20
mh01_20,ldr_v4_td6_BB_h01,20,3.818,10,100k,S_rel,FIXJACK1,4.937,8.505000,,sotto,dB in 100 ms sopra -70 dB; pieno 3.814 V da g10mai_20
mh01_20,ldr_v4_td6_BB_h01,20,3.818,10,100k,A_ins,FIXJACK2,4.064,1.000031,2.000,SOPRA,riferimento g10sempre_20
mh01_20,ldr_v4_td6_BB_h01,20,3.818,10,100k,A_rel,FIXJACK2,4.064,7.600031,2.000,SOPRA,riferimento g10mai_20
mh01_20,ldr_v4_td6_BB_h01,20,3.818,10,100k,B2,FIXJACK2,2.682e-06,7.526385,,sotto,mute da t_ins+t_grad+20 ms a t_rel
mh01_20,ldr_v4_td6_BB_h01,20,3.818,10,100k,C1_ins,FIXJACK2,0.00254,5.499792,,SOPRA,"diagnostica, cond 7.22"
mh01_20,ldr_v4_td6_BB_h01,20,3.818,10,100k,C1_rel,FIXJACK2,0.00222,11.624844,,SOPRA,"diagnostica, cond 7.22"
mh01_20,ldr_v4_td6_BB_h01,20,3.818,10,100k,C2_ins,FIXJACK2,0.00254,5.499792,,SOPRA,"riferimento g10sempre_20, cond 7.22"
mh01_20,ldr_v4_td6_BB_h01,20,3.818,10,100k,C2_rel,FIXJACK2,0.00222,11.599854,,SOPRA,"riferimento g10mai_20, cond 7.22"
mh01_20,ldr_v4_td6_BB_h01,20,3.818,10,100k,S_ins,FIXJACK2,7.158,6.030000,,sotto,dB in 100 ms sopra -70 dB; pieno 3.814 V da g10mai_20
mh01_20,ldr_v4_td6_BB_h01,20,3.818,10,100k,S_rel,FIXJACK2,4.937,8.505000,,sotto,dB in 100 ms sopra -70 dB; pieno 3.814 V da g10mai_20
mev_20,ldr_v4_td6_BB_ev,20,3.818,10,100k,A_ins,MAINJACK,12.8,1.000031,2.000,SOPRA,riferimento g10sempre_20
mev_20,ldr_v4_td6_BB_ev,20,3.818,10,100k,A_rel,MAINJACK,12.8,8.500031,2.000,SOPRA,riferimento g10mai_20
mev_20,ldr_v4_td6_BB_ev,20,3.818,10,100k,B2,MAINJACK,8.5e-06,7.526354,,sotto,mute da t_ins+t_grad+20 ms a t_rel
mev_20,ldr_v4_td6_BB_ev,20,3.818,10,100k,C1_ins,MAINJACK,0.008004,5.499760,,SOPRA,"diagnostica, cond 7.22"
mev_20,ldr_v4_td6_BB_ev,20,3.818,10,100k,C1_rel,MAINJACK,0.006989,12.499833,,SOPRA,"diagnostica, cond 7.22"
mev_20,ldr_v4_td6_BB_ev,20,3.818,10,100k,C2_ins,MAINJACK,0.008004,5.499760,,SOPRA,"riferimento g10sempre_20, cond 7.22"
mev_20,ldr_v4_td6_BB_ev,20,3.818,10,100k,C2_rel,MAINJACK,0.007134,12.524792,,SOPRA,"riferimento g10mai_20, cond 7.22"
mev_20,ldr_v4_td6_BB_ev,20,3.818,10,100k,S_ins,MAINJACK,7.158,6.030000,,sotto,dB in 100 ms sopra -70 dB; pieno 12.02 V da g10mai_20
mev_20,ldr_v4_td6_BB_ev,20,3.818,10,100k,S_rel,MAINJACK,4.128,9.555000,,sotto,dB in 100 ms sopra -70 dB; pieno 12.02 V da g10mai_20
mev_20,ldr_v4_td6_BB_ev,20,3.818,10,100k,A_ins,FIXJACK1,4.064,1.000031,2.000,SOPRA,riferimento g10sempre_20
mev_20,ldr_v4_td6_BB_ev,20,3.818,10,100k,A_rel,FIXJACK1,4.064,8.500031,2.000,SOPRA,riferimento g10mai_20
mev_20,ldr_v4_td6_BB_ev,20,3.818,10,100k,B2,FIXJACK1,2.682e-06,7.526385,,sotto,mute da t_ins+t_grad+20 ms a t_rel
mev_20,ldr_v4_td6_BB_ev,20,3.818,10,100k,C1_ins,FIXJACK1,0.00254,5.499792,,SOPRA,"diagnostica, cond 7.22"
mev_20,ldr_v4_td6_BB_ev,20,3.818,10,100k,C1_rel,FIXJACK1,0.00222,12.524844,,SOPRA,"diagnostica, cond 7.22"
mev_20,ldr_v4_td6_BB_ev,20,3.818,10,100k,C2_ins,FIXJACK1,0.00254,5.499792,,SOPRA,"riferimento g10sempre_20, cond 7.22"
mev_20,ldr_v4_td6_BB_ev,20,3.818,10,100k,C2_rel,FIXJACK1,0.00222,12.499854,,SOPRA,"riferimento g10mai_20, cond 7.22"
mev_20,ldr_v4_td6_BB_ev,20,3.818,10,100k,S_ins,FIXJACK1,7.158,6.030000,,sotto,dB in 100 ms sopra -70 dB; pieno 3.814 V da g10mai_20
mev_20,ldr_v4_td6_BB_ev,20,3.818,10,100k,S_rel,FIXJACK1,4.128,9.555000,,sotto,dB in 100 ms sopra -70 dB; pieno 3.814 V da g10mai_20
mev_20,ldr_v4_td6_BB_ev,20,3.818,10,100k,A_ins,FIXJACK2,4.064,1.000031,2.000,SOPRA,riferimento g10sempre_20
mev_20,ldr_v4_td6_BB_ev,20,3.818,10,100k,A_rel,FIXJACK2,4.064,8.500031,2.000,SOPRA,riferimento g10mai_20
mev_20,ldr_v4_td6_BB_ev,20,3.818,10,100k,B2,FIXJACK2,2.682e-06,7.526385,,sotto,mute da t_ins+t_grad+20 ms a t_rel
mev_20,ldr_v4_td6_BB_ev,20,3.818,10,100k,C1_ins,FIXJACK2,0.00254,5.499792,,SOPRA,"diagnostica, cond 7.22"
mev_20,ldr_v4_td6_BB_ev,20,3.818,10,100k,C1_rel,FIXJACK2,0.00222,12.524844,,SOPRA,"diagnostica, cond 7.22"
mev_20,ldr_v4_td6_BB_ev,20,3.818,10,100k,C2_ins,FIXJACK2,0.00254,5.499792,,SOPRA,"riferimento g10sempre_20, cond 7.22"
mev_20,ldr_v4_td6_BB_ev,20,3.818,10,100k,C2_rel,FIXJACK2,0.00222,12.499854,,SOPRA,"riferimento g10mai_20, cond 7.22"
mev_20,ldr_v4_td6_BB_ev,20,3.818,10,100k,S_ins,FIXJACK2,7.158,6.030000,,sotto,dB in 100 ms sopra -70 dB; pieno 3.814 V da g10mai_20
mev_20,ldr_v4_td6_BB_ev,20,3.818,10,100k,S_rel,FIXJACK2,4.128,9.555000,,sotto,dB in 100 ms sopra -70 dB; pieno 3.814 V da g10mai_20
rele_20,rele_contro_norele,20,3.818,10,100k,A_ins,MAINJACK,0.0001269,7.500042,1.000,SOPRA,riferimento mnorele_20
rele_20,rele_contro_norele,20,3.818,10,100k,A_rel,MAINJACK,5.097e-05,8.500031,2.000,sotto,riferimento mnorele_20
rele_20,rele_contro_norele,20,3.818,10,100k,B2,MAINJACK,8.5e-06,7.526354,,sotto,mute da t_ins+t_grad+20 ms a t_rel
rele_20,rele_contro_norele,20,3.818,10,100k,C1_ins,MAINJACK,9.083e-05,7.500042,,sotto,"diagnostica, cond 7.22"
rele_20,rele_contro_norele,20,3.818,10,100k,C1_rel,MAINJACK,1.784e-06,8.501573,,sotto,"diagnostica, cond 7.22"
rele_20,rele_contro_norele,20,3.818,10,100k,C2_ins,MAINJACK,9.075e-05,7.500042,,sotto,"riferimento mnorele_20, cond 7.22"
rele_20,rele_contro_norele,20,3.818,10,100k,C2_rel,MAINJACK,1.846e-06,8.501510,,sotto,"riferimento mnorele_20, cond 7.22"
rele_20,rele_contro_norele,20,3.818,10,100k,S_ins,MAINJACK,0,,,sotto,dB in 100 ms sopra -70 dB; pieno 12.02 V da mnorele_20
rele_20,rele_contro_norele,20,3.818,10,100k,S_rel,MAINJACK,0,,,sotto,dB in 100 ms sopra -70 dB; pieno 12.02 V da mnorele_20
rele_20,rele_contro_norele,20,3.818,10,100k,A_ins,FIXJACK1,4.027e-05,7.500042,1.000,"sotto, finestra corta: non accetta",riferimento mnorele_20
rele_20,rele_contro_norele,20,3.818,10,100k,A_rel,FIXJACK1,1.618e-05,8.500031,2.000,sotto,riferimento mnorele_20
rele_20,rele_contro_norele,20,3.818,10,100k,B2,FIXJACK1,2.682e-06,7.526385,,sotto,mute da t_ins+t_grad+20 ms a t_rel
rele_20,rele_contro_norele,20,3.818,10,100k,C1_ins,FIXJACK1,2.881e-05,7.500042,,sotto,"diagnostica, cond 7.22"
rele_20,rele_contro_norele,20,3.818,10,100k,C1_rel,FIXJACK1,5.671e-07,8.501573,,sotto,"diagnostica, cond 7.22"
rele_20,rele_contro_norele,20,3.818,10,100k,C2_ins,FIXJACK1,2.878e-05,7.500042,,sotto,"riferimento mnorele_20, cond 7.22"
rele_20,rele_contro_norele,20,3.818,10,100k,C2_rel,FIXJACK1,5.867e-07,8.501510,,sotto,"riferimento mnorele_20, cond 7.22"
rele_20,rele_contro_norele,20,3.818,10,100k,S_ins,FIXJACK1,0,,,sotto,dB in 100 ms sopra -70 dB; pieno 3.814 V da mnorele_20
rele_20,rele_contro_norele,20,3.818,10,100k,S_rel,FIXJACK1,0,,,sotto,dB in 100 ms sopra -70 dB; pieno 3.814 V da mnorele_20
rele_20,rele_contro_norele,20,3.818,10,100k,A_ins,FIXJACK2,4.027e-05,7.500042,1.000,"sotto, finestra corta: non accetta",riferimento mnorele_20
rele_20,rele_contro_norele,20,3.818,10,100k,A_rel,FIXJACK2,1.618e-05,8.500031,2.000,sotto,riferimento mnorele_20
rele_20,rele_contro_norele,20,3.818,10,100k,B2,FIXJACK2,2.682e-06,7.526385,,sotto,mute da t_ins+t_grad+20 ms a t_rel
rele_20,rele_contro_norele,20,3.818,10,100k,C1_ins,FIXJACK2,2.881e-05,7.500042,,sotto,"diagnostica, cond 7.22"
rele_20,rele_contro_norele,20,3.818,10,100k,C1_rel,FIXJACK2,5.671e-07,8.501573,,sotto,"diagnostica, cond 7.22"
rele_20,rele_contro_norele,20,3.818,10,100k,C2_ins,FIXJACK2,2.878e-05,7.500042,,sotto,"riferimento mnorele_20, cond 7.22"
rele_20,rele_contro_norele,20,3.818,10,100k,C2_rel,FIXJACK2,5.867e-07,8.501510,,sotto,"riferimento mnorele_20, cond 7.22"
rele_20,rele_contro_norele,20,3.818,10,100k,S_ins,FIXJACK2,0,,,sotto,dB in 100 ms sopra -70 dB; pieno 3.814 V da mnorele_20
rele_20,rele_contro_norele,20,3.818,10,100k,S_rel,FIXJACK2,0,,,sotto,dB in 100 ms sopra -70 dB; pieno 3.814 V da mnorele_20
mh2_20,ldr_v4_td6_BB_h2,20,3.818,10,100k,A_ins,MAINJACK,12.8,1.000031,2.000,SOPRA,riferimento g10sempre_20
mh2_20,ldr_v4_td6_BB_h2,20,3.818,10,100k,A_rel,MAINJACK,12.8,9.500031,2.000,SOPRA,riferimento g10mai_20
mh2_20,ldr_v4_td6_BB_h2,20,3.818,10,100k,B2,MAINJACK,8.5e-06,7.526354,,sotto,mute da t_ins+t_grad+20 ms a t_rel
mh2_20,ldr_v4_td6_BB_h2,20,3.818,10,100k,C1_ins,MAINJACK,0.008004,5.499760,,SOPRA,"diagnostica, cond 7.22"
mh2_20,ldr_v4_td6_BB_h2,20,3.818,10,100k,C1_rel,MAINJACK,0.006989,13.499833,,SOPRA,"diagnostica, cond 7.22"
mh2_20,ldr_v4_td6_BB_h2,20,3.818,10,100k,C2_ins,MAINJACK,0.008004,5.499760,,SOPRA,"riferimento g10sempre_20, cond 7.22"
mh2_20,ldr_v4_td6_BB_h2,20,3.818,10,100k,C2_rel,MAINJACK,0.007134,13.524802,,SOPRA,"riferimento g10mai_20, cond 7.22"
mh2_20,ldr_v4_td6_BB_h2,20,3.818,10,100k,S_ins,MAINJACK,7.158,6.030000,,sotto,dB in 100 ms sopra -70 dB; pieno 12.02 V da g10mai_20
mh2_20,ldr_v4_td6_BB_h2,20,3.818,10,100k,S_rel,MAINJACK,3.726,11.412000,,sotto,dB in 100 ms sopra -70 dB; pieno 12.02 V da g10mai_20
mh2_20,ldr_v4_td6_BB_h2,20,3.818,10,100k,A_ins,FIXJACK1,4.064,1.000031,2.000,SOPRA,riferimento g10sempre_20
mh2_20,ldr_v4_td6_BB_h2,20,3.818,10,100k,A_rel,FIXJACK1,4.064,9.500031,2.000,SOPRA,riferimento g10mai_20
mh2_20,ldr_v4_td6_BB_h2,20,3.818,10,100k,B2,FIXJACK1,2.682e-06,7.526385,,sotto,mute da t_ins+t_grad+20 ms a t_rel
mh2_20,ldr_v4_td6_BB_h2,20,3.818,10,100k,C1_ins,FIXJACK1,0.00254,5.499792,,SOPRA,"diagnostica, cond 7.22"
mh2_20,ldr_v4_td6_BB_h2,20,3.818,10,100k,C1_rel,FIXJACK1,0.00222,13.524844,,SOPRA,"diagnostica, cond 7.22"
mh2_20,ldr_v4_td6_BB_h2,20,3.818,10,100k,C2_ins,FIXJACK1,0.00254,5.499792,,SOPRA,"riferimento g10sempre_20, cond 7.22"
mh2_20,ldr_v4_td6_BB_h2,20,3.818,10,100k,C2_rel,FIXJACK1,0.00222,13.499854,,SOPRA,"riferimento g10mai_20, cond 7.22"
mh2_20,ldr_v4_td6_BB_h2,20,3.818,10,100k,S_ins,FIXJACK1,7.158,6.030000,,sotto,dB in 100 ms sopra -70 dB; pieno 3.814 V da g10mai_20
mh2_20,ldr_v4_td6_BB_h2,20,3.818,10,100k,S_rel,FIXJACK1,3.726,11.412000,,sotto,dB in 100 ms sopra -70 dB; pieno 3.814 V da g10mai_20
mh2_20,ldr_v4_td6_BB_h2,20,3.818,10,100k,A_ins,FIXJACK2,4.064,1.000031,2.000,SOPRA,riferimento g10sempre_20
mh2_20,ldr_v4_td6_BB_h2,20,3.818,10,100k,A_rel,FIXJACK2,4.064,9.500031,2.000,SOPRA,riferimento g10mai_20
mh2_20,ldr_v4_td6_BB_h2,20,3.818,10,100k,B2,FIXJACK2,2.682e-06,7.526385,,sotto,mute da t_ins+t_grad+20 ms a t_rel
mh2_20,ldr_v4_td6_BB_h2,20,3.818,10,100k,C1_ins,FIXJACK2,0.00254,5.499792,,SOPRA,"diagnostica, cond 7.22"
mh2_20,ldr_v4_td6_BB_h2,20,3.818,10,100k,C1_rel,FIXJACK2,0.00222,13.524844,,SOPRA,"diagnostica, cond 7.22"
mh2_20,ldr_v4_td6_BB_h2,20,3.818,10,100k,C2_ins,FIXJACK2,0.00254,5.499792,,SOPRA,"riferimento g10sempre_20, cond 7.22"
mh2_20,ldr_v4_td6_BB_h2,20,3.818,10,100k,C2_rel,FIXJACK2,0.00222,13.499854,,SOPRA,"riferimento g10mai_20, cond 7.22"
mh2_20,ldr_v4_td6_BB_h2,20,3.818,10,100k,S_ins,FIXJACK2,7.158,6.030000,,sotto,dB in 100 ms sopra -70 dB; pieno 3.814 V da g10mai_20
mh2_20,ldr_v4_td6_BB_h2,20,3.818,10,100k,S_rel,FIXJACK2,3.726,11.412000,,sotto,dB in 100 ms sopra -70 dB; pieno 3.814 V da g10mai_20
mh20_20,ldr_v4_td6_BB_h20,20,3.818,10,100k,A_ins,MAINJACK,12.8,1.000031,2.000,SOPRA,riferimento g10sempre_20
mh20_20,ldr_v4_td6_BB_h20,20,3.818,10,100k,A_rel,MAINJACK,12.8,27.500031,2.000,SOPRA,riferimento g10mai_20
mh20_20,ldr_v4_td6_BB_h20,20,3.818,10,100k,B2,MAINJACK,8.5e-06,7.526354,,sotto,mute da t_ins+t_grad+20 ms a t_rel
mh20_20,ldr_v4_td6_BB_h20,20,3.818,10,100k,C1_ins,MAINJACK,0.008004,5.499760,,SOPRA,"diagnostica, cond 7.22"
mh20_20,ldr_v4_td6_BB_h20,20,3.818,10,100k,C1_rel,MAINJACK,0.006989,31.499833,,SOPRA,"diagnostica, cond 7.22"
mh20_20,ldr_v4_td6_BB_h20,20,3.818,10,100k,C2_ins,MAINJACK,0.008004,5.499760,,SOPRA,"riferimento g10sempre_20, cond 7.22"
mh20_20,ldr_v4_td6_BB_h20,20,3.818,10,100k,C2_rel,MAINJACK,0.007134,31.524792,,SOPRA,"riferimento g10mai_20, cond 7.22"
mh20_20,ldr_v4_td6_BB_h20,20,3.818,10,100k,S_ins,MAINJACK,7.158,6.030000,,sotto,dB in 100 ms sopra -70 dB; pieno 12.02 V da g10mai_20
mh20_20,ldr_v4_td6_BB_h20,20,3.818,10,100k,S_rel,MAINJACK,3.839,29.337000,,sotto,dB in 100 ms sopra -70 dB; pieno 12.02 V da g10mai_20
mh20_20,ldr_v4_td6_BB_h20,20,3.818,10,100k,A_ins,FIXJACK1,4.064,1.000031,2.000,SOPRA,riferimento g10sempre_20
mh20_20,ldr_v4_td6_BB_h20,20,3.818,10,100k,A_rel,FIXJACK1,4.064,27.500031,2.000,SOPRA,riferimento g10mai_20
mh20_20,ldr_v4_td6_BB_h20,20,3.818,10,100k,B2,FIXJACK1,2.682e-06,7.526385,,sotto,mute da t_ins+t_grad+20 ms a t_rel
mh20_20,ldr_v4_td6_BB_h20,20,3.818,10,100k,C1_ins,FIXJACK1,0.00254,5.499792,,SOPRA,"diagnostica, cond 7.22"
mh20_20,ldr_v4_td6_BB_h20,20,3.818,10,100k,C1_rel,FIXJACK1,0.00222,31.524844,,SOPRA,"diagnostica, cond 7.22"
mh20_20,ldr_v4_td6_BB_h20,20,3.818,10,100k,C2_ins,FIXJACK1,0.00254,5.499792,,SOPRA,"riferimento g10sempre_20, cond 7.22"
mh20_20,ldr_v4_td6_BB_h20,20,3.818,10,100k,C2_rel,FIXJACK1,0.00222,31.499854,,SOPRA,"riferimento g10mai_20, cond 7.22"
mh20_20,ldr_v4_td6_BB_h20,20,3.818,10,100k,S_ins,FIXJACK1,7.158,6.030000,,sotto,dB in 100 ms sopra -70 dB; pieno 3.814 V da g10mai_20
mh20_20,ldr_v4_td6_BB_h20,20,3.818,10,100k,S_rel,FIXJACK1,3.839,29.337000,,sotto,dB in 100 ms sopra -70 dB; pieno 3.814 V da g10mai_20
mh20_20,ldr_v4_td6_BB_h20,20,3.818,10,100k,A_ins,FIXJACK2,4.064,1.000031,2.000,SOPRA,riferimento g10sempre_20
mh20_20,ldr_v4_td6_BB_h20,20,3.818,10,100k,A_rel,FIXJACK2,4.064,27.500031,2.000,SOPRA,riferimento g10mai_20
mh20_20,ldr_v4_td6_BB_h20,20,3.818,10,100k,B2,FIXJACK2,2.682e-06,7.526385,,sotto,mute da t_ins+t_grad+20 ms a t_rel
mh20_20,ldr_v4_td6_BB_h20,20,3.818,10,100k,C1_ins,FIXJACK2,0.00254,5.499792,,SOPRA,"diagnostica, cond 7.22"
mh20_20,ldr_v4_td6_BB_h20,20,3.818,10,100k,C1_rel,FIXJACK2,0.00222,31.524844,,SOPRA,"diagnostica, cond 7.22"
mh20_20,ldr_v4_td6_BB_h20,20,3.818,10,100k,C2_ins,FIXJACK2,0.00254,5.499792,,SOPRA,"riferimento g10sempre_20, cond 7.22"
mh20_20,ldr_v4_td6_BB_h20,20,3.818,10,100k,C2_rel,FIXJACK2,0.00222,31.499854,,SOPRA,"riferimento g10mai_20, cond 7.22"
mh20_20,ldr_v4_td6_BB_h20,20,3.818,10,100k,S_ins,FIXJACK2,7.158,6.030000,,sotto,dB in 100 ms sopra -70 dB; pieno 3.814 V da g10mai_20
mh20_20,ldr_v4_td6_BB_h20,20,3.818,10,100k,S_rel,FIXJACK2,3.839,29.337000,,sotto,dB in 100 ms sopra -70 dB; pieno 3.814 V da g10mai_20
minv25_lz,ldr_v4_td6_BB_inv25,1000,0,10,100k,A_ins,MAINJACK,1.305e-08,2.362333,1.500,"sotto, finestra corta: non accetta",riferimento g10sempre_lz
minv25_lz,ldr_v4_td6_BB_inv25,1000,0,10,100k,A_rel,MAINJACK,9.292e-07,2.500031,2.000,sotto,riferimento g10mai_lz
minv25_lz,ldr_v4_td6_BB_inv25,1000,0,10,100k,B2,MAINJACK,0,2.520000,,sotto,mute da t_ins+t_grad+20 ms a t_rel
minv25_lz,ldr_v4_td6_BB_inv25,1000,0,10,100k,A_ins,FIXJACK1,4.144e-09,2.362323,1.500,"sotto, finestra corta: non accetta",riferimento g10sempre_lz
minv25_lz,ldr_v4_td6_BB_inv25,1000,0,10,100k,A_rel,FIXJACK1,3.387e-07,2.500031,2.000,sotto,riferimento g10mai_lz
minv25_lz,ldr_v4_td6_BB_inv25,1000,0,10,100k,B2,FIXJACK1,0,2.520000,,sotto,mute da t_ins+t_grad+20 ms a t_rel
minv25_lz,ldr_v4_td6_BB_inv25,1000,0,10,100k,A_ins,FIXJACK2,4.144e-09,2.362354,1.500,"sotto, finestra corta: non accetta",riferimento g10sempre_lz
minv25_lz,ldr_v4_td6_BB_inv25,1000,0,10,100k,A_rel,FIXJACK2,3.387e-07,2.500031,2.000,sotto,riferimento g10mai_lz
minv25_lz,ldr_v4_td6_BB_inv25,1000,0,10,100k,B2,FIXJACK2,0,2.520000,,sotto,mute da t_ins+t_grad+20 ms a t_rel
minv50_lz,ldr_v4_td6_BB_inv50,1000,0,10,100k,A_ins,MAINJACK,1.305e-08,2.362333,2.000,sotto,riferimento g10sempre_lz
minv50_lz,ldr_v4_td6_BB_inv50,1000,0,10,100k,A_rel,MAINJACK,1.549e-06,4.000031,2.000,sotto,riferimento g10mai_lz
minv50_lz,ldr_v4_td6_BB_inv50,1000,0,10,100k,B2,MAINJACK,0,4.020000,,sotto,mute da t_ins+t_grad+20 ms a t_rel
minv50_lz,ldr_v4_td6_BB_inv50,1000,0,10,100k,A_ins,FIXJACK1,4.144e-09,2.362323,2.000,sotto,riferimento g10sempre_lz
minv50_lz,ldr_v4_td6_BB_inv50,1000,0,10,100k,A_rel,FIXJACK1,5.729e-07,4.000031,2.000,sotto,riferimento g10mai_lz
minv50_lz,ldr_v4_td6_BB_inv50,1000,0,10,100k,B2,FIXJACK1,0,4.020000,,sotto,mute da t_ins+t_grad+20 ms a t_rel
minv50_lz,ldr_v4_td6_BB_inv50,1000,0,10,100k,A_ins,FIXJACK2,4.144e-09,2.362354,2.000,sotto,riferimento g10sempre_lz
minv50_lz,ldr_v4_td6_BB_inv50,1000,0,10,100k,A_rel,FIXJACK2,5.729e-07,4.000031,2.000,sotto,riferimento g10mai_lz
minv50_lz,ldr_v4_td6_BB_inv50,1000,0,10,100k,B2,FIXJACK2,0,4.020000,,sotto,mute da t_ins+t_grad+20 ms a t_rel
minv75_lz,ldr_v4_td6_BB_inv75,1000,0,10,100k,A_ins,MAINJACK,1.305e-08,2.362333,2.000,sotto,riferimento g10sempre_lz
minv75_lz,ldr_v4_td6_BB_inv75,1000,0,10,100k,A_rel,MAINJACK,3.76e-06,5.500031,2.000,sotto,riferimento g10mai_lz
minv75_lz,ldr_v4_td6_BB_inv75,1000,0,10,100k,B2,MAINJACK,0,5.520000,,sotto,mute da t_ins+t_grad+20 ms a t_rel
minv75_lz,ldr_v4_td6_BB_inv75,1000,0,10,100k,A_ins,FIXJACK1,4.144e-09,2.362323,2.000,sotto,riferimento g10sempre_lz
minv75_lz,ldr_v4_td6_BB_inv75,1000,0,10,100k,A_rel,FIXJACK1,1.177e-06,5.500031,2.000,sotto,riferimento g10mai_lz
minv75_lz,ldr_v4_td6_BB_inv75,1000,0,10,100k,B2,FIXJACK1,0,5.520000,,sotto,mute da t_ins+t_grad+20 ms a t_rel
minv75_lz,ldr_v4_td6_BB_inv75,1000,0,10,100k,A_ins,FIXJACK2,4.144e-09,2.362354,2.000,sotto,riferimento g10sempre_lz
minv75_lz,ldr_v4_td6_BB_inv75,1000,0,10,100k,A_rel,FIXJACK2,1.177e-06,5.500031,2.000,sotto,riferimento g10mai_lz
minv75_lz,ldr_v4_td6_BB_inv75,1000,0,10,100k,B2,FIXJACK2,0,5.520000,,sotto,mute da t_ins+t_grad+20 ms a t_rel
mh01_lz,ldr_v4_td6_BB_h01,1000,0,10,100k,A_ins,MAINJACK,1.305e-08,2.362333,2.000,sotto,riferimento g10sempre_lz
mh01_lz,ldr_v4_td6_BB_h01,1000,0,10,100k,A_rel,MAINJACK,3.18e-08,8.923260,2.000,sotto,riferimento g10mai_lz
mh01_lz,ldr_v4_td6_BB_h01,1000,0,10,100k,B2,MAINJACK,9.827e-09,7.520000,,sotto,mute da t_ins+t_grad+20 ms a t_rel
mh01_lz,ldr_v4_td6_BB_h01,1000,0,10,100k,A_ins,FIXJACK1,4.144e-09,2.362323,2.000,sotto,riferimento g10sempre_lz
mh01_lz,ldr_v4_td6_BB_h01,1000,0,10,100k,A_rel,FIXJACK1,1.008e-08,8.923260,2.000,sotto,riferimento g10mai_lz
mh01_lz,ldr_v4_td6_BB_h01,1000,0,10,100k,B2,FIXJACK1,7.577e-09,7.520000,,sotto,mute da t_ins+t_grad+20 ms a t_rel
mh01_lz,ldr_v4_td6_BB_h01,1000,0,10,100k,A_ins,FIXJACK2,4.144e-09,2.362354,2.000,sotto,riferimento g10sempre_lz
mh01_lz,ldr_v4_td6_BB_h01,1000,0,10,100k,A_rel,FIXJACK2,1.008e-08,8.923333,2.000,sotto,riferimento g10mai_lz
mh01_lz,ldr_v4_td6_BB_h01,1000,0,10,100k,B2,FIXJACK2,7.577e-09,7.520000,,sotto,mute da t_ins+t_grad+20 ms a t_rel
mev_lz,ldr_v4_td6_BB_ev,1000,0,10,100k,A_ins,MAINJACK,1.305e-08,2.362333,2.000,sotto,riferimento g10sempre_lz
mev_lz,ldr_v4_td6_BB_ev,1000,0,10,100k,A_rel,MAINJACK,3.189e-08,9.823187,2.000,sotto,riferimento g10mai_lz
mev_lz,ldr_v4_td6_BB_ev,1000,0,10,100k,B2,MAINJACK,9.827e-09,7.520000,,sotto,mute da t_ins+t_grad+20 ms a t_rel
mev_lz,ldr_v4_td6_BB_ev,1000,0,10,100k,A_ins,FIXJACK1,4.144e-09,2.362323,2.000,sotto,riferimento g10sempre_lz
mev_lz,ldr_v4_td6_BB_ev,1000,0,10,100k,A_rel,FIXJACK1,1.011e-08,9.823187,2.000,sotto,riferimento g10mai_lz
mev_lz,ldr_v4_td6_BB_ev,1000,0,10,100k,B2,FIXJACK1,7.577e-09,7.520000,,sotto,mute da t_ins+t_grad+20 ms a t_rel
mev_lz,ldr_v4_td6_BB_ev,1000,0,10,100k,A_ins,FIXJACK2,4.144e-09,2.362354,2.000,sotto,riferimento g10sempre_lz
mev_lz,ldr_v4_td6_BB_ev,1000,0,10,100k,A_rel,FIXJACK2,1.011e-08,9.823187,2.000,sotto,riferimento g10mai_lz
mev_lz,ldr_v4_td6_BB_ev,1000,0,10,100k,B2,FIXJACK2,7.577e-09,7.520000,,sotto,mute da t_ins+t_grad+20 ms a t_rel
mh2_lz,ldr_v4_td6_BB_h2,1000,0,10,100k,A_ins,MAINJACK,1.305e-08,2.362333,2.000,sotto,riferimento g10sempre_lz
mh2_lz,ldr_v4_td6_BB_h2,1000,0,10,100k,A_rel,MAINJACK,3.191e-08,10.823042,2.000,sotto,riferimento g10mai_lz
mh2_lz,ldr_v4_td6_BB_h2,1000,0,10,100k,B2,MAINJACK,9.827e-09,7.520000,,sotto,mute da t_ins+t_grad+20 ms a t_rel
mh2_lz,ldr_v4_td6_BB_h2,1000,0,10,100k,A_ins,FIXJACK1,4.144e-09,2.362323,2.000,sotto,riferimento g10sempre_lz
mh2_lz,ldr_v4_td6_BB_h2,1000,0,10,100k,A_rel,FIXJACK1,1.012e-08,10.823250,2.000,sotto,riferimento g10mai_lz
mh2_lz,ldr_v4_td6_BB_h2,1000,0,10,100k,B2,FIXJACK1,7.577e-09,7.520000,,sotto,mute da t_ins+t_grad+20 ms a t_rel
mh2_lz,ldr_v4_td6_BB_h2,1000,0,10,100k,A_ins,FIXJACK2,4.144e-09,2.362354,2.000,sotto,riferimento g10sempre_lz
mh2_lz,ldr_v4_td6_BB_h2,1000,0,10,100k,A_rel,FIXJACK2,1.012e-08,10.823135,2.000,sotto,riferimento g10mai_lz
mh2_lz,ldr_v4_td6_BB_h2,1000,0,10,100k,B2,FIXJACK2,7.577e-09,7.520000,,sotto,mute da t_ins+t_grad+20 ms a t_rel
mh20_lz,ldr_v4_td6_BB_h20,1000,0,10,100k,A_ins,MAINJACK,1.305e-08,2.362333,2.000,sotto,riferimento g10sempre_lz
mh20_lz,ldr_v4_td6_BB_h20,1000,0,10,100k,A_rel,MAINJACK,3.193e-08,28.823292,2.000,sotto,riferimento g10mai_lz
mh20_lz,ldr_v4_td6_BB_h20,1000,0,10,100k,B2,MAINJACK,9.827e-09,7.520000,,sotto,mute da t_ins+t_grad+20 ms a t_rel
mh20_lz,ldr_v4_td6_BB_h20,1000,0,10,100k,A_ins,FIXJACK1,4.144e-09,2.362323,2.000,sotto,riferimento g10sempre_lz
mh20_lz,ldr_v4_td6_BB_h20,1000,0,10,100k,A_rel,FIXJACK1,1.013e-08,28.823240,2.000,sotto,riferimento g10mai_lz
mh20_lz,ldr_v4_td6_BB_h20,1000,0,10,100k,B2,FIXJACK1,7.577e-09,7.520000,,sotto,mute da t_ins+t_grad+20 ms a t_rel
mh20_lz,ldr_v4_td6_BB_h20,1000,0,10,100k,A_ins,FIXJACK2,4.144e-09,2.362354,2.000,sotto,riferimento g10sempre_lz
mh20_lz,ldr_v4_td6_BB_h20,1000,0,10,100k,A_rel,FIXJACK2,1.012e-08,28.823135,2.000,sotto,riferimento g10mai_lz
mh20_lz,ldr_v4_td6_BB_h20,1000,0,10,100k,B2,FIXJACK2,7.577e-09,7.520000,,sotto,mute da t_ins+t_grad+20 ms a t_rel
pav_mev_0,pavimento,1000,0,10,100k,A_pav,MAINJACK,4.898e-11,2.252813,2.000,sotto,contro mev_lz
pav_mev_0,pavimento,1000,0,10,100k,A_pav,FIXJACK1,1.551e-11,2.872969,2.000,sotto,contro mev_lz
pav_mev_0,pavimento,1000,0,10,100k,A_pav,FIXJACK2,1.653e-11,1.517240,2.000,sotto,contro mev_lz
pav_mev_1,pavimento,1000,0,10,100k,A_pav,MAINJACK,3.184e-09,7.500458,2.000,sotto,contro mev_lz
pav_mev_1,pavimento,1000,0,10,100k,A_pav,FIXJACK1,2.334e-09,7.500458,2.000,sotto,contro mev_lz
pav_mev_1,pavimento,1000,0,10,100k,A_pav,FIXJACK2,2.335e-09,7.500458,2.000,sotto,contro mev_lz
pav_mev_2,pavimento,1000,0,10,100k,A_pav,MAINJACK,4.561e-11,9.650958,2.000,sotto,contro mev_lz
pav_mev_2,pavimento,1000,0,10,100k,A_pav,FIXJACK1,1.458e-11,10.374313,2.000,sotto,contro mev_lz
pav_mev_2,pavimento,1000,0,10,100k,A_pav,FIXJACK2,1.58e-11,9.565625,2.000,sotto,contro mev_lz
tm0x6_1k_i,ldr_v4_td6_BB,1000,3.818,t0a6,100k,A_ins,MAINJACK,12.72,1.000021,2.000,SOPRA,riferimento g10sempre_1k
tm0x6_1k_i,ldr_v4_td6_BB,1000,3.818,t0a6,100k,A_rel,MAINJACK,12.72,8.000021,2.000,SOPRA,riferimento g10mai_1k
tm0x6_1k_i,ldr_v4_td6_BB,1000,3.818,t0a6,100k,B2,MAINJACK,3.292e-07,7.526365,,sotto,mute da t_ins+t_grad+20 ms a t_rel
tm0x6_1k_i,ldr_v4_td6_BB,1000,3.818,t0a6,100k,C1_ins,MAINJACK,0.002219,2.353927,,SOPRA,"diagnostica, cond 1"
tm0x6_1k_i,ldr_v4_td6_BB,1000,3.818,t0a6,100k,C1_rel,MAINJACK,0.0005864,14.179354,,sotto,"diagnostica, cond 1"
tm0x6_1k_i,ldr_v4_td6_BB,1000,3.818,t0a6,100k,C2_ins,MAINJACK,0.002219,2.353927,,SOPRA,"riferimento g10sempre_1k, cond 1"
tm0x6_1k_i,ldr_v4_td6_BB,1000,3.818,t0a6,100k,C2_rel,MAINJACK,0.0004829,13.659156,,sotto,"riferimento g10mai_1k, cond 1"
tm0x6_1k_i,ldr_v4_td6_BB,1000,3.818,t0a6,100k,S_ins,MAINJACK,7.163,6.040000,,sotto,dB in 100 ms sopra -70 dB; pieno 12.02 V da g10mai_1k
tm0x6_1k_i,ldr_v4_td6_BB,1000,3.818,t0a6,100k,S_rel,MAINJACK,4.885,11.072000,,sotto,dB in 100 ms sopra -70 dB; pieno 12.02 V da g10mai_1k
tm0x6_1k_i,ldr_v4_td6_BB,1000,3.818,t0a6,100k,A_ins,FIXJACK1,4.035,1.000021,2.000,SOPRA,riferimento g10sempre_1k
tm0x6_1k_i,ldr_v4_td6_BB,1000,3.818,t0a6,100k,A_rel,FIXJACK1,4.035,8.000021,2.000,SOPRA,riferimento g10mai_1k
tm0x6_1k_i,ldr_v4_td6_BB,1000,3.818,t0a6,100k,B2,FIXJACK1,1.069e-07,7.526365,,sotto,mute da t_ins+t_grad+20 ms a t_rel
tm0x6_1k_i,ldr_v4_td6_BB,1000,3.818,t0a6,100k,C1_ins,FIXJACK1,0.0006538,2.353927,,sotto,"diagnostica, cond 1"
tm0x6_1k_i,ldr_v4_td6_BB,1000,3.818,t0a6,100k,C1_rel,FIXJACK1,0.0003679,14.171354,,sotto,"diagnostica, cond 1"
tm0x6_1k_i,ldr_v4_td6_BB,1000,3.818,t0a6,100k,C2_ins,FIXJACK1,0.0006538,2.353927,,sotto,"riferimento g10sempre_1k, cond 1"
tm0x6_1k_i,ldr_v4_td6_BB,1000,3.818,t0a6,100k,C2_rel,FIXJACK1,0.0003396,14.164344,,sotto,"riferimento g10mai_1k, cond 1"
tm0x6_1k_i,ldr_v4_td6_BB,1000,3.818,t0a6,100k,S_ins,FIXJACK1,7.163,6.040000,,sotto,dB in 100 ms sopra -70 dB; pieno 3.815 V da g10mai_1k
tm0x6_1k_i,ldr_v4_td6_BB,1000,3.818,t0a6,100k,S_rel,FIXJACK1,5.36,10.959000,,sotto,dB in 100 ms sopra -70 dB; pieno 3.815 V da g10mai_1k
tm0x6_1k_i,ldr_v4_td6_BB,1000,3.818,t0a6,100k,A_ins,FIXJACK2,4.035,1.000021,2.000,SOPRA,riferimento g10sempre_1k
tm0x6_1k_i,ldr_v4_td6_BB,1000,3.818,t0a6,100k,A_rel,FIXJACK2,4.035,8.000021,2.000,SOPRA,riferimento g10mai_1k
tm0x6_1k_i,ldr_v4_td6_BB,1000,3.818,t0a6,100k,B2,FIXJACK2,1.069e-07,7.526365,,sotto,mute da t_ins+t_grad+20 ms a t_rel
tm0x6_1k_i,ldr_v4_td6_BB,1000,3.818,t0a6,100k,C1_ins,FIXJACK2,0.0006538,2.353927,,sotto,"diagnostica, cond 1"
tm0x6_1k_i,ldr_v4_td6_BB,1000,3.818,t0a6,100k,C1_rel,FIXJACK2,0.0003679,14.171354,,sotto,"diagnostica, cond 1"
tm0x6_1k_i,ldr_v4_td6_BB,1000,3.818,t0a6,100k,C2_ins,FIXJACK2,0.0006538,2.353927,,sotto,"riferimento g10sempre_1k, cond 1"
tm0x6_1k_i,ldr_v4_td6_BB,1000,3.818,t0a6,100k,C2_rel,FIXJACK2,0.0003396,14.164344,,sotto,"riferimento g10mai_1k, cond 1"
tm0x6_1k_i,ldr_v4_td6_BB,1000,3.818,t0a6,100k,S_ins,FIXJACK2,7.163,6.040000,,sotto,dB in 100 ms sopra -70 dB; pieno 3.815 V da g10mai_1k
tm0x6_1k_i,ldr_v4_td6_BB,1000,3.818,t0a6,100k,S_rel,FIXJACK2,5.36,10.959000,,sotto,dB in 100 ms sopra -70 dB; pieno 3.815 V da g10mai_1k
tm0x6_1k_c,ldr_v4_td6_BB,1000,3.818,t0a6,100k,A_ins,MAINJACK,0.0001016,8.000031,2.000,SOPRA,riferimento t6sempre_1k
tm0x6_1k_c,ldr_v4_td6_BB,1000,3.818,t0a6,100k,A_rel,MAINJACK,6.373,10.000021,2.000,SOPRA,riferimento t6mai_1k
tm0x6_1k_c,ldr_v4_td6_BB,1000,3.818,t0a6,100k,B2,MAINJACK,2.101e-07,8.025844,,sotto,mute da t_ins+t_grad+20 ms a t_rel
tm0x6_1k_c,ldr_v4_td6_BB,1000,3.818,t0a6,100k,C1_ins,MAINJACK,9.778e-05,8.000031,,sotto,"diagnostica, cond 1"
tm0x6_1k_c,ldr_v4_td6_BB,1000,3.818,t0a6,100k,C1_rel,MAINJACK,1.714e-05,10.000312,,sotto,"diagnostica, cond 1"
tm0x6_1k_c,ldr_v4_td6_BB,1000,3.818,t0a6,100k,C2_ins,MAINJACK,9.778e-05,8.000031,,sotto,"riferimento t6sempre_1k, cond 1"
tm0x6_1k_c,ldr_v4_td6_BB,1000,3.818,t0a6,100k,C2_rel,MAINJACK,0.000103,10.000146,,sotto,"riferimento t6mai_1k, cond 1"
tm0x6_1k_c,ldr_v4_td6_BB,1000,3.818,t0a6,100k,S_ins,MAINJACK,0,,,sotto,dB in 100 ms sopra -70 dB; pieno 6.022 V da t6mai_1k
tm0x6_1k_c,ldr_v4_td6_BB,1000,3.818,t0a6,100k,S_rel,MAINJACK,0,,,sotto,dB in 100 ms sopra -70 dB; pieno 6.022 V da t6mai_1k
tm0x6_1k_c,ldr_v4_td6_BB,1000,3.818,t0a6,100k,A_ins,FIXJACK1,4.049e-08,8.000906,2.000,sotto,riferimento t6sempre_1k
tm0x6_1k_c,ldr_v4_td6_BB,1000,3.818,t0a6,100k,A_rel,FIXJACK1,4.035,10.000021,2.000,SOPRA,riferimento t6mai_1k
tm0x6_1k_c,ldr_v4_td6_BB,1000,3.818,t0a6,100k,B2,FIXJACK1,4.453e-08,8.020344,,sotto,mute da t_ins+t_grad+20 ms a t_rel
tm0x6_1k_c,ldr_v4_td6_BB,1000,3.818,t0a6,100k,C1_ins,FIXJACK1,1.837e-09,8.001312,,sotto,"diagnostica, cond 1"
tm0x6_1k_c,ldr_v4_td6_BB,1000,3.818,t0a6,100k,C1_rel,FIXJACK1,1.084e-05,10.000312,,sotto,"diagnostica, cond 1"
tm0x6_1k_c,ldr_v4_td6_BB,1000,3.818,t0a6,100k,C2_ins,FIXJACK1,1.837e-09,8.001312,,sotto,"riferimento t6sempre_1k, cond 1"
tm0x6_1k_c,ldr_v4_td6_BB,1000,3.818,t0a6,100k,C2_rel,FIXJACK1,4.513e-05,10.000146,,sotto,"riferimento t6mai_1k, cond 1"
tm0x6_1k_c,ldr_v4_td6_BB,1000,3.818,t0a6,100k,S_ins,FIXJACK1,0,,,sotto,dB in 100 ms sopra -70 dB; pieno 3.815 V da t6mai_1k
tm0x6_1k_c,ldr_v4_td6_BB,1000,3.818,t0a6,100k,S_rel,FIXJACK1,0,,,sotto,dB in 100 ms sopra -70 dB; pieno 3.815 V da t6mai_1k
tm0x6_1k_c,ldr_v4_td6_BB,1000,3.818,t0a6,100k,A_ins,FIXJACK2,4.049e-08,8.000906,2.000,sotto,riferimento t6sempre_1k
tm0x6_1k_c,ldr_v4_td6_BB,1000,3.818,t0a6,100k,A_rel,FIXJACK2,4.035,10.000021,2.000,SOPRA,riferimento t6mai_1k
tm0x6_1k_c,ldr_v4_td6_BB,1000,3.818,t0a6,100k,B2,FIXJACK2,4.453e-08,8.020344,,sotto,mute da t_ins+t_grad+20 ms a t_rel
tm0x6_1k_c,ldr_v4_td6_BB,1000,3.818,t0a6,100k,C1_ins,FIXJACK2,1.837e-09,8.001312,,sotto,"diagnostica, cond 1"
tm0x6_1k_c,ldr_v4_td6_BB,1000,3.818,t0a6,100k,C1_rel,FIXJACK2,1.084e-05,10.000312,,sotto,"diagnostica, cond 1"
tm0x6_1k_c,ldr_v4_td6_BB,1000,3.818,t0a6,100k,C2_ins,FIXJACK2,1.837e-09,8.001312,,sotto,"riferimento t6sempre_1k, cond 1"
tm0x6_1k_c,ldr_v4_td6_BB,1000,3.818,t0a6,100k,C2_rel,FIXJACK2,4.513e-05,10.000146,,sotto,"riferimento t6mai_1k, cond 1"
tm0x6_1k_c,ldr_v4_td6_BB,1000,3.818,t0a6,100k,S_ins,FIXJACK2,0,,,sotto,dB in 100 ms sopra -70 dB; pieno 3.815 V da t6mai_1k
tm0x6_1k_c,ldr_v4_td6_BB,1000,3.818,t0a6,100k,S_rel,FIXJACK2,0,,,sotto,dB in 100 ms sopra -70 dB; pieno 3.815 V da t6mai_1k
tm6x0_1k_i,ldr_v4_td6_BB,1000,3.818,t6a0,100k,A_ins,MAINJACK,6.373,1.000021,2.000,SOPRA,riferimento t6sempre_1k
tm6x0_1k_i,ldr_v4_td6_BB,1000,3.818,t6a0,100k,A_rel,MAINJACK,6.373,8.000021,2.000,SOPRA,riferimento t6mai_1k
tm6x0_1k_i,ldr_v4_td6_BB,1000,3.818,t6a0,100k,B2,MAINJACK,1.638e-07,7.526365,,sotto,mute da t_ins+t_grad+20 ms a t_rel
tm6x0_1k_i,ldr_v4_td6_BB,1000,3.818,t6a0,100k,C1_ins,MAINJACK,0.001058,2.353927,,SOPRA,"diagnostica, cond 1"
tm6x0_1k_i,ldr_v4_td6_BB,1000,3.818,t6a0,100k,C1_rel,MAINJACK,0.001215,14.194354,,SOPRA,"diagnostica, cond 1"
tm6x0_1k_i,ldr_v4_td6_BB,1000,3.818,t6a0,100k,C2_ins,MAINJACK,0.001058,2.353927,,SOPRA,"riferimento t6sempre_1k, cond 1"
tm6x0_1k_i,ldr_v4_td6_BB,1000,3.818,t6a0,100k,C2_rel,MAINJACK,0.001148,14.194354,,SOPRA,"riferimento t6mai_1k, cond 1"
tm6x0_1k_i,ldr_v4_td6_BB,1000,3.818,t6a0,100k,S_ins,MAINJACK,7.163,6.040000,,sotto,dB in 100 ms sopra -70 dB; pieno 6.022 V da t6mai_1k
tm6x0_1k_i,ldr_v4_td6_BB,1000,3.818,t6a0,100k,S_rel,MAINJACK,6.043,10.860000,,sotto,dB in 100 ms sopra -70 dB; pieno 6.022 V da t6mai_1k
tm6x0_1k_i,ldr_v4_td6_BB,1000,3.818,t6a0,100k,A_ins,FIXJACK1,4.035,1.000021,2.000,SOPRA,riferimento t6sempre_1k
tm6x0_1k_i,ldr_v4_td6_BB,1000,3.818,t6a0,100k,A_rel,FIXJACK1,4.035,8.000021,2.000,SOPRA,riferimento t6mai_1k
tm6x0_1k_i,ldr_v4_td6_BB,1000,3.818,t6a0,100k,B2,FIXJACK1,1.071e-07,7.525365,,sotto,mute da t_ins+t_grad+20 ms a t_rel
tm6x0_1k_i,ldr_v4_td6_BB,1000,3.818,t6a0,100k,C1_ins,FIXJACK1,0.0006549,2.353927,,sotto,"diagnostica, cond 1"
tm6x0_1k_i,ldr_v4_td6_BB,1000,3.818,t6a0,100k,C1_rel,FIXJACK1,0.0003678,14.184354,,sotto,"diagnostica, cond 1"
tm6x0_1k_i,ldr_v4_td6_BB,1000,3.818,t6a0,100k,C2_ins,FIXJACK1,0.0006549,2.353927,,sotto,"riferimento t6sempre_1k, cond 1"
tm6x0_1k_i,ldr_v4_td6_BB,1000,3.818,t6a0,100k,C2_rel,FIXJACK1,0.0003388,14.163344,,sotto,"riferimento t6mai_1k, cond 1"
tm6x0_1k_i,ldr_v4_td6_BB,1000,3.818,t6a0,100k,S_ins,FIXJACK1,7.163,6.040000,,sotto,dB in 100 ms sopra -70 dB; pieno 3.815 V da t6mai_1k
tm6x0_1k_i,ldr_v4_td6_BB,1000,3.818,t6a0,100k,S_rel,FIXJACK1,5.36,10.959000,,sotto,dB in 100 ms sopra -70 dB; pieno 3.815 V da t6mai_1k
tm6x0_1k_i,ldr_v4_td6_BB,1000,3.818,t6a0,100k,A_ins,FIXJACK2,4.035,1.000021,2.000,SOPRA,riferimento t6sempre_1k
tm6x0_1k_i,ldr_v4_td6_BB,1000,3.818,t6a0,100k,A_rel,FIXJACK2,4.035,8.000021,2.000,SOPRA,riferimento t6mai_1k
tm6x0_1k_i,ldr_v4_td6_BB,1000,3.818,t6a0,100k,B2,FIXJACK2,1.071e-07,7.525365,,sotto,mute da t_ins+t_grad+20 ms a t_rel
tm6x0_1k_i,ldr_v4_td6_BB,1000,3.818,t6a0,100k,C1_ins,FIXJACK2,0.0006549,2.353927,,sotto,"diagnostica, cond 1"
tm6x0_1k_i,ldr_v4_td6_BB,1000,3.818,t6a0,100k,C1_rel,FIXJACK2,0.0003678,14.184354,,sotto,"diagnostica, cond 1"
tm6x0_1k_i,ldr_v4_td6_BB,1000,3.818,t6a0,100k,C2_ins,FIXJACK2,0.0006549,2.353927,,sotto,"riferimento t6sempre_1k, cond 1"
tm6x0_1k_i,ldr_v4_td6_BB,1000,3.818,t6a0,100k,C2_rel,FIXJACK2,0.0003388,14.163344,,sotto,"riferimento t6mai_1k, cond 1"
tm6x0_1k_i,ldr_v4_td6_BB,1000,3.818,t6a0,100k,S_ins,FIXJACK2,7.163,6.040000,,sotto,dB in 100 ms sopra -70 dB; pieno 3.815 V da t6mai_1k
tm6x0_1k_i,ldr_v4_td6_BB,1000,3.818,t6a0,100k,S_rel,FIXJACK2,5.36,10.959000,,sotto,dB in 100 ms sopra -70 dB; pieno 3.815 V da t6mai_1k
tm6x0_1k_c,ldr_v4_td6_BB,1000,3.818,t6a0,100k,A_ins,MAINJACK,9.773e-05,8.001031,2.000,sotto,riferimento g10sempre_1k
tm6x0_1k_c,ldr_v4_td6_BB,1000,3.818,t6a0,100k,A_rel,MAINJACK,12.72,10.000021,2.000,SOPRA,riferimento g10mai_1k
tm6x0_1k_c,ldr_v4_td6_BB,1000,3.818,t6a0,100k,B2,MAINJACK,2.692e-07,8.028344,,sotto,mute da t_ins+t_grad+20 ms a t_rel
tm6x0_1k_c,ldr_v4_td6_BB,1000,3.818,t6a0,100k,C1_ins,MAINJACK,9.917e-05,8.001031,,sotto,"diagnostica, cond 1"
tm6x0_1k_c,ldr_v4_td6_BB,1000,3.818,t6a0,100k,C1_rel,MAINJACK,3.421e-05,10.000312,,sotto,"diagnostica, cond 1"
tm6x0_1k_c,ldr_v4_td6_BB,1000,3.818,t6a0,100k,C2_ins,MAINJACK,9.917e-05,8.001031,,sotto,"riferimento g10sempre_1k, cond 1"
tm6x0_1k_c,ldr_v4_td6_BB,1000,3.818,t6a0,100k,C2_rel,MAINJACK,0.0003641,10.000135,,sotto,"riferimento g10mai_1k, cond 1"
tm6x0_1k_c,ldr_v4_td6_BB,1000,3.818,t6a0,100k,S_ins,MAINJACK,0,,,sotto,dB in 100 ms sopra -70 dB; pieno 12.02 V da g10mai_1k
tm6x0_1k_c,ldr_v4_td6_BB,1000,3.818,t6a0,100k,S_rel,MAINJACK,0,,,sotto,dB in 100 ms sopra -70 dB; pieno 12.02 V da g10mai_1k
tm6x0_1k_c,ldr_v4_td6_BB,1000,3.818,t6a0,100k,A_ins,FIXJACK1,4.049e-08,8.000906,2.000,sotto,riferimento g10sempre_1k
tm6x0_1k_c,ldr_v4_td6_BB,1000,3.818,t6a0,100k,A_rel,FIXJACK1,4.035,10.000021,2.000,SOPRA,riferimento g10mai_1k
tm6x0_1k_c,ldr_v4_td6_BB,1000,3.818,t6a0,100k,B2,FIXJACK1,4.453e-08,8.020344,,sotto,mute da t_ins+t_grad+20 ms a t_rel
tm6x0_1k_c,ldr_v4_td6_BB,1000,3.818,t6a0,100k,C1_ins,FIXJACK1,2.726e-09,8.001010,,sotto,"diagnostica, cond 1"
tm6x0_1k_c,ldr_v4_td6_BB,1000,3.818,t6a0,100k,C1_rel,FIXJACK1,1.084e-05,10.000312,,sotto,"diagnostica, cond 1"
tm6x0_1k_c,ldr_v4_td6_BB,1000,3.818,t6a0,100k,C2_ins,FIXJACK1,2.726e-09,8.001010,,sotto,"riferimento g10sempre_1k, cond 1"
tm6x0_1k_c,ldr_v4_td6_BB,1000,3.818,t6a0,100k,C2_rel,FIXJACK1,4.485e-05,10.000156,,sotto,"riferimento g10mai_1k, cond 1"
tm6x0_1k_c,ldr_v4_td6_BB,1000,3.818,t6a0,100k,S_ins,FIXJACK1,0,,,sotto,dB in 100 ms sopra -70 dB; pieno 3.815 V da g10mai_1k
tm6x0_1k_c,ldr_v4_td6_BB,1000,3.818,t6a0,100k,S_rel,FIXJACK1,0,,,sotto,dB in 100 ms sopra -70 dB; pieno 3.815 V da g10mai_1k
tm6x0_1k_c,ldr_v4_td6_BB,1000,3.818,t6a0,100k,A_ins,FIXJACK2,4.049e-08,8.000906,2.000,sotto,riferimento g10sempre_1k
tm6x0_1k_c,ldr_v4_td6_BB,1000,3.818,t6a0,100k,A_rel,FIXJACK2,4.035,10.000021,2.000,SOPRA,riferimento g10mai_1k
tm6x0_1k_c,ldr_v4_td6_BB,1000,3.818,t6a0,100k,B2,FIXJACK2,4.453e-08,8.020344,,sotto,mute da t_ins+t_grad+20 ms a t_rel
tm6x0_1k_c,ldr_v4_td6_BB,1000,3.818,t6a0,100k,C1_ins,FIXJACK2,2.726e-09,8.001010,,sotto,"diagnostica, cond 1"
tm6x0_1k_c,ldr_v4_td6_BB,1000,3.818,t6a0,100k,C1_rel,FIXJACK2,1.084e-05,10.000312,,sotto,"diagnostica, cond 1"
tm6x0_1k_c,ldr_v4_td6_BB,1000,3.818,t6a0,100k,C2_ins,FIXJACK2,2.726e-09,8.001010,,sotto,"riferimento g10sempre_1k, cond 1"
tm6x0_1k_c,ldr_v4_td6_BB,1000,3.818,t6a0,100k,C2_rel,FIXJACK2,4.485e-05,10.000156,,sotto,"riferimento g10mai_1k, cond 1"
tm6x0_1k_c,ldr_v4_td6_BB,1000,3.818,t6a0,100k,S_ins,FIXJACK2,0,,,sotto,dB in 100 ms sopra -70 dB; pieno 3.815 V da g10mai_1k
tm6x0_1k_c,ldr_v4_td6_BB,1000,3.818,t6a0,100k,S_rel,FIXJACK2,0,,,sotto,dB in 100 ms sopra -70 dB; pieno 3.815 V da g10mai_1k
tm6x12_1k_i,ldr_v4_td6_BB,1000,3.818,t6a12,100k,A_ins,MAINJACK,6.373,1.000021,2.000,SOPRA,riferimento t6sempre_1k
tm6x12_1k_i,ldr_v4_td6_BB,1000,3.818,t6a12,100k,A_rel,MAINJACK,6.373,8.000021,2.000,SOPRA,riferimento t6mai_1k
tm6x12_1k_i,ldr_v4_td6_BB,1000,3.818,t6a12,100k,B2,MAINJACK,1.638e-07,7.526365,,sotto,mute da t_ins+t_grad+20 ms a t_rel
tm6x12_1k_i,ldr_v4_td6_BB,1000,3.818,t6a12,100k,C1_ins,MAINJACK,0.001058,2.353927,,SOPRA,"diagnostica, cond 1"
tm6x12_1k_i,ldr_v4_td6_BB,1000,3.818,t6a12,100k,C1_rel,MAINJACK,0.0002918,14.160354,,sotto,"diagnostica, cond 1"
tm6x12_1k_i,ldr_v4_td6_BB,1000,3.818,t6a12,100k,C2_ins,MAINJACK,0.001058,2.353927,,SOPRA,"riferimento t6sempre_1k, cond 1"
tm6x12_1k_i,ldr_v4_td6_BB,1000,3.818,t6a12,100k,C2_rel,MAINJACK,0.0002287,14.163333,,sotto,"riferimento t6mai_1k, cond 1"
tm6x12_1k_i,ldr_v4_td6_BB,1000,3.818,t6a12,100k,S_ins,MAINJACK,7.163,6.040000,,sotto,dB in 100 ms sopra -70 dB; pieno 6.022 V da t6mai_1k
tm6x12_1k_i,ldr_v4_td6_BB,1000,3.818,t6a12,100k,S_rel,MAINJACK,4.887,11.071000,,sotto,dB in 100 ms sopra -70 dB; pieno 6.022 V da t6mai_1k
tm6x12_1k_i,ldr_v4_td6_BB,1000,3.818,t6a12,100k,A_ins,FIXJACK1,4.035,1.000021,2.000,SOPRA,riferimento t6sempre_1k
tm6x12_1k_i,ldr_v4_td6_BB,1000,3.818,t6a12,100k,A_rel,FIXJACK1,4.035,8.000021,2.000,SOPRA,riferimento t6mai_1k
tm6x12_1k_i,ldr_v4_td6_BB,1000,3.818,t6a12,100k,B2,FIXJACK1,1.071e-07,7.525365,,sotto,mute da t_ins+t_grad+20 ms a t_rel
tm6x12_1k_i,ldr_v4_td6_BB,1000,3.818,t6a12,100k,C1_ins,FIXJACK1,0.0006549,2.353927,,sotto,"diagnostica, cond 1"
tm6x12_1k_i,ldr_v4_td6_BB,1000,3.818,t6a12,100k,C1_rel,FIXJACK1,0.000368,14.173354,,sotto,"diagnostica, cond 1"
tm6x12_1k_i,ldr_v4_td6_BB,1000,3.818,t6a12,100k,C2_ins,FIXJACK1,0.0006549,2.353927,,sotto,"riferimento t6sempre_1k, cond 1"
tm6x12_1k_i,ldr_v4_td6_BB,1000,3.818,t6a12,100k,C2_rel,FIXJACK1,0.0003393,14.163344,,sotto,"riferimento t6mai_1k, cond 1"
tm6x12_1k_i,ldr_v4_td6_BB,1000,3.818,t6a12,100k,S_ins,FIXJACK1,7.163,6.040000,,sotto,dB in 100 ms sopra -70 dB; pieno 3.815 V da t6mai_1k
tm6x12_1k_i,ldr_v4_td6_BB,1000,3.818,t6a12,100k,S_rel,FIXJACK1,5.36,10.959000,,sotto,dB in 100 ms sopra -70 dB; pieno 3.815 V da t6mai_1k
tm6x12_1k_i,ldr_v4_td6_BB,1000,3.818,t6a12,100k,A_ins,FIXJACK2,4.035,1.000021,2.000,SOPRA,riferimento t6sempre_1k
tm6x12_1k_i,ldr_v4_td6_BB,1000,3.818,t6a12,100k,A_rel,FIXJACK2,4.035,8.000021,2.000,SOPRA,riferimento t6mai_1k
tm6x12_1k_i,ldr_v4_td6_BB,1000,3.818,t6a12,100k,B2,FIXJACK2,1.071e-07,7.525365,,sotto,mute da t_ins+t_grad+20 ms a t_rel
tm6x12_1k_i,ldr_v4_td6_BB,1000,3.818,t6a12,100k,C1_ins,FIXJACK2,0.0006549,2.353927,,sotto,"diagnostica, cond 1"
tm6x12_1k_i,ldr_v4_td6_BB,1000,3.818,t6a12,100k,C1_rel,FIXJACK2,0.000368,14.173354,,sotto,"diagnostica, cond 1"
tm6x12_1k_i,ldr_v4_td6_BB,1000,3.818,t6a12,100k,C2_ins,FIXJACK2,0.0006549,2.353927,,sotto,"riferimento t6sempre_1k, cond 1"
tm6x12_1k_i,ldr_v4_td6_BB,1000,3.818,t6a12,100k,C2_rel,FIXJACK2,0.0003393,14.163344,,sotto,"riferimento t6mai_1k, cond 1"
tm6x12_1k_i,ldr_v4_td6_BB,1000,3.818,t6a12,100k,S_ins,FIXJACK2,7.163,6.040000,,sotto,dB in 100 ms sopra -70 dB; pieno 3.815 V da t6mai_1k
tm6x12_1k_i,ldr_v4_td6_BB,1000,3.818,t6a12,100k,S_rel,FIXJACK2,5.36,10.959000,,sotto,dB in 100 ms sopra -70 dB; pieno 3.815 V da t6mai_1k
tm6x12_1k_c,ldr_v4_td6_BB,1000,3.818,t6a12,100k,A_ins,MAINJACK,5.089e-05,8.000031,2.000,sotto,riferimento t12sempre_1k
tm6x12_1k_c,ldr_v4_td6_BB,1000,3.818,t6a12,100k,A_rel,MAINJACK,3.217,10.000021,2.000,SOPRA,riferimento t12mai_1k
tm6x12_1k_c,ldr_v4_td6_BB,1000,3.818,t6a12,100k,B2,MAINJACK,1.054e-07,8.025844,,sotto,mute da t_ins+t_grad+20 ms a t_rel
tm6x12_1k_c,ldr_v4_td6_BB,1000,3.818,t6a12,100k,C1_ins,MAINJACK,4.897e-05,8.000031,,sotto,"diagnostica, cond 1"
tm6x12_1k_c,ldr_v4_td6_BB,1000,3.818,t6a12,100k,C1_rel,MAINJACK,8.653e-06,10.000312,,sotto,"diagnostica, cond 1"
tm6x12_1k_c,ldr_v4_td6_BB,1000,3.818,t6a12,100k,C2_ins,MAINJACK,4.897e-05,8.000031,,sotto,"riferimento t12sempre_1k, cond 1"
tm6x12_1k_c,ldr_v4_td6_BB,1000,3.818,t6a12,100k,C2_rel,MAINJACK,3.641e-05,10.000156,,sotto,"riferimento t12mai_1k, cond 1"
tm6x12_1k_c,ldr_v4_td6_BB,1000,3.818,t6a12,100k,S_ins,MAINJACK,0,,,sotto,dB in 100 ms sopra -70 dB; pieno 3.04 V da t12mai_1k
tm6x12_1k_c,ldr_v4_td6_BB,1000,3.818,t6a12,100k,S_rel,MAINJACK,0,,,sotto,dB in 100 ms sopra -70 dB; pieno 3.04 V da t12mai_1k
tm6x12_1k_c,ldr_v4_td6_BB,1000,3.818,t6a12,100k,A_ins,FIXJACK1,4.049e-08,8.000906,2.000,sotto,riferimento t12sempre_1k
tm6x12_1k_c,ldr_v4_td6_BB,1000,3.818,t6a12,100k,A_rel,FIXJACK1,4.035,10.000021,2.000,SOPRA,riferimento t12mai_1k
tm6x12_1k_c,ldr_v4_td6_BB,1000,3.818,t6a12,100k,B2,FIXJACK1,4.453e-08,8.020344,,sotto,mute da t_ins+t_grad+20 ms a t_rel
tm6x12_1k_c,ldr_v4_td6_BB,1000,3.818,t6a12,100k,C1_ins,FIXJACK1,9.957e-10,8.000604,,sotto,"diagnostica, cond 1"
tm6x12_1k_c,ldr_v4_td6_BB,1000,3.818,t6a12,100k,C1_rel,FIXJACK1,1.084e-05,10.000312,,sotto,"diagnostica, cond 1"
tm6x12_1k_c,ldr_v4_td6_BB,1000,3.818,t6a12,100k,C2_ins,FIXJACK1,9.956e-10,8.000604,,sotto,"riferimento t12sempre_1k, cond 1"
tm6x12_1k_c,ldr_v4_td6_BB,1000,3.818,t6a12,100k,C2_rel,FIXJACK1,4.496e-05,10.000146,,sotto,"riferimento t12mai_1k, cond 1"
tm6x12_1k_c,ldr_v4_td6_BB,1000,3.818,t6a12,100k,S_ins,FIXJACK1,0,,,sotto,dB in 100 ms sopra -70 dB; pieno 3.815 V da t12mai_1k
tm6x12_1k_c,ldr_v4_td6_BB,1000,3.818,t6a12,100k,S_rel,FIXJACK1,0,,,sotto,dB in 100 ms sopra -70 dB; pieno 3.815 V da t12mai_1k
tm6x12_1k_c,ldr_v4_td6_BB,1000,3.818,t6a12,100k,A_ins,FIXJACK2,4.049e-08,8.000906,2.000,sotto,riferimento t12sempre_1k
tm6x12_1k_c,ldr_v4_td6_BB,1000,3.818,t6a12,100k,A_rel,FIXJACK2,4.035,10.000021,2.000,SOPRA,riferimento t12mai_1k
tm6x12_1k_c,ldr_v4_td6_BB,1000,3.818,t6a12,100k,B2,FIXJACK2,4.453e-08,8.020344,,sotto,mute da t_ins+t_grad+20 ms a t_rel
tm6x12_1k_c,ldr_v4_td6_BB,1000,3.818,t6a12,100k,C1_ins,FIXJACK2,9.956e-10,8.000604,,sotto,"diagnostica, cond 1"
tm6x12_1k_c,ldr_v4_td6_BB,1000,3.818,t6a12,100k,C1_rel,FIXJACK2,1.084e-05,10.000312,,sotto,"diagnostica, cond 1"
tm6x12_1k_c,ldr_v4_td6_BB,1000,3.818,t6a12,100k,C2_ins,FIXJACK2,9.956e-10,8.000604,,sotto,"riferimento t12sempre_1k, cond 1"
tm6x12_1k_c,ldr_v4_td6_BB,1000,3.818,t6a12,100k,C2_rel,FIXJACK2,4.496e-05,10.000146,,sotto,"riferimento t12mai_1k, cond 1"
tm6x12_1k_c,ldr_v4_td6_BB,1000,3.818,t6a12,100k,S_ins,FIXJACK2,0,,,sotto,dB in 100 ms sopra -70 dB; pieno 3.815 V da t12mai_1k
tm6x12_1k_c,ldr_v4_td6_BB,1000,3.818,t6a12,100k,S_rel,FIXJACK2,0,,,sotto,dB in 100 ms sopra -70 dB; pieno 3.815 V da t12mai_1k
tm12x6_1k_i,ldr_v4_td6_BB,1000,3.818,t12a6,100k,A_ins,MAINJACK,3.217,1.000021,2.000,SOPRA,riferimento t12sempre_1k
tm12x6_1k_i,ldr_v4_td6_BB,1000,3.818,t12a6,100k,A_rel,MAINJACK,3.217,8.000021,2.000,SOPRA,riferimento t12mai_1k
tm12x6_1k_i,ldr_v4_td6_BB,1000,3.818,t12a6,100k,B2,MAINJACK,8.33e-08,7.526365,,sotto,mute da t_ins+t_grad+20 ms a t_rel
tm12x6_1k_i,ldr_v4_td6_BB,1000,3.818,t12a6,100k,C1_ins,MAINJACK,0.0005222,2.353927,,sotto,"diagnostica, cond 1"
tm12x6_1k_i,ldr_v4_td6_BB,1000,3.818,t12a6,100k,C1_rel,MAINJACK,0.0005864,14.177354,,sotto,"diagnostica, cond 1"
tm12x6_1k_i,ldr_v4_td6_BB,1000,3.818,t12a6,100k,C2_ins,MAINJACK,0.0005222,2.353927,,sotto,"riferimento t12sempre_1k, cond 1"
tm12x6_1k_i,ldr_v4_td6_BB,1000,3.818,t12a6,100k,C2_rel,MAINJACK,0.0005656,14.181354,,sotto,"riferimento t12mai_1k, cond 1"
tm12x6_1k_i,ldr_v4_td6_BB,1000,3.818,t12a6,100k,S_ins,MAINJACK,7.163,6.040000,,sotto,dB in 100 ms sopra -70 dB; pieno 3.04 V da t12mai_1k
tm12x6_1k_i,ldr_v4_td6_BB,1000,3.818,t12a6,100k,S_rel,MAINJACK,6.04,10.861000,,sotto,dB in 100 ms sopra -70 dB; pieno 3.04 V da t12mai_1k
tm12x6_1k_i,ldr_v4_td6_BB,1000,3.818,t12a6,100k,A_ins,FIXJACK1,4.035,1.000021,2.000,SOPRA,riferimento t12sempre_1k
tm12x6_1k_i,ldr_v4_td6_BB,1000,3.818,t12a6,100k,A_rel,FIXJACK1,4.035,8.000021,2.000,SOPRA,riferimento t12mai_1k
tm12x6_1k_i,ldr_v4_td6_BB,1000,3.818,t12a6,100k,B2,FIXJACK1,1.085e-07,7.525365,,sotto,mute da t_ins+t_grad+20 ms a t_rel
tm12x6_1k_i,ldr_v4_td6_BB,1000,3.818,t12a6,100k,C1_ins,FIXJACK1,0.0006547,2.353927,,sotto,"diagnostica, cond 1"
tm12x6_1k_i,ldr_v4_td6_BB,1000,3.818,t12a6,100k,C1_rel,FIXJACK1,0.0003679,14.177354,,sotto,"diagnostica, cond 1"
tm12x6_1k_i,ldr_v4_td6_BB,1000,3.818,t12a6,100k,C2_ins,FIXJACK1,0.0006547,2.353927,,sotto,"riferimento t12sempre_1k, cond 1"
tm12x6_1k_i,ldr_v4_td6_BB,1000,3.818,t12a6,100k,C2_rel,FIXJACK1,0.0003391,14.165344,,sotto,"riferimento t12mai_1k, cond 1"
tm12x6_1k_i,ldr_v4_td6_BB,1000,3.818,t12a6,100k,S_ins,FIXJACK1,7.163,6.040000,,sotto,dB in 100 ms sopra -70 dB; pieno 3.815 V da t12mai_1k
tm12x6_1k_i,ldr_v4_td6_BB,1000,3.818,t12a6,100k,S_rel,FIXJACK1,5.36,10.959000,,sotto,dB in 100 ms sopra -70 dB; pieno 3.815 V da t12mai_1k
tm12x6_1k_i,ldr_v4_td6_BB,1000,3.818,t12a6,100k,A_ins,FIXJACK2,4.035,1.000021,2.000,SOPRA,riferimento t12sempre_1k
tm12x6_1k_i,ldr_v4_td6_BB,1000,3.818,t12a6,100k,A_rel,FIXJACK2,4.035,8.000021,2.000,SOPRA,riferimento t12mai_1k
tm12x6_1k_i,ldr_v4_td6_BB,1000,3.818,t12a6,100k,B2,FIXJACK2,1.085e-07,7.525365,,sotto,mute da t_ins+t_grad+20 ms a t_rel
tm12x6_1k_i,ldr_v4_td6_BB,1000,3.818,t12a6,100k,C1_ins,FIXJACK2,0.0006547,2.353927,,sotto,"diagnostica, cond 1"
tm12x6_1k_i,ldr_v4_td6_BB,1000,3.818,t12a6,100k,C1_rel,FIXJACK2,0.0003679,14.177354,,sotto,"diagnostica, cond 1"
tm12x6_1k_i,ldr_v4_td6_BB,1000,3.818,t12a6,100k,C2_ins,FIXJACK2,0.0006547,2.353927,,sotto,"riferimento t12sempre_1k, cond 1"
tm12x6_1k_i,ldr_v4_td6_BB,1000,3.818,t12a6,100k,C2_rel,FIXJACK2,0.0003391,14.165344,,sotto,"riferimento t12mai_1k, cond 1"
tm12x6_1k_i,ldr_v4_td6_BB,1000,3.818,t12a6,100k,S_ins,FIXJACK2,7.163,6.040000,,sotto,dB in 100 ms sopra -70 dB; pieno 3.815 V da t12mai_1k
tm12x6_1k_i,ldr_v4_td6_BB,1000,3.818,t12a6,100k,S_rel,FIXJACK2,5.36,10.959000,,sotto,dB in 100 ms sopra -70 dB; pieno 3.815 V da t12mai_1k
tm12x6_1k_c,ldr_v4_td6_BB,1000,3.818,t12a6,100k,A_ins,MAINJACK,4.895e-05,8.001031,2.000,sotto,riferimento t6sempre_1k
tm12x6_1k_c,ldr_v4_td6_BB,1000,3.818,t12a6,100k,A_rel,MAINJACK,6.373,10.000021,2.000,SOPRA,riferimento t6mai_1k
tm12x6_1k_c,ldr_v4_td6_BB,1000,3.818,t12a6,100k,B2,MAINJACK,1.342e-07,8.028344,,sotto,mute da t_ins+t_grad+20 ms a t_rel
tm12x6_1k_c,ldr_v4_td6_BB,1000,3.818,t12a6,100k,C1_ins,MAINJACK,4.968e-05,8.001031,,sotto,"diagnostica, cond 1"
tm12x6_1k_c,ldr_v4_td6_BB,1000,3.818,t12a6,100k,C1_rel,MAINJACK,1.714e-05,10.000312,,sotto,"diagnostica, cond 1"
tm12x6_1k_c,ldr_v4_td6_BB,1000,3.818,t12a6,100k,C2_ins,MAINJACK,4.968e-05,8.001031,,sotto,"riferimento t6sempre_1k, cond 1"
tm12x6_1k_c,ldr_v4_td6_BB,1000,3.818,t12a6,100k,C2_rel,MAINJACK,0.000103,10.000146,,sotto,"riferimento t6mai_1k, cond 1"
tm12x6_1k_c,ldr_v4_td6_BB,1000,3.818,t12a6,100k,S_ins,MAINJACK,0,,,sotto,dB in 100 ms sopra -70 dB; pieno 6.022 V da t6mai_1k
tm12x6_1k_c,ldr_v4_td6_BB,1000,3.818,t12a6,100k,S_rel,MAINJACK,0,,,sotto,dB in 100 ms sopra -70 dB; pieno 6.022 V da t6mai_1k
tm12x6_1k_c,ldr_v4_td6_BB,1000,3.818,t12a6,100k,A_ins,FIXJACK1,4.049e-08,8.000906,2.000,sotto,riferimento t6sempre_1k
tm12x6_1k_c,ldr_v4_td6_BB,1000,3.818,t12a6,100k,A_rel,FIXJACK1,4.035,10.000021,2.000,SOPRA,riferimento t6mai_1k
tm12x6_1k_c,ldr_v4_td6_BB,1000,3.818,t12a6,100k,B2,FIXJACK1,4.453e-08,8.020344,,sotto,mute da t_ins+t_grad+20 ms a t_rel
tm12x6_1k_c,ldr_v4_td6_BB,1000,3.818,t12a6,100k,C1_ins,FIXJACK1,2.831e-10,8.001458,,sotto,"diagnostica, cond 1"
tm12x6_1k_c,ldr_v4_td6_BB,1000,3.818,t12a6,100k,C1_rel,FIXJACK1,1.084e-05,10.000312,,sotto,"diagnostica, cond 1"
tm12x6_1k_c,ldr_v4_td6_BB,1000,3.818,t12a6,100k,C2_ins,FIXJACK1,2.831e-10,8.001458,,sotto,"riferimento t6sempre_1k, cond 1"
tm12x6_1k_c,ldr_v4_td6_BB,1000,3.818,t12a6,100k,C2_rel,FIXJACK1,4.513e-05,10.000146,,sotto,"riferimento t6mai_1k, cond 1"
tm12x6_1k_c,ldr_v4_td6_BB,1000,3.818,t12a6,100k,S_ins,FIXJACK1,0,,,sotto,dB in 100 ms sopra -70 dB; pieno 3.815 V da t6mai_1k
tm12x6_1k_c,ldr_v4_td6_BB,1000,3.818,t12a6,100k,S_rel,FIXJACK1,0,,,sotto,dB in 100 ms sopra -70 dB; pieno 3.815 V da t6mai_1k
tm12x6_1k_c,ldr_v4_td6_BB,1000,3.818,t12a6,100k,A_ins,FIXJACK2,4.049e-08,8.000906,2.000,sotto,riferimento t6sempre_1k
tm12x6_1k_c,ldr_v4_td6_BB,1000,3.818,t12a6,100k,A_rel,FIXJACK2,4.035,10.000021,2.000,SOPRA,riferimento t6mai_1k
tm12x6_1k_c,ldr_v4_td6_BB,1000,3.818,t12a6,100k,B2,FIXJACK2,4.453e-08,8.020344,,sotto,mute da t_ins+t_grad+20 ms a t_rel
tm12x6_1k_c,ldr_v4_td6_BB,1000,3.818,t12a6,100k,C1_ins,FIXJACK2,2.831e-10,8.001458,,sotto,"diagnostica, cond 1"
tm12x6_1k_c,ldr_v4_td6_BB,1000,3.818,t12a6,100k,C1_rel,FIXJACK2,1.084e-05,10.000312,,sotto,"diagnostica, cond 1"
tm12x6_1k_c,ldr_v4_td6_BB,1000,3.818,t12a6,100k,C2_ins,FIXJACK2,2.831e-10,8.001458,,sotto,"riferimento t6sempre_1k, cond 1"
tm12x6_1k_c,ldr_v4_td6_BB,1000,3.818,t12a6,100k,C2_rel,FIXJACK2,4.513e-05,10.000146,,sotto,"riferimento t6mai_1k, cond 1"
tm12x6_1k_c,ldr_v4_td6_BB,1000,3.818,t12a6,100k,S_ins,FIXJACK2,0,,,sotto,dB in 100 ms sopra -70 dB; pieno 3.815 V da t6mai_1k
tm12x6_1k_c,ldr_v4_td6_BB,1000,3.818,t12a6,100k,S_rel,FIXJACK2,0,,,sotto,dB in 100 ms sopra -70 dB; pieno 3.815 V da t6mai_1k
tm0x12_1k_i,ldr_v4_td6_BB,1000,3.818,t0a12,100k,A_ins,MAINJACK,12.72,1.000021,2.000,SOPRA,riferimento g10sempre_1k
tm0x12_1k_i,ldr_v4_td6_BB,1000,3.818,t0a12,100k,A_rel,MAINJACK,12.72,8.000021,2.000,SOPRA,riferimento g10mai_1k
tm0x12_1k_i,ldr_v4_td6_BB,1000,3.818,t0a12,100k,B2,MAINJACK,3.292e-07,7.526365,,sotto,mute da t_ins+t_grad+20 ms a t_rel
tm0x12_1k_i,ldr_v4_td6_BB,1000,3.818,t0a12,100k,C1_ins,MAINJACK,0.002219,2.353927,,SOPRA,"diagnostica, cond 1"
tm0x12_1k_i,ldr_v4_td6_BB,1000,3.818,t0a12,100k,C1_rel,MAINJACK,0.0002917,14.163354,,sotto,"diagnostica, cond 1"
tm0x12_1k_i,ldr_v4_td6_BB,1000,3.818,t0a12,100k,C2_ins,MAINJACK,0.002219,2.353927,,SOPRA,"riferimento g10sempre_1k, cond 1"
tm0x12_1k_i,ldr_v4_td6_BB,1000,3.818,t0a12,100k,C2_rel,MAINJACK,0.0004092,13.659146,,sotto,"riferimento g10mai_1k, cond 1"
tm0x12_1k_i,ldr_v4_td6_BB,1000,3.818,t0a12,100k,S_ins,MAINJACK,7.163,6.040000,,sotto,dB in 100 ms sopra -70 dB; pieno 12.02 V da g10mai_1k
tm0x12_1k_i,ldr_v4_td6_BB,1000,3.818,t0a12,100k,S_rel,MAINJACK,4.584,11.194000,,sotto,dB in 100 ms sopra -70 dB; pieno 12.02 V da g10mai_1k
tm0x12_1k_i,ldr_v4_td6_BB,1000,3.818,t0a12,100k,A_ins,FIXJACK1,4.035,1.000021,2.000,SOPRA,riferimento g10sempre_1k
tm0x12_1k_i,ldr_v4_td6_BB,1000,3.818,t0a12,100k,A_rel,FIXJACK1,4.035,8.000021,2.000,SOPRA,riferimento g10mai_1k
tm0x12_1k_i,ldr_v4_td6_BB,1000,3.818,t0a12,100k,B2,FIXJACK1,1.069e-07,7.526365,,sotto,mute da t_ins+t_grad+20 ms a t_rel
tm0x12_1k_i,ldr_v4_td6_BB,1000,3.818,t0a12,100k,C1_ins,FIXJACK1,0.0006538,2.353927,,sotto,"diagnostica, cond 1"
tm0x12_1k_i,ldr_v4_td6_BB,1000,3.818,t0a12,100k,C1_rel,FIXJACK1,0.000368,14.171354,,sotto,"diagnostica, cond 1"
tm0x12_1k_i,ldr_v4_td6_BB,1000,3.818,t0a12,100k,C2_ins,FIXJACK1,0.0006538,2.353927,,sotto,"riferimento g10sempre_1k, cond 1"
tm0x12_1k_i,ldr_v4_td6_BB,1000,3.818,t0a12,100k,C2_rel,FIXJACK1,0.0003398,14.166344,,sotto,"riferimento g10mai_1k, cond 1"
tm0x12_1k_i,ldr_v4_td6_BB,1000,3.818,t0a12,100k,S_ins,FIXJACK1,7.163,6.040000,,sotto,dB in 100 ms sopra -70 dB; pieno 3.815 V da g10mai_1k
tm0x12_1k_i,ldr_v4_td6_BB,1000,3.818,t0a12,100k,S_rel,FIXJACK1,5.36,10.959000,,sotto,dB in 100 ms sopra -70 dB; pieno 3.815 V da g10mai_1k
tm0x12_1k_i,ldr_v4_td6_BB,1000,3.818,t0a12,100k,A_ins,FIXJACK2,4.035,1.000021,2.000,SOPRA,riferimento g10sempre_1k
tm0x12_1k_i,ldr_v4_td6_BB,1000,3.818,t0a12,100k,A_rel,FIXJACK2,4.035,8.000021,2.000,SOPRA,riferimento g10mai_1k
tm0x12_1k_i,ldr_v4_td6_BB,1000,3.818,t0a12,100k,B2,FIXJACK2,1.069e-07,7.526365,,sotto,mute da t_ins+t_grad+20 ms a t_rel
tm0x12_1k_i,ldr_v4_td6_BB,1000,3.818,t0a12,100k,C1_ins,FIXJACK2,0.0006538,2.353927,,sotto,"diagnostica, cond 1"
tm0x12_1k_i,ldr_v4_td6_BB,1000,3.818,t0a12,100k,C1_rel,FIXJACK2,0.000368,14.171354,,sotto,"diagnostica, cond 1"
tm0x12_1k_i,ldr_v4_td6_BB,1000,3.818,t0a12,100k,C2_ins,FIXJACK2,0.0006538,2.353927,,sotto,"riferimento g10sempre_1k, cond 1"
tm0x12_1k_i,ldr_v4_td6_BB,1000,3.818,t0a12,100k,C2_rel,FIXJACK2,0.0003398,14.166344,,sotto,"riferimento g10mai_1k, cond 1"
tm0x12_1k_i,ldr_v4_td6_BB,1000,3.818,t0a12,100k,S_ins,FIXJACK2,7.163,6.040000,,sotto,dB in 100 ms sopra -70 dB; pieno 3.815 V da g10mai_1k
tm0x12_1k_i,ldr_v4_td6_BB,1000,3.818,t0a12,100k,S_rel,FIXJACK2,5.36,10.959000,,sotto,dB in 100 ms sopra -70 dB; pieno 3.815 V da g10mai_1k
tm0x12_1k_c,ldr_v4_td6_BB,1000,3.818,t0a12,100k,A_ins,MAINJACK,0.0001016,8.000031,2.000,SOPRA,riferimento t12sempre_1k
tm0x12_1k_c,ldr_v4_td6_BB,1000,3.818,t0a12,100k,A_rel,MAINJACK,3.217,10.000021,2.000,SOPRA,riferimento t12mai_1k
tm0x12_1k_c,ldr_v4_td6_BB,1000,3.818,t0a12,100k,B2,MAINJACK,2.385e-07,8.026844,,sotto,mute da t_ins+t_grad+20 ms a t_rel
tm0x12_1k_c,ldr_v4_td6_BB,1000,3.818,t0a12,100k,C1_ins,MAINJACK,9.765e-05,8.000031,,sotto,"diagnostica, cond 1"
tm0x12_1k_c,ldr_v4_td6_BB,1000,3.818,t0a12,100k,C1_rel,MAINJACK,8.653e-06,10.000312,,sotto,"diagnostica, cond 1"
tm0x12_1k_c,ldr_v4_td6_BB,1000,3.818,t0a12,100k,C2_ins,MAINJACK,9.765e-05,8.000031,,sotto,"riferimento t12sempre_1k, cond 1"
tm0x12_1k_c,ldr_v4_td6_BB,1000,3.818,t0a12,100k,C2_rel,MAINJACK,3.641e-05,10.000156,,sotto,"riferimento t12mai_1k, cond 1"
tm0x12_1k_c,ldr_v4_td6_BB,1000,3.818,t0a12,100k,S_ins,MAINJACK,0,,,sotto,dB in 100 ms sopra -70 dB; pieno 3.04 V da t12mai_1k
tm0x12_1k_c,ldr_v4_td6_BB,1000,3.818,t0a12,100k,S_rel,MAINJACK,0,,,sotto,dB in 100 ms sopra -70 dB; pieno 3.04 V da t12mai_1k
tm0x12_1k_c,ldr_v4_td6_BB,1000,3.818,t0a12,100k,A_ins,FIXJACK1,4.048e-08,8.000906,2.000,sotto,riferimento t12sempre_1k
tm0x12_1k_c,ldr_v4_td6_BB,1000,3.818,t0a12,100k,A_rel,FIXJACK1,4.035,10.000021,2.000,SOPRA,riferimento t12mai_1k
tm0x12_1k_c,ldr_v4_td6_BB,1000,3.818,t0a12,100k,B2,FIXJACK1,4.453e-08,8.020344,,sotto,mute da t_ins+t_grad+20 ms a t_rel
tm0x12_1k_c,ldr_v4_td6_BB,1000,3.818,t0a12,100k,C1_ins,FIXJACK1,3.503e-09,8.000604,,sotto,"diagnostica, cond 1"
tm0x12_1k_c,ldr_v4_td6_BB,1000,3.818,t0a12,100k,C1_rel,FIXJACK1,1.084e-05,10.000312,,sotto,"diagnostica, cond 1"
tm0x12_1k_c,ldr_v4_td6_BB,1000,3.818,t0a12,100k,C2_ins,FIXJACK1,3.503e-09,8.000604,,sotto,"riferimento t12sempre_1k, cond 1"
tm0x12_1k_c,ldr_v4_td6_BB,1000,3.818,t0a12,100k,C2_rel,FIXJACK1,4.496e-05,10.000146,,sotto,"riferimento t12mai_1k, cond 1"
tm0x12_1k_c,ldr_v4_td6_BB,1000,3.818,t0a12,100k,S_ins,FIXJACK1,0,,,sotto,dB in 100 ms sopra -70 dB; pieno 3.815 V da t12mai_1k
tm0x12_1k_c,ldr_v4_td6_BB,1000,3.818,t0a12,100k,S_rel,FIXJACK1,0,,,sotto,dB in 100 ms sopra -70 dB; pieno 3.815 V da t12mai_1k
tm0x12_1k_c,ldr_v4_td6_BB,1000,3.818,t0a12,100k,A_ins,FIXJACK2,4.048e-08,8.000906,2.000,sotto,riferimento t12sempre_1k
tm0x12_1k_c,ldr_v4_td6_BB,1000,3.818,t0a12,100k,A_rel,FIXJACK2,4.035,10.000021,2.000,SOPRA,riferimento t12mai_1k
tm0x12_1k_c,ldr_v4_td6_BB,1000,3.818,t0a12,100k,B2,FIXJACK2,4.453e-08,8.020344,,sotto,mute da t_ins+t_grad+20 ms a t_rel
tm0x12_1k_c,ldr_v4_td6_BB,1000,3.818,t0a12,100k,C1_ins,FIXJACK2,3.503e-09,8.000604,,sotto,"diagnostica, cond 1"
tm0x12_1k_c,ldr_v4_td6_BB,1000,3.818,t0a12,100k,C1_rel,FIXJACK2,1.084e-05,10.000312,,sotto,"diagnostica, cond 1"
tm0x12_1k_c,ldr_v4_td6_BB,1000,3.818,t0a12,100k,C2_ins,FIXJACK2,3.503e-09,8.000604,,sotto,"riferimento t12sempre_1k, cond 1"
tm0x12_1k_c,ldr_v4_td6_BB,1000,3.818,t0a12,100k,C2_rel,FIXJACK2,4.496e-05,10.000146,,sotto,"riferimento t12mai_1k, cond 1"
tm0x12_1k_c,ldr_v4_td6_BB,1000,3.818,t0a12,100k,S_ins,FIXJACK2,0,,,sotto,dB in 100 ms sopra -70 dB; pieno 3.815 V da t12mai_1k
tm0x12_1k_c,ldr_v4_td6_BB,1000,3.818,t0a12,100k,S_rel,FIXJACK2,0,,,sotto,dB in 100 ms sopra -70 dB; pieno 3.815 V da t12mai_1k
tm12x0_1k_i,ldr_v4_td6_BB,1000,3.818,t12a0,100k,A_ins,MAINJACK,3.217,1.000021,2.000,SOPRA,riferimento t12sempre_1k
tm12x0_1k_i,ldr_v4_td6_BB,1000,3.818,t12a0,100k,A_rel,MAINJACK,3.217,8.000021,2.000,SOPRA,riferimento t12mai_1k
tm12x0_1k_i,ldr_v4_td6_BB,1000,3.818,t12a0,100k,B2,MAINJACK,8.33e-08,7.526365,,sotto,mute da t_ins+t_grad+20 ms a t_rel
tm12x0_1k_i,ldr_v4_td6_BB,1000,3.818,t12a0,100k,C1_ins,MAINJACK,0.0005222,2.353927,,sotto,"diagnostica, cond 1"
tm12x0_1k_i,ldr_v4_td6_BB,1000,3.818,t12a0,100k,C1_rel,MAINJACK,0.001215,14.200354,,SOPRA,"diagnostica, cond 1"
tm12x0_1k_i,ldr_v4_td6_BB,1000,3.818,t12a0,100k,C2_ins,MAINJACK,0.0005222,2.353927,,sotto,"riferimento t12sempre_1k, cond 1"
tm12x0_1k_i,ldr_v4_td6_BB,1000,3.818,t12a0,100k,C2_rel,MAINJACK,0.001194,14.195354,,SOPRA,"riferimento t12mai_1k, cond 1"
tm12x0_1k_i,ldr_v4_td6_BB,1000,3.818,t12a0,100k,S_ins,MAINJACK,7.163,6.040000,,sotto,dB in 100 ms sopra -70 dB; pieno 3.04 V da t12mai_1k
tm12x0_1k_i,ldr_v4_td6_BB,1000,3.818,t12a0,100k,S_rel,MAINJACK,6.104,10.832000,,sotto,dB in 100 ms sopra -70 dB; pieno 3.04 V da t12mai_1k
tm12x0_1k_i,ldr_v4_td6_BB,1000,3.818,t12a0,100k,A_ins,FIXJACK1,4.035,1.000021,2.000,SOPRA,riferimento t12sempre_1k
tm12x0_1k_i,ldr_v4_td6_BB,1000,3.818,t12a0,100k,A_rel,FIXJACK1,4.035,8.000021,2.000,SOPRA,riferimento t12mai_1k
tm12x0_1k_i,ldr_v4_td6_BB,1000,3.818,t12a0,100k,B2,FIXJACK1,1.085e-07,7.525365,,sotto,mute da t_ins+t_grad+20 ms a t_rel
tm12x0_1k_i,ldr_v4_td6_BB,1000,3.818,t12a0,100k,C1_ins,FIXJACK1,0.0006547,2.353927,,sotto,"diagnostica, cond 1"
tm12x0_1k_i,ldr_v4_td6_BB,1000,3.818,t12a0,100k,C1_rel,FIXJACK1,0.0003677,14.188354,,sotto,"diagnostica, cond 1"
tm12x0_1k_i,ldr_v4_td6_BB,1000,3.818,t12a0,100k,C2_ins,FIXJACK1,0.0006547,2.353927,,sotto,"riferimento t12sempre_1k, cond 1"
tm12x0_1k_i,ldr_v4_td6_BB,1000,3.818,t12a0,100k,C2_rel,FIXJACK1,0.0003389,14.165344,,sotto,"riferimento t12mai_1k, cond 1"
tm12x0_1k_i,ldr_v4_td6_BB,1000,3.818,t12a0,100k,S_ins,FIXJACK1,7.163,6.040000,,sotto,dB in 100 ms sopra -70 dB; pieno 3.815 V da t12mai_1k
tm12x0_1k_i,ldr_v4_td6_BB,1000,3.818,t12a0,100k,S_rel,FIXJACK1,5.36,10.959000,,sotto,dB in 100 ms sopra -70 dB; pieno 3.815 V da t12mai_1k
tm12x0_1k_i,ldr_v4_td6_BB,1000,3.818,t12a0,100k,A_ins,FIXJACK2,4.035,1.000021,2.000,SOPRA,riferimento t12sempre_1k
tm12x0_1k_i,ldr_v4_td6_BB,1000,3.818,t12a0,100k,A_rel,FIXJACK2,4.035,8.000021,2.000,SOPRA,riferimento t12mai_1k
tm12x0_1k_i,ldr_v4_td6_BB,1000,3.818,t12a0,100k,B2,FIXJACK2,1.085e-07,7.525365,,sotto,mute da t_ins+t_grad+20 ms a t_rel
tm12x0_1k_i,ldr_v4_td6_BB,1000,3.818,t12a0,100k,C1_ins,FIXJACK2,0.0006547,2.353927,,sotto,"diagnostica, cond 1"
tm12x0_1k_i,ldr_v4_td6_BB,1000,3.818,t12a0,100k,C1_rel,FIXJACK2,0.0003677,14.188354,,sotto,"diagnostica, cond 1"
tm12x0_1k_i,ldr_v4_td6_BB,1000,3.818,t12a0,100k,C2_ins,FIXJACK2,0.0006547,2.353927,,sotto,"riferimento t12sempre_1k, cond 1"
tm12x0_1k_i,ldr_v4_td6_BB,1000,3.818,t12a0,100k,C2_rel,FIXJACK2,0.0003389,14.165344,,sotto,"riferimento t12mai_1k, cond 1"
tm12x0_1k_i,ldr_v4_td6_BB,1000,3.818,t12a0,100k,S_ins,FIXJACK2,7.163,6.040000,,sotto,dB in 100 ms sopra -70 dB; pieno 3.815 V da t12mai_1k
tm12x0_1k_i,ldr_v4_td6_BB,1000,3.818,t12a0,100k,S_rel,FIXJACK2,5.36,10.959000,,sotto,dB in 100 ms sopra -70 dB; pieno 3.815 V da t12mai_1k
tm12x0_1k_c,ldr_v4_td6_BB,1000,3.818,t12a0,100k,A_ins,MAINJACK,9.954e-05,8.001031,2.000,sotto,riferimento g10sempre_1k
tm12x0_1k_c,ldr_v4_td6_BB,1000,3.818,t12a0,100k,A_rel,MAINJACK,12.72,10.000021,2.000,SOPRA,riferimento g10mai_1k
tm12x0_1k_c,ldr_v4_td6_BB,1000,3.818,t12a0,100k,B2,MAINJACK,3.411e-07,8.028344,,sotto,mute da t_ins+t_grad+20 ms a t_rel
tm12x0_1k_c,ldr_v4_td6_BB,1000,3.818,t12a0,100k,C1_ins,MAINJACK,9.995e-05,8.001031,,sotto,"diagnostica, cond 1"
tm12x0_1k_c,ldr_v4_td6_BB,1000,3.818,t12a0,100k,C1_rel,MAINJACK,3.421e-05,10.000312,,sotto,"diagnostica, cond 1"
tm12x0_1k_c,ldr_v4_td6_BB,1000,3.818,t12a0,100k,C2_ins,MAINJACK,9.995e-05,8.001031,,sotto,"riferimento g10sempre_1k, cond 1"
tm12x0_1k_c,ldr_v4_td6_BB,1000,3.818,t12a0,100k,C2_rel,MAINJACK,0.0003641,10.000135,,sotto,"riferimento g10mai_1k, cond 1"
tm12x0_1k_c,ldr_v4_td6_BB,1000,3.818,t12a0,100k,S_ins,MAINJACK,0,,,sotto,dB in 100 ms sopra -70 dB; pieno 12.02 V da g10mai_1k
tm12x0_1k_c,ldr_v4_td6_BB,1000,3.818,t12a0,100k,S_rel,MAINJACK,0,,,sotto,dB in 100 ms sopra -70 dB; pieno 12.02 V da g10mai_1k
tm12x0_1k_c,ldr_v4_td6_BB,1000,3.818,t12a0,100k,A_ins,FIXJACK1,4.049e-08,8.000906,2.000,sotto,riferimento g10sempre_1k
tm12x0_1k_c,ldr_v4_td6_BB,1000,3.818,t12a0,100k,A_rel,FIXJACK1,4.035,10.000021,2.000,SOPRA,riferimento g10mai_1k
tm12x0_1k_c,ldr_v4_td6_BB,1000,3.818,t12a0,100k,B2,FIXJACK1,4.453e-08,8.020344,,sotto,mute da t_ins+t_grad+20 ms a t_rel
tm12x0_1k_c,ldr_v4_td6_BB,1000,3.818,t12a0,100k,C1_ins,FIXJACK1,6.175e-09,8.001531,,sotto,"diagnostica, cond 1"
tm12x0_1k_c,ldr_v4_td6_BB,1000,3.818,t12a0,100k,C1_rel,FIXJACK1,1.084e-05,10.000312,,sotto,"diagnostica, cond 1"
tm12x0_1k_c,ldr_v4_td6_BB,1000,3.818,t12a0,100k,C2_ins,FIXJACK1,6.175e-09,8.001531,,sotto,"riferimento g10sempre_1k, cond 1"
tm12x0_1k_c,ldr_v4_td6_BB,1000,3.818,t12a0,100k,C2_rel,FIXJACK1,4.485e-05,10.000156,,sotto,"riferimento g10mai_1k, cond 1"
tm12x0_1k_c,ldr_v4_td6_BB,1000,3.818,t12a0,100k,S_ins,FIXJACK1,0,,,sotto,dB in 100 ms sopra -70 dB; pieno 3.815 V da g10mai_1k
tm12x0_1k_c,ldr_v4_td6_BB,1000,3.818,t12a0,100k,S_rel,FIXJACK1,0,,,sotto,dB in 100 ms sopra -70 dB; pieno 3.815 V da g10mai_1k
tm12x0_1k_c,ldr_v4_td6_BB,1000,3.818,t12a0,100k,A_ins,FIXJACK2,4.049e-08,8.000906,2.000,sotto,riferimento g10sempre_1k
tm12x0_1k_c,ldr_v4_td6_BB,1000,3.818,t12a0,100k,A_rel,FIXJACK2,4.035,10.000021,2.000,SOPRA,riferimento g10mai_1k
tm12x0_1k_c,ldr_v4_td6_BB,1000,3.818,t12a0,100k,B2,FIXJACK2,4.453e-08,8.020344,,sotto,mute da t_ins+t_grad+20 ms a t_rel
tm12x0_1k_c,ldr_v4_td6_BB,1000,3.818,t12a0,100k,C1_ins,FIXJACK2,6.175e-09,8.001531,,sotto,"diagnostica, cond 1"
tm12x0_1k_c,ldr_v4_td6_BB,1000,3.818,t12a0,100k,C1_rel,FIXJACK2,1.084e-05,10.000312,,sotto,"diagnostica, cond 1"
tm12x0_1k_c,ldr_v4_td6_BB,1000,3.818,t12a0,100k,C2_ins,FIXJACK2,6.175e-09,8.001531,,sotto,"riferimento g10sempre_1k, cond 1"
tm12x0_1k_c,ldr_v4_td6_BB,1000,3.818,t12a0,100k,C2_rel,FIXJACK2,4.485e-05,10.000156,,sotto,"riferimento g10mai_1k, cond 1"
tm12x0_1k_c,ldr_v4_td6_BB,1000,3.818,t12a0,100k,S_ins,FIXJACK2,0,,,sotto,dB in 100 ms sopra -70 dB; pieno 3.815 V da g10mai_1k
tm12x0_1k_c,ldr_v4_td6_BB,1000,3.818,t12a0,100k,S_rel,FIXJACK2,0,,,sotto,dB in 100 ms sopra -70 dB; pieno 3.815 V da g10mai_1k
tm0x6_lz_i,ldr_v4_td6_BB,1000,0,t0a6,100k,A_ins,MAINJACK,1.305e-08,2.362333,2.000,sotto,riferimento g10sempre_lz
tm0x6_lz_i,ldr_v4_td6_BB,1000,0,t0a6,100k,A_rel,MAINJACK,0.0001017,8.000031,2.000,SOPRA,riferimento g10mai_lz
tm0x6_lz_i,ldr_v4_td6_BB,1000,0,t0a6,100k,B2,MAINJACK,9.827e-09,7.520000,,sotto,mute da t_ins+t_grad+20 ms a t_rel
tm0x6_lz_i,ldr_v4_td6_BB,1000,0,t0a6,100k,A_ins,FIXJACK1,4.144e-09,2.362323,2.000,sotto,riferimento g10sempre_lz
tm0x6_lz_i,ldr_v4_td6_BB,1000,0,t0a6,100k,A_rel,FIXJACK1,8.402e-09,8.000406,2.000,sotto,riferimento g10mai_lz
tm0x6_lz_i,ldr_v4_td6_BB,1000,0,t0a6,100k,B2,FIXJACK1,7.577e-09,7.520000,,sotto,mute da t_ins+t_grad+20 ms a t_rel
tm0x6_lz_i,ldr_v4_td6_BB,1000,0,t0a6,100k,A_ins,FIXJACK2,4.144e-09,2.362354,2.000,sotto,riferimento g10sempre_lz
tm0x6_lz_i,ldr_v4_td6_BB,1000,0,t0a6,100k,A_rel,FIXJACK2,8.4e-09,8.000406,2.000,sotto,riferimento g10mai_lz
tm0x6_lz_i,ldr_v4_td6_BB,1000,0,t0a6,100k,B2,FIXJACK2,7.577e-09,7.520000,,sotto,mute da t_ins+t_grad+20 ms a t_rel
tm0x6_lz_c,ldr_v4_td6_BB,1000,0,t0a6,100k,A_ins,MAINJACK,0.0001017,8.000031,2.000,SOPRA,riferimento t6sempre_lz
tm0x6_lz_c,ldr_v4_td6_BB,1000,0,t0a6,100k,A_rel,MAINJACK,1.6e-08,11.323115,2.000,sotto,riferimento t6mai_lz
tm0x6_lz_c,ldr_v4_td6_BB,1000,0,t0a6,100k,B2,MAINJACK,1.426e-07,8.025833,,sotto,mute da t_ins+t_grad+20 ms a t_rel
tm0x6_lz_c,ldr_v4_td6_BB,1000,0,t0a6,100k,A_ins,FIXJACK1,8.397e-09,8.000406,2.000,sotto,riferimento t6sempre_lz
tm0x6_lz_c,ldr_v4_td6_BB,1000,0,t0a6,100k,A_rel,FIXJACK1,1.012e-08,11.323302,2.000,sotto,riferimento t6mai_lz
tm0x6_lz_c,ldr_v4_td6_BB,1000,0,t0a6,100k,B2,FIXJACK1,2.473e-12,8.027135,,sotto,mute da t_ins+t_grad+20 ms a t_rel
tm0x6_lz_c,ldr_v4_td6_BB,1000,0,t0a6,100k,A_ins,FIXJACK2,8.397e-09,8.000406,2.000,sotto,riferimento t6sempre_lz
tm0x6_lz_c,ldr_v4_td6_BB,1000,0,t0a6,100k,A_rel,FIXJACK2,1.012e-08,11.323385,2.000,sotto,riferimento t6mai_lz
tm0x6_lz_c,ldr_v4_td6_BB,1000,0,t0a6,100k,B2,FIXJACK2,2.474e-12,8.027490,,sotto,mute da t_ins+t_grad+20 ms a t_rel
tm6x0_lz_i,ldr_v4_td6_BB,1000,0,t6a0,100k,A_ins,MAINJACK,6.545e-09,2.362760,2.000,sotto,riferimento t6sempre_lz
tm6x0_lz_i,ldr_v4_td6_BB,1000,0,t6a0,100k,A_rel,MAINJACK,9.789e-05,8.001031,2.000,sotto,riferimento t6mai_lz
tm6x0_lz_i,ldr_v4_td6_BB,1000,0,t6a0,100k,B2,MAINJACK,4.923e-09,7.520000,,sotto,mute da t_ins+t_grad+20 ms a t_rel
tm6x0_lz_i,ldr_v4_td6_BB,1000,0,t6a0,100k,A_ins,FIXJACK1,4.145e-09,2.362250,2.000,sotto,riferimento t6sempre_lz
tm6x0_lz_i,ldr_v4_td6_BB,1000,0,t6a0,100k,A_rel,FIXJACK1,9.186e-09,8.001312,2.000,sotto,riferimento t6mai_lz
tm6x0_lz_i,ldr_v4_td6_BB,1000,0,t6a0,100k,B2,FIXJACK1,7.577e-09,7.520000,,sotto,mute da t_ins+t_grad+20 ms a t_rel
tm6x0_lz_i,ldr_v4_td6_BB,1000,0,t6a0,100k,A_ins,FIXJACK2,4.144e-09,2.362479,2.000,sotto,riferimento t6sempre_lz
tm6x0_lz_i,ldr_v4_td6_BB,1000,0,t6a0,100k,A_rel,FIXJACK2,9.186e-09,8.001312,2.000,sotto,riferimento t6mai_lz
tm6x0_lz_i,ldr_v4_td6_BB,1000,0,t6a0,100k,B2,FIXJACK2,7.577e-09,7.520000,,sotto,mute da t_ins+t_grad+20 ms a t_rel
tm6x0_lz_c,ldr_v4_td6_BB,1000,0,t6a0,100k,A_ins,MAINJACK,9.789e-05,8.001031,2.000,sotto,riferimento g10sempre_lz
tm6x0_lz_c,ldr_v4_td6_BB,1000,0,t6a0,100k,A_rel,MAINJACK,3.192e-08,11.323198,2.000,sotto,riferimento g10mai_lz
tm6x0_lz_c,ldr_v4_td6_BB,1000,0,t6a0,100k,B2,MAINJACK,1.325e-07,8.028854,,sotto,mute da t_ins+t_grad+20 ms a t_rel
tm6x0_lz_c,ldr_v4_td6_BB,1000,0,t6a0,100k,A_ins,FIXJACK1,9.186e-09,8.001312,2.000,sotto,riferimento g10sempre_lz
tm6x0_lz_c,ldr_v4_td6_BB,1000,0,t6a0,100k,A_rel,FIXJACK1,1.012e-08,11.323115,2.000,sotto,riferimento g10mai_lz
tm6x0_lz_c,ldr_v4_td6_BB,1000,0,t6a0,100k,B2,FIXJACK1,2.659e-12,8.027958,,sotto,mute da t_ins+t_grad+20 ms a t_rel
tm6x0_lz_c,ldr_v4_td6_BB,1000,0,t6a0,100k,A_ins,FIXJACK2,9.186e-09,8.001312,2.000,sotto,riferimento g10sempre_lz
tm6x0_lz_c,ldr_v4_td6_BB,1000,0,t6a0,100k,A_rel,FIXJACK2,1.012e-08,11.323260,2.000,sotto,riferimento g10mai_lz
tm6x0_lz_c,ldr_v4_td6_BB,1000,0,t6a0,100k,B2,FIXJACK2,2.66e-12,8.027490,,sotto,mute da t_ins+t_grad+20 ms a t_rel
tm6x12_lz_i,ldr_v4_td6_BB,1000,0,t6a12,100k,A_ins,MAINJACK,6.545e-09,2.362760,2.000,sotto,riferimento t6sempre_lz
tm6x12_lz_i,ldr_v4_td6_BB,1000,0,t6a12,100k,A_rel,MAINJACK,5.093e-05,8.000031,2.000,sotto,riferimento t6mai_lz
tm6x12_lz_i,ldr_v4_td6_BB,1000,0,t6a12,100k,B2,MAINJACK,4.923e-09,7.520000,,sotto,mute da t_ins+t_grad+20 ms a t_rel
tm6x12_lz_i,ldr_v4_td6_BB,1000,0,t6a12,100k,A_ins,FIXJACK1,4.145e-09,2.362250,2.000,sotto,riferimento t6sempre_lz
tm6x12_lz_i,ldr_v4_td6_BB,1000,0,t6a12,100k,A_rel,FIXJACK1,1.847e-08,8.000406,2.000,sotto,riferimento t6mai_lz
tm6x12_lz_i,ldr_v4_td6_BB,1000,0,t6a12,100k,B2,FIXJACK1,7.577e-09,7.520000,,sotto,mute da t_ins+t_grad+20 ms a t_rel
tm6x12_lz_i,ldr_v4_td6_BB,1000,0,t6a12,100k,A_ins,FIXJACK2,4.144e-09,2.362479,2.000,sotto,riferimento t6sempre_lz
tm6x12_lz_i,ldr_v4_td6_BB,1000,0,t6a12,100k,A_rel,FIXJACK2,1.847e-08,8.000406,2.000,sotto,riferimento t6mai_lz
tm6x12_lz_i,ldr_v4_td6_BB,1000,0,t6a12,100k,B2,FIXJACK2,7.577e-09,7.520000,,sotto,mute da t_ins+t_grad+20 ms a t_rel
tm6x12_lz_c,ldr_v4_td6_BB,1000,0,t6a12,100k,A_ins,MAINJACK,5.093e-05,8.000031,2.000,sotto,riferimento t12sempre_lz
tm6x12_lz_c,ldr_v4_td6_BB,1000,0,t6a12,100k,A_rel,MAINJACK,8.081e-09,11.323458,2.000,sotto,riferimento t12mai_lz
tm6x12_lz_c,ldr_v4_td6_BB,1000,0,t6a12,100k,B2,MAINJACK,7.004e-08,8.025813,,sotto,mute da t_ins+t_grad+20 ms a t_rel
tm6x12_lz_c,ldr_v4_td6_BB,1000,0,t6a12,100k,A_ins,FIXJACK1,1.847e-08,8.000406,2.000,sotto,riferimento t12sempre_lz
tm6x12_lz_c,ldr_v4_td6_BB,1000,0,t6a12,100k,A_rel,FIXJACK1,1.012e-08,11.323313,2.000,sotto,riferimento t12mai_lz
tm6x12_lz_c,ldr_v4_td6_BB,1000,0,t6a12,100k,B2,FIXJACK1,4.573e-12,8.026990,,sotto,mute da t_ins+t_grad+20 ms a t_rel
tm6x12_lz_c,ldr_v4_td6_BB,1000,0,t6a12,100k,A_ins,FIXJACK2,1.847e-08,8.000406,2.000,sotto,riferimento t12sempre_lz
tm6x12_lz_c,ldr_v4_td6_BB,1000,0,t6a12,100k,A_rel,FIXJACK2,1.012e-08,11.323208,2.000,sotto,riferimento t12mai_lz
tm6x12_lz_c,ldr_v4_td6_BB,1000,0,t6a12,100k,B2,FIXJACK2,4.573e-12,8.026844,,sotto,mute da t_ins+t_grad+20 ms a t_rel
tm12x6_lz_i,ldr_v4_td6_BB,1000,0,t12a6,100k,A_ins,MAINJACK,3.312e-09,2.362458,2.000,sotto,riferimento t12sempre_lz
tm12x6_lz_i,ldr_v4_td6_BB,1000,0,t12a6,100k,A_rel,MAINJACK,4.906e-05,8.001031,2.000,sotto,riferimento t12mai_lz
tm12x6_lz_i,ldr_v4_td6_BB,1000,0,t12a6,100k,B2,MAINJACK,2.486e-09,7.520000,,sotto,mute da t_ins+t_grad+20 ms a t_rel
tm12x6_lz_i,ldr_v4_td6_BB,1000,0,t12a6,100k,A_ins,FIXJACK1,4.143e-09,2.362479,2.000,sotto,riferimento t12sempre_lz
tm12x6_lz_i,ldr_v4_td6_BB,1000,0,t12a6,100k,A_rel,FIXJACK1,3.063e-09,8.001531,2.000,sotto,riferimento t12mai_lz
tm12x6_lz_i,ldr_v4_td6_BB,1000,0,t12a6,100k,B2,FIXJACK1,7.578e-09,7.520000,,sotto,mute da t_ins+t_grad+20 ms a t_rel
tm12x6_lz_i,ldr_v4_td6_BB,1000,0,t12a6,100k,A_ins,FIXJACK2,4.144e-09,2.362406,2.000,sotto,riferimento t12sempre_lz
tm12x6_lz_i,ldr_v4_td6_BB,1000,0,t12a6,100k,A_rel,FIXJACK2,3.06e-09,8.001531,2.000,sotto,riferimento t12mai_lz
tm12x6_lz_i,ldr_v4_td6_BB,1000,0,t12a6,100k,B2,FIXJACK2,7.578e-09,7.520000,,sotto,mute da t_ins+t_grad+20 ms a t_rel
tm12x6_lz_c,ldr_v4_td6_BB,1000,0,t12a6,100k,A_ins,MAINJACK,4.906e-05,8.001031,2.000,sotto,riferimento t6sempre_lz
tm12x6_lz_c,ldr_v4_td6_BB,1000,0,t12a6,100k,A_rel,MAINJACK,1.6e-08,11.323115,2.000,sotto,riferimento t6mai_lz
tm12x6_lz_c,ldr_v4_td6_BB,1000,0,t12a6,100k,B2,MAINJACK,6.504e-08,8.028875,,sotto,mute da t_ins+t_grad+20 ms a t_rel
tm12x6_lz_c,ldr_v4_td6_BB,1000,0,t12a6,100k,A_ins,FIXJACK1,3.064e-09,8.001531,2.000,sotto,riferimento t6sempre_lz
tm12x6_lz_c,ldr_v4_td6_BB,1000,0,t12a6,100k,A_rel,FIXJACK1,1.012e-08,11.323177,2.000,sotto,riferimento t6mai_lz
tm12x6_lz_c,ldr_v4_td6_BB,1000,0,t12a6,100k,B2,FIXJACK1,7.298e-13,8.027990,,sotto,mute da t_ins+t_grad+20 ms a t_rel
tm12x6_lz_c,ldr_v4_td6_BB,1000,0,t12a6,100k,A_ins,FIXJACK2,3.064e-09,8.001531,2.000,sotto,riferimento t6sempre_lz
tm12x6_lz_c,ldr_v4_td6_BB,1000,0,t12a6,100k,A_rel,FIXJACK2,1.012e-08,11.323313,2.000,sotto,riferimento t6mai_lz
tm12x6_lz_c,ldr_v4_td6_BB,1000,0,t12a6,100k,B2,FIXJACK2,7.292e-13,8.028073,,sotto,mute da t_ins+t_grad+20 ms a t_rel
tm0x12_lz_i,ldr_v4_td6_BB,1000,0,t0a12,100k,A_ins,MAINJACK,1.305e-08,2.362333,2.000,sotto,riferimento g10sempre_lz
tm0x12_lz_i,ldr_v4_td6_BB,1000,0,t0a12,100k,A_rel,MAINJACK,0.0001017,8.000031,2.000,SOPRA,riferimento g10mai_lz
tm0x12_lz_i,ldr_v4_td6_BB,1000,0,t0a12,100k,B2,MAINJACK,9.827e-09,7.520000,,sotto,mute da t_ins+t_grad+20 ms a t_rel
tm0x12_lz_i,ldr_v4_td6_BB,1000,0,t0a12,100k,A_ins,FIXJACK1,4.144e-09,2.362323,2.000,sotto,riferimento g10sempre_lz
tm0x12_lz_i,ldr_v4_td6_BB,1000,0,t0a12,100k,A_rel,FIXJACK1,1.441e-09,8.000010,2.000,sotto,riferimento g10mai_lz
tm0x12_lz_i,ldr_v4_td6_BB,1000,0,t0a12,100k,B2,FIXJACK1,7.577e-09,7.520000,,sotto,mute da t_ins+t_grad+20 ms a t_rel
tm0x12_lz_i,ldr_v4_td6_BB,1000,0,t0a12,100k,A_ins,FIXJACK2,4.144e-09,2.362354,2.000,sotto,riferimento g10sempre_lz
tm0x12_lz_i,ldr_v4_td6_BB,1000,0,t0a12,100k,A_rel,FIXJACK2,1.444e-09,8.000010,2.000,sotto,riferimento g10mai_lz
tm0x12_lz_i,ldr_v4_td6_BB,1000,0,t0a12,100k,B2,FIXJACK2,7.577e-09,7.520000,,sotto,mute da t_ins+t_grad+20 ms a t_rel
tm0x12_lz_c,ldr_v4_td6_BB,1000,0,t0a12,100k,A_ins,MAINJACK,0.0001017,8.000031,2.000,SOPRA,riferimento t12sempre_lz
tm0x12_lz_c,ldr_v4_td6_BB,1000,0,t0a12,100k,A_rel,MAINJACK,8.084e-09,11.323458,2.000,sotto,riferimento t12mai_lz
tm0x12_lz_c,ldr_v4_td6_BB,1000,0,t0a12,100k,B2,MAINJACK,2.038e-07,8.026594,,sotto,mute da t_ins+t_grad+20 ms a t_rel
tm0x12_lz_c,ldr_v4_td6_BB,1000,0,t0a12,100k,A_ins,FIXJACK1,1.445e-09,8.000010,2.000,sotto,riferimento t12sempre_lz
tm0x12_lz_c,ldr_v4_td6_BB,1000,0,t0a12,100k,A_rel,FIXJACK1,1.012e-08,11.323042,2.000,sotto,riferimento t12mai_lz
tm0x12_lz_c,ldr_v4_td6_BB,1000,0,t0a12,100k,B2,FIXJACK1,4.205e-13,8.027750,,sotto,mute da t_ins+t_grad+20 ms a t_rel
tm0x12_lz_c,ldr_v4_td6_BB,1000,0,t0a12,100k,A_ins,FIXJACK2,1.445e-09,8.000010,2.000,sotto,riferimento t12sempre_lz
tm0x12_lz_c,ldr_v4_td6_BB,1000,0,t0a12,100k,A_rel,FIXJACK2,1.012e-08,11.323042,2.000,sotto,riferimento t12mai_lz
tm0x12_lz_c,ldr_v4_td6_BB,1000,0,t0a12,100k,B2,FIXJACK2,4.18e-13,8.027198,,sotto,mute da t_ins+t_grad+20 ms a t_rel
tm12x0_lz_i,ldr_v4_td6_BB,1000,0,t12a0,100k,A_ins,MAINJACK,3.312e-09,2.362458,2.000,sotto,riferimento t12sempre_lz
tm12x0_lz_i,ldr_v4_td6_BB,1000,0,t12a0,100k,A_rel,MAINJACK,9.96e-05,8.001031,2.000,sotto,riferimento t12mai_lz
tm12x0_lz_i,ldr_v4_td6_BB,1000,0,t12a0,100k,B2,MAINJACK,2.486e-09,7.520000,,sotto,mute da t_ins+t_grad+20 ms a t_rel
tm12x0_lz_i,ldr_v4_td6_BB,1000,0,t12a0,100k,A_ins,FIXJACK1,4.143e-09,2.362479,2.000,sotto,riferimento t12sempre_lz
tm12x0_lz_i,ldr_v4_td6_BB,1000,0,t12a0,100k,A_rel,FIXJACK1,5.968e-08,8.001531,2.000,sotto,riferimento t12mai_lz
tm12x0_lz_i,ldr_v4_td6_BB,1000,0,t12a0,100k,B2,FIXJACK1,7.578e-09,7.520000,,sotto,mute da t_ins+t_grad+20 ms a t_rel
tm12x0_lz_i,ldr_v4_td6_BB,1000,0,t12a0,100k,A_ins,FIXJACK2,4.144e-09,2.362406,2.000,sotto,riferimento t12sempre_lz
tm12x0_lz_i,ldr_v4_td6_BB,1000,0,t12a0,100k,A_rel,FIXJACK2,5.968e-08,8.001531,2.000,sotto,riferimento t12mai_lz
tm12x0_lz_i,ldr_v4_td6_BB,1000,0,t12a0,100k,B2,FIXJACK2,7.578e-09,7.520000,,sotto,mute da t_ins+t_grad+20 ms a t_rel
tm12x0_lz_c,ldr_v4_td6_BB,1000,0,t12a0,100k,A_ins,MAINJACK,9.96e-05,8.001031,2.000,sotto,riferimento g10sempre_lz
tm12x0_lz_c,ldr_v4_td6_BB,1000,0,t12a0,100k,A_rel,MAINJACK,3.192e-08,11.323177,2.000,sotto,riferimento g10mai_lz
tm12x0_lz_c,ldr_v4_td6_BB,1000,0,t12a0,100k,B2,MAINJACK,1.951e-07,8.028302,,sotto,mute da t_ins+t_grad+20 ms a t_rel
tm12x0_lz_c,ldr_v4_td6_BB,1000,0,t12a0,100k,A_ins,FIXJACK1,5.968e-08,8.001531,2.000,sotto,riferimento g10sempre_lz
tm12x0_lz_c,ldr_v4_td6_BB,1000,0,t12a0,100k,A_rel,FIXJACK1,1.012e-08,11.323187,2.000,sotto,riferimento g10mai_lz
tm12x0_lz_c,ldr_v4_td6_BB,1000,0,t12a0,100k,B2,FIXJACK1,1.451e-11,8.028104,,sotto,mute da t_ins+t_grad+20 ms a t_rel
tm12x0_lz_c,ldr_v4_td6_BB,1000,0,t12a0,100k,A_ins,FIXJACK2,5.968e-08,8.001531,2.000,sotto,riferimento g10sempre_lz
tm12x0_lz_c,ldr_v4_td6_BB,1000,0,t12a0,100k,A_rel,FIXJACK2,1.012e-08,11.323177,2.000,sotto,riferimento g10mai_lz
tm12x0_lz_c,ldr_v4_td6_BB,1000,0,t12a0,100k,B2,FIXJACK2,1.45e-11,8.028083,,sotto,mute da t_ins+t_grad+20 ms a t_rel
on_r10s,accensione,1000,0,10,100k,A_ins,MAINJACK,0.001881,0.133542,2.000,SOPRA,riferimento g10sempre_lz
on_r10s,accensione,1000,0,10,100k,A_rel,MAINJACK,3.194e-08,3.923177,2.000,sotto,riferimento g10mai_lz
on_r10s,accensione,1000,0,10,100k,B2,MAINJACK,0.001881,0.133542,,SOPRA,mute da t_ins+t_grad+20 ms a t_rel
on_r10s,accensione,1000,0,10,100k,A_ins,FIXJACK1,0.00536,0.136760,2.000,SOPRA,riferimento g10sempre_lz
on_r10s,accensione,1000,0,10,100k,A_rel,FIXJACK1,1.012e-08,3.923177,2.000,sotto,riferimento g10mai_lz
on_r10s,accensione,1000,0,10,100k,B2,FIXJACK1,0.00536,0.136760,,SOPRA,mute da t_ins+t_grad+20 ms a t_rel
on_r10s,accensione,1000,0,10,100k,A_ins,FIXJACK2,0.00536,0.136760,2.000,SOPRA,riferimento g10sempre_lz
on_r10s,accensione,1000,0,10,100k,A_rel,FIXJACK2,1.012e-08,3.923198,2.000,sotto,riferimento g10mai_lz
on_r10s,accensione,1000,0,10,100k,B2,FIXJACK2,0.00536,0.136760,,SOPRA,mute da t_ins+t_grad+20 ms a t_rel
on_r10p,accensione,1000,0,10,100k,A_ins,MAINJACK,0.005561,0.150135,2.000,SOPRA,riferimento g10sempre_lz
on_r10p,accensione,1000,0,10,100k,A_rel,MAINJACK,3.193e-08,3.923208,2.000,sotto,riferimento g10mai_lz
on_r10p,accensione,1000,0,10,100k,B2,MAINJACK,0.005561,0.150135,,SOPRA,mute da t_ins+t_grad+20 ms a t_rel
on_r10p,accensione,1000,0,10,100k,A_ins,FIXJACK1,0.001651,0.150073,2.000,SOPRA,riferimento g10sempre_lz
on_r10p,accensione,1000,0,10,100k,A_rel,FIXJACK1,1.013e-08,3.923229,2.000,sotto,riferimento g10mai_lz
on_r10p,accensione,1000,0,10,100k,B2,FIXJACK1,0.001651,0.150073,,SOPRA,mute da t_ins+t_grad+20 ms a t_rel
on_r10p,accensione,1000,0,10,100k,A_ins,FIXJACK2,0.001651,0.150073,2.000,SOPRA,riferimento g10sempre_lz
on_r10p,accensione,1000,0,10,100k,A_rel,FIXJACK2,1.012e-08,3.923313,2.000,sotto,riferimento g10mai_lz
on_r10p,accensione,1000,0,10,100k,B2,FIXJACK2,0.001651,0.150073,,SOPRA,mute da t_ins+t_grad+20 ms a t_rel
on_r10m,accensione,1000,0,10,100k,A_ins,MAINJACK,0.0004461,0.110906,2.000,SOPRA,riferimento g10sempre_lz
on_r10m,accensione,1000,0,10,100k,A_rel,MAINJACK,3.193e-08,3.923083,2.000,sotto,riferimento g10mai_lz
on_r10m,accensione,1000,0,10,100k,B2,MAINJACK,0.0003666,0.180969,,SOPRA,mute da t_ins+t_grad+20 ms a t_rel
on_r10m,accensione,1000,0,10,100k,A_ins,FIXJACK1,0.00645,0.186104,2.000,SOPRA,riferimento g10sempre_lz
on_r10m,accensione,1000,0,10,100k,A_rel,FIXJACK1,1.012e-08,3.923073,2.000,sotto,riferimento g10mai_lz
on_r10m,accensione,1000,0,10,100k,B2,FIXJACK1,0.00645,0.186104,,SOPRA,mute da t_ins+t_grad+20 ms a t_rel
on_r10m,accensione,1000,0,10,100k,A_ins,FIXJACK2,0.00645,0.186104,2.000,SOPRA,riferimento g10sempre_lz
on_r10m,accensione,1000,0,10,100k,A_rel,FIXJACK2,1.012e-08,3.923313,2.000,sotto,riferimento g10mai_lz
on_r10m,accensione,1000,0,10,100k,B2,FIXJACK2,0.00645,0.186104,,SOPRA,mute da t_ins+t_grad+20 ms a t_rel
on_r300s,accensione,1000,0,10,100k,A_ins,MAINJACK,0.0002255,0.229052,2.000,SOPRA,riferimento g10sempre_lz
on_r300s,accensione,1000,0,10,100k,A_rel,MAINJACK,3.194e-08,3.923021,2.000,sotto,riferimento g10mai_lz
on_r300s,accensione,1000,0,10,100k,B2,MAINJACK,0.0002255,0.229052,,SOPRA,mute da t_ins+t_grad+20 ms a t_rel
on_r300s,accensione,1000,0,10,100k,A_ins,FIXJACK1,0.004734,0.243896,2.000,SOPRA,riferimento g10sempre_lz
on_r300s,accensione,1000,0,10,100k,A_rel,FIXJACK1,1.013e-08,3.923188,2.000,sotto,riferimento g10mai_lz
on_r300s,accensione,1000,0,10,100k,B2,FIXJACK1,0.004734,0.243896,,SOPRA,mute da t_ins+t_grad+20 ms a t_rel
on_r300s,accensione,1000,0,10,100k,A_ins,FIXJACK2,0.004734,0.243896,2.000,SOPRA,riferimento g10sempre_lz
on_r300s,accensione,1000,0,10,100k,A_rel,FIXJACK2,1.012e-08,3.923313,2.000,sotto,riferimento g10mai_lz
on_r300s,accensione,1000,0,10,100k,B2,FIXJACK2,0.004734,0.243896,,SOPRA,mute da t_ins+t_grad+20 ms a t_rel
on_r300p,accensione,1000,0,10,100k,A_ins,MAINJACK,0.0001444,0.232354,2.000,SOPRA,riferimento g10sempre_lz
on_r300p,accensione,1000,0,10,100k,A_rel,MAINJACK,3.193e-08,3.923188,2.000,sotto,riferimento g10mai_lz
on_r300p,accensione,1000,0,10,100k,B2,MAINJACK,0.0001444,0.232354,,SOPRA,mute da t_ins+t_grad+20 ms a t_rel
on_r300p,accensione,1000,0,10,100k,A_ins,FIXJACK1,0.01128,0.292375,2.000,SOPRA,riferimento g10sempre_lz
on_r300p,accensione,1000,0,10,100k,A_rel,FIXJACK1,1.012e-08,3.923021,2.000,sotto,riferimento g10mai_lz
on_r300p,accensione,1000,0,10,100k,B2,FIXJACK1,0.01128,0.292375,,SOPRA,mute da t_ins+t_grad+20 ms a t_rel
on_r300p,accensione,1000,0,10,100k,A_ins,FIXJACK2,0.01128,0.292375,2.000,SOPRA,riferimento g10sempre_lz
on_r300p,accensione,1000,0,10,100k,A_rel,FIXJACK2,1.012e-08,3.923156,2.000,sotto,riferimento g10mai_lz
on_r300p,accensione,1000,0,10,100k,B2,FIXJACK2,0.01128,0.292375,,SOPRA,mute da t_ins+t_grad+20 ms a t_rel
on_r300m,accensione,1000,0,10,100k,A_ins,MAINJACK,6.902e-05,0.274760,2.000,sotto,riferimento g10sempre_lz
on_r300m,accensione,1000,0,10,100k,A_rel,MAINJACK,3.194e-08,3.923021,2.000,sotto,riferimento g10mai_lz
on_r300m,accensione,1000,0,10,100k,B2,MAINJACK,6.902e-05,0.274760,,sotto,mute da t_ins+t_grad+20 ms a t_rel
on_r300m,accensione,1000,0,10,100k,A_ins,FIXJACK1,0.001608,0.284375,2.000,SOPRA,riferimento g10sempre_lz
on_r300m,accensione,1000,0,10,100k,A_rel,FIXJACK1,1.012e-08,3.923229,2.000,sotto,riferimento g10mai_lz
on_r300m,accensione,1000,0,10,100k,B2,FIXJACK1,0.001608,0.284375,,SOPRA,mute da t_ins+t_grad+20 ms a t_rel
on_r300m,accensione,1000,0,10,100k,A_ins,FIXJACK2,0.001608,0.284375,2.000,SOPRA,riferimento g10sempre_lz
on_r300m,accensione,1000,0,10,100k,A_rel,FIXJACK2,1.012e-08,3.923302,2.000,sotto,riferimento g10mai_lz
on_r300m,accensione,1000,0,10,100k,B2,FIXJACK2,0.001608,0.284375,,SOPRA,mute da t_ins+t_grad+20 ms a t_rel
g10mai_1k,rif,1000,3.818,10,100k,C_pav,MAINJACK,0.0003406,1.158125,,sotto,"pavimento di C a 1.000 s, cond 1"
g10mai_1k,rif,1000,3.818,10,100k,C_pav,MAINJACK,0.0003406,8.651125,,sotto,"pavimento di C a 8.500 s, cond 1"
g10mai_1k,rif,1000,3.818,10,100k,C_pav,FIXJACK1,3.687e-05,1.029146,,sotto,"pavimento di C a 1.000 s, cond 1"
g10mai_1k,rif,1000,3.818,10,100k,C_pav,FIXJACK1,3.686e-05,8.658146,,sotto,"pavimento di C a 8.500 s, cond 1"
g10mai_1k,rif,1000,3.818,10,100k,C_pav,FIXJACK2,3.687e-05,1.029146,,sotto,"pavimento di C a 1.000 s, cond 1"
g10mai_1k,rif,1000,3.818,10,100k,C_pav,FIXJACK2,3.686e-05,8.658146,,sotto,"pavimento di C a 8.500 s, cond 1"
g10sempre_1k,rif,1000,3.818,10,100k,B1,MAINJACK,5.771e-08,15.742167,,sotto,"riferimento sempre in mute, da 0,5 s"
g10sempre_1k,rif,1000,3.818,10,100k,B1,FIXJACK1,1.832e-08,23.828667,,sotto,"riferimento sempre in mute, da 0,5 s"
g10sempre_1k,rif,1000,3.818,10,100k,B1,FIXJACK2,1.832e-08,2.034667,,sotto,"riferimento sempre in mute, da 0,5 s"
g0mai_1k,rif,1000,3.818,0,100k,C_pav,MAINJACK,3.709e-05,1.124146,,sotto,"pavimento di C a 1.000 s, cond 1"
g0mai_1k,rif,1000,3.818,0,100k,C_pav,MAINJACK,3.709e-05,8.484146,,sotto,"pavimento di C a 8.500 s, cond 1"
g0mai_1k,rif,1000,3.818,0,100k,C_pav,FIXJACK1,3.709e-05,1.124146,,sotto,"pavimento di C a 1.000 s, cond 1"
g0mai_1k,rif,1000,3.818,0,100k,C_pav,FIXJACK1,3.71e-05,8.484146,,sotto,"pavimento di C a 8.500 s, cond 1"
g0mai_1k,rif,1000,3.818,0,100k,C_pav,FIXJACK2,3.709e-05,1.124146,,sotto,"pavimento di C a 1.000 s, cond 1"
g0mai_1k,rif,1000,3.818,0,100k,C_pav,FIXJACK2,3.71e-05,8.484146,,sotto,"pavimento di C a 8.500 s, cond 1"
g0sempre_1k,rif,1000,3.818,0,100k,B1,MAINJACK,1.832e-08,15.271167,,sotto,"riferimento sempre in mute, da 0,5 s"
g0sempre_1k,rif,1000,3.818,0,100k,B1,FIXJACK1,1.832e-08,13.174667,,sotto,"riferimento sempre in mute, da 0,5 s"
g0sempre_1k,rif,1000,3.818,0,100k,B1,FIXJACK2,1.832e-08,11.171667,,sotto,"riferimento sempre in mute, da 0,5 s"
g3mai_1k,rif,1000,3.818,3,100k,C_pav,MAINJACK,6.817e-05,1.016146,,sotto,"pavimento di C a 1.000 s, cond 1"
g3mai_1k,rif,1000,3.818,3,100k,C_pav,MAINJACK,6.817e-05,8.513146,,sotto,"pavimento di C a 8.500 s, cond 1"
g3mai_1k,rif,1000,3.818,3,100k,C_pav,FIXJACK1,3.689e-05,1.016146,,sotto,"pavimento di C a 1.000 s, cond 1"
g3mai_1k,rif,1000,3.818,3,100k,C_pav,FIXJACK1,3.689e-05,8.513146,,sotto,"pavimento di C a 8.500 s, cond 1"
g3mai_1k,rif,1000,3.818,3,100k,C_pav,FIXJACK2,3.689e-05,1.016146,,sotto,"pavimento di C a 1.000 s, cond 1"
g3mai_1k,rif,1000,3.818,3,100k,C_pav,FIXJACK2,3.689e-05,8.513146,,sotto,"pavimento di C a 8.500 s, cond 1"
g3sempre_1k,rif,1000,3.818,3,100k,B1,MAINJACK,2.601e-08,1.915167,,sotto,"riferimento sempre in mute, da 0,5 s"
g3sempre_1k,rif,1000,3.818,3,100k,B1,FIXJACK1,1.832e-08,12.349667,,sotto,"riferimento sempre in mute, da 0,5 s"
g3sempre_1k,rif,1000,3.818,3,100k,B1,FIXJACK2,1.832e-08,10.369667,,sotto,"riferimento sempre in mute, da 0,5 s"
g10mai_20,rif,20,3.818,10,100k,C_pav,MAINJACK,0.0001459,1.024771,,sotto,"pavimento di C a 1.000 s, cond 7.22"
g10mai_20,rif,20,3.818,10,100k,C_pav,MAINJACK,0.0001459,8.574771,,sotto,"pavimento di C a 8.500 s, cond 7.22"
g10mai_20,rif,20,3.818,10,100k,C_pav,FIXJACK1,1.122e-06,1.007573,,sotto,"pavimento di C a 1.000 s, cond 7.22"
g10mai_20,rif,20,3.818,10,100k,C_pav,FIXJACK1,1.122e-06,8.507573,,sotto,"pavimento di C a 8.500 s, cond 7.22"
g10mai_20,rif,20,3.818,10,100k,C_pav,FIXJACK2,1.122e-06,1.007573,,sotto,"pavimento di C a 1.000 s, cond 7.22"
g10mai_20,rif,20,3.818,10,100k,C_pav,FIXJACK2,1.122e-06,8.507573,,sotto,"pavimento di C a 8.500 s, cond 7.22"
g10sempre_20,rif,20,3.818,10,100k,B1,MAINJACK,1.144e-10,30.948313,,sotto,"riferimento sempre in mute, da 0,5 s"
g10sempre_20,rif,20,3.818,10,100k,B1,FIXJACK1,3.631e-11,3.648354,,sotto,"riferimento sempre in mute, da 0,5 s"
g10sempre_20,rif,20,3.818,10,100k,B1,FIXJACK2,3.631e-11,14.098281,,sotto,"riferimento sempre in mute, da 0,5 s"
g0mai_20,rif,20,3.818,0,100k,C_pav,MAINJACK,1.123e-06,1.007562,,sotto,"pavimento di C a 1.000 s, cond 7.22"
g0mai_20,rif,20,3.818,0,100k,C_pav,MAINJACK,1.122e-06,8.607563,,sotto,"pavimento di C a 8.500 s, cond 7.22"
g0mai_20,rif,20,3.818,0,100k,C_pav,FIXJACK1,1.122e-06,1.007573,,sotto,"pavimento di C a 1.000 s, cond 7.22"
g0mai_20,rif,20,3.818,0,100k,C_pav,FIXJACK1,1.122e-06,8.507573,,sotto,"pavimento di C a 8.500 s, cond 7.22"
g0mai_20,rif,20,3.818,0,100k,C_pav,FIXJACK2,1.122e-06,1.007573,,sotto,"pavimento di C a 1.000 s, cond 7.22"
g0mai_20,rif,20,3.818,0,100k,C_pav,FIXJACK2,1.122e-06,8.507573,,sotto,"pavimento di C a 8.500 s, cond 7.22"
g0sempre_20,rif,20,3.818,0,100k,B1,MAINJACK,3.631e-11,9.898260,,sotto,"riferimento sempre in mute, da 0,5 s"
g0sempre_20,rif,20,3.818,0,100k,B1,FIXJACK1,3.631e-11,15.648229,,sotto,"riferimento sempre in mute, da 0,5 s"
g0sempre_20,rif,20,3.818,0,100k,B1,FIXJACK2,3.631e-11,17.273271,,sotto,"riferimento sempre in mute, da 0,5 s"
g3mai_20,rif,20,3.818,3,100k,C_pav,MAINJACK,2.452e-06,1.007396,,sotto,"pavimento di C a 1.000 s, cond 7.22"
g3mai_20,rif,20,3.818,3,100k,C_pav,MAINJACK,2.451e-06,8.557396,,sotto,"pavimento di C a 8.500 s, cond 7.22"
g3mai_20,rif,20,3.818,3,100k,C_pav,FIXJACK1,1.122e-06,1.007573,,sotto,"pavimento di C a 1.000 s, cond 7.22"
g3mai_20,rif,20,3.818,3,100k,C_pav,FIXJACK1,1.122e-06,8.657573,,sotto,"pavimento di C a 8.500 s, cond 7.22"
g3mai_20,rif,20,3.818,3,100k,C_pav,FIXJACK2,1.122e-06,1.007573,,sotto,"pavimento di C a 1.000 s, cond 7.22"
g3mai_20,rif,20,3.818,3,100k,C_pav,FIXJACK2,1.122e-06,8.607573,,sotto,"pavimento di C a 8.500 s, cond 7.22"
g3sempre_20,rif,20,3.818,3,100k,B1,MAINJACK,5.156e-11,0.848260,,sotto,"riferimento sempre in mute, da 0,5 s"
g3sempre_20,rif,20,3.818,3,100k,B1,FIXJACK1,3.63e-11,0.898281,,sotto,"riferimento sempre in mute, da 0,5 s"
g3sempre_20,rif,20,3.818,3,100k,B1,FIXJACK2,3.631e-11,12.098333,,sotto,"riferimento sempre in mute, da 0,5 s"
g10sempre_lz,rif,1000,0,10,100k,B1,MAINJACK,8.45e-14,4.487750,,sotto,"riferimento sempre in mute, da 0,5 s"
g10sempre_lz,rif,1000,0,10,100k,B1,FIXJACK1,2.435e-14,16.205979,,sotto,"riferimento sempre in mute, da 0,5 s"
g10sempre_lz,rif,1000,0,10,100k,B1,FIXJACK2,2.518e-14,4.633615,,sotto,"riferimento sempre in mute, da 0,5 s"
g0sempre_lz,rif,1000,0,0,100k,B1,MAINJACK,2.589e-14,13.127240,,sotto,"riferimento sempre in mute, da 0,5 s"
g0sempre_lz,rif,1000,0,0,100k,B1,FIXJACK1,2.51e-14,6.509740,,sotto,"riferimento sempre in mute, da 0,5 s"
g0sempre_lz,rif,1000,0,0,100k,B1,FIXJACK2,2.365e-14,17.241792,,sotto,"riferimento sempre in mute, da 0,5 s"
g3sempre_lz,rif,1000,0,3,100k,B1,MAINJACK,3.588e-14,12.195042,,sotto,"riferimento sempre in mute, da 0,5 s"
g3sempre_lz,rif,1000,0,3,100k,B1,FIXJACK1,2.342e-14,6.630771,,sotto,"riferimento sempre in mute, da 0,5 s"
g3sempre_lz,rif,1000,0,3,100k,B1,FIXJACK2,2.653e-14,0.658125,,sotto,"riferimento sempre in mute, da 0,5 s"
t6mai_1k,rif,1000,3.818,10,100k,C_pav,MAINJACK,9.027e-05,0.988146,,sotto,"pavimento di C a 1.000 s, cond 1"
t6mai_1k,rif,1000,3.818,10,100k,C_pav,MAINJACK,9.026e-05,8.601146,,sotto,"pavimento di C a 8.500 s, cond 1"
t6mai_1k,rif,1000,3.818,10,100k,C_pav,FIXJACK1,3.707e-05,0.988146,,sotto,"pavimento di C a 1.000 s, cond 1"
t6mai_1k,rif,1000,3.818,10,100k,C_pav,FIXJACK1,3.706e-05,8.601146,,sotto,"pavimento di C a 8.500 s, cond 1"
t6mai_1k,rif,1000,3.818,10,100k,C_pav,FIXJACK2,3.707e-05,0.988146,,sotto,"pavimento di C a 1.000 s, cond 1"
t6mai_1k,rif,1000,3.818,10,100k,C_pav,FIXJACK2,3.706e-05,8.601146,,sotto,"pavimento di C a 8.500 s, cond 1"
t6sempre_1k,rif,1000,3.818,10,100k,B1,MAINJACK,2.892e-08,1.499667,,sotto,"riferimento sempre in mute, da 0,5 s"
t6sempre_1k,rif,1000,3.818,10,100k,B1,FIXJACK1,1.832e-08,17.527667,,sotto,"riferimento sempre in mute, da 0,5 s"
t6sempre_1k,rif,1000,3.818,10,100k,B1,FIXJACK2,1.832e-08,3.264167,,sotto,"riferimento sempre in mute, da 0,5 s"
t12mai_1k,rif,1000,3.818,10,100k,C_pav,MAINJACK,2.987e-05,0.992156,,sotto,"pavimento di C a 1.000 s, cond 1"
t12mai_1k,rif,1000,3.818,10,100k,C_pav,MAINJACK,2.987e-05,8.584146,,sotto,"pavimento di C a 8.500 s, cond 1"
t12mai_1k,rif,1000,3.818,10,100k,C_pav,FIXJACK1,3.69e-05,1.195146,,sotto,"pavimento di C a 1.000 s, cond 1"
t12mai_1k,rif,1000,3.818,10,100k,C_pav,FIXJACK1,3.691e-05,8.584146,,sotto,"pavimento di C a 8.500 s, cond 1"
t12mai_1k,rif,1000,3.818,10,100k,C_pav,FIXJACK2,3.69e-05,1.195146,,sotto,"pavimento di C a 1.000 s, cond 1"
t12mai_1k,rif,1000,3.818,10,100k,C_pav,FIXJACK2,3.691e-05,8.584146,,sotto,"pavimento di C a 8.500 s, cond 1"
t12sempre_1k,rif,1000,3.818,10,100k,B1,MAINJACK,1.46e-08,18.946667,,sotto,"riferimento sempre in mute, da 0,5 s"
t12sempre_1k,rif,1000,3.818,10,100k,B1,FIXJACK1,1.832e-08,12.160167,,sotto,"riferimento sempre in mute, da 0,5 s"
t12sempre_1k,rif,1000,3.818,10,100k,B1,FIXJACK2,1.832e-08,1.641667,,sotto,"riferimento sempre in mute, da 0,5 s"
t6sempre_lz,rif,1000,0,10,100k,B1,MAINJACK,5.635e-14,13.458500,,sotto,"riferimento sempre in mute, da 0,5 s"
t6sempre_lz,rif,1000,0,10,100k,B1,FIXJACK1,2.492e-14,11.110073,,sotto,"riferimento sempre in mute, da 0,5 s"
t6sempre_lz,rif,1000,0,10,100k,B1,FIXJACK2,2.378e-14,12.965833,,sotto,"riferimento sempre in mute, da 0,5 s"
t12sempre_lz,rif,1000,0,10,100k,B1,MAINJACK,5.542e-14,10.208990,,sotto,"riferimento sempre in mute, da 0,5 s"
t12sempre_lz,rif,1000,0,10,100k,B1,FIXJACK1,2.542e-14,10.514625,,sotto,"riferimento sempre in mute, da 0,5 s"
t12sempre_lz,rif,1000,0,10,100k,B1,FIXJACK2,2.45e-14,8.569240,,sotto,"riferimento sempre in mute, da 0,5 s"
