 2.00000000e-01 -8.51462425e+00  2.00000000e-01  6.78862537e+01 
 2.02316202e-01 -8.42892482e+00  2.02316202e-01  6.76552205e+01 
 2.04659228e-01 -8.34351018e+00  2.04659228e-01  6.74222883e+01 
 2.07029388e-01 -8.25838500e+00  2.07029388e-01  6.71874571e+01 
 2.09426997e-01 -8.17355400e+00  2.09426997e-01  6.69507273e+01 
 2.11852373e-01 -8.08902195e+00  2.11852373e-01  6.67120998e+01 
 2.14305837e-01 -8.00479362e+00  2.14305837e-01  6.64715761e+01 
 2.16787715e-01 -7.92087386e+00  2.16787715e-01  6.62291583e+01 
 2.19298335e-01 -7.83726750e+00  2.19298335e-01  6.59848488e+01 
 2.21838031e-01 -7.75397944e+00  2.21838031e-01  6.57386509e+01 
 2.24407140e-01 -7.67101460e+00  2.24407140e-01  6.54905683e+01 
 2.27006001e-01 -7.58837791e+00  2.27006001e-01  6.52406053e+01 
 2.29634959e-01 -7.50607435e+00  2.29634959e-01  6.49887668e+01 
 2.32294364e-01 -7.42410891e+00  2.32294364e-01  6.47350584e+01 
 2.34984567e-01 -7.34248659e+00  2.34984567e-01  6.44794861e+01 
 2.37705925e-01 -7.26121244e+00  2.37705925e-01  6.42220569e+01 
 2.40458800e-01 -7.18029150e+00  2.40458800e-01  6.39627781e+01 
 2.43243555e-01 -7.09972884e+00  2.43243555e-01  6.37016579e+01 
 2.46060561e-01 -7.01952953e+00  2.46060561e-01  6.34387050e+01 
 2.48910190e-01 -6.93969865e+00  2.48910190e-01  6.31739289e+01 
 2.51792821e-01 -6.86024132e+00  2.51792821e-01  6.29073397e+01 
 2.54708836e-01 -6.78116262e+00  2.54708836e-01  6.26389482e+01 
 2.57658622e-01 -6.70246765e+00  2.57658622e-01  6.23687660e+01 
 2.60642568e-01 -6.62416153e+00  2.60642568e-01  6.20968053e+01 
 2.63661072e-01 -6.54624936e+00  2.63661072e-01  6.18230790e+01 
 2.66714534e-01 -6.46873621e+00  2.66714534e-01  6.15476009e+01 
 2.69803357e-01 -6.39162720e+00  2.69803357e-01  6.12703854e+01 
 2.72927952e-01 -6.31492738e+00  2.72927952e-01  6.09914476e+01 
 2.76088733e-01 -6.23864182e+00  2.76088733e-01  6.07108035e+01 
 2.79286119e-01 -6.16277556e+00  2.79286119e-01  6.04284697e+01 
 2.82520534e-01 -6.08733363e+00  2.82520534e-01  6.01444636e+01 
 2.85792407e-01 -6.01232103e+00  2.85792407e-01  5.98588034e+01 
 2.89102171e-01 -5.93774272e+00  2.89102171e-01  5.95715080e+01 
 2.92450266e-01 -5.86360365e+00  2.92450266e-01  5.92825971e+01 
 2.95837135e-01 -5.78990874e+00  2.95837135e-01  5.89920912e+01 
 2.99263228e-01 -5.71666284e+00  2.99263228e-01  5.87000116e+01 
 3.02728998e-01 -5.64387079e+00  3.02728998e-01  5.84063801e+01 
 3.06234905e-01 -5.57153738e+00  3.06234905e-01  5.81112197e+01 
 3.09781414e-01 -5.49966735e+00  3.09781414e-01  5.78145537e+01 
 3.13368996e-01 -5.42826538e+00  3.13368996e-01  5.75164065e+01 
 3.16998125e-01 -5.35733612e+00  3.16998125e-01  5.72168032e+01 
 3.20669283e-01 -5.28688413e+00  3.20669283e-01  5.69157696e+01 
 3.24382957e-01 -5.21691394e+00  3.24382957e-01  5.66133322e+01 
 3.28139639e-01 -5.14742998e+00  3.28139639e-01  5.63095184e+01 
 3.31939827e-01 -5.07843665e+00  3.31939827e-01  5.60043562e+01 
 3.35784025e-01 -5.00993825e+00  3.35784025e-01  5.56978744e+01 
 3.39672743e-01 -4.94193901e+00  3.39672743e-01  5.53901025e+01 
 3.43606496e-01 -4.87444308e+00  3.43606496e-01  5.50810708e+01 
 3.47585805e-01 -4.80745455e+00  3.47585805e-01  5.47708103e+01 
 3.51611200e-01 -4.74097738e+00  3.51611200e-01  5.44593524e+01 
 3.55683212e-01 -4.67501547e+00  3.55683212e-01  5.41467297e+01 
 3.59802383e-01 -4.60957263e+00  3.59802383e-01  5.38329751e+01 
 3.63969257e-01 -4.54465255e+00  3.63969257e-01  5.35181222e+01 
 3.68184388e-01 -4.48025884e+00  3.68184388e-01  5.32022055e+01 
 3.72448335e-01 -4.41639499e+00  3.72448335e-01  5.28852598e+01 
 3.76761663e-01 -4.35306441e+00  3.76761663e-01  5.25673206e+01 
 3.81124943e-01 -4.29027036e+00  3.81124943e-01  5.22484243e+01 
 3.85538754e-01 -4.22801602e+00  3.85538754e-01  5.19286075e+01 
 3.90003682e-01 -4.16630444e+00  3.90003682e-01  5.16079075e+01 
 3.94520318e-01 -4.10513856e+00  3.94520318e-01  5.12863622e+01 
 3.99089261e-01 -4.04452118e+00  3.99089261e-01  5.09640099e+01 
 4.03711118e-01 -3.98445499e+00  4.03711118e-01  5.06408897e+01 
 4.08386500e-01 -3.92494256e+00  4.08386500e-01  5.03170407e+01 
 4.13116027e-01 -3.86598630e+00  4.13116027e-01  4.99925029e+01 
 4.17900328e-01 -3.80758853e+00  4.17900328e-01  4.96673166e+01 
 4.22740035e-01 -3.74975139e+00  4.22740035e-01  4.93415223e+01 
 4.27635791e-01 -3.69247692e+00  4.27635791e-01  4.90151613e+01 
 4.32588245e-01 -3.63576700e+00  4.32588245e-01  4.86882749e+01 
 4.37598053e-01 -3.57962337e+00  4.37598053e-01  4.83609048e+01 
 4.42665880e-01 -3.52404765e+00  4.42665880e-01  4.80330933e+01 
 4.47792398e-01 -3.46904128e+00  4.47792398e-01  4.77048827e+01 
 4.52978286e-01 -3.41460558e+00  4.52978286e-01  4.73763156e+01 
 4.58224231e-01 -3.36074172e+00  4.58224231e-01  4.70474348e+01 
 4.63530930e-01 -3.30745071e+00  4.63530930e-01  4.67182836e+01 
 4.68899086e-01 -3.25473342e+00  4.68899086e-01  4.63889051e+01 
 4.74329410e-01 -3.20259056e+00  4.74329410e-01  4.60593427e+01 
 4.79822623e-01 -3.15102270e+00  4.79822623e-01  4.57296400e+01 
 4.85379453e-01 -3.10003026e+00  4.85379453e-01  4.53998406e+01 
 4.91000637e-01 -3.04961349e+00  4.91000637e-01  4.50699882e+01 
 4.96686920e-01 -2.99977250e+00  4.96686920e-01  4.47401266e+01 
 5.02439056e-01 -2.95050726e+00  5.02439056e-01  4.44102993e+01 
 5.08257807e-01 -2.90181756e+00  5.08257807e-01  4.40805503e+01 
 5.14143945e-01 -2.85370305e+00  5.14143945e-01  4.37509230e+01 
 5.20098251e-01 -2.80616324e+00  5.20098251e-01  4.34214611e+01 
 5.26121513e-01 -2.75919746e+00  5.26121513e-01  4.30922081e+01 
 5.32214531e-01 -2.71280493e+00  5.32214531e-01  4.27632072e+01 
 5.38378112e-01 -2.66698468e+00  5.38378112e-01  4.24345017e+01 
 5.44613074e-01 -2.62173561e+00  5.44613074e-01  4.21061344e+01 
 5.50920243e-01 -2.57705647e+00  5.50920243e-01  4.17781482e+01 
 5.57300455e-01 -2.53294587e+00  5.57300455e-01  4.14505856e+01 
 5.63754556e-01 -2.48940227e+00  5.63754556e-01  4.11234887e+01 
 5.70283403e-01 -2.44642397e+00  5.70283403e-01  4.07968995e+01 
 5.76887860e-01 -2.40400916e+00  5.76887860e-01  4.04708595e+01 
 5.83568804e-01 -2.36215586e+00  5.83568804e-01  4.01454100e+01 
 5.90327119e-01 -2.32086197e+00  5.90327119e-01  3.98205919e+01 
 5.97163703e-01 -2.28012526e+00  5.97163703e-01  3.94964456e+01 
 6.04079461e-01 -2.23994334e+00  6.04079461e-01  3.91730111e+01 
 6.11075310e-01 -2.20031372e+00  6.11075310e-01  3.88503279e+01 
 6.18152179e-01 -2.16123376e+00  6.18152179e-01  3.85284352e+01 
 6.25311005e-01 -2.12270071e+00  6.25311005e-01  3.82073717e+01 
 6.32552737e-01 -2.08471167e+00  6.32552737e-01  3.78871752e+01 
 6.39878336e-01 -2.04726366e+00  6.39878336e-01  3.75678835e+01 
 6.47288773e-01 -2.01035354e+00  6.47288773e-01  3.72495335e+01 
 6.54785030e-01 -1.97397809e+00  6.54785030e-01  3.69321615e+01 
 6.62368101e-01 -1.93813395e+00  6.62368101e-01  3.66158035e+01 
 6.70038992e-01 -1.90281768e+00  6.70038992e-01  3.63004947e+01 
 6.77798719e-01 -1.86802572e+00  6.77798719e-01  3.59862696e+01 
 6.85648312e-01 -1.83375440e+00  6.85648312e-01  3.56731621e+01 
 6.93588812e-01 -1.79999997e+00  6.93588812e-01  3.53612057e+01 
 7.01621270e-01 -1.76675858e+00  7.01621270e-01  3.50504328e+01 
 7.09746752e-01 -1.73402627e+00  7.09746752e-01  3.47408754e+01 
 7.17966335e-01 -1.70179901e+00  7.17966335e-01  3.44325649e+01 
 7.26281110e-01 -1.67007269e+00  7.26281110e-01  3.41255316e+01 
 7.34692178e-01 -1.63884311e+00  7.34692178e-01  3.38198055e+01 
 7.43200655e-01 -1.60810598e+00  7.43200655e-01  3.35154156e+01 
 7.51807668e-01 -1.57785697e+00  7.51807668e-01  3.32123904e+01 
 7.60514359e-01 -1.54809165e+00  7.60514359e-01  3.29107574e+01 
 7.69321883e-01 -1.51880552e+00  7.69321883e-01  3.26105435e+01 
 7.78231406e-01 -1.48999405e+00  7.78231406e-01  3.23117749e+01 
 7.87244111e-01 -1.46165262e+00  7.87244111e-01  3.20144769e+01 
 7.96361192e-01 -1.43377656e+00  7.96361192e-01  3.17186742e+01 
 8.05583858e-01 -1.40636115e+00  8.05583858e-01  3.14243906e+01 
 8.14913332e-01 -1.37940164e+00  8.14913332e-01  3.11316492e+01 
 8.24350851e-01 -1.35289320e+00  8.24350851e-01  3.08404724e+01 
 8.33897665e-01 -1.32683098e+00  8.33897665e-01  3.05508817e+01 
 8.43555041e-01 -1.30121009e+00  8.43555041e-01  3.02628978e+01 
 8.53324260e-01 -1.27602560e+00  8.53324260e-01  2.99765408e+01 
 8.63206616e-01 -1.25127255e+00  8.63206616e-01  2.96918300e+01 
 8.73203419e-01 -1.22694595e+00  8.73203419e-01  2.94087839e+01 
 8.83315996e-01 -1.20304079e+00  8.83315996e-01  2.91274201e+01 
 8.93545686e-01 -1.17955203e+00  8.93545686e-01  2.88477557e+01 
 9.03893847e-01 -1.15647463e+00  9.03893847e-01  2.85698069e+01 
 9.14361849e-01 -1.13380350e+00  9.14361849e-01  2.82935892e+01 
 9.24951082e-01 -1.11153356e+00  9.24951082e-01  2.80191172e+01 
 9.35662949e-01 -1.08965974e+00  9.35662949e-01  2.77464051e+01 
 9.46498870e-01 -1.06817692e+00  9.46498870e-01  2.74754660e+01 
 9.57460281e-01 -1.04708000e+00  9.57460281e-01  2.72063126e+01 
 9.68548637e-01 -1.02636389e+00  9.68548637e-01  2.69389566e+01 
 9.79765408e-01 -1.00602348e+00  9.79765408e-01  2.66734092e+01 
 9.91112080e-01 -9.86053666e-01  9.91112080e-01  2.64096808e+01 
 1.00259016e+00 -9.66449365e-01  1.00259016e+00  2.61477811e+01 
 1.01420116e+00 -9.47205494e-01  1.01420116e+00  2.58877193e+01 
 1.02594664e+00 -9.28316982e-01  1.02594664e+00  2.56295036e+01 
 1.03782813e+00 -9.09778774e-01  1.03782813e+00  2.53731418e+01 
 1.04984723e+00 -8.91585830e-01  1.04984723e+00  2.51186410e+01 
 1.06200552e+00 -8.73733128e-01  1.06200552e+00  2.48660076e+01 
 1.07430462e+00 -8.56215668e-01  1.07430462e+00  2.46152474e+01 
 1.08674615e+00 -8.39028472e-01  1.08674615e+00  2.43663656e+01 
 1.09933176e+00 -8.22166585e-01  1.09933176e+00  2.41193667e+01 
 1.11206313e+00 -8.05625080e-01  1.11206313e+00  2.38742547e+01 
 1.12494195e+00 -7.89399058e-01  1.12494195e+00  2.36310331e+01 
 1.13796991e+00 -7.73483648e-01  1.13796991e+00  2.33897046e+01 
 1.15114875e+00 -7.57874014e-01  1.15114875e+00  2.31502716e+01 
 1.16448021e+00 -7.42565348e-01  1.16448021e+00  2.29127356e+01 
 1.17796607e+00 -7.27552881e-01  1.17796607e+00  2.26770978e+01 
 1.19160810e+00 -7.12831878e-01  1.19160810e+00  2.24433590e+01 
 1.20540813e+00 -6.98397641e-01  1.20540813e+00  2.22115193e+01 
 1.21936797e+00 -6.84245510e-01  1.21936797e+00  2.19815782e+01 
 1.23348948e+00 -6.70370866e-01  1.23348948e+00  2.17535349e+01 
 1.24777453e+00 -6.56769130e-01  1.24777453e+00  2.15273882e+01 
 1.26222502e+00 -6.43435765e-01  1.26222502e+00  2.13031361e+01 
 1.27684286e+00 -6.30366277e-01  1.27684286e+00  2.10807764e+01 
 1.29162999e+00 -6.17556215e-01  1.29162999e+00  2.08603065e+01 
 1.30658837e+00 -6.05001173e-01  1.30658837e+00  2.06417233e+01 
 1.32171998e+00 -5.92696791e-01  1.32171998e+00  2.04250231e+01 
 1.33702683e+00 -5.80638755e-01  1.33702683e+00  2.02102021e+01 
 1.35251095e+00 -5.68822796e-01  1.35251095e+00  1.99972560e+01 
 1.36817439e+00 -5.57244695e-01  1.36817439e+00  1.97861801e+01 
 1.38401923e+00 -5.45900279e-01  1.38401923e+00  1.95769692e+01 
 1.40004757e+00 -5.34785425e-01  1.40004757e+00  1.93696180e+01 
 1.41626153e+00 -5.23896058e-01  1.41626153e+00  1.91641207e+01 
 1.43266327e+00 -5.13228152e-01  1.43266327e+00  1.89604712e+01 
 1.44925496e+00 -5.02777731e-01  1.44925496e+00  1.87586631e+01 
 1.46603879e+00 -4.92540870e-01  1.46603879e+00  1.85586897e+01 
 1.48301700e+00 -4.82513694e-01  1.48301700e+00  1.83605439e+01 
 1.50019183e+00 -4.72692376e-01  1.50019183e+00  1.81642185e+01 
 1.51756557e+00 -4.63073142e-01  1.51756557e+00  1.79697057e+01 
 1.53514051e+00 -4.53652269e-01  1.53514051e+00  1.77769979e+01 
 1.55291899e+00 -4.44426084e-01  1.55291899e+00  1.75860869e+01 
 1.57090335e+00 -4.35390965e-01  1.57090335e+00  1.73969642e+01 
 1.58909600e+00 -4.26543340e-01  1.58909600e+00  1.72096214e+01 
 1.60749933e+00 -4.17879689e-01  1.60749933e+00  1.70240497e+01 
 1.62611580e+00 -4.09396543e-01  1.62611580e+00  1.68402399e+01 
 1.64494786e+00 -4.01090483e-01  1.64494786e+00  1.66581828e+01 
 1.66399802e+00 -3.92958141e-01  1.66399802e+00  1.64778692e+01 
 1.68326879e+00 -3.84996198e-01  1.68326879e+00  1.62992892e+01 
 1.70276274e+00 -3.77201388e-01  1.70276274e+00  1.61224331e+01 
 1.72248245e+00 -3.69570492e-01  1.72248245e+00  1.59472909e+01 
 1.74243054e+00 -3.62100344e-01  1.74243054e+00  1.57738526e+01 
 1.76260964e+00 -3.54787824e-01  1.76260964e+00  1.56021078e+01 
 1.78302244e+00 -3.47629865e-01  1.78302244e+00  1.54320461e+01 
 1.80367164e+00 -3.40623446e-01  1.80367164e+00  1.52636570e+01 
 1.82455997e+00 -3.33765596e-01  1.82455997e+00  1.50969297e+01 
 1.84569022e+00 -3.27053392e-01  1.84569022e+00  1.49318535e+01 
 1.86706517e+00 -3.20483958e-01  1.86706517e+00  1.47684174e+01 
 1.88868767e+00 -3.14054468e-01  1.88868767e+00  1.46066104e+01 
 1.91056058e+00 -3.07762141e-01  1.91056058e+00  1.44464214e+01 
 1.93268680e+00 -3.01604244e-01  1.93268680e+00  1.42878391e+01 
 1.95506926e+00 -2.95578088e-01  1.95506926e+00  1.41308522e+01 
 1.97771094e+00 -2.89681034e-01  1.97771094e+00  1.39754495e+01 
 2.00061483e+00 -2.83910484e-01  2.00061483e+00  1.38216193e+01 
 2.02378396e+00 -2.78263887e-01  2.02378396e+00  1.36693502e+01 
 2.04722142e+00 -2.72738738e-01  2.04722142e+00  1.35186306e+01 
 2.07093031e+00 -2.67332574e-01  2.07093031e+00  1.33694488e+01 
 2.09491378e+00 -2.62042976e-01  2.09491378e+00  1.32217932e+01 
 2.11917499e+00 -2.56867568e-01  2.11917499e+00  1.30756520e+01 
 2.14371718e+00 -2.51804017e-01  2.14371718e+00  1.29310135e+01 
 2.16854358e+00 -2.46850031e-01  2.16854358e+00  1.27878659e+01 
 2.19365751e+00 -2.42003361e-01  2.19365751e+00  1.26461973e+01 
 2.21906227e+00 -2.37261797e-01  2.21906227e+00  1.25059959e+01 
 2.24476125e+00 -2.32623173e-01  2.24476125e+00  1.23672497e+01 
 2.27075785e+00 -2.28085358e-01  2.27075785e+00  1.22299470e+01 
 2.29705552e+00 -2.23646266e-01  2.29705552e+00  1.20940759e+01 
 2.32365774e+00 -2.19303844e-01  2.32365774e+00  1.19596243e+01 
 2.35056804e+00 -2.15056082e-01  2.35056804e+00  1.18265805e+01 
 2.37778999e+00 -2.10901006e-01  2.37778999e+00  1.16949325e+01 
 2.40532720e+00 -2.06836680e-01  2.40532720e+00  1.15646684e+01 
 2.43318331e+00 -2.02861203e-01  2.43318331e+00  1.14357764e+01 
 2.46136203e+00 -1.98972711e-01  2.46136203e+00  1.13082445e+01 
 2.48986709e+00 -1.95169378e-01  2.48986709e+00  1.11820610e+01 
 2.51870226e+00 -1.91449410e-01  2.51870226e+00  1.10572139e+01 
 2.54787137e+00 -1.87811049e-01  2.54787137e+00  1.09336915e+01 
 2.57737829e+00 -1.84252570e-01  2.57737829e+00  1.08114821e+01 
 2.60722693e+00 -1.80772284e-01  2.60722693e+00  1.06905737e+01 
 2.63742125e+00 -1.77368533e-01  2.63742125e+00  1.05709548e+01 
 2.66796525e+00 -1.74039692e-01  2.66796525e+00  1.04526136e+01 
 2.69886298e+00 -1.70784167e-01  2.69886298e+00  1.03355384e+01 
 2.73011854e+00 -1.67600397e-01  2.73011854e+00  1.02197178e+01 
 2.76173606e+00 -1.64486852e-01  2.76173606e+00  1.01051400e+01 
 2.79371975e+00 -1.61442031e-01  2.79371975e+00  9.99179357e+00 
 2.82607385e+00 -1.58464464e-01  2.82607385e+00  9.87966706e+00 
 2.85880263e+00 -1.55552710e-01  2.85880263e+00  9.76874900e+00 
 2.89191045e+00 -1.52705357e-01  2.89191045e+00  9.65902803e+00 
 2.92540169e+00 -1.49921022e-01  2.92540169e+00  9.55049280e+00 
 2.95928080e+00 -1.47198348e-01  2.95928080e+00  9.44313206e+00 
 2.99355225e+00 -1.44536008e-01  2.99355225e+00  9.33693457e+00 
 3.02822061e+00 -1.41932700e-01  3.02822061e+00  9.23188918e+00 
 3.06329046e+00 -1.39387150e-01  3.06329046e+00  9.12798478e+00 
 3.09876645e+00 -1.36898110e-01  3.09876645e+00  9.02521034e+00 
 3.13465329e+00 -1.34464355e-01  3.13465329e+00  8.92355487e+00 
 3.17095574e+00 -1.32084688e-01  3.17095574e+00  8.82300745e+00 
 3.20767861e+00 -1.29757936e-01  3.20767861e+00  8.72355724e+00 
 3.24482676e+00 -1.27482949e-01  3.24482676e+00  8.62519344e+00 
 3.28240513e+00 -1.25258602e-01  3.28240513e+00  8.52790532e+00 
 3.32041869e+00 -1.23083792e-01  3.32041869e+00  8.43168225e+00 
 3.35887249e+00 -1.20957441e-01  3.35887249e+00  8.33651362e+00 
 3.39777162e+00 -1.18878492e-01  3.39777162e+00  8.24238893e+00 
 3.43712125e+00 -1.16845910e-01  3.43712125e+00  8.14929772e+00 
 3.47692658e+00 -1.14858681e-01  3.47692658e+00  8.05722962e+00 
 3.51719290e+00 -1.12915814e-01  3.51719290e+00  7.96617433e+00 
 3.55792554e+00 -1.11016338e-01  3.55792554e+00  7.87612160e+00 
 3.59912991e+00 -1.09159303e-01  3.59912991e+00  7.78706129e+00 
 3.64081146e+00 -1.07343776e-01  3.64081146e+00  7.69898330e+00 
 3.68297573e+00 -1.05568848e-01  3.68297573e+00  7.61187763e+00 
 3.72562831e+00 -1.03833626e-01  3.72562831e+00  7.52573433e+00 
 3.76877484e+00 -1.02137237e-01  3.76877484e+00  7.44054354e+00 
 3.81242106e+00 -1.00478828e-01  3.81242106e+00  7.35629547e+00 
 3.85657274e+00 -9.88575617e-02  3.85657274e+00  7.27298041e+00 
 3.90123574e+00 -9.72726197e-02  3.90123574e+00  7.19058873e+00 
 3.94641599e+00 -9.57232010e-02  3.94641599e+00  7.10911086e+00 
 3.99211947e+00 -9.42085217e-02  3.99211947e+00  7.02853732e+00 
 4.03835224e+00 -9.27278147e-02  4.03835224e+00  6.94885869e+00 
 4.08512043e+00 -9.12803291e-02  4.08512043e+00  6.87006566e+00 
 4.13243025e+00 -8.98653303e-02  4.13243025e+00  6.79214896e+00 
 4.18028796e+00 -8.84820994e-02  4.18028796e+00  6.71509942e+00 
 4.22869991e+00 -8.71299330e-02  4.22869991e+00  6.63890793e+00 
 4.27767252e+00 -8.58081428e-02  4.27767252e+00  6.56356548e+00 
 4.32721228e+00 -8.45160552e-02  4.32721228e+00  6.48906311e+00 
 4.37732577e+00 -8.32530115e-02  4.37732577e+00  6.41539195e+00 
 4.42801962e+00 -8.20183668e-02  4.42801962e+00  6.34254322e+00 
 4.47930055e+00 -8.08114905e-02  4.47930055e+00  6.27050819e+00 
 4.53117537e+00 -7.96317655e-02  4.53117537e+00  6.19927823e+00 
 4.58365095e+00 -7.84785880e-02  4.58365095e+00  6.12884477e+00 
 4.63673425e+00 -7.73513675e-02  4.63673425e+00  6.05919932e+00 
 4.69043232e+00 -7.62495262e-02  4.69043232e+00  5.99033348e+00 
 4.74475225e+00 -7.51724989e-02  4.74475225e+00  5.92223891e+00 
 4.79970127e+00 -7.41197327e-02  4.79970127e+00  5.85490735e+00 
 4.85528665e+00 -7.30906869e-02  4.85528665e+00  5.78833062e+00 
 4.91151577e+00 -7.20848323e-02  4.91151577e+00  5.72250061e+00 
 4.96839608e+00 -7.11016515e-02  4.96839608e+00  5.65740929e+00 
 5.02593512e+00 -7.01406384e-02  5.02593512e+00  5.59304869e+00 
 5.08414052e+00 -6.92012979e-02  5.08414052e+00  5.52941094e+00 
 5.14302000e+00 -6.82831457e-02  5.14302000e+00  5.46648823e+00 
 5.20258136e+00 -6.73857083e-02  5.20258136e+00  5.40427282e+00 
 5.26283250e+00 -6.65085224e-02  5.26283250e+00  5.34275705e+00 
 5.32378141e+00 -6.56511349e-02  5.32378141e+00  5.28193333e+00 
 5.38543617e+00 -6.48131029e-02  5.38543617e+00  5.22179414e+00 
 5.44780495e+00 -6.39939928e-02  5.44780495e+00  5.16233204e+00 
 5.51089603e+00 -6.31933810e-02  5.51089603e+00  5.10353967e+00 
 5.57471776e+00 -6.24108530e-02  5.57471776e+00  5.04540971e+00 
 5.63927862e+00 -6.16460034e-02  5.63927862e+00  4.98793495e+00 
 5.70458716e+00 -6.08984359e-02  5.70458716e+00  4.93110821e+00 
 5.77065203e+00 -6.01677628e-02  5.77065203e+00  4.87492243e+00 
 5.83748200e+00 -5.94536051e-02  5.83748200e+00  4.81937057e+00 
 5.90508593e+00 -5.87555921e-02  5.90508593e+00  4.76444570e+00 
 5.97347279e+00 -5.80733614e-02  5.97347279e+00  4.71014093e+00 
 6.04265163e+00 -5.74065584e-02  6.04265163e+00  4.65644946e+00 
 6.11263163e+00 -5.67548365e-02  6.11263163e+00  4.60336453e+00 
 6.18342207e+00 -5.61178570e-02  6.18342207e+00  4.55087949e+00 
 6.25503234e+00 -5.54952883e-02  6.25503234e+00  4.49898772e+00 
 6.32747192e+00 -5.48868064e-02  6.32747192e+00  4.44768268e+00 
 6.40075043e+00 -5.42920945e-02  6.40075043e+00  4.39695790e+00 
 6.47487758e+00 -5.37108427e-02  6.47487758e+00  4.34680697e+00 
 6.54986319e+00 -5.31427482e-02  6.54986319e+00  4.29722355e+00 
 6.62571722e+00 -5.25875149e-02  6.62571722e+00  4.24820137e+00 
 6.70244971e+00 -5.20448530e-02  6.70244971e+00  4.19973421e+00 
 6.78007084e+00 -5.15144795e-02  6.78007084e+00  4.15181592e+00 
 6.85859090e+00 -5.09961175e-02  6.85859090e+00  4.10444041e+00 
 6.93802030e+00 -5.04894964e-02  6.93802030e+00  4.05760168e+00 
 7.01836957e+00 -4.99943516e-02  7.01836957e+00  4.01129374e+00 
 7.09964937e+00 -4.95104244e-02  7.09964937e+00  3.96551072e+00 
 7.18187048e+00 -4.90374618e-02  7.18187048e+00  3.92024677e+00 
 7.26504378e+00 -4.85752165e-02  7.26504378e+00  3.87549611e+00 
 7.34918032e+00 -4.81234468e-02  7.34918032e+00  3.83125303e+00 
 7.43429124e+00 -4.76819163e-02  7.43429124e+00  3.78751188e+00 
 7.52038784e+00 -4.72503940e-02  7.52038784e+00  3.74426707e+00 
 7.60748151e+00 -4.68286538e-02  7.60748151e+00  3.70151304e+00 
 7.69558382e+00 -4.64164751e-02  7.69558382e+00  3.65924433e+00 
 7.78470645e+00 -4.60136418e-02  7.78470645e+00  3.61745552e+00 
 7.87486120e+00 -4.56199430e-02  7.87486120e+00  3.57614124e+00 
 7.96606004e+00 -4.52351722e-02  7.96606004e+00  3.53529619e+00 
 8.05831505e+00 -4.48591278e-02  8.05831505e+00  3.49491511e+00 
 8.15163847e+00 -4.44916126e-02  8.15163847e+00  3.45499282e+00 
 8.24604267e+00 -4.41324338e-02  8.24604267e+00  3.41552418e+00 
 8.34154016e+00 -4.37814029e-02  8.34154016e+00  3.37650410e+00 
 8.43814361e+00 -4.34383358e-02  8.43814361e+00  3.33792756e+00 
 8.53586583e+00 -4.31030523e-02  8.53586583e+00  3.29978957e+00 
 8.63471977e+00 -4.27753765e-02  8.63471977e+00  3.26208522e+00 
 8.73471853e+00 -4.24551362e-02  8.73471853e+00  3.22480965e+00 
 8.83587539e+00 -4.21421633e-02  8.83587539e+00  3.18795802e+00 
 8.93820374e+00 -4.18362933e-02  8.93820374e+00  3.15152559e+00 
 9.04171716e+00 -4.15373655e-02  9.04171716e+00  3.11550764e+00 
 9.14642936e+00 -4.12452228e-02  9.14642936e+00  3.07989950e+00 
 9.25235424e+00 -4.09597116e-02  9.25235424e+00  3.04469656e+00 
 9.35950584e+00 -4.06806817e-02  9.35950584e+00  3.00989427e+00 
 9.46789836e+00 -4.04079865e-02  9.46789836e+00  2.97548811e+00 
 9.57754617e+00 -4.01414824e-02  9.57754617e+00  2.94147362e+00 
 9.68846382e+00 -3.98810293e-02  9.68846382e+00  2.90784639e+00 
 9.80066601e+00 -3.96264901e-02  9.80066601e+00  2.87460204e+00 
 9.91416761e+00 -3.93777309e-02  9.91416761e+00  2.84173627e+00 
 1.00289837e+01 -3.91346207e-02  1.00289837e+01  2.80924480e+00 
 1.01451294e+01 -3.88970315e-02  1.01451294e+01  2.77712340e+00 
 1.02626203e+01 -3.86648382e-02  1.02626203e+01  2.74536790e+00 
 1.03814717e+01 -3.84379185e-02  1.03814717e+01  2.71397417e+00 
 1.05016997e+01 -3.82161529e-02  1.05016997e+01  2.68293811e+00 
 1.06233199e+01 -3.79994246e-02  1.06233199e+01  2.65225570e+00 
 1.07463487e+01 -3.77876194e-02  1.07463487e+01  2.62192292e+00 
 1.08708023e+01 -3.75806256e-02  1.08708023e+01  2.59193583e+00 
 1.09966971e+01 -3.73783342e-02  1.09966971e+01  2.56229051e+00 
 1.11240500e+01 -3.71806386e-02  1.11240500e+01  2.53298310e+00 
 1.12528777e+01 -3.69874344e-02  1.12528777e+01  2.50400978e+00 
 1.13831974e+01 -3.67986199e-02  1.13831974e+01  2.47536675e+00 
 1.15150263e+01 -3.66140955e-02  1.15150263e+01  2.44705029e+00 
 1.16483819e+01 -3.64337638e-02  1.16483819e+01  2.41905669e+00 
 1.17832819e+01 -3.62575298e-02  1.17832819e+01  2.39138229e+00 
 1.19197442e+01 -3.60853005e-02  1.19197442e+01  2.36402348e+00 
 1.20577869e+01 -3.59169849e-02  1.20577869e+01  2.33697668e+00 
 1.21974282e+01 -3.57524944e-02  1.21974282e+01  2.31023835e+00 
 1.23386867e+01 -3.55917421e-02  1.23386867e+01  2.28380499e+00 
 1.24815812e+01 -3.54346431e-02  1.24815812e+01  2.25767314e+00 
 1.26261305e+01 -3.52811145e-02  1.26261305e+01  2.23183939e+00 
 1.27723538e+01 -3.51310754e-02  1.27723538e+01  2.20630034e+00 
 1.29202705e+01 -3.49844464e-02  1.29202705e+01  2.18105266e+00 
 1.30699003e+01 -3.48411502e-02  1.30699003e+01  2.15609303e+00 
 1.32212629e+01 -3.47011111e-02  1.32212629e+01  2.13141818e+00 
 1.33743785e+01 -3.45642552e-02  1.33743785e+01  2.10702489e+00 
 1.35292673e+01 -3.44305101e-02  1.35292673e+01  2.08290994e+00 
 1.36859499e+01 -3.42998053e-02  1.36859499e+01  2.05907017e+00 
 1.38444470e+01 -3.41720716e-02  1.38444470e+01  2.03550247e+00 
 1.40047796e+01 -3.40472417e-02  1.40047796e+01  2.01220373e+00 
 1.41669691e+01 -3.39252496e-02  1.41669691e+01  1.98917090e+00 
 1.43310369e+01 -3.38060308e-02  1.43310369e+01  1.96640095e+00 
 1.44970048e+01 -3.36895223e-02  1.44970048e+01  1.94389089e+00 
 1.46648947e+01 -3.35756625e-02  1.46648947e+01  1.92163777e+00 
 1.48347290e+01 -3.34643914e-02  1.48347290e+01  1.89963866e+00 
 1.50065301e+01 -3.33556500e-02  1.50065301e+01  1.87789068e+00 
 1.51803209e+01 -3.32493810e-02  1.51803209e+01  1.85639095e+00 
 1.53561243e+01 -3.31455280e-02  1.53561243e+01  1.83513667e+00 
 1.55339637e+01 -3.30440364e-02  1.55339637e+01  1.81412502e+00 
 1.57138627e+01 -3.29448523e-02  1.57138627e+01  1.79335326e+00 
 1.58958451e+01 -3.28479234e-02  1.58958451e+01  1.77281864e+00 
 1.60799350e+01 -3.27531983e-02  1.60799350e+01  1.75251846e+00 
 1.62661569e+01 -3.26606271e-02  1.62661569e+01  1.73245006e+00 
 1.64545354e+01 -3.25701608e-02  1.64545354e+01  1.71261079e+00 
 1.66450955e+01 -3.24817515e-02  1.66450955e+01  1.69299805e+00 
 1.68378625e+01 -3.23953526e-02  1.68378625e+01  1.67360924e+00 
 1.70328619e+01 -3.23109182e-02  1.70328619e+01  1.65444182e+00 
 1.72301197e+01 -3.22284037e-02  1.72301197e+01  1.63549326e+00 
 1.74296618e+01 -3.21477656e-02  1.74296618e+01  1.61676106e+00 
 1.76315149e+01 -3.20689611e-02  1.76315149e+01  1.59824277e+00 
 1.78357056e+01 -3.19919486e-02  1.78357056e+01  1.57993593e+00 
 1.80422611e+01 -3.19166873e-02  1.80422611e+01  1.56183814e+00 
 1.82512087e+01 -3.18431375e-02  1.82512087e+01  1.54394702e+00 
 1.84625761e+01 -3.17712602e-02  1.84625761e+01  1.52626019e+00 
 1.86763914e+01 -3.17010173e-02  1.86763914e+01  1.50877534e+00 
 1.88926828e+01 -3.16323719e-02  1.88926828e+01  1.49149015e+00 
 1.91114791e+01 -3.15652874e-02  1.91114791e+01  1.47440235e+00 
 1.93328093e+01 -3.14997284e-02  1.93328093e+01  1.45750969e+00 
 1.95567028e+01 -3.14356603e-02  1.95567028e+01  1.44080993e+00 
 1.97831891e+01 -3.13730492e-02  1.97831891e+01  1.42430087e+00 
 2.00122984e+01 -3.13118619e-02  2.00122984e+01  1.40798034e+00 
 2.02440610e+01 -3.12520660e-02  2.02440610e+01  1.39184618e+00 
 2.04785077e+01 -3.11936299e-02  2.04785077e+01  1.37589626e+00 
 2.07156695e+01 -3.11365227e-02  2.07156695e+01  1.36012848e+00 
 2.09555778e+01 -3.10807142e-02  2.09555778e+01  1.34454076e+00 
 2.11982645e+01 -3.10261748e-02  2.11982645e+01  1.32913103e+00 
 2.14437618e+01 -3.09728757e-02  2.14437618e+01  1.31389727e+00 
 2.16921022e+01 -3.09207886e-02  2.16921022e+01  1.29883747e+00 
 2.19433187e+01 -3.08698861e-02  2.19433187e+01  1.28394963e+00 
 2.21974444e+01 -3.08201411e-02  2.21974444e+01  1.26923179e+00 
 2.24545132e+01 -3.07715274e-02  2.24545132e+01  1.25468200e+00 
 2.27145591e+01 -3.07240192e-02  2.27145591e+01  1.24029835e+00 
 2.29776167e+01 -3.06775914e-02  2.29776167e+01  1.22607894e+00 
 2.32437206e+01 -3.06322194e-02  2.32437206e+01  1.21202188e+00 
 2.35129064e+01 -3.05878792e-02  2.35129064e+01  1.19812532e+00 
 2.37852095e+01 -3.05445473e-02  2.37852095e+01  1.18438742e+00 
 2.40606663e+01 -3.05022008e-02  2.40606663e+01  1.17080637e+00 
 2.43393131e+01 -3.04608173e-02  2.43393131e+01  1.15738038e+00 
 2.46211869e+01 -3.04203749e-02  2.46211869e+01  1.14410766e+00 
 2.49063250e+01 -3.03808522e-02  2.49063250e+01  1.13098647e+00 
 2.51947654e+01 -3.03422283e-02  2.51947654e+01  1.11801507e+00 
 2.54865462e+01 -3.03044827e-02  2.54865462e+01  1.10519174e+00 
 2.57817061e+01 -3.02675954e-02  2.57817061e+01  1.09251480e+00 
 2.60802843e+01 -3.02315470e-02  2.60802843e+01  1.07998256e+00 
 2.63823203e+01 -3.01963184e-02  2.63823203e+01  1.06759338e+00 
 2.66878542e+01 -3.01618908e-02  2.66878542e+01  1.05534560e+00 
 2.69969265e+01 -3.01282462e-02  2.69969265e+01  1.04323761e+00 
 2.73095781e+01 -3.00953666e-02  2.73095781e+01  1.03126781e+00 
 2.76258506e+01 -3.00632347e-02  2.76258506e+01  1.01943463e+00 
 2.79457858e+01 -3.00318335e-02  2.79457858e+01  1.00773648e+00 
 2.82694262e+01 -3.00011464e-02  2.82694262e+01  9.96171830e-01 
 2.85968147e+01 -2.99711571e-02  2.85968147e+01  9.84739145e-01 
 2.89279946e+01 -2.99418498e-02  2.89279946e+01  9.73436914e-01 
 2.92630100e+01 -2.99132089e-02  2.92630100e+01  9.62263642e-01 
 2.96019052e+01 -2.98852193e-02  2.96019052e+01  9.51217851e-01 
 2.99447251e+01 -2.98578661e-02  2.99447251e+01  9.40298079e-01 
 3.02915152e+01 -2.98311350e-02  3.02915152e+01  9.29502883e-01 
 3.06423215e+01 -2.98050118e-02  3.06423215e+01  9.18830833e-01 
 3.09971905e+01 -2.97794825e-02  3.09971905e+01  9.08280518e-01 
 3.13561693e+01 -2.97545338e-02  3.13561693e+01  8.97850541e-01 
 3.17193054e+01 -2.97301525e-02  3.17193054e+01  8.87539524e-01 
 3.20866469e+01 -2.97063255e-02  3.20866469e+01  8.77346101e-01 
 3.24582427e+01 -2.96830404e-02  3.24582427e+01  8.67268923e-01 
 3.28341419e+01 -2.96602847e-02  3.28341419e+01  8.57306657e-01 
 3.32143943e+01 -2.96380465e-02  3.32143943e+01  8.47457985e-01 
 3.35990505e+01 -2.96163140e-02  3.35990505e+01  8.37721602e-01 
 3.39881614e+01 -2.95950757e-02  3.39881614e+01  8.28096221e-01 
 3.43817786e+01 -2.95743203e-02  3.43817786e+01  8.18580567e-01 
 3.47799543e+01 -2.95540369e-02  3.47799543e+01  8.09173381e-01 
 3.51827413e+01 -2.95342148e-02  3.51827413e+01  7.99873418e-01 
 3.55901929e+01 -2.95148433e-02  3.55901929e+01  7.90679447e-01 
 3.60023633e+01 -2.94959124e-02  3.60023633e+01  7.81590250e-01 
 3.64193070e+01 -2.94774119e-02  3.64193070e+01  7.72604624e-01 
 3.68410793e+01 -2.94593322e-02  3.68410793e+01  7.63721380e-01 
 3.72677361e+01 -2.94416635e-02  3.72677361e+01  7.54939342e-01 
 3.76993341e+01 -2.94243967e-02  3.76993341e+01  7.46257347e-01 
 3.81359304e+01 -2.94075225e-02  3.81359304e+01  7.37674246e-01 
 3.85775830e+01 -2.93910320e-02  3.85775830e+01  7.29188901e-01 
 3.90243503e+01 -2.93749164e-02  3.90243503e+01  7.20800190e-01 
 3.94762917e+01 -2.93591674e-02  3.94762917e+01  7.12507002e-01 
 3.99334670e+01 -2.93437765e-02  3.99334670e+01  7.04308239e-01 
 4.03959368e+01 -2.93287355e-02  4.03959368e+01  6.96202815e-01 
 4.08637625e+01 -2.93140366e-02  4.08637625e+01  6.88189657e-01 
 4.13370061e+01 -2.92996719e-02  4.13370061e+01  6.80267703e-01 
 4.18157303e+01 -2.92856339e-02  4.18157303e+01  6.72435905e-01 
 4.22999987e+01 -2.92719151e-02  4.22999987e+01  6.64693225e-01 
 4.27898753e+01 -2.92585083e-02  4.27898753e+01  6.57038638e-01 
 4.32854253e+01 -2.92454063e-02  4.32854253e+01  6.49471131e-01 
 4.37867142e+01 -2.92326023e-02  4.37867142e+01  6.41989700e-01 
 4.42938085e+01 -2.92200895e-02  4.42938085e+01  6.34593356e-01 
 4.48067755e+01 -2.92078611e-02  4.48067755e+01  6.27281118e-01 
 4.53256831e+01 -2.91959109e-02  4.53256831e+01  6.20052018e-01 
 4.58506003e+01 -2.91842324e-02  4.58506003e+01  6.12905099e-01 
 4.63815965e+01 -2.91728195e-02  4.63815965e+01  6.05839413e-01 
 4.69187422e+01 -2.91616661e-02  4.69187422e+01  5.98854025e-01 
 4.74621085e+01 -2.91507664e-02  4.74621085e+01  5.91948010e-01 
 4.80117676e+01 -2.91401145e-02  4.80117676e+01  5.85120453e-01 
 4.85677923e+01 -2.91297049e-02  4.85677923e+01  5.78370450e-01 
 4.91302564e+01 -2.91195320e-02  4.91302564e+01  5.71697105e-01 
 4.96992343e+01 -2.91095904e-02  4.96992343e+01  5.65099536e-01 
 5.02748016e+01 -2.90998749e-02  5.02748016e+01  5.58576868e-01 
 5.08570345e+01 -2.90903803e-02  5.08570345e+01  5.52128237e-01 
 5.14460103e+01 -2.90811016e-02  5.14460103e+01  5.45752790e-01 
 5.20418070e+01 -2.90720340e-02  5.20418070e+01  5.39449680e-01 
 5.26445036e+01 -2.90631726e-02  5.26445036e+01  5.33218074e-01 
 5.32541801e+01 -2.90545126e-02  5.32541801e+01  5.27057145e-01 
 5.38709172e+01 -2.90460497e-02  5.38709172e+01  5.20966078e-01 
 5.44947968e+01 -2.90377791e-02  5.44947968e+01  5.14944065e-01 
 5.51259015e+01 -2.90296967e-02  5.51259015e+01  5.08990308e-01 
 5.57643151e+01 -2.90217980e-02  5.57643151e+01  5.03104020e-01 
 5.64101221e+01 -2.90140790e-02  5.64101221e+01  4.97284419e-01 
 5.70634082e+01 -2.90065355e-02  5.70634082e+01  4.91530735e-01 
 5.77242601e+01 -2.89991636e-02  5.77242601e+01  4.85842205e-01 
 5.83927652e+01 -2.89919593e-02  5.83927652e+01  4.80218076e-01 
 5.90690124e+01 -2.89849189e-02  5.90690124e+01  4.74657602e-01 
 5.97530911e+01 -2.89780385e-02  5.97530911e+01  4.69160047e-01 
 6.04450922e+01 -2.89713146e-02  6.04450922e+01  4.63724682e-01 
 6.11451073e+01 -2.89647437e-02  6.11451073e+01  4.58350788e-01 
 6.18532294e+01 -2.89583221e-02  6.18532294e+01  4.53037651e-01 
 6.25695522e+01 -2.89520466e-02  6.25695522e+01  4.47784568e-01 
 6.32941707e+01 -2.89459138e-02  6.32941707e+01  4.42590842e-01 
 6.40271811e+01 -2.89399205e-02  6.40271811e+01  4.37455787e-01 
 6.47686804e+01 -2.89340634e-02  6.47686804e+01  4.32378720e-01 
 6.55187671e+01 -2.89283396e-02  6.55187671e+01  4.27358970e-01 
 6.62775405e+01 -2.89227459e-02  6.62775405e+01  4.22395871e-01 
 6.70451013e+01 -2.89172794e-02  6.70451013e+01  4.17488765e-01 
 6.78215512e+01 -2.89119372e-02  6.78215512e+01  4.12637002e-01 
 6.86069932e+01 -2.89067165e-02  6.86069932e+01  4.07839939e-01 
 6.94015314e+01 -2.89016145e-02  6.94015314e+01  4.03096941e-01 
 7.02052711e+01 -2.88966285e-02  7.02052711e+01  3.98407379e-01 
 7.10183190e+01 -2.88917559e-02  7.10183190e+01  3.93770630e-01 
 7.18407828e+01 -2.88869941e-02  7.18407828e+01  3.89186082e-01 
 7.26727715e+01 -2.88823405e-02  7.26727715e+01  3.84653126e-01 
 7.35143955e+01 -2.88777928e-02  7.35143955e+01  3.80171162e-01 
 7.43657664e+01 -2.88733485e-02  7.43657664e+01  3.75739595e-01 
 7.52269970e+01 -2.88690052e-02  7.52269970e+01  3.71357838e-01 
 7.60982015e+01 -2.88647607e-02  7.60982015e+01  3.67025311e-01 
 7.69794955e+01 -2.88606127e-02  7.69794955e+01  3.62741439e-01 
 7.78709957e+01 -2.88565589e-02  7.78709957e+01  3.58505655e-01 
 7.87728204e+01 -2.88525974e-02  7.87728204e+01  3.54317397e-01 
 7.96850891e+01 -2.88487259e-02  7.96850891e+01  3.50176110e-01 
 8.06079229e+01 -2.88449424e-02  8.06079229e+01  3.46081245e-01 
 8.15414439e+01 -2.88412450e-02  8.15414439e+01  3.42032259e-01 
 8.24857761e+01 -2.88376315e-02  8.24857761e+01  3.38028616e-01 
 8.34410446e+01 -2.88341003e-02  8.34410446e+01  3.34069786e-01 
 8.44073761e+01 -2.88306493e-02  8.44073761e+01  3.30155243e-01 
 8.53848987e+01 -2.88272767e-02  8.53848987e+01  3.26284468e-01 
 8.63737419e+01 -2.88239808e-02  8.63737419e+01  3.22456949e-01 
 8.73740370e+01 -2.88207598e-02  8.73740370e+01  3.18672178e-01 
 8.83859165e+01 -2.88176120e-02  8.83859165e+01  3.14929654e-01 
 8.94095146e+01 -2.88145357e-02  8.94095146e+01  3.11228880e-01 
 9.04449670e+01 -2.88115293e-02  9.04449670e+01  3.07569366e-01 
 9.14924110e+01 -2.88085913e-02  9.14924110e+01  3.03950627e-01 
 9.25519854e+01 -2.88057200e-02  9.25519854e+01  3.00372184e-01 
 9.36238307e+01 -2.88029139e-02  9.36238307e+01  2.96833561e-01 
 9.47080892e+01 -2.88001716e-02  9.47080892e+01  2.93334290e-01 
 9.58049044e+01 -2.87974916e-02  9.58049044e+01  2.89873908e-01 
 9.69144218e+01 -2.87948725e-02  9.69144218e+01  2.86451954e-01 
 9.80367886e+01 -2.87923129e-02  9.80367886e+01  2.83067977e-01 
 9.91721535e+01 -2.87898114e-02  9.91721535e+01  2.79721527e-01 
 1.00320667e+02 -2.87873667e-02  1.00320667e+02  2.76412160e-01 
 1.01482482e+02 -2.87849775e-02  1.01482482e+02  2.73139439e-01 
 1.02657751e+02 -2.87826426e-02  1.02657751e+02  2.69902928e-01 
 1.03846632e+02 -2.87803607e-02  1.03846632e+02  2.66702200e-01 
 1.05049280e+02 -2.87781306e-02  1.05049280e+02  2.63536830e-01 
 1.06265857e+02 -2.87759511e-02  1.06265857e+02  2.60406398e-01 
 1.07496523e+02 -2.87738211e-02  1.07496523e+02  2.57310489e-01 
 1.08741441e+02 -2.87717395e-02  1.08741441e+02  2.54248694e-01 
 1.10000777e+02 -2.87697050e-02  1.10000777e+02  2.51220605e-01 
 1.11274697e+02 -2.87677167e-02  1.11274697e+02  2.48225822e-01 
 1.12563370e+02 -2.87657736e-02  1.12563370e+02  2.45263948e-01 
 1.13866967e+02 -2.87638745e-02  1.13866967e+02  2.42334590e-01 
 1.15185661e+02 -2.87620184e-02  1.15185661e+02  2.39437360e-01 
 1.16519628e+02 -2.87602045e-02  1.16519628e+02  2.36571873e-01 
 1.17869043e+02 -2.87584317e-02  1.17869043e+02  2.33737750e-01 
 1.19234085e+02 -2.87566991e-02  1.19234085e+02  2.30934615e-01 
 1.20614936e+02 -2.87550057e-02  1.20614936e+02  2.28162097e-01 
 1.22011779e+02 -2.87533507e-02  1.22011779e+02  2.25419828e-01 
 1.23424798e+02 -2.87517332e-02  1.23424798e+02  2.22707444e-01 
 1.24854182e+02 -2.87501524e-02  1.24854182e+02  2.20024587e-01 
 1.26300119e+02 -2.87486073e-02  1.26300119e+02  2.17370899e-01 
 1.27762802e+02 -2.87470972e-02  1.27762802e+02  2.14746030e-01 
 1.29242424e+02 -2.87456213e-02  1.29242424e+02  2.12149632e-01 
 1.30739182e+02 -2.87441788e-02  1.30739182e+02  2.09581360e-01 
 1.32253273e+02 -2.87427689e-02  1.32253273e+02  2.07040873e-01 
 1.33784900e+02 -2.87413909e-02  1.33784900e+02  2.04527836e-01 
 1.35334264e+02 -2.87400441e-02  1.35334264e+02  2.02041915e-01 
 1.36901571e+02 -2.87387277e-02  1.36901571e+02  1.99582780e-01 
 1.38487029e+02 -2.87374411e-02  1.38487029e+02  1.97150106e-01 
 1.40090849e+02 -2.87361835e-02  1.40090849e+02  1.94743569e-01 
 1.41713242e+02 -2.87349543e-02  1.41713242e+02  1.92362851e-01 
 1.43354425e+02 -2.87337528e-02  1.43354425e+02  1.90007637e-01 
 1.45014614e+02 -2.87325785e-02  1.45014614e+02  1.87677613e-01 
 1.46694029e+02 -2.87314306e-02  1.46694029e+02  1.85372472e-01 
 1.48392894e+02 -2.87303087e-02  1.48392894e+02  1.83091907e-01 
 1.50111433e+02 -2.87292120e-02  1.50111433e+02  1.80835616e-01 
 1.51849875e+02 -2.87281400e-02  1.51849875e+02  1.78603301e-01 
 1.53608450e+02 -2.87270921e-02  1.53608450e+02  1.76394664e-01 
 1.55387391e+02 -2.87260678e-02  1.55387391e+02  1.74209414e-01 
 1.57186933e+02 -2.87250666e-02  1.57186933e+02  1.72047261e-01 
 1.59007317e+02 -2.87240878e-02  1.59007317e+02  1.69907917e-01 
 1.60848782e+02 -2.87231311e-02  1.60848782e+02  1.67791100e-01 
 1.62711573e+02 -2.87221958e-02  1.62711573e+02  1.65696529e-01 
 1.64595937e+02 -2.87212815e-02  1.64595937e+02  1.63623925e-01 
 1.66502124e+02 -2.87203877e-02  1.66502124e+02  1.61573015e-01 
 1.68430387e+02 -2.87195139e-02  1.68430387e+02  1.59543527e-01 
 1.70380981e+02 -2.87186596e-02  1.70380981e+02  1.57535190e-01 
 1.72354164e+02 -2.87178245e-02  1.72354164e+02  1.55547740e-01 
 1.74350199e+02 -2.87170081e-02  1.74350199e+02  1.53580913e-01 
 1.76369351e+02 -2.87162098e-02  1.76369351e+02  1.51634447e-01 
 1.78411886e+02 -2.87154294e-02  1.78411886e+02  1.49708085e-01 
 1.80478075e+02 -2.87146664e-02  1.80478075e+02  1.47801571e-01 
 1.82568193e+02 -2.87139204e-02  1.82568193e+02  1.45914653e-01 
 1.84682517e+02 -2.87131909e-02  1.84682517e+02  1.44047081e-01 
 1.86821327e+02 -2.87124777e-02  1.86821327e+02  1.42198606e-01 
 1.88984907e+02 -2.87117803e-02  1.88984907e+02  1.40368985e-01 
 1.91173543e+02 -2.87110984e-02  1.91173543e+02  1.38557973e-01 
 1.93387525e+02 -2.87104315e-02  1.93387525e+02  1.36765332e-01 
 1.95627148e+02 -2.87097794e-02  1.95627148e+02  1.34990823e-01 
 1.97892707e+02 -2.87091417e-02  1.97892707e+02  1.33234212e-01 
 2.00184505e+02 -2.87085181e-02  2.00184505e+02  1.31495265e-01 
 2.02502843e+02 -2.87079082e-02  2.02502843e+02  1.29773751e-01 
 2.04848030e+02 -2.87073117e-02  2.04848030e+02  1.28069444e-01 
 2.07220377e+02 -2.87067283e-02  2.07220377e+02  1.26382116e-01 
 2.09620198e+02 -2.87061577e-02  2.09620198e+02  1.24711543e-01 
 2.12047812e+02 -2.87055995e-02  2.12047812e+02  1.23057506e-01 
 2.14503539e+02 -2.87050536e-02  2.14503539e+02  1.21419783e-01 
 2.16987707e+02 -2.87045195e-02  2.16987707e+02  1.19798159e-01 
 2.19500643e+02 -2.87039970e-02  2.19500643e+02  1.18192418e-01 
 2.22042682e+02 -2.87034859e-02  2.22042682e+02  1.16602346e-01 
 2.24614160e+02 -2.87029859e-02  2.24614160e+02  1.15027735e-01 
 2.27215419e+02 -2.87024966e-02  2.27215419e+02  1.13468373e-01 
 2.29846803e+02 -2.87020179e-02  2.29846803e+02  1.11924056e-01 
 2.32508661e+02 -2.87015494e-02  2.32508661e+02  1.10394578e-01 
 2.35201345e+02 -2.87010910e-02  2.35201345e+02  1.08879736e-01 
 2.37925214e+02 -2.87006424e-02  2.37925214e+02  1.07379329e-01 
 2.40680628e+02 -2.87002034e-02  2.40680628e+02  1.05893160e-01 
 2.43467953e+02 -2.86997736e-02  2.43467953e+02  1.04421029e-01 
 2.46287557e+02 -2.86993530e-02  2.46287557e+02  1.02962744e-01 
 2.49139816e+02 -2.86989412e-02  2.49139816e+02  1.01518109e-01 
 2.52025106e+02 -2.86985381e-02  2.52025106e+02  1.00086933e-01 
 2.54943811e+02 -2.86981434e-02  2.54943811e+02  9.86690278e-02 
 2.57896318e+02 -2.86977570e-02  2.57896318e+02  9.72642039e-02 
 2.60883017e+02 -2.86973785e-02  2.60883017e+02  9.58722757e-02 
 2.63904306e+02 -2.86970079e-02  2.63904306e+02  9.44930584e-02 
 2.66960584e+02 -2.86966450e-02  2.66960584e+02  9.31263692e-02 
 2.70052257e+02 -2.86962894e-02  2.70052257e+02  9.17720270e-02 
 2.73179734e+02 -2.86959411e-02  2.73179734e+02  9.04298521e-02 
 2.76343431e+02 -2.86955999e-02  2.76343431e+02  8.90996666e-02 
 2.79543767e+02 -2.86952656e-02  2.79543767e+02  8.77812943e-02 
 2.82781166e+02 -2.86949379e-02  2.82781166e+02  8.64745602e-02 
 2.86056057e+02 -2.86946168e-02  2.86056057e+02  8.51792911e-02 
 2.89368875e+02 -2.86943021e-02  2.89368875e+02  8.38953153e-02 
 2.92720058e+02 -2.86939935e-02  2.92720058e+02  8.26224626e-02 
 2.96110052e+02 -2.86936910e-02  2.96110052e+02  8.13605642e-02 
 2.99539305e+02 -2.86933943e-02  2.99539305e+02  8.01094528e-02 
 3.03008272e+02 -2.86931034e-02  3.03008272e+02  7.88689626e-02 
 3.06517414e+02 -2.86928180e-02  3.06517414e+02  7.76389290e-02 
 3.10067195e+02 -2.86925380e-02  3.10067195e+02  7.64191890e-02 
 3.13658086e+02 -2.86922633e-02  3.13658086e+02  7.52095809e-02 
 3.17290563e+02 -2.86919937e-02  3.17290563e+02  7.40099443e-02 
 3.20965108e+02 -2.86917290e-02  3.20965108e+02  7.28201201e-02 
 3.24682207e+02 -2.86914692e-02  3.24682207e+02  7.16399507e-02 
 3.28442355e+02 -2.86912141e-02  3.28442355e+02  7.04692794e-02 
 3.32246049e+02 -2.86909635e-02  3.32246049e+02  6.93079512e-02 
 3.36093793e+02 -2.86907173e-02  3.36093793e+02  6.81558121e-02 
 3.39986099e+02 -2.86904755e-02  3.39986099e+02  6.70127093e-02 
 3.43923481e+02 -2.86902378e-02  3.43923481e+02  6.58784912e-02 
 3.47906461e+02 -2.86900041e-02  3.47906461e+02  6.47530074e-02 
 3.51935569e+02 -2.86897744e-02  3.51935569e+02  6.36361089e-02 
 3.56011338e+02 -2.86895484e-02  3.56011338e+02  6.25276473e-02 
 3.60134309e+02 -2.86893262e-02  3.60134309e+02  6.14274759e-02 
 3.64305027e+02 -2.86891074e-02  3.64305027e+02  6.03354488e-02 
 3.68524047e+02 -2.86888922e-02  3.68524047e+02  5.92514211e-02 
 3.72791927e+02 -2.86886802e-02  3.72791927e+02  5.81752491e-02 
 3.77109234e+02 -2.86884715e-02  3.77109234e+02  5.71067901e-02 
 3.81476539e+02 -2.86882658e-02  3.81476539e+02  5.60459026e-02 
 3.85894423e+02 -2.86880631e-02  3.85894423e+02  5.49924458e-02 
 3.90363469e+02 -2.86878634e-02  3.90363469e+02  5.39462801e-02 
 3.94884272e+02 -2.86876664e-02  3.94884272e+02  5.29072667e-02 
 3.99457430e+02 -2.86874721e-02  3.99457430e+02  5.18752680e-02 
 4.04083550e+02 -2.86872803e-02  4.04083550e+02  5.08501470e-02 
 4.08763246e+02 -2.86870910e-02  4.08763246e+02  4.98317679e-02 
 4.13497136e+02 -2.86869041e-02  4.13497136e+02  4.88199956e-02 
 4.18285850e+02 -2.86867195e-02  4.18285850e+02  4.78146960e-02 
 4.23130023e+02 -2.86865370e-02  4.23130023e+02  4.68157359e-02 
 4.28030295e+02 -2.86863566e-02  4.28030295e+02  4.58229827e-02 
 4.32987318e+02 -2.86861782e-02  4.32987318e+02  4.48363049e-02 
 4.38001748e+02 -2.86860017e-02  4.38001748e+02  4.38555716e-02 
 4.43074250e+02 -2.86858270e-02  4.43074250e+02  4.28806528e-02 
 4.48205497e+02 -2.86856539e-02  4.48205497e+02  4.19114192e-02 
 4.53396168e+02 -2.86854825e-02  4.53396168e+02  4.09477424e-02 
 4.58646954e+02 -2.86853126e-02  4.58646954e+02  3.99894946e-02 
 4.63958548e+02 -2.86851441e-02  4.63958548e+02  3.90365486e-02 
 4.69331656e+02 -2.86849769e-02  4.69331656e+02  3.80887783e-02 
 4.74766990e+02 -2.86848110e-02  4.74766990e+02  3.71460578e-02 
 4.80265271e+02 -2.86846463e-02  4.80265271e+02  3.62082623e-02 
 4.85827227e+02 -2.86844826e-02  4.85827227e+02  3.52752674e-02 
 4.91453597e+02 -2.86843199e-02  4.91453597e+02  3.43469494e-02 
 4.97145125e+02 -2.86841582e-02  4.97145125e+02  3.34231852e-02 
 5.02902567e+02 -2.86839972e-02  5.02902567e+02  3.25038523e-02 
 5.08726686e+02 -2.86838369e-02  5.08726686e+02  3.15888288e-02 
 5.14618255e+02 -2.86836773e-02  5.14618255e+02  3.06779935e-02 
 5.20578053e+02 -2.86835183e-02  5.20578053e+02  2.97712255e-02 
 5.26606872e+02 -2.86833597e-02  5.26606872e+02  2.88684047e-02 
 5.32705511e+02 -2.86832015e-02  5.32705511e+02  2.79694113e-02 
 5.38874778e+02 -2.86830437e-02  5.38874778e+02  2.70741261e-02 
 5.45115492e+02 -2.86828860e-02  5.45115492e+02  2.61824305e-02 
 5.51428479e+02 -2.86827285e-02  5.51428479e+02  2.52942062e-02 
 5.57814577e+02 -2.86825711e-02  5.57814577e+02  2.44093355e-02 
 5.64274633e+02 -2.86824136e-02  5.64274633e+02  2.35277010e-02 
 5.70809503e+02 -2.86822560e-02  5.70809503e+02  2.26491858e-02 
 5.77420053e+02 -2.86820982e-02  5.77420053e+02  2.17736735e-02 
 5.84107159e+02 -2.86819401e-02  5.84107159e+02  2.09010480e-02 
 5.90871709e+02 -2.86817817e-02  5.90871709e+02  2.00311935e-02 
 5.97714600e+02 -2.86816228e-02  5.97714600e+02  1.91639948e-02 
 6.04636738e+02 -2.86814634e-02  6.04636738e+02  1.82993369e-02 
 6.11639042e+02 -2.86813034e-02  6.11639042e+02  1.74371051e-02 
 6.18722439e+02 -2.86811427e-02  6.18722439e+02  1.65771851e-02 
 6.25887869e+02 -2.86809812e-02  6.25887869e+02  1.57194629e-02 
 6.33136282e+02 -2.86808188e-02  6.33136282e+02  1.48638247e-02 
 6.40468639e+02 -2.86806554e-02  6.40468639e+02  1.40101572e-02 
 6.47885912e+02 -2.86804911e-02  6.47885912e+02  1.31583472e-02 
 6.55389084e+02 -2.86803255e-02  6.55389084e+02  1.23082816e-02 
 6.62979151e+02 -2.86801588e-02  6.62979151e+02  1.14598479e-02 
 6.70657118e+02 -2.86799908e-02  6.70657118e+02  1.06129334e-02 
 6.78424004e+02 -2.86798213e-02  6.78424004e+02  9.76742601e-03 
 6.86280839e+02 -2.86796504e-02  6.86280839e+02  8.92321349e-03 
 6.94228663e+02 -2.86794779e-02  6.94228663e+02  8.08018395e-03 
 7.02268532e+02 -2.86793038e-02  7.02268532e+02  7.23822561e-03 
 7.10401510e+02 -2.86791278e-02  7.10401510e+02  6.39722685e-03 
 7.18628676e+02 -2.86789500e-02  7.18628676e+02  5.55707615e-03 
 7.26951121e+02 -2.86787703e-02  7.26951121e+02  4.71766212e-03 
 7.35369948e+02 -2.86785885e-02  7.35369948e+02  3.87887346e-03 
 7.43886274e+02 -2.86784046e-02  7.43886274e+02  3.04059897e-03 
 7.52501228e+02 -2.86782185e-02  7.52501228e+02  2.20272749e-03 
 7.61215951e+02 -2.86780300e-02  7.61215951e+02  1.36514793e-03 
 7.70031600e+02 -2.86778391e-02  7.70031600e+02  5.27749245e-04 
 7.78949343e+02 -2.86776456e-02  7.78949343e+02 -3.09579604e-04 
 7.87970362e+02 -2.86774495e-02  7.87970362e+02 -1.14694964e-03 
 7.97095854e+02 -2.86772507e-02  7.97095854e+02 -1.98447187e-03 
 8.06327028e+02 -2.86770490e-02  8.06327028e+02 -2.82225737e-03 
 8.15665108e+02 -2.86768443e-02  8.15665108e+02 -3.66041720e-03 
 8.25111333e+02 -2.86766366e-02  8.25111333e+02 -4.49906250e-03 
 8.34666955e+02 -2.86764257e-02  8.34666955e+02 -5.33830447e-03 
 8.44333240e+02 -2.86762115e-02  8.44333240e+02 -6.17825437e-03 
 8.54111471e+02 -2.86759939e-02  8.54111471e+02 -7.01902359e-03 
 8.64002944e+02 -2.86757728e-02  8.64002944e+02 -7.86072359e-03 
 8.74008970e+02 -2.86755481e-02  8.74008970e+02 -8.70346599e-03 
 8.84130875e+02 -2.86753196e-02  8.84130875e+02 -9.54736252e-03 
 8.94370003e+02 -2.86750873e-02  8.94370003e+02 -1.03925251e-02 
 9.04727710e+02 -2.86748509e-02  9.04727710e+02 -1.12390657e-02 
 9.15205369e+02 -2.86746104e-02  9.15205369e+02 -1.20870967e-02 
 9.25804371e+02 -2.86743657e-02  9.25804371e+02 -1.29367304e-02 
 9.36526119e+02 -2.86741166e-02  9.36526119e+02 -1.37880796e-02 
 9.47372037e+02 -2.86738630e-02  9.47372037e+02 -1.46412571e-02 
 9.58343561e+02 -2.86736047e-02  9.58343561e+02 -1.54963760e-02 
 9.69442146e+02 -2.86733417e-02  9.69442146e+02 -1.63535498e-02 
 9.80669264e+02 -2.86730737e-02  9.80669264e+02 -1.72128920e-02 
 9.92026404e+02 -2.86728007e-02  9.92026404e+02 -1.80745166e-02 
 1.00351507e+03 -2.86725224e-02  1.00351507e+03 -1.89385379e-02 
 1.01513679e+03 -2.86722388e-02  1.01513679e+03 -1.98050705e-02 
 1.02689310e+03 -2.86719497e-02  1.02689310e+03 -2.06742292e-02 
 1.03878555e+03 -2.86716550e-02  1.03878555e+03 -2.15461292e-02 
 1.05081574e+03 -2.86713544e-02  1.05081574e+03 -2.24208863e-02 
 1.06298524e+03 -2.86710478e-02  1.06298524e+03 -2.32986163e-02 
 1.07529569e+03 -2.86707351e-02  1.07529569e+03 -2.41794357e-02 
 1.08774869e+03 -2.86704161e-02  1.08774869e+03 -2.50634613e-02 
 1.10034592e+03 -2.86700906e-02  1.10034592e+03 -2.59508102e-02 
 1.11308904e+03 -2.86697585e-02  1.11308904e+03 -2.68416002e-02 
 1.12597973e+03 -2.86694195e-02  1.12597973e+03 -2.77359493e-02 
 1.13901971e+03 -2.86690736e-02  1.13901971e+03 -2.86339762e-02 
 1.15221071e+03 -2.86687204e-02  1.15221071e+03 -2.95357999e-02 
 1.16555447e+03 -2.86683599e-02  1.16555447e+03 -3.04415400e-02 
 1.17905277e+03 -2.86679919e-02  1.17905277e+03 -3.13513166e-02 
 1.19270739e+03 -2.86676160e-02  1.19270739e+03 -3.22652503e-02 
 1.20652015e+03 -2.86672322e-02  1.20652015e+03 -3.31834624e-02 
 1.22049287e+03 -2.86668403e-02  1.22049287e+03 -3.41060746e-02 
 1.23462740e+03 -2.86664399e-02  1.23462740e+03 -3.50332092e-02 
 1.24892564e+03 -2.86660310e-02  1.24892564e+03 -3.59649892e-02 
 1.26338945e+03 -2.86656133e-02  1.26338945e+03 -3.69015381e-02 
 1.27802078e+03 -2.86651866e-02  1.27802078e+03 -3.78429802e-02 
 1.29282155e+03 -2.86647506e-02  1.29282155e+03 -3.87894402e-02 
 1.30779373e+03 -2.86643051e-02  1.30779373e+03 -3.97410436e-02 
 1.32293930e+03 -2.86638500e-02  1.32293930e+03 -4.06979168e-02 
 1.33826027e+03 -2.86633848e-02  1.33826027e+03 -4.16601864e-02 
 1.35375867e+03 -2.86629095e-02  1.35375867e+03 -4.26279802e-02 
 1.36943656e+03 -2.86624237e-02  1.36943656e+03 -4.36014265e-02 
 1.38529602e+03 -2.86619272e-02  1.38529602e+03 -4.45806544e-02 
 1.40133915e+03 -2.86614197e-02  1.40133915e+03 -4.55657937e-02 
 1.41756807e+03 -2.86609010e-02  1.41756807e+03 -4.65569751e-02 
 1.43398494e+03 -2.86603708e-02  1.43398494e+03 -4.75543300e-02 
 1.45059193e+03 -2.86598287e-02  1.45059193e+03 -4.85579906e-02 
 1.46739125e+03 -2.86592746e-02  1.46739125e+03 -4.95680901e-02 
 1.48438512e+03 -2.86587081e-02  1.48438512e+03 -5.05847625e-02 
 1.50157580e+03 -2.86581289e-02  1.50157580e+03 -5.16081424e-02 
 1.51896556e+03 -2.86575367e-02  1.51896556e+03 -5.26383658e-02 
 1.53655671e+03 -2.86569312e-02  1.53655671e+03 -5.36755691e-02 
 1.55435159e+03 -2.86563121e-02  1.55435159e+03 -5.47198900e-02 
 1.57235255e+03 -2.86556790e-02  1.57235255e+03 -5.57714669e-02 
 1.59056198e+03 -2.86550317e-02  1.59056198e+03 -5.68304393e-02 
 1.60898229e+03 -2.86543697e-02  1.60898229e+03 -5.78969476e-02 
 1.62761593e+03 -2.86536927e-02  1.62761593e+03 -5.89711333e-02 
 1.64646536e+03 -2.86530004e-02  1.64646536e+03 -6.00531388e-02 
 1.66553309e+03 -2.86522924e-02  1.66553309e+03 -6.11431077e-02 
 1.68482165e+03 -2.86515683e-02  1.68482165e+03 -6.22411844e-02 
 1.70433358e+03 -2.86508277e-02  1.70433358e+03 -6.33475147e-02 
 1.72407148e+03 -2.86500703e-02  1.72407148e+03 -6.44622452e-02 
 1.74403797e+03 -2.86492956e-02  1.74403797e+03 -6.55855238e-02 
 1.76423569e+03 -2.86485032e-02  1.76423569e+03 -6.67174995e-02 
 1.78466732e+03 -2.86476927e-02  1.78466732e+03 -6.78583224e-02 
 1.80533557e+03 -2.86468637e-02  1.80533557e+03 -6.90081438e-02 
 1.82624317e+03 -2.86460157e-02  1.82624317e+03 -7.01671162e-02 
 1.84739291e+03 -2.86451484e-02  1.84739291e+03 -7.13353933e-02 
 1.86878759e+03 -2.86442611e-02  1.86878759e+03 -7.25131302e-02 
 1.89043003e+03 -2.86433535e-02  1.89043003e+03 -7.37004829e-02 
 1.91232312e+03 -2.86424251e-02  1.91232312e+03 -7.48976090e-02 
 1.93446975e+03 -2.86414754e-02  1.93446975e+03 -7.61046673e-02 
 1.95687286e+03 -2.86405039e-02  1.95687286e+03 -7.73218179e-02 
 1.97953542e+03 -2.86395100e-02  1.97953542e+03 -7.85492222e-02 
 2.00246044e+03 -2.86384932e-02  2.00246044e+03 -7.97870430e-02 
 2.02565095e+03 -2.86374531e-02  2.02565095e+03 -8.10354446e-02 
 2.04911003e+03 -2.86363890e-02  2.04911003e+03 -8.22945924e-02 
 2.07284080e+03 -2.86353004e-02  2.07284080e+03 -8.35646536e-02 
 2.09684638e+03 -2.86341866e-02  2.09684638e+03 -8.48457966e-02 
 2.12112998e+03 -2.86330472e-02  2.12112998e+03 -8.61381914e-02 
 2.14569480e+03 -2.86318815e-02  2.14569480e+03 -8.74420093e-02 
 2.17054412e+03 -2.86306890e-02  2.17054412e+03 -8.87574234e-02 
 2.19568121e+03 -2.86294688e-02  2.19568121e+03 -9.00846082e-02 
 2.22110941e+03 -2.86282205e-02  2.22110941e+03 -9.14237397e-02 
 2.24683210e+03 -2.86269433e-02  2.24683210e+03 -9.27749956e-02 
 2.27285268e+03 -2.86256366e-02  2.27285268e+03 -9.41385550e-02 
 2.29917461e+03 -2.86242997e-02  2.29917461e+03 -9.55145990e-02 
 2.32580137e+03 -2.86229319e-02  2.32580137e+03 -9.69033101e-02 
 2.35273649e+03 -2.86215324e-02  2.35273649e+03 -9.83048725e-02 
 2.37998356e+03 -2.86201005e-02  2.37998356e+03 -9.97194722e-02 
 2.40754617e+03 -2.86186355e-02  2.40754617e+03 -1.01147297e-01 
 2.43542798e+03 -2.86171365e-02  2.43542798e+03 -1.02588536e-01 
 2.46363269e+03 -2.86156028e-02  2.46363269e+03 -1.04043380e-01 
 2.49216405e+03 -2.86140336e-02  2.49216405e+03 -1.05512024e-01 
 2.52102582e+03 -2.86124280e-02  2.52102582e+03 -1.06994660e-01 
 2.55022184e+03 -2.86107852e-02  2.55022184e+03 -1.08491487e-01 
 2.57975598e+03 -2.86091043e-02  2.57975598e+03 -1.10002703e-01 
 2.60963216e+03 -2.86073844e-02  2.60963216e+03 -1.11528508e-01 
 2.63985434e+03 -2.86056246e-02  2.63985434e+03 -1.13069105e-01 
 2.67042651e+03 -2.86038240e-02  2.67042651e+03 -1.14624698e-01 
 2.70135274e+03 -2.86019816e-02  2.70135274e+03 -1.16195494e-01 
 2.73263713e+03 -2.86000964e-02  2.73263713e+03 -1.17781701e-01 
 2.76428383e+03 -2.85981675e-02  2.76428383e+03 -1.19383530e-01 
 2.79629703e+03 -2.85961938e-02  2.79629703e+03 -1.21001193e-01 
 2.82868097e+03 -2.85941743e-02  2.82868097e+03 -1.22634904e-01 
 2.86143995e+03 -2.85921079e-02  2.86143995e+03 -1.24284882e-01 
 2.89457831e+03 -2.85899935e-02  2.89457831e+03 -1.25951344e-01 
 2.92810044e+03 -2.85878300e-02  2.92810044e+03 -1.27634512e-01 
 2.96201080e+03 -2.85856162e-02  2.96201080e+03 -1.29334609e-01 
 2.99631387e+03 -2.85833510e-02  2.99631387e+03 -1.31051861e-01 
 3.03101421e+03 -2.85810331e-02  3.03101421e+03 -1.32786496e-01 
 3.06611641e+03 -2.85786614e-02  3.06611641e+03 -1.34538744e-01 
 3.10162514e+03 -2.85762346e-02  3.10162514e+03 -1.36308837e-01 
 3.13754508e+03 -2.85737514e-02  3.13754508e+03 -1.38097011e-01 
 3.17388102e+03 -2.85712104e-02  3.17388102e+03 -1.39903503e-01 
 3.21063777e+03 -2.85686104e-02  3.21063777e+03 -1.41728553e-01 
 3.24782019e+03 -2.85659499e-02  3.24782019e+03 -1.43572403e-01 
 3.28543323e+03 -2.85632276e-02  3.28543323e+03 -1.45435298e-01 
 3.32348186e+03 -2.85604420e-02  3.32348186e+03 -1.47317485e-01 
 3.36197113e+03 -2.85575916e-02  3.36197113e+03 -1.49219215e-01 
 3.40090615e+03 -2.85546749e-02  3.40090615e+03 -1.51140738e-01 
 3.44029207e+03 -2.85516904e-02  3.44029207e+03 -1.53082312e-01 
 3.48013412e+03 -2.85486365e-02  3.48013412e+03 -1.55044193e-01 
 3.52043759e+03 -2.85455115e-02  3.52043759e+03 -1.57026642e-01 
 3.56120781e+03 -2.85423139e-02  3.56120781e+03 -1.59029922e-01 
 3.60245019e+03 -2.85390419e-02  3.60245019e+03 -1.61054300e-01 
 3.64417019e+03 -2.85356937e-02  3.64417019e+03 -1.63100043e-01 
 3.68637336e+03 -2.85322677e-02  3.68637336e+03 -1.65167425e-01 
 3.72906528e+03 -2.85287620e-02  3.72906528e+03 -1.67256719e-01 
 3.77225162e+03 -2.85251747e-02  3.77225162e+03 -1.69368202e-01 
 3.81593810e+03 -2.85215039e-02  3.81593810e+03 -1.71502156e-01 
 3.86013052e+03 -2.85177478e-02  3.86013052e+03 -1.73658864e-01 
 3.90483472e+03 -2.85139042e-02  3.90483472e+03 -1.75838612e-01 
 3.95005665e+03 -2.85099712e-02  3.95005665e+03 -1.78041690e-01 
 3.99580229e+03 -2.85059467e-02  3.99580229e+03 -1.80268391e-01 
 4.04207771e+03 -2.85018285e-02  4.04207771e+03 -1.82519009e-01 
 4.08888905e+03 -2.84976145e-02  4.08888905e+03 -1.84793845e-01 
 4.13624251e+03 -2.84933025e-02  4.13624251e+03 -1.87093201e-01 
 4.18414437e+03 -2.84888901e-02  4.18414437e+03 -1.89417382e-01 
 4.23260098e+03 -2.84843750e-02  4.23260098e+03 -1.91766696e-01 
 4.28161877e+03 -2.84797548e-02  4.28161877e+03 -1.94141457e-01 
 4.33120424e+03 -2.84750271e-02  4.33120424e+03 -1.96541979e-01 
 4.38136395e+03 -2.84701894e-02  4.38136395e+03 -1.98968582e-01 
 4.43210457e+03 -2.84652391e-02  4.43210457e+03 -2.01421589e-01 
 4.48343281e+03 -2.84601736e-02  4.48343281e+03 -2.03901324e-01 
 4.53535548e+03 -2.84549902e-02  4.53535548e+03 -2.06408119e-01 
 4.58787948e+03 -2.84496861e-02  4.58787948e+03 -2.08942305e-01 
 4.64101175e+03 -2.84442586e-02  4.64101175e+03 -2.11504221e-01 
 4.69475935e+03 -2.84387048e-02  4.69475935e+03 -2.14094206e-01 
 4.74912940e+03 -2.84330217e-02  4.74912940e+03 -2.16712606e-01 
 4.80412911e+03 -2.84272063e-02  4.80412911e+03 -2.19359767e-01 
 4.85976577e+03 -2.84212556e-02  4.85976577e+03 -2.22036042e-01 
 4.91604676e+03 -2.84151664e-02  4.91604676e+03 -2.24741788e-01 
 4.97297954e+03 -2.84089354e-02  4.97297954e+03 -2.27477363e-01 
 5.03057166e+03 -2.84025594e-02  5.03057166e+03 -2.30243133e-01 
 5.08883076e+03 -2.83960351e-02  5.08883076e+03 -2.33039463e-01 
 5.14776455e+03 -2.83893588e-02  5.14776455e+03 -2.35866728e-01 
 5.20738086e+03 -2.83825272e-02  5.20738086e+03 -2.38725302e-01 
 5.26768758e+03 -2.83755365e-02  5.26768758e+03 -2.41615566e-01 
 5.32869272e+03 -2.83683832e-02  5.32869272e+03 -2.44537905e-01 
 5.39040436e+03 -2.83610634e-02  5.39040436e+03 -2.47492707e-01 
 5.45283068e+03 -2.83535731e-02  5.45283068e+03 -2.50480366e-01 
 5.51597996e+03 -2.83459086e-02  5.51597996e+03 -2.53501279e-01 
 5.57986057e+03 -2.83380657e-02  5.57986057e+03 -2.56555849e-01 
 5.64448099e+03 -2.83300402e-02  5.64448099e+03 -2.59644482e-01 
 5.70984977e+03 -2.83218279e-02  5.70984977e+03 -2.62767589e-01 
 5.77597559e+03 -2.83134245e-02  5.77597559e+03 -2.65925586e-01 
 5.84286722e+03 -2.83048256e-02  5.84286722e+03 -2.69118893e-01 
 5.91053351e+03 -2.82960265e-02  5.91053351e+03 -2.72347936e-01 
 5.97898345e+03 -2.82870226e-02  5.97898345e+03 -2.75613146e-01 
 6.04822611e+03 -2.82778091e-02  6.04822611e+03 -2.78914955e-01 
 6.11827067e+03 -2.82683813e-02  6.11827067e+03 -2.82253806e-01 
 6.18912642e+03 -2.82587340e-02  6.18912642e+03 -2.85630141e-01 
 6.26080275e+03 -2.82488622e-02  6.26080275e+03 -2.89044412e-01 
 6.33330916e+03 -2.82387607e-02  6.33330916e+03 -2.92497073e-01 
 6.40665527e+03 -2.82284241e-02  6.40665527e+03 -2.95988584e-01 
 6.48085080e+03 -2.82178470e-02  6.48085080e+03 -2.99519411e-01 
 6.55590559e+03 -2.82070237e-02  6.55590559e+03 -3.03090025e-01 
 6.63182959e+03 -2.81959486e-02  6.63182959e+03 -3.06700901e-01 
 6.70863287e+03 -2.81846157e-02  6.70863287e+03 -3.10352520e-01 
 6.78632561e+03 -2.81730192e-02  6.78632561e+03 -3.14045371e-01 
 6.86491811e+03 -2.81611528e-02  6.86491811e+03 -3.17779945e-01 
 6.94442078e+03 -2.81490103e-02  6.94442078e+03 -3.21556740e-01 
 7.02484418e+03 -2.81365852e-02  7.02484418e+03 -3.25376261e-01 
 7.10619897e+03 -2.81238711e-02  7.10619897e+03 -3.29239016e-01 
 7.18849592e+03 -2.81108611e-02  7.18849592e+03 -3.33145522e-01 
 7.27174595e+03 -2.80975485e-02  7.27174595e+03 -3.37096301e-01 
 7.35596011e+03 -2.80839261e-02  7.35596011e+03 -3.41091878e-01 
 7.44114955e+03 -2.80699868e-02  7.44114955e+03 -3.45132788e-01 
 7.52732557e+03 -2.80557232e-02  7.52732557e+03 -3.49219570e-01 
 7.61449959e+03 -2.80411278e-02  7.61449959e+03 -3.53352771e-01 
 7.70268318e+03 -2.80261929e-02  7.70268318e+03 -3.57532942e-01 
 7.79188802e+03 -2.80109105e-02  7.79188802e+03 -3.61760641e-01 
 7.88212595e+03 -2.79952726e-02  7.88212595e+03 -3.66036435e-01 
 7.97340892e+03 -2.79792710e-02  7.97340892e+03 -3.70360893e-01 
 8.06574904e+03 -2.79628972e-02  8.06574904e+03 -3.74734595e-01 
 8.15915855e+03 -2.79461425e-02  8.15915855e+03 -3.79158124e-01 
 8.25364983e+03 -2.79289981e-02  8.25364983e+03 -3.83632074e-01 
 8.34923543e+03 -2.79114550e-02  8.34923543e+03 -3.88157041e-01 
 8.44592800e+03 -2.78935039e-02  8.44592800e+03 -3.92733631e-01 
 8.54374036e+03 -2.78751353e-02  8.54374036e+03 -3.97362457e-01 
 8.64268550e+03 -2.78563396e-02  8.64268550e+03 -4.02044138e-01 
 8.74277651e+03 -2.78371067e-02  8.74277651e+03 -4.06779302e-01 
 8.84402669e+03 -2.78174267e-02  8.84402669e+03 -4.11568581e-01 
 8.94644944e+03 -2.77972890e-02  8.94644944e+03 -4.16412617e-01 
 9.05005835e+03 -2.77766830e-02  9.05005835e+03 -4.21312060e-01 
 9.15486716e+03 -2.77555980e-02  9.15486716e+03 -4.26267566e-01 
 9.26088975e+03 -2.77340227e-02  9.26088975e+03 -4.31279798e-01 
 9.36814020e+03 -2.77119459e-02  9.36814020e+03 -4.36349429e-01 
 9.47663271e+03 -2.76893558e-02  9.47663271e+03 -4.41477139e-01 
 9.58638168e+03 -2.76662406e-02  9.58638168e+03 -4.46663616e-01 
 9.69740165e+03 -2.76425880e-02  9.69740165e+03 -4.51909554e-01 
 9.80970735e+03 -2.76183857e-02  9.80970735e+03 -4.57215659e-01 
 9.92331366e+03 -2.75936208e-02  9.92331366e+03 -4.62582643e-01 
 1.00382356e+04 -2.75682803e-02  1.00382356e+04 -4.68011225e-01 
 1.01544885e+04 -2.75423509e-02  1.01544885e+04 -4.73502136e-01 
 1.02720878e+04 -2.75158190e-02  1.02720878e+04 -4.79056113e-01 
 1.03910489e+04 -2.74886704e-02  1.03910489e+04 -4.84673902e-01 
 1.05113877e+04 -2.74608911e-02  1.05113877e+04 -4.90356260e-01 
 1.06331202e+04 -2.74324662e-02  1.06331202e+04 -4.96103949e-01 
 1.07562625e+04 -2.74033809e-02  1.07562625e+04 -5.01917743e-01 
 1.08808308e+04 -2.73736199e-02  1.08808308e+04 -5.07798425e-01 
 1.10068418e+04 -2.73431676e-02  1.10068418e+04 -5.13746786e-01 
 1.11343122e+04 -2.73120078e-02  1.11343122e+04 -5.19763627e-01 
 1.12632587e+04 -2.72801242e-02  1.12632587e+04 -5.25849759e-01 
 1.13936986e+04 -2.72475001e-02  1.13936986e+04 -5.32006002e-01 
 1.15256492e+04 -2.72141183e-02  1.15256492e+04 -5.38233186e-01 
 1.16591278e+04 -2.71799612e-02  1.16591278e+04 -5.44532150e-01 
 1.17941523e+04 -2.71450110e-02  1.17941523e+04 -5.50903746e-01 
 1.19307404e+04 -2.71092492e-02  1.19307404e+04 -5.57348831e-01 
 1.20689105e+04 -2.70726571e-02  1.20689105e+04 -5.63868278e-01 
 1.22086806e+04 -2.70352154e-02  1.22086806e+04 -5.70462966e-01 
 1.23500695e+04 -2.69969046e-02  1.23500695e+04 -5.77133786e-01 
 1.24930957e+04 -2.69577045e-02  1.24930957e+04 -5.83881641e-01 
 1.26377784e+04 -2.69175945e-02  1.26377784e+04 -5.90707444e-01 
 1.27841366e+04 -2.68765535e-02  1.27841366e+04 -5.97612118e-01 
 1.29321898e+04 -2.68345602e-02  1.29321898e+04 -6.04596597e-01 
 1.30819576e+04 -2.67915924e-02  1.30819576e+04 -6.11661828e-01 
 1.32334599e+04 -2.67476276e-02  1.32334599e+04 -6.18808769e-01 
 1.33867167e+04 -2.67026429e-02  1.33867167e+04 -6.26038388e-01 
 1.35417484e+04 -2.66566146e-02  1.35417484e+04 -6.33351666e-01 
 1.36985755e+04 -2.66095186e-02  1.36985755e+04 -6.40749596e-01 
 1.38572188e+04 -2.65613302e-02  1.38572188e+04 -6.48233182e-01 
 1.40176994e+04 -2.65120243e-02  1.40176994e+04 -6.55803441e-01 
 1.41800385e+04 -2.64615751e-02  1.41800385e+04 -6.63461403e-01 
 1.43442576e+04 -2.64099562e-02  1.43442576e+04 -6.71208109e-01 
 1.45103786e+04 -2.63571405e-02  1.45103786e+04 -6.79044613e-01 
 1.46784234e+04 -2.63031004e-02  1.46784234e+04 -6.86971982e-01 
 1.48484144e+04 -2.62478079e-02  1.48484144e+04 -6.94991298e-01 
 1.50203740e+04 -2.61912338e-02  1.50203740e+04 -7.03103653e-01 
 1.51943251e+04 -2.61333488e-02  1.51943251e+04 -7.11310154e-01 
 1.53702907e+04 -2.60741225e-02  1.53702907e+04 -7.19611921e-01 
 1.55482942e+04 -2.60135242e-02  1.55482942e+04 -7.28010089e-01 
 1.57283591e+04 -2.59515221e-02  1.57283591e+04 -7.36505807e-01 
 1.59105094e+04 -2.58880840e-02  1.59105094e+04 -7.45100235e-01 
 1.60947691e+04 -2.58231768e-02  1.60947691e+04 -7.53794551e-01 
 1.62811628e+04 -2.57567666e-02  1.62811628e+04 -7.62589947e-01 
 1.64697151e+04 -2.56888190e-02  1.64697151e+04 -7.71487627e-01 
 1.66604510e+04 -2.56192985e-02  1.66604510e+04 -7.80488812e-01 
 1.68533958e+04 -2.55481689e-02  1.68533958e+04 -7.89594740e-01 
 1.70485751e+04 -2.54753934e-02  1.70485751e+04 -7.98806661e-01 
 1.72460148e+04 -2.54009339e-02  1.72460148e+04 -8.08125841e-01 
 1.74457411e+04 -2.53247519e-02  1.74457411e+04 -8.17553564e-01 
 1.76477804e+04 -2.52468078e-02  1.76477804e+04 -8.27091129e-01 
 1.78521595e+04 -2.51670612e-02  1.78521595e+04 -8.36739851e-01 
 1.80589055e+04 -2.50854706e-02  1.80589055e+04 -8.46501060e-01 
 1.82680458e+04 -2.50019937e-02  1.82680458e+04 -8.56376106e-01 
 1.84796082e+04 -2.49165874e-02  1.84796082e+04 -8.66366354e-01 
 1.86936208e+04 -2.48292072e-02  1.86936208e+04 -8.76473186e-01 
 1.89101117e+04 -2.47398082e-02  1.89101117e+04 -8.86698002e-01 
 1.91291099e+04 -2.46483438e-02  1.91291099e+04 -8.97042219e-01 
 1.93506443e+04 -2.45547669e-02  1.93506443e+04 -9.07507274e-01 
 1.95747443e+04 -2.44590292e-02  1.95747443e+04 -9.18094620e-01 
 1.98014396e+04 -2.43610811e-02  1.98014396e+04 -9.28805730e-01 
 2.00307602e+04 -2.42608721e-02  2.00307602e+04 -9.39642095e-01 
 2.02627366e+04 -2.41583505e-02  2.02627366e+04 -9.50605224e-01 
 2.04973996e+04 -2.40534634e-02  2.04973996e+04 -9.61696649e-01 
 2.07347801e+04 -2.39461569e-02  2.07347801e+04 -9.72917917e-01 
 2.09749098e+04 -2.38363757e-02  2.09749098e+04 -9.84270598e-01 
 2.12178204e+04 -2.37240633e-02  2.12178204e+04 -9.95756282e-01 
 2.14635442e+04 -2.36091619e-02  2.14635442e+04 -1.00737658e+00 
 2.17121137e+04 -2.34916126e-02  2.17121137e+04 -1.01913312e+00 
 2.19635619e+04 -2.33713550e-02  2.19635619e+04 -1.03102755e+00 
 2.22179221e+04 -2.32483275e-02  2.22179221e+04 -1.04306156e+00 
 2.24752280e+04 -2.31224669e-02  2.24752280e+04 -1.05523683e+00 
 2.27355138e+04 -2.29937088e-02  2.27355138e+04 -1.06755508e+00 
 2.29988140e+04 -2.28619874e-02  2.29988140e+04 -1.08001805e+00 
 2.32651635e+04 -2.27272352e-02  2.32651635e+04 -1.09262751e+00 
 2.35345976e+04 -2.25893836e-02  2.35345976e+04 -1.10538523e+00 
 2.38071520e+04 -2.24483620e-02  2.38071520e+04 -1.11829304e+00 
 2.40828628e+04 -2.23040986e-02  2.40828628e+04 -1.13135277e+00 
 2.43617666e+04 -2.21565200e-02  2.43617666e+04 -1.14456626e+00 
 2.46439005e+04 -2.20055509e-02  2.46439005e+04 -1.15793542e+00 
 2.49293017e+04 -2.18511147e-02  2.49293017e+04 -1.17146213e+00 
 2.52180082e+04 -2.16931328e-02  2.52180082e+04 -1.18514834e+00 
 2.55100581e+04 -2.15315252e-02  2.55100581e+04 -1.19899601e+00 
 2.58054904e+04 -2.13662099e-02  2.58054904e+04 -1.21300713e+00 
 2.61043440e+04 -2.11971032e-02  2.61043440e+04 -1.22718369e+00 
 2.64066586e+04 -2.10241196e-02  2.64066586e+04 -1.24152776e+00 
 2.67124744e+04 -2.08471716e-02  2.67124744e+04 -1.25604138e+00 
 2.70218318e+04 -2.06661700e-02  2.70218318e+04 -1.27072667e+00 
 2.73347718e+04 -2.04810236e-02  2.73347718e+04 -1.28558574e+00 
 2.76513361e+04 -2.02916390e-02  2.76513361e+04 -1.30062074e+00 
 2.79715664e+04 -2.00979211e-02  2.79715664e+04 -1.31583387e+00 
 2.82955054e+04 -1.98997726e-02  2.82955054e+04 -1.33122733e+00 
 2.86231959e+04 -1.96970940e-02  2.86231959e+04 -1.34680336e+00 
 2.89546814e+04 -1.94897840e-02  2.89546814e+04 -1.36256425e+00 
 2.92900058e+04 -1.92777387e-02  2.92900058e+04 -1.37851230e+00 
 2.96292136e+04 -1.90608523e-02  2.96292136e+04 -1.39464985e+00 
 2.99723498e+04 -1.88390165e-02  2.99723498e+04 -1.41097926e+00 
 3.03194599e+04 -1.86121208e-02  3.03194599e+04 -1.42750296e+00 
 3.06705898e+04 -1.83800525e-02  3.06705898e+04 -1.44422336e+00 
 3.10257862e+04 -1.81426961e-02  3.10257862e+04 -1.46114295e+00 
 3.13850961e+04 -1.78999342e-02  3.13850961e+04 -1.47826424e+00 
 3.17485672e+04 -1.76516463e-02  3.17485672e+04 -1.49558977e+00 
 3.21162476e+04 -1.73977100e-02  3.21162476e+04 -1.51312213e+00 
 3.24881861e+04 -1.71379997e-02  3.24881861e+04 -1.53086392e+00 
 3.28644321e+04 -1.68723877e-02  3.28644321e+04 -1.54881780e+00 
 3.32450354e+04 -1.66007432e-02  3.32450354e+04 -1.56698648e+00 
 3.36300464e+04 -1.63229330e-02  3.36300464e+04 -1.58537268e+00 
 3.40195163e+04 -1.60388210e-02  3.40195163e+04 -1.60397917e+00 
 3.44134966e+04 -1.57482682e-02  3.44134966e+04 -1.62280877e+00 
 3.48120396e+04 -1.54511328e-02  3.48120396e+04 -1.64186433e+00 
 3.52151982e+04 -1.51472700e-02  3.52151982e+04 -1.66114875e+00 
 3.56230257e+04 -1.48365322e-02  3.56230257e+04 -1.68066497e+00 
 3.60355763e+04 -1.45187686e-02  3.60355763e+04 -1.70041597e+00 
 3.64529046e+04 -1.41938253e-02  3.64529046e+04 -1.72040478e+00 
 3.68750660e+04 -1.38615455e-02  3.68750660e+04 -1.74063448e+00 
 3.73021165e+04 -1.35217689e-02  3.73021165e+04 -1.76110817e+00 
 3.77341126e+04 -1.31743322e-02  3.77341126e+04 -1.78182902e+00 
 3.81711117e+04 -1.28190687e-02  3.81711117e+04 -1.80280026e+00 
 3.86131717e+04 -1.24558084e-02  3.86131717e+04 -1.82402514e+00 
 3.90603512e+04 -1.20843777e-02  3.90603512e+04 -1.84550697e+00 
 3.95127095e+04 -1.17046000e-02  3.95127095e+04 -1.86724912e+00 
 3.99703065e+04 -1.13162947e-02  3.99703065e+04 -1.88925500e+00 
 4.04332030e+04 -1.09192779e-02  4.04332030e+04 -1.91152807e+00 
 4.09014603e+04 -1.05133620e-02  4.09014603e+04 -1.93407186e+00 
 4.13751404e+04 -1.00983559e-02  4.13751404e+04 -1.95688995e+00 
 4.18543063e+04 -9.67406439e-03  4.18543063e+04 -1.97998596e+00 
 4.23390214e+04 -9.24028887e-03  4.23390214e+04 -2.00336358e+00 
 4.28293500e+04 -8.79682670e-03  4.28293500e+04 -2.02702655e+00 
 4.33253571e+04 -8.34347140e-03  4.33253571e+04 -2.05097869e+00 
 4.38271084e+04 -7.88001254e-03  4.38271084e+04 -2.07522386e+00 
 4.43346705e+04 -7.40623569e-03  4.43346705e+04 -2.09976598e+00 
 4.48481108e+04 -6.92192235e-03  4.48481108e+04 -2.12460904e+00 
 4.53674971e+04 -6.42684995e-03  4.53674971e+04 -2.14975710e+00 
 4.58928985e+04 -5.92079174e-03  4.58928985e+04 -2.17521427e+00 
 4.64243846e+04 -5.40351676e-03  4.64243846e+04 -2.20098474e+00 
 4.69620258e+04 -4.87478979e-03  4.69620258e+04 -2.22707277e+00 
 4.75058934e+04 -4.33437130e-03  4.75058934e+04 -2.25348266e+00 
 4.80560596e+04 -3.78201740e-03  4.80560596e+04 -2.28021883e+00 
 4.86125973e+04 -3.21747978e-03  4.86125973e+04 -2.30728573e+00 
 4.91755802e+04 -2.64050568e-03  4.91755802e+04 -2.33468790e+00 
 4.97450830e+04 -2.05083785e-03  4.97450830e+04 -2.36242996e+00 
 5.03211813e+04 -1.44821446e-03  5.03211813e+04 -2.39051659e+00 
 5.09039513e+04 -8.32369105e-04  5.09039513e+04 -2.41895256e+00 
 5.14934704e+04 -2.03030743e-04  5.14934704e+04 -2.44774272e+00 
 5.20898168e+04  4.40076346e-04  5.20898168e+04 -2.47689201e+00 
 5.26930694e+04  1.09723260e-03  5.26930694e+04 -2.50640543e+00 
 5.33033083e+04  1.76872321e-03  5.33033083e+04 -2.53628808e+00 
 5.39206144e+04  2.45483814e-03  5.39206144e+04 -2.56654514e+00 
 5.45450695e+04  3.15587220e-03  5.45450695e+04 -2.59718189e+00 
 5.51767564e+04  3.87212503e-03  5.51767564e+04 -2.62820369e+00 
 5.58157589e+04  4.60390116e-03  5.58157589e+04 -2.65961600e+00 
 5.64621617e+04  5.35151001e-03  5.64621617e+04 -2.69142435e+00 
 5.71160505e+04  6.11526593e-03  5.71160505e+04 -2.72363441e+00 
 5.77775120e+04  6.89548822e-03  5.77775120e+04 -2.75625190e+00 
 5.84466339e+04  7.69250115e-03  5.84466339e+04 -2.78928267e+00 
 5.91235049e+04  8.50663394e-03  5.91235049e+04 -2.82273266e+00 
 5.98082147e+04  9.33822080e-03  5.98082147e+04 -2.85660792e+00 
 6.05008542e+04  1.01876009e-02  6.05008542e+04 -2.89091461e+00 
 6.12015151e+04  1.10551185e-02  6.12015151e+04 -2.92565899e+00 
 6.19102904e+04  1.19411227e-02  6.19102904e+04 -2.96084742e+00 
 6.26272740e+04  1.28459677e-02  6.26272740e+04 -2.99648641e+00 
 6.33525610e+04  1.37700125e-02  6.33525610e+04 -3.03258253e+00 
 6.40862476e+04  1.47136213e-02  6.40862476e+04 -3.06914252e+00 
 6.48284310e+04  1.56771629e-02  6.48284310e+04 -3.10617321e+00 
 6.55792097e+04  1.66610113e-02  6.55792097e+04 -3.14368157e+00 
 6.63386831e+04  1.76655451e-02  6.63386831e+04 -3.18167467e+00 
 6.71069519e+04  1.86911478e-02  6.71069519e+04 -3.22015974e+00 
 6.78841182e+04  1.97382079e-02  6.78841182e+04 -3.25914410e+00 
 6.86702847e+04  2.08071182e-02  6.86702847e+04 -3.29863525e+00 
 6.94655559e+04  2.18982764e-02  6.94655559e+04 -3.33864078e+00 
 7.02700371e+04  2.30120847e-02  7.02700371e+04 -3.37916846e+00 
 7.10838351e+04  2.41489500e-02  7.10838351e+04 -3.42022616e+00 
 7.19070576e+04  2.53092832e-02  7.19070576e+04 -3.46182192e+00 
 7.27398139e+04  2.64935000e-02  7.27398139e+04 -3.50396393e+00 
 7.35822143e+04  2.77020199e-02  7.35822143e+04 -3.54666050e+00 
 7.44343706e+04  2.89352668e-02  7.44343706e+04 -3.58992012e+00 
 7.52963957e+04  3.01936685e-02  7.52963957e+04 -3.63375143e+00 
 7.61684039e+04  3.14776566e-02  7.61684039e+04 -3.67816322e+00 
 7.70505109e+04  3.27876665e-02  7.70505109e+04 -3.72316444e+00 
 7.79428335e+04  3.41241371e-02  7.79428335e+04 -3.76876423e+00 
 7.88454902e+04  3.54875107e-02  7.88454902e+04 -3.81497185e+00 
 7.97586005e+04  3.68782329e-02  7.97586005e+04 -3.86179678e+00 
 8.06822855e+04  3.82967522e-02  8.06822855e+04 -3.90924865e+00 
 8.16166678e+04  3.97435200e-02  8.16166678e+04 -3.95733725e+00 
 8.25618712e+04  4.12189905e-02  8.25618712e+04 -4.00607260e+00 
 8.35180209e+04  4.27236200e-02  8.35180209e+04 -4.05546484e+00 
 8.44852439e+04  4.42578671e-02  8.44852439e+04 -4.10552436e+00 
 8.54636682e+04  4.58221924e-02  8.54636682e+04 -4.15626169e+00 
 8.64534237e+04  4.74170580e-02  8.64534237e+04 -4.20768759e+00 
 8.74546416e+04  4.90429274e-02  8.74546416e+04 -4.25981299e+00 
 8.84674546e+04  5.07002651e-02  8.84674546e+04 -4.31264903e+00 
 8.94919970e+04  5.23895365e-02  8.94919970e+04 -4.36620707e+00 
 9.05284046e+04  5.41112072e-02  9.05284046e+04 -4.42049865e+00 
 9.15768148e+04  5.58657432e-02  9.15768148e+04 -4.47553554e+00 
 9.26373667e+04  5.76536098e-02  9.26373667e+04 -4.53132972e+00 
 9.37102009e+04  5.94752719e-02  9.37102009e+04 -4.58789338e+00 
 9.47954596e+04  6.13311933e-02  9.47954596e+04 -4.64523895e+00 
 9.58932866e+04  6.32218362e-02  9.58932866e+04 -4.70337906e+00 
 9.70038276e+04  6.51476610e-02  9.70038276e+04 -4.76232660e+00 
 9.81272298e+04  6.71091256e-02  9.81272298e+04 -4.82209465e+00 
 9.92636421e+04  6.91066850e-02  9.92636421e+04 -4.88269656e+00 
 1.00413215e+05  7.11407911e-02  1.00413215e+05 -4.94414590e+00 
 1.01576102e+05  7.32118918e-02  1.01576102e+05 -5.00645650e+00 
 1.02752455e+05  7.53204304e-02  1.02752455e+05 -5.06964241e+00 
 1.03942432e+05  7.74668457e-02  1.03942432e+05 -5.13371796e+00 
 1.05146191e+05  7.96515705e-02  1.05146191e+05 -5.19869770e+00 
 1.06363890e+05  8.18750318e-02  1.06363890e+05 -5.26459646e+00 
 1.07595691e+05  8.41376497e-02  1.07595691e+05 -5.33142931e+00 
 1.08841757e+05  8.64398370e-02  1.08841757e+05 -5.39921159e+00 
 1.10102255e+05  8.87819984e-02  1.10102255e+05 -5.46795891e+00 
 1.11377350e+05  9.11645299e-02  1.11377350e+05 -5.53768715e+00 
 1.12667212e+05  9.35878181e-02  1.12667212e+05 -5.60841244e+00 
 1.13972012e+05  9.60522394e-02  1.13972012e+05 -5.68015120e+00 
 1.15291923e+05  9.85581593e-02  1.15291923e+05 -5.75292012e+00 
 1.16627120e+05  1.01105932e-01  1.16627120e+05 -5.82673618e+00 
 1.17977779e+05  1.03695898e-01  1.17977779e+05 -5.90161663e+00 
 1.19344081e+05  1.06328386e-01  1.19344081e+05 -5.97757900e+00 
 1.20726206e+05  1.09003710e-01  1.20726206e+05 -6.05464113e+00 
 1.22124337e+05  1.11722169e-01  1.22124337e+05 -6.13282111e+00 
 1.23538660e+05  1.14484046e-01  1.23538660e+05 -6.21213736e+00 
 1.24969363e+05  1.17289608e-01  1.24969363e+05 -6.29260857e+00 
 1.26416634e+05  1.20139102e-01  1.26416634e+05 -6.37425372e+00 
 1.27880666e+05  1.23032761e-01  1.27880666e+05 -6.45709211e+00 
 1.29361653e+05  1.25970793e-01  1.29361653e+05 -6.54114331e+00 
 1.30859792e+05  1.28953389e-01  1.30859792e+05 -6.62642720e+00 
 1.32375280e+05  1.31980718e-01  1.32375280e+05 -6.71296396e+00 
 1.33908319e+05  1.35052926e-01  1.33908319e+05 -6.80077408e+00 
 1.35459113e+05  1.38170135e-01  1.35459113e+05 -6.88987833e+00 
 1.37027866e+05  1.41332443e-01  1.37027866e+05 -6.98029779e+00 
 1.38614787e+05  1.44539922e-01  1.38614787e+05 -7.07205386e+00 
 1.40220086e+05  1.47792618e-01  1.40220086e+05 -7.16516821e+00 
 1.41843976e+05  1.51090549e-01  1.41843976e+05 -7.25966283e+00 
 1.43486672e+05  1.54433704e-01  1.43486672e+05 -7.35556002e+00 
 1.45148393e+05  1.57822040e-01  1.45148393e+05 -7.45288235e+00 
 1.46829358e+05  1.61255488e-01  1.46829358e+05 -7.55165273e+00 
 1.48529790e+05  1.64733941e-01  1.48529790e+05 -7.65189433e+00 
 1.50249915e+05  1.68257262e-01  1.50249915e+05 -7.75363064e+00 
 1.51989960e+05  1.71825280e-01  1.51989960e+05 -7.85688543e+00 
 1.53750157e+05  1.75437786e-01  1.53750157e+05 -7.96168279e+00 
 1.55530739e+05  1.79094536e-01  1.55530739e+05 -8.06804706e+00 
 1.57331942e+05  1.82795249e-01  1.57331942e+05 -8.17600291e+00 
 1.59154005e+05  1.86539602e-01  1.59154005e+05 -8.28557525e+00 
 1.60997169e+05  1.90327236e-01  1.60997169e+05 -8.39678932e+00 
 1.62861678e+05  1.94157748e-01  1.62861678e+05 -8.50967060e+00 
 1.64747781e+05  1.98030694e-01  1.64747781e+05 -8.62424487e+00 
 1.66655726e+05  2.01945585e-01  1.66655726e+05 -8.74053816e+00 
 1.68585768e+05  2.05901892e-01  1.68585768e+05 -8.85857678e+00 
 1.70538161e+05  2.09899035e-01  1.70538161e+05 -8.97838729e+00 
 1.72513165e+05  2.13936391e-01  1.72513165e+05 -9.09999652e+00 
 1.74511042e+05  2.18013290e-01  1.74511042e+05 -9.22343154e+00 
 1.76532055e+05  2.22129012e-01  1.76532055e+05 -9.34871967e+00 
 1.78576475e+05  2.26282787e-01  1.78576475e+05 -9.47588846e+00 
 1.80644570e+05  2.30473798e-01  1.80644570e+05 -9.60496570e+00 
 1.82736617e+05  2.34701173e-01  1.82736617e+05 -9.73597941e+00 
 1.84852891e+05  2.38963991e-01  1.84852891e+05 -9.86895783e+00 
 1.86993674e+05  2.43261276e-01  1.86993674e+05 -1.00039294e+01 
 1.89159250e+05  2.47592000e-01  1.89159250e+05 -1.01409228e+01 
 1.91349905e+05  2.51955081e-01  1.91349905e+05 -1.02799668e+01 
 1.93565930e+05  2.56349379e-01  1.93565930e+05 -1.04210905e+01 
 1.95807618e+05  2.60773703e-01  1.95807618e+05 -1.05643231e+01 
 1.98075268e+05  2.65226800e-01  1.98075268e+05 -1.07096940e+01 
 2.00369179e+05  2.69707366e-01  2.00369179e+05 -1.08572327e+01 
 2.02689657e+05  2.74214036e-01  2.02689657e+05 -1.10069690e+01 
 2.05037007e+05  2.78745389e-01  2.05037007e+05 -1.11589328e+01 
 2.07411543e+05  2.83299944e-01  2.07411543e+05 -1.13131539e+01 
 2.09813578e+05  2.87876163e-01  2.09813578e+05 -1.14696625e+01 
 2.12243431e+05  2.92472450e-01  2.12243431e+05 -1.16284889e+01 
 2.14701424e+05  2.97087148e-01  2.14701424e+05 -1.17896634e+01 
 2.17187883e+05  3.01718543e-01  2.17187883e+05 -1.19532165e+01 
 2.19703138e+05  3.06364861e-01  2.19703138e+05 -1.21191786e+01 
 2.22247522e+05  3.11024268e-01  2.22247522e+05 -1.22875803e+01 
 2.24821372e+05  3.15694873e-01  2.24821372e+05 -1.24584525e+01 
 2.27425030e+05  3.20374726e-01  2.27425030e+05 -1.26318257e+01 
 2.30058842e+05  3.25061815e-01  2.30058842e+05 -1.28077308e+01 
 2.32723155e+05  3.29754074e-01  2.32723155e+05 -1.29861986e+01 
 2.35418324e+05  3.34449376e-01  2.35418324e+05 -1.31672599e+01 
 2.38144706e+05  3.39145537e-01  2.38144706e+05 -1.33509456e+01 
 2.40902662e+05  3.43840317e-01  2.40902662e+05 -1.35372866e+01 
 2.43692558e+05  3.48531419e-01  2.43692558e+05 -1.37263137e+01 
 2.46514763e+05  3.53216489e-01  2.46514763e+05 -1.39180579e+01 
 2.49369653e+05  3.57893119e-01  2.49369653e+05 -1.41125499e+01 
 2.52257605e+05  3.62558845e-01  2.52257605e+05 -1.43098205e+01 
 2.55179003e+05  3.67211150e-01  2.55179003e+05 -1.45099006e+01 
 2.58134233e+05  3.71847466e-01  2.58134233e+05 -1.47128208e+01 
 2.61123688e+05  3.76465171e-01  2.61123688e+05 -1.49186118e+01 
 2.64147764e+05  3.81061592e-01  2.64147764e+05 -1.51273043e+01 
 2.67206861e+05  3.85634009e-01  2.67206861e+05 -1.53389287e+01 
 2.70301386e+05  3.90179650e-01  2.70301386e+05 -1.55535154e+01 
 2.73431749e+05  3.94695697e-01  2.73431749e+05 -1.57710950e+01 
 2.76598365e+05  3.99179288e-01  2.76598365e+05 -1.59916975e+01 
 2.79801653e+05  4.03627513e-01  2.79801653e+05 -1.62153532e+01 
 2.83042038e+05  4.08037421e-01  2.83042038e+05 -1.64420921e+01 
 2.86319950e+05  4.12406016e-01  2.86319950e+05 -1.66719442e+01 
 2.89635824e+05  4.16730264e-01  2.89635824e+05 -1.69049392e+01 
 2.92990099e+05  4.21007091e-01  2.92990099e+05 -1.71411069e+01 
 2.96383220e+05  4.25233384e-01  2.96383220e+05 -1.73804768e+01 
 2.99815637e+05  4.29405997e-01  2.99815637e+05 -1.76230784e+01 
 3.03287805e+05  4.33521747e-01  3.03287805e+05 -1.78689409e+01 
 3.06800183e+05  4.37577417e-01  3.06800183e+05 -1.81180935e+01 
 3.10353239e+05  4.41569761e-01  3.10353239e+05 -1.83705651e+01 
 3.13947443e+05  4.45495502e-01  3.13947443e+05 -1.86263847e+01 
 3.17583271e+05  4.49351335e-01  3.17583271e+05 -1.88855810e+01 
 3.21261205e+05  4.53133929e-01  3.21261205e+05 -1.91481824e+01 
 3.24981734e+05  4.56839926e-01  3.24981734e+05 -1.94142174e+01 
 3.28745351e+05  4.60465947e-01  3.28745351e+05 -1.96837143e+01 
 3.32552554e+05  4.64008590e-01  3.32552554e+05 -1.99567010e+01 
 3.36403848e+05  4.67464435e-01  3.36403848e+05 -2.02332057e+01 
 3.40299744e+05  4.70830040e-01  3.40299744e+05 -2.05132561e+01 
 3.44240758e+05  4.74101950e-01  3.44240758e+05 -2.07968797e+01 
 3.48227413e+05  4.77276692e-01  3.48227413e+05 -2.10841041e+01 
 3.52260238e+05  4.80350779e-01  3.52260238e+05 -2.13749567e+01 
 3.56339767e+05  4.83320715e-01  3.56339767e+05 -2.16694646e+01 
 3.60466541e+05  4.86182991e-01  3.60466541e+05 -2.19676550e+01 
 3.64641107e+05  4.88934088e-01  3.64641107e+05 -2.22695546e+01 
 3.68864019e+05  4.91570480e-01  3.68864019e+05 -2.25751903e+01 
 3.73135837e+05  4.94088636e-01  3.73135837e+05 -2.28845888e+01 
 3.77457126e+05  4.96485018e-01  3.77457126e+05 -2.31977765e+01 
 3.81828460e+05  4.98756084e-01  3.81828460e+05 -2.35147799e+01 
 3.86250419e+05  5.00898292e-01  3.86250419e+05 -2.38356252e+01 
 3.90723589e+05  5.02908096e-01  3.90723589e+05 -2.41603386e+01 
 3.95248562e+05  5.04781951e-01  3.95248562e+05 -2.44889461e+01 
 3.99825939e+05  5.06516312e-01  3.99825939e+05 -2.48214737e+01 
 4.04456327e+05  5.08107638e-01  4.04456327e+05 -2.51579473e+01 
 4.09140339e+05  5.09552389e-01  4.09140339e+05 -2.54983925e+01 
 4.13878597e+05  5.10847031e-01  4.13878597e+05 -2.58428351e+01 
 4.18671729e+05  5.11988032e-01  4.18671729e+05 -2.61913006e+01 
 4.23520370e+05  5.12971869e-01  4.23520370e+05 -2.65438146e+01 
 4.28425163e+05  5.13795022e-01  4.28425163e+05 -2.69004024e+01 
 4.33386759e+05  5.14453983e-01  4.33386759e+05 -2.72610894e+01 
 4.38405814e+05  5.14945247e-01  4.38405814e+05 -2.76259010e+01 
 4.43482996e+05  5.15265321e-01  4.43482996e+05 -2.79948623e+01 
 4.48618977e+05  5.15410720e-01  4.48618977e+05 -2.83679986e+01 
 4.53814437e+05  5.15377968e-01  4.53814437e+05 -2.87453351e+01 
 4.59070066e+05  5.15163602e-01  4.59070066e+05 -2.91268968e+01 
 4.64386560e+05  5.14764167e-01  4.64386560e+05 -2.95127089e+01 
 4.69764625e+05  5.14176220e-01  4.69764625e+05 -2.99027964e+01 
 4.75204974e+05  5.13396329e-01  4.75204974e+05 -3.02971843e+01 
 4.80708327e+05  5.12421077e-01  4.80708327e+05 -3.06958976e+01 
 4.86275414e+05  5.11247054e-01  4.86275414e+05 -3.10989614e+01 
 4.91906974e+05  5.09870867e-01  4.91906974e+05 -3.15064006e+01 
 4.97603753e+05  5.08289133e-01  4.97603753e+05 -3.19182402e+01 
 5.03366507e+05  5.06498483e-01  5.03366507e+05 -3.23345052e+01 
 5.09195999e+05  5.04495560e-01  5.09195999e+05 -3.27552206e+01 
 5.15093002e+05  5.02277022e-01  5.15093002e+05 -3.31804113e+01 
 5.21058299e+05  4.99839539e-01  5.21058299e+05 -3.36101024e+01 
 5.27092679e+05  4.97179794e-01  5.27092679e+05 -3.40443188e+01 
 5.33196944e+05  4.94294485e-01  5.33196944e+05 -3.44830855e+01 
 5.39371903e+05  4.91180322e-01  5.39371903e+05 -3.49264276e+01 
 5.45618374e+05  4.87834032e-01  5.45618374e+05 -3.53743701e+01 
 5.51937185e+05  4.84252352e-01  5.51937185e+05 -3.58269381e+01 
 5.58329174e+05  4.80432034e-01  5.58329174e+05 -3.62841565e+01 
 5.64795189e+05  4.76369846e-01  5.64795189e+05 -3.67460506e+01 
 5.71336088e+05  4.72062569e-01  5.71336088e+05 -3.72126454e+01 
 5.77952736e+05  4.67506997e-01  5.77952736e+05 -3.76839660e+01 
 5.84646012e+05  4.62699940e-01  5.84646012e+05 -3.81600375e+01 
 5.91416802e+05  4.57638221e-01  5.91416802e+05 -3.86408852e+01 
 5.98266006e+05  4.52318681e-01  5.98266006e+05 -3.91265341e+01 
 6.05194529e+05  4.46738172e-01  6.05194529e+05 -3.96170094e+01 
 6.12203293e+05  4.40893563e-01  6.12203293e+05 -4.01123363e+01 
 6.19293224e+05  4.34781738e-01  6.19293224e+05 -4.06125401e+01 
 6.26465265e+05  4.28399598e-01  6.26465265e+05 -4.11176459e+01 
 6.33720365e+05  4.21744057e-01  6.33720365e+05 -4.16276789e+01 
 6.41059486e+05  4.14812048e-01  6.41059486e+05 -4.21426643e+01 
 6.48483601e+05  4.07600519e-01  6.48483601e+05 -4.26626273e+01 
 6.55993696e+05  4.00106437e-01  6.55993696e+05 -4.31875932e+01 
 6.63590765e+05  3.92326785e-01  6.63590765e+05 -4.37175871e+01 
 6.71275815e+05  3.84258563e-01  6.71275815e+05 -4.42526343e+01 
 6.79049866e+05  3.75898792e-01  6.79049866e+05 -4.47927598e+01 
 6.86913949e+05  3.67244511e-01  6.86913949e+05 -4.53379888e+01 
 6.94869105e+05  3.58292779e-01  6.94869105e+05 -4.58883464e+01 
 7.02916391e+05  3.49040675e-01  7.02916391e+05 -4.64438579e+01 
 7.11056872e+05  3.39485300e-01  7.11056872e+05 -4.70045481e+01 
 7.19291628e+05  3.29623777e-01  7.19291628e+05 -4.75704422e+01 
 7.27621750e+05  3.19453251e-01  7.27621750e+05 -4.81415652e+01 
 7.36048344e+05  3.08970890e-01  7.36048344e+05 -4.87179420e+01 
 7.44572527e+05  2.98173890e-01  7.44572527e+05 -4.92995975e+01 
 7.53195428e+05  2.87059468e-01  7.53195428e+05 -4.98865566e+01 
 7.61918191e+05  2.75624870e-01  7.61918191e+05 -5.04788441e+01 
 7.70741972e+05  2.63867370e-01  7.70741972e+05 -5.10764848e+01 
 7.79667942e+05  2.51784269e-01  7.79667942e+05 -5.16795033e+01 
 7.88697283e+05  2.39372898e-01  7.88697283e+05 -5.22879243e+01 
 7.97831193e+05  2.26630620e-01  7.97831193e+05 -5.29017724e+01 
 8.07070883e+05  2.13554827e-01  8.07070883e+05 -5.35210720e+01 
 8.16417578e+05  2.00142947e-01  8.16417578e+05 -5.41458477e+01 
 8.25872518e+05  1.86392441e-01  8.25872518e+05 -5.47761237e+01 
 8.35436955e+05  1.72300805e-01  8.35436955e+05 -5.54119244e+01 
 8.45112157e+05  1.57865572e-01  8.45112157e+05 -5.60532740e+01 
 8.54899409e+05  1.43084313e-01  8.54899409e+05 -5.67001966e+01 
 8.64800006e+05  1.27954637e-01  8.64800006e+05 -5.73527163e+01 
 8.74815263e+05  1.12474195e-01  8.74815263e+05 -5.80108571e+01 
 8.84946506e+05  9.66406771e-02  8.84946506e+05 -5.86746429e+01 
 8.95195080e+05  8.04518170e-02  8.95195080e+05 -5.93440977e+01 
 9.05562342e+05  6.39053918e-02  9.05562342e+05 -6.00192451e+01 
 9.16049667e+05  4.69992230e-02  9.16049667e+05 -6.07001089e+01 
 9.26658447e+05  2.97311777e-02  9.26658447e+05 -6.13867129e+01 
 9.37390086e+05  1.20991697e-02  9.37390086e+05 -6.20790804e+01 
 9.48246009e+05 -5.89883993e-03  9.48246009e+05 -6.27772352e+01 
 9.59227655e+05 -2.42648418e-02  9.59227655e+05 -6.34812007e+01 
 9.70336479e+05 -4.30007774e-02  9.70336479e+05 -6.41910003e+01 
 9.81573954e+05 -6.21085390e-02  9.81573954e+05 -6.49066575e+01 
 9.92941571e+05 -8.15899682e-02  9.92941571e+05 -6.56281957e+01 
 1.00444084e+06 -1.01446857e-01  1.00444084e+06 -6.63556381e+01 
 1.01607327e+06 -1.21680944e-01  1.01607327e+06 -6.70890082e+01 
 1.02784043e+06 -1.42293922e-01  1.02784043e+06 -6.78283292e+01 
 1.03974386e+06 -1.63287426e-01  1.03974386e+06 -6.85736245e+01 
 1.05178514e+06 -1.84663047e-01  1.05178514e+06 -6.93249175e+01 
 1.06396587e+06 -2.06422320e-01  1.06396587e+06 -7.00822314e+01 
 1.07628767e+06 -2.28566733e-01  1.07628767e+06 -7.08455897e+01 
 1.08875217e+06 -2.51097725e-01  1.08875217e+06 -7.16150159e+01 
 1.10136102e+06 -2.74016687e-01  1.10136102e+06 -7.23905334e+01 
 1.11411589e+06 -2.97324960e-01  1.11411589e+06 -7.31721657e+01 
 1.12701847e+06 -3.21023843e-01  1.12701847e+06 -7.39599367e+01 
 1.14007049e+06 -3.45114589e-01  1.14007049e+06 -7.47538699e+01 
 1.15327365e+06 -3.69598411e-01  1.15327365e+06 -7.55539893e+01 
 1.16662972e+06 -3.94476481e-01  1.16662972e+06 -7.63603189e+01 
 1.18014047e+06 -4.19749933e-01  1.18014047e+06 -7.71728828e+01 
 1.19380769e+06 -4.45419869e-01  1.19380769e+06 -7.79917053e+01 
 1.20763319e+06 -4.71487359e-01  1.20763319e+06 -7.88168109e+01 
 1.22161880e+06 -4.97953445e-01  1.22161880e+06 -7.96482242e+01 
 1.23576638e+06 -5.24819146e-01  1.23576638e+06 -8.04859700e+01 
 1.25007780e+06 -5.52085462e-01  1.25007780e+06 -8.13300736e+01 
 1.26455496e+06 -5.79753378e-01  1.26455496e+06 -8.21805602e+01 
 1.27919978e+06 -6.07823869e-01  1.27919978e+06 -8.30374554e+01 
 1.29401421e+06 -6.36297906e-01  1.29401421e+06 -8.39007850e+01 
 1.30900020e+06 -6.65176464e-01  1.30900020e+06 -8.47705752e+01 
 1.32415974e+06 -6.94460523e-01  1.32415974e+06 -8.56468525e+01 
 1.33949485e+06 -7.24151081e-01  1.33949485e+06 -8.65296436e+01 
 1.35500755e+06 -7.54249157e-01  1.35500755e+06 -8.74189756e+01 
 1.37069990e+06 -7.84755800e-01  1.37069990e+06 -8.83148759e+01 
 1.38657399e+06 -8.15672098e-01  1.38657399e+06 -8.92173724e+01 
 1.40263192e+06 -8.46999188e-01  1.40263192e+06 -9.01264933e+01 
 1.41887581e+06 -8.78738261e-01  1.41887581e+06 -9.10422670e+01 
 1.43530782e+06 -9.10890577e-01  1.43530782e+06 -9.19647226e+01 
 1.45193013e+06 -9.43457472e-01  1.45193013e+06 -9.28938893e+01 
 1.46874495e+06 -9.76440371e-01  1.46874495e+06 -9.38297970e+01 
 1.48575450e+06 -1.00984080e+00  1.48575450e+06 -9.47724758e+01 
 1.50296103e+06 -1.04366039e+00  1.50296103e+06 -9.57219563e+01 
 1.52036684e+06 -1.07790091e+00  1.52036684e+06 -9.66782695e+01 
 1.53797422e+06 -1.11256426e+00  1.53797422e+06 -9.76414468e+01 
 1.55578551e+06 -1.14765249e+00  1.55578551e+06 -9.86115200e+01 
 1.57380308e+06 -1.18316782e+00  1.57380308e+06 -9.95885214e+01 
 1.59202931e+06 -1.21911266e+00  1.59202931e+06 -1.00572484e+02 
 1.61046661e+06 -1.25548960e+00  1.61046661e+06 -1.01563440e+02 
 1.62911744e+06 -1.29230147e+00  1.62911744e+06 -1.02561423e+02 
 1.64798426e+06 -1.32955130e+00  1.64798426e+06 -1.03566467e+02 
 1.66706959e+06 -1.36724241e+00  1.66706959e+06 -1.04578606e+02 
 1.68637593e+06 -1.40537835e+00  1.68637593e+06 -1.05597875e+02 
 1.70590587e+06 -1.44396300e+00  1.70590587e+06 -1.06624307e+02 
 1.72566198e+06 -1.48300050e+00  1.72566198e+06 -1.07657939e+02 
 1.74564689e+06 -1.52249535e+00  1.74564689e+06 -1.08698804e+02 
 1.76586324e+06 -1.56245241e+00  1.76586324e+06 -1.09746938e+02 
 1.78631372e+06 -1.60287687e+00  1.78631372e+06 -1.10802377e+02 
 1.80700103e+06 -1.64377436e+00  1.80700103e+06 -1.11865155e+02 
 1.82792793e+06 -1.68515089e+00  1.82792793e+06 -1.12935307e+02 
 1.84909717e+06 -1.72701293e+00  1.84909717e+06 -1.14012870e+02 
 1.87051159e+06 -1.76936741e+00  1.87051159e+06 -1.15097877e+02 
 1.89217400e+06 -1.81222174e+00  1.89217400e+06 -1.16190363e+02 
 1.91408728e+06 -1.85558386e+00  1.91408728e+06 -1.17290363e+02 
 1.93625434e+06 -1.89946224e+00  1.93625434e+06 -1.18397910e+02 
 1.95867812e+06 -1.94386591e+00  1.95867812e+06 -1.19513036e+02 
 1.98136159e+06 -1.98880449e+00  1.98136159e+06 -1.20635776e+02 
 2.00430776e+06 -2.03428824e+00  2.00430776e+06 -1.21766159e+02 
 2.02751966e+06 -2.08032803e+00  2.02751966e+06 -1.22904215e+02 
 2.05100039e+06 -2.12693541e+00  2.05100039e+06 -1.24049975e+02 
 2.07475304e+06 -2.17412265e+00  2.07475304e+06 -1.25203466e+02 
 2.09878077e+06 -2.22190272e+00  2.09878077e+06 -1.26364713e+02 
 2.12308677e+06 -2.27028933e+00  2.12308677e+06 -1.27533741e+02 
 2.14767426e+06 -2.31929699e+00  2.14767426e+06 -1.28710572e+02 
 2.17254649e+06 -2.36894098e+00  2.17254649e+06 -1.29895226e+02 
 2.19770677e+06 -2.41923744e+00  2.19770677e+06 -1.31087720e+02 
 2.22315843e+06 -2.47020333e+00  2.22315843e+06 -1.32288069e+02 
 2.24890485e+06 -2.52185648e+00  2.24890485e+06 -1.33496285e+02 
 2.27494944e+06 -2.57421564e+00  2.27494944e+06 -1.34712374e+02 
 2.30129565e+06 -2.62730043e+00  2.30129565e+06 -1.35936343e+02 
 2.32794697e+06 -2.68113143e+00  2.32794697e+06 -1.37168190e+02 
 2.35490695e+06 -2.73573016e+00  2.35490695e+06 -1.38407912e+02 
 2.38217915e+06 -2.79111908e+00  2.38217915e+06 -1.39655499e+02 
 2.40976718e+06 -2.84732164e+00  2.40976718e+06 -1.40910937e+02 
 2.43767472e+06 -2.90436227e+00  2.43767472e+06 -1.42174205e+02 
 2.46590545e+06 -2.96226635e+00  2.46590545e+06 -1.43445279e+02 
 2.49446313e+06 -3.02106028e+00  2.49446313e+06 -1.44724124e+02 
 2.52335153e+06 -3.08077142e+00  2.52335153e+06 -1.46010700e+02 
 2.55257448e+06 -3.14142808e+00  2.55257448e+06 -1.47304960e+02 
 2.58213587e+06 -3.20305957e+00  2.58213587e+06 -1.48606849e+02 
 2.61203961e+06 -3.26569608e+00  2.61203961e+06 -1.49916300e+02 
 2.64228966e+06 -3.32936876e+00  2.64228966e+06 -1.51233241e+02 
 2.67289004e+06 -3.39410961e+00  2.67289004e+06 -1.52557587e+02 
 2.70384481e+06 -3.45995147e+00  2.70384481e+06 -1.53889244e+02 
 2.73515806e+06 -3.52692797e+00  2.73515806e+06 -1.55228107e+02 
 2.76683395e+06 -3.59507347e+00  2.76683395e+06 -1.56574058e+02 
 2.79887667e+06 -3.66442300e+00  2.79887667e+06 -1.57926969e+02 
 2.83129049e+06 -3.73501218e+00  2.83129049e+06 -1.59286696e+02 
 2.86407969e+06 -3.80687713e+00  2.86407969e+06 -1.60653083e+02 
 2.89724862e+06 -3.88005441e+00  2.89724862e+06 -1.62025961e+02 
 2.93080168e+06 -3.95458084e+00  2.93080168e+06 -1.63405144e+02 
 2.96474332e+06 -4.03049347e+00  2.96474332e+06 -1.64790433e+02 
 2.99907804e+06 -4.10782938e+00  2.99907804e+06 -1.66181612e+02 
 3.03381039e+06 -4.18662558e+00  3.03381039e+06 -1.67578448e+02 
 3.06894498e+06 -4.26691886e+00  3.06894498e+06 -1.68980692e+02 
 3.10448646e+06 -4.34874559e+00  3.10448646e+06 -1.70388080e+02 
 3.14043954e+06 -4.43214158e+00  3.14043954e+06 -1.71800326e+02 
 3.17680900e+06 -4.51714188e+00  3.17680900e+06 -1.73217132e+02 
 3.21359965e+06 -4.60378059e+00  3.21359965e+06 -1.74638178e+02 
 3.25081638e+06 -4.69209064e+00  3.25081638e+06 -1.76063128e+02 
 3.28846411e+06 -4.78210360e+00  3.28846411e+06 -1.77491629e+02 
 3.32654785e+06 -4.87384943e+00  3.32654785e+06 -1.78923308e+02 
 3.36507263e+06 -4.96735629e+00  3.36507263e+06  1.79642222e+02 
 3.40404356e+06 -5.06265025e+00  3.40404356e+06  1.78205368e+02 
 3.44346582e+06 -5.15975513e+00  3.44346582e+06  1.76766549e+02 
 3.48334463e+06 -5.25869220e+00  3.48334463e+06  1.75326203e+02 
 3.52368527e+06 -5.35948000e+00  3.52368527e+06  1.73884781e+02 
 3.56449310e+06 -5.46213405e+00  3.56449310e+06  1.72442748e+02 
 3.60577353e+06 -5.56666672e+00  3.60577353e+06  1.71000579e+02 
 3.64753203e+06 -5.67308693e+00  3.64753203e+06  1.69558762e+02 
 3.68977413e+06 -5.78140003e+00  3.68977413e+06  1.68117794e+02 
 3.73250543e+06 -5.89160755e+00  3.73250543e+06  1.66678179e+02 
 3.77573161e+06 -6.00370711e+00  3.77573161e+06  1.65240426e+02 
 3.81945839e+06 -6.11769223e+00  3.81945839e+06  1.63805048e+02 
 3.86369158e+06 -6.23355225e+00  3.86369158e+06  1.62372560e+02 
 3.90843702e+06 -6.35127223e+00  3.90843702e+06  1.60943476e+02 
 3.95370067e+06 -6.47083290e+00  3.95370067e+06  1.59518307e+02 
 3.99948851e+06 -6.59221065e+00  3.99948851e+06  1.58097557e+02 
 4.04580662e+06 -6.71537751e+00  4.04580662e+06  1.56681726e+02 
 4.09266114e+06 -6.84030126e+00  4.09266114e+06  1.55271300e+02 
 4.14005829e+06 -6.96694545e+00  4.14005829e+06  1.53866753e+02 
 4.18800434e+06 -7.09526956e+00  4.18800434e+06  1.52468545e+02 
 4.23650566e+06 -7.22522913e+00  4.23650566e+06  1.51077119e+02 
 4.28556866e+06 -7.35677600e+00  4.28556866e+06  1.49692895e+02 
 4.33519987e+06 -7.48985850e+00  4.33519987e+06  1.48316276e+02 
 4.38540586e+06 -7.62442171e+00  4.38540586e+06  1.46947636e+02 
 4.43619329e+06 -7.76040776e+00  4.43619329e+06  1.45587327e+02 
 4.48756888e+06 -7.89775615e+00  4.48756888e+06  1.44235674e+02 
 4.53953946e+06 -8.03640408e+00  4.53953946e+06  1.42892970e+02 
 4.59211190e+06 -8.17628682e+00  4.59211190e+06  1.41559482e+02 
 4.64529319e+06 -8.31733806e+00  4.64529319e+06  1.40235443e+02 
 4.69909037e+06 -8.45949032e+00  4.69909037e+06  1.38921058e+02 
 4.75351058e+06 -8.60267532e+00  4.75351058e+06  1.37616498e+02 
 4.80856103e+06 -8.74682438e+00  4.80856103e+06  1.36321902e+02 
 4.86424902e+06 -8.89186881e+00  4.86424902e+06  1.35037378e+02 
 4.92058193e+06 -9.03774027e+00  4.92058193e+06  1.33763004e+02 
 4.97756723e+06 -9.18437117e+00  4.97756723e+06  1.32498824e+02 
 5.03521248e+06 -9.33169499e+00  5.03521248e+06  1.31244856e+02 
 5.09352532e+06 -9.47964661e+00  5.09352532e+06  1.30001085e+02 
 5.15251348e+06 -9.62816266e+00  5.15251348e+06  1.28767472e+02 
 5.21218479e+06 -9.77718175e+00  5.21218479e+06  1.27543950e+02 
 5.27254715e+06 -9.92664475e+00  5.27254715e+06  1.26330429e+02 
 5.33360856e+06 -1.00764950e+01  5.33360856e+06  1.25126793e+02 
 5.39537713e+06 -1.02266786e+01  5.39537713e+06  1.23932909e+02 
 5.45786104e+06 -1.03771443e+01  5.45786104e+06  1.22748622e+02 
 5.52106858e+06 -1.05278439e+01  5.52106858e+06  1.21573762e+02 
 5.58500812e+06 -1.06787325e+01  5.58500812e+06  1.20408142e+02 
 5.64968815e+06 -1.08297678e+01  5.64968815e+06  1.19251561e+02 
 5.71511724e+06 -1.09809113e+01  5.71511724e+06  1.18103809e+02 
 5.78130406e+06 -1.11321271e+01  5.78130406e+06  1.16964665e+02 
 5.84825740e+06 -1.12833829e+01  5.84825740e+06  1.15833901e+02 
 5.91598612e+06 -1.14346491e+01  5.91598612e+06  1.14711282e+02 
 5.98449920e+06 -1.15858997e+01  5.98449920e+06  1.13596570e+02 
 6.05380574e+06 -1.17371110e+01  6.05380574e+06  1.12489522e+02 
 6.12391492e+06 -1.18882628e+01  6.12391492e+06  1.11389897e+02 
 6.19483603e+06 -1.20393373e+01  6.19483603e+06  1.10297452e+02 
 6.26657849e+06 -1.21903194e+01  6.26657849e+06  1.09211945e+02 
 6.33915179e+06 -1.23411964e+01  6.33915179e+06  1.08133137e+02 
 6.41256556e+06 -1.24919582e+01  6.41256556e+06  1.07060792e+02 
 6.48682954e+06 -1.26425965e+01  6.48682954e+06  1.05994679e+02 
 6.56195357e+06 -1.27931056e+01  6.56195357e+06  1.04934569e+02 
 6.63794761e+06 -1.29434811e+01  6.63794761e+06  1.03880243e+02 
 6.71482174e+06 -1.30937206e+01  6.71482174e+06  1.02831483e+02 
 6.79258615e+06 -1.32438234e+01  6.79258615e+06  1.01788082e+02 
 6.87125115e+06 -1.33937899e+01  6.87125115e+06  1.00749836e+02 
 6.95082717e+06 -1.35436222e+01  6.95082717e+06  9.97165484e+01 
 7.03132476e+06 -1.36933231e+01  7.03132476e+06  9.86880315e+01 
 7.11275460e+06 -1.38428967e+01  7.11275460e+06  9.76641028e+01 
 7.19512747e+06 -1.39923479e+01  7.19512747e+06  9.66445872e+01 
 7.27845431e+06 -1.41416823e+01  7.27845431e+06  9.56293165e+01 
 7.36274615e+06 -1.42909062e+01  7.36274615e+06  9.46181291e+01 
 7.44801418e+06 -1.44400265e+01  7.44801418e+06  9.36108699e+01 
 7.53426970e+06 -1.45890503e+01  7.53426970e+06  9.26073903e+01 
 7.62152414e+06 -1.47379854e+01  7.62152414e+06  9.16075475e+01 
 7.70978908e+06 -1.48868397e+01  7.70978908e+06  9.06112047e+01 
 7.79907622e+06 -1.50356211e+01  7.79907622e+06  8.96182303e+01 
 7.88939739e+06 -1.51843381e+01  7.88939739e+06  8.86284980e+01 
 7.98076457e+06 -1.53329988e+01  7.98076457e+06  8.76418864e+01 
 8.07318988e+06 -1.54816116e+01  8.07318988e+06  8.66582782e+01 
 8.16668556e+06 -1.56301850e+01  8.16668556e+06  8.56775608e+01 
 8.26126402e+06 -1.57787270e+01  8.26126402e+06  8.46996250e+01 
 8.35693779e+06 -1.59272459e+01  8.35693779e+06  8.37243652e+01 
 8.45371956e+06 -1.60757499e+01  8.45371956e+06  8.27516791e+01 
 8.55162216e+06 -1.62242467e+01  8.55162216e+06  8.17814669e+01 
 8.65065857e+06 -1.63727443e+01  8.65065857e+06  8.08136318e+01 
 8.75084193e+06 -1.65212502e+01  8.75084193e+06  7.98480789e+01 
 8.85218551e+06 -1.66697719e+01  8.85218551e+06  7.88847154e+01 
 8.95470275e+06 -1.68183167e+01  8.95470275e+06  7.79234503e+01 
 9.05840724e+06 -1.69668916e+01  9.05840724e+06  7.69641940e+01 
 9.16331273e+06 -1.71155037e+01  9.16331273e+06  7.60068581e+01 
 9.26943314e+06 -1.72641596e+01  9.26943314e+06  7.50513553e+01 
 9.37678253e+06 -1.74128659e+01  9.37678253e+06  7.40975991e+01 
 9.48537513e+06 -1.75616291e+01  9.48537513e+06  7.31455036e+01 
 9.59522534e+06 -1.77104555e+01  9.59522534e+06  7.21949835e+01 
 9.70634773e+06 -1.78593512e+01  9.70634773e+06  7.12459536e+01 
 9.81875703e+06 -1.80083223e+01  9.81875703e+06  7.02983293e+01 
 9.93246814e+06 -1.81573747e+01  9.93246814e+06  6.93520255e+01 
 1.00474961e+07 -1.83065141e+01  1.00474961e+07  6.84069577e+01 
 1.01638563e+07 -1.84557463e+01  1.01638563e+07  6.74630408e+01 
 1.02815640e+07 -1.86050771e+01  1.02815640e+07  6.65201897e+01 
 1.04006349e+07 -1.87545120e+01  1.04006349e+07  6.55783190e+01 
 1.05210847e+07 -1.89040567e+01  1.05210847e+07  6.46373431e+01 
 1.06429295e+07 -1.90537166e+01  1.06429295e+07  6.36971758e+01 
 1.07661854e+07 -1.92034974e+01  1.07661854e+07  6.27577308e+01 
 1.08908687e+07 -1.93534047e+01  1.08908687e+07  6.18189213e+01 
 1.10169959e+07 -1.95034440e+01  1.10169959e+07  6.08806599e+01 
 1.11445838e+07 -1.96536211e+01  1.11445838e+07  5.99428591e+01 
 1.12736493e+07 -1.98039416e+01  1.12736493e+07  5.90054308e+01 
 1.14042096e+07 -1.99544113e+01  1.14042096e+07  5.80682866e+01 
 1.15362818e+07 -2.01050361e+01  1.15362818e+07  5.71313377e+01 
 1.16698836e+07 -2.02558219e+01  1.16698836e+07  5.61944951e+01 
 1.18050326e+07 -2.04067748e+01  1.18050326e+07  5.52576694e+01 
 1.19417468e+07 -2.05579010e+01  1.19417468e+07  5.43207710e+01 
 1.20800443e+07 -2.07092069e+01  1.20800443e+07  5.33837101e+01 
 1.22199434e+07 -2.08606988e+01  1.22199434e+07  5.24463968e+01 
 1.23614627e+07 -2.10123835e+01  1.23614627e+07  5.15087411e+01 
 1.25046209e+07 -2.11642677e+01  1.25046209e+07  5.05706531e+01 
 1.26494370e+07 -2.13163583e+01  1.26494370e+07  4.96320428e+01 
 1.27959303e+07 -2.14686625e+01  1.27959303e+07  4.86928204e+01 
 1.29441200e+07 -2.16211875e+01  1.29441200e+07  4.77528965e+01 
 1.30940260e+07 -2.17739410e+01  1.30940260e+07  4.68121816e+01 
 1.32456680e+07 -2.19269305e+01  1.32456680e+07  4.58705869e+01 
 1.33990662e+07 -2.20801641e+01  1.33990662e+07  4.49280240e+01 
 1.35542409e+07 -2.22336497e+01  1.35542409e+07  4.39844049e+01 
 1.37112127e+07 -2.23873958e+01  1.37112127e+07  4.30396423e+01 
 1.38700024e+07 -2.25414108e+01  1.38700024e+07  4.20936497e+01 
 1.40306310e+07 -2.26957034e+01  1.40306310e+07  4.11463411e+01 
 1.41931199e+07 -2.28502827e+01  1.41931199e+07  4.01976317e+01 
 1.43574905e+07 -2.30051579e+01  1.43574905e+07  3.92474376e+01 
 1.45237648e+07 -2.31603382e+01  1.45237648e+07  3.82956758e+01 
 1.46919646e+07 -2.33158333e+01  1.46919646e+07  3.73422645e+01 
 1.48621124e+07 -2.34716531e+01  1.48621124e+07  3.63871234e+01 
 1.50342306e+07 -2.36278075e+01  1.50342306e+07  3.54301731e+01 
 1.52083422e+07 -2.37843069e+01  1.52083422e+07  3.44713359e+01 
 1.53844701e+07 -2.39411616e+01  1.53844701e+07  3.35105355e+01 
 1.55626378e+07 -2.40983824e+01  1.55626378e+07  3.25476973e+01 
 1.57428689e+07 -2.42559802e+01  1.57428689e+07  3.15827483e+01 
 1.59251872e+07 -2.44139660e+01  1.59251872e+07  3.06156171e+01 
 1.61096169e+07 -2.45723510e+01  1.61096169e+07  2.96462345e+01 
 1.62961825e+07 -2.47311468e+01  1.62961825e+07  2.86745329e+01 
 1.64849088e+07 -2.48903650e+01  1.64849088e+07  2.77004470e+01 
 1.66758206e+07 -2.50500174e+01  1.66758206e+07  2.67239134e+01 
 1.68689435e+07 -2.52101160e+01  1.68689435e+07  2.57448709e+01 
 1.70643029e+07 -2.53706730e+01  1.70643029e+07  2.47632606e+01 
 1.72619247e+07 -2.55317008e+01  1.72619247e+07  2.37790261e+01 
 1.74618352e+07 -2.56932117e+01  1.74618352e+07  2.27921131e+01 
 1.76640609e+07 -2.58552185e+01  1.76640609e+07  2.18024700e+01 
 1.78686285e+07 -2.60177339e+01  1.78686285e+07  2.08100478e+01 
 1.80755653e+07 -2.61807708e+01  1.80755653e+07  1.98148000e+01 
 1.82848985e+07 -2.63443422e+01  1.82848985e+07  1.88166829e+01 
 1.84966561e+07 -2.65084612e+01  1.84966561e+07  1.78156556e+01 
 1.87108661e+07 -2.66731411e+01  1.87108661e+07  1.68116799e+01 
 1.89275568e+07 -2.68383951e+01  1.89275568e+07  1.58047208e+01 
 1.91467570e+07 -2.70042367e+01  1.91467570e+07  1.47947459e+01 
 1.93684957e+07 -2.71706794e+01  1.93684957e+07  1.37817263e+01 
 1.95928024e+07 -2.73377366e+01  1.95928024e+07  1.27656357e+01 
 1.98197069e+07 -2.75054220e+01  1.98197069e+07  1.17464514e+01 
 2.00492391e+07 -2.76737492e+01  2.00492391e+07  1.07241537e+01 
 2.02814295e+07 -2.78427318e+01  2.02814295e+07  9.69872617e+00 
 2.05163089e+07 -2.80123835e+01  2.05163089e+07  8.67015579e+00 
 2.07539085e+07 -2.81827180e+01  2.07539085e+07  7.63843287e+00 
 2.09942597e+07 -2.83537489e+01  2.09942597e+07  6.60355117e+00 
 2.12373944e+07 -2.85254898e+01  2.12373944e+07  5.56550792e+00 
 2.14833448e+07 -2.86979545e+01  2.14833448e+07  4.52430387e+00 
 2.17321436e+07 -2.88711564e+01  2.17321436e+07  3.47994333e+00 
 2.19838238e+07 -2.90451091e+01  2.19838238e+07  2.43243423e+00 
 2.22384186e+07 -2.92198260e+01  2.22384186e+07  1.38178814e+00 
 2.24959620e+07 -2.93953204e+01  2.24959620e+07  3.28020292e-01 
 2.27564879e+07 -2.95716057e+01  2.27564879e+07 -7.28850337e-01 
 2.30200310e+07 -2.97486950e+01  2.30200310e+07 -1.78880104e+00 
 2.32866262e+07 -2.99266013e+01  2.32866262e+07 -2.85180533e+00 
 2.35563088e+07 -3.01053375e+01  2.35563088e+07 -3.91783292e+00 
 2.38291146e+07 -3.02849164e+01  2.38291146e+07 -4.98684969e+00 
 2.41050798e+07 -3.04653506e+01  2.41050798e+07 -6.05881767e+00 
 2.43842409e+07 -3.06466524e+01  2.43842409e+07 -7.13369502e+00 
 2.46666350e+07 -3.08288340e+01  2.46666350e+07 -8.21143600e+00 
 2.49522996e+07 -3.10119076e+01  2.49522996e+07 -9.29199098e+00 
 2.52412724e+07 -3.11958848e+01  2.52412724e+07 -1.03753064e+01 
 2.55335918e+07 -3.13807773e+01  2.55335918e+07 -1.14613249e+01 
 2.58292965e+07 -3.15665963e+01  2.58292965e+07 -1.25499849e+01 
 2.61284258e+07 -3.17533529e+01  2.61284258e+07 -1.36412211e+01 
 2.64310194e+07 -3.19410579e+01  2.64310194e+07 -1.47349643e+01 
 2.67371172e+07 -3.21297217e+01  2.67371172e+07 -1.58311413e+01 
 2.70467600e+07 -3.23193545e+01  2.70467600e+07 -1.69296749e+01 
 2.73599888e+07 -3.25099662e+01  2.73599888e+07 -1.80304840e+01 
 2.76768451e+07 -3.27015663e+01  2.76768451e+07 -1.91334837e+01 
 2.79973709e+07 -3.28941640e+01  2.79973709e+07 -2.02385852e+01 
 2.83216087e+07 -3.30877681e+01  2.83216087e+07 -2.13456956e+01 
 2.86496015e+07 -3.32823870e+01  2.86496015e+07 -2.24547184e+01 
 2.89813928e+07 -3.34780288e+01  2.89813928e+07 -2.35655531e+01 
 2.93170265e+07 -3.36747011e+01  2.93170265e+07 -2.46780955e+01 
 2.96565473e+07 -3.38724111e+01  2.96565473e+07 -2.57922375e+01 
 3.00000000e+07 -3.40711656e+01  3.00000000e+07 -2.69078674e+01 
