 2.00000000e-01  1.45537742e+00  2.00000000e-01  6.78861855e+01 
 2.02316202e-01  1.54107683e+00  2.02316202e-01  6.76551516e+01 
 2.04659228e-01  1.62649145e+00  2.04659228e-01  6.74222187e+01 
 2.07029388e-01  1.71161662e+00  2.07029388e-01  6.71873867e+01 
 2.09426997e-01  1.79644759e+00  2.09426997e-01  6.69506561e+01 
 2.11852373e-01  1.88097963e+00  2.11852373e-01  6.67120279e+01 
 2.14305837e-01  1.96520793e+00  2.14305837e-01  6.64715034e+01 
 2.16787715e-01  2.04912768e+00  2.16787715e-01  6.62290848e+01 
 2.19298335e-01  2.13273402e+00  2.19298335e-01  6.59847745e+01 
 2.21838031e-01  2.21602206e+00  2.21838031e-01  6.57385758e+01 
 2.24407140e-01  2.29898688e+00  2.24407140e-01  6.54904924e+01 
 2.27006001e-01  2.38162355e+00  2.27006001e-01  6.52405286e+01 
 2.29634959e-01  2.46392709e+00  2.29634959e-01  6.49886893e+01 
 2.32294364e-01  2.54589251e+00  2.32294364e-01  6.47349800e+01 
 2.34984567e-01  2.62751480e+00  2.34984567e-01  6.44794069e+01 
 2.37705925e-01  2.70878893e+00  2.37705925e-01  6.42219768e+01 
 2.40458800e-01  2.78970985e+00  2.40458800e-01  6.39626972e+01 
 2.43243555e-01  2.87027249e+00  2.43243555e-01  6.37015761e+01 
 2.46060561e-01  2.95047178e+00  2.46060561e-01  6.34386223e+01 
 2.48910190e-01  3.03030263e+00  2.48910190e-01  6.31738453e+01 
 2.51792821e-01  3.10975994e+00  2.51792821e-01  6.29072552e+01 
 2.54708836e-01  3.18883862e+00  2.54708836e-01  6.26388629e+01 
 2.57658622e-01  3.26753356e+00  2.57658622e-01  6.23686797e+01 
 2.60642568e-01  3.34583965e+00  2.60642568e-01  6.20967181e+01 
 2.63661072e-01  3.42375181e+00  2.63661072e-01  6.18229909e+01 
 2.66714534e-01  3.50126492e+00  2.66714534e-01  6.15475119e+01 
 2.69803357e-01  3.57837392e+00  2.69803357e-01  6.12702954e+01 
 2.72927952e-01  3.65507371e+00  2.72927952e-01  6.09913567e+01 
 2.76088733e-01  3.73135924e+00  2.76088733e-01  6.07107116e+01 
 2.79286119e-01  3.80722547e+00  2.79286119e-01  6.04283768e+01 
 2.82520534e-01  3.88266738e+00  2.82520534e-01  6.01443698e+01 
 2.85792407e-01  3.95767995e+00  2.85792407e-01  5.98587086e+01 
 2.89102171e-01  4.03225823e+00  2.89102171e-01  5.95714122e+01 
 2.92450266e-01  4.10639727e+00  2.92450266e-01  5.92825003e+01 
 2.95837135e-01  4.18009216e+00  2.95837135e-01  5.89919935e+01 
 2.99263228e-01  4.25333803e+00  2.99263228e-01  5.86999128e+01 
 3.02728998e-01  4.32613005e+00  3.02728998e-01  5.84062803e+01 
 3.06234905e-01  4.39846343e+00  3.06234905e-01  5.81111188e+01 
 3.09781414e-01  4.47033344e+00  3.09781414e-01  5.78144518e+01 
 3.13368996e-01  4.54173537e+00  3.13368996e-01  5.75163036e+01 
 3.16998125e-01  4.61266461e+00  3.16998125e-01  5.72166992e+01 
 3.20669283e-01  4.68311656e+00  3.20669283e-01  5.69156645e+01 
 3.24382957e-01  4.75308673e+00  3.24382957e-01  5.66132260e+01 
 3.28139639e-01  4.82257065e+00  3.28139639e-01  5.63094111e+01 
 3.31939827e-01  4.89156396e+00  3.31939827e-01  5.60042478e+01 
 3.35784025e-01  4.96006233e+00  3.35784025e-01  5.56977649e+01 
 3.39672743e-01  5.02806154e+00  3.39672743e-01  5.53899919e+01 
 3.43606496e-01  5.09555743e+00  3.43606496e-01  5.50809590e+01 
 3.47585805e-01  5.16254593e+00  3.47585805e-01  5.47706973e+01 
 3.51611200e-01  5.22902307e+00  3.51611200e-01  5.44592383e+01 
 3.55683212e-01  5.29498494e+00  3.55683212e-01  5.41466145e+01 
 3.59802383e-01  5.36042775e+00  3.59802383e-01  5.38328587e+01 
 3.63969257e-01  5.42534780e+00  3.63969257e-01  5.35180046e+01 
 3.68184388e-01  5.48974148e+00  3.68184388e-01  5.32020867e+01 
 3.72448335e-01  5.55360529e+00  3.72448335e-01  5.28851397e+01 
 3.76761663e-01  5.61693585e+00  3.76761663e-01  5.25671994e+01 
 3.81124943e-01  5.67972986e+00  3.81124943e-01  5.22483018e+01 
 3.85538754e-01  5.74198417e+00  3.85538754e-01  5.19284837e+01 
 3.90003682e-01  5.80369571e+00  3.90003682e-01  5.16077825e+01 
 3.94520318e-01  5.86486156e+00  3.94520318e-01  5.12862359e+01 
 3.99089261e-01  5.92547890e+00  3.99089261e-01  5.09638824e+01 
 4.03711118e-01  5.98554506e+00  4.03711118e-01  5.06407608e+01 
 4.08386500e-01  6.04505746e+00  4.08386500e-01  5.03169106e+01 
 4.13116027e-01  6.10401368e+00  4.13116027e-01  4.99923715e+01 
 4.17900328e-01  6.16241142e+00  4.17900328e-01  4.96671838e+01 
 4.22740035e-01  6.22024852e+00  4.22740035e-01  4.93413882e+01 
 4.27635791e-01  6.27752296e+00  4.27635791e-01  4.90150258e+01 
 4.32588245e-01  6.33423284e+00  4.32588245e-01  4.86881380e+01 
 4.37598053e-01  6.39037643e+00  4.37598053e-01  4.83607666e+01 
 4.42665880e-01  6.44595212e+00  4.42665880e-01  4.80329537e+01 
 4.47792398e-01  6.50095845e+00  4.47792398e-01  4.77047417e+01 
 4.52978286e-01  6.55539411e+00  4.52978286e-01  4.73761731e+01 
 4.58224231e-01  6.60925794e+00  4.58224231e-01  4.70472910e+01 
 4.63530930e-01  6.66254892e+00  4.63530930e-01  4.67181383e+01 
 4.68899086e-01  6.71526617e+00  4.68899086e-01  4.63887583e+01 
 4.74329410e-01  6.76740900e+00  4.74329410e-01  4.60591945e+01 
 4.79822623e-01  6.81897682e+00  4.79822623e-01  4.57294903e+01 
 4.85379453e-01  6.86996923e+00  4.85379453e-01  4.53996894e+01 
 4.91000637e-01  6.92038596e+00  4.91000637e-01  4.50698355e+01 
 4.96686920e-01  6.97022691e+00  4.96686920e-01  4.47399723e+01 
 5.02439056e-01  7.01949212e+00  5.02439056e-01  4.44101435e+01 
 5.08257807e-01  7.06818178e+00  5.08257807e-01  4.40803929e+01 
 5.14143945e-01  7.11629625e+00  5.14143945e-01  4.37507640e+01 
 5.20098251e-01  7.16383603e+00  5.20098251e-01  4.34213006e+01 
 5.26121513e-01  7.21080177e+00  5.26121513e-01  4.30920459e+01 
 5.32214531e-01  7.25719427e+00  5.32214531e-01  4.27630434e+01 
 5.38378112e-01  7.30301449e+00  5.38378112e-01  4.24343362e+01 
 5.44613074e-01  7.34826352e+00  5.44613074e-01  4.21059674e+01 
 5.50920243e-01  7.39294262e+00  5.50920243e-01  4.17779795e+01 
 5.57300455e-01  7.43705318e+00  5.57300455e-01  4.14504151e+01 
 5.63754556e-01  7.48059675e+00  5.63754556e-01  4.11233165e+01 
 5.70283403e-01  7.52357502e+00  5.70283403e-01  4.07967256e+01 
 5.76887860e-01  7.56598980e+00  5.76887860e-01  4.04706839e+01 
 5.83568804e-01  7.60784306e+00  5.83568804e-01  4.01452327e+01 
 5.90327119e-01  7.64913691e+00  5.90327119e-01  3.98204128e+01 
 5.97163703e-01  7.68987359e+00  5.97163703e-01  3.94962646e+01 
 6.04079461e-01  7.73005547e+00  6.04079461e-01  3.91728283e+01 
 6.11075310e-01  7.76968505e+00  6.11075310e-01  3.88501433e+01 
 6.18152179e-01  7.80876498e+00  6.18152179e-01  3.85282488e+01 
 6.25311005e-01  7.84729800e+00  6.25311005e-01  3.82071833e+01 
 6.32552737e-01  7.88528700e+00  6.32552737e-01  3.78869850e+01 
 6.39878336e-01  7.92273499e+00  6.39878336e-01  3.75676914e+01 
 6.47288773e-01  7.95964507e+00  6.47288773e-01  3.72493394e+01 
 6.54785030e-01  7.99602049e+00  6.54785030e-01  3.69319655e+01 
 6.62368101e-01  8.03186459e+00  6.62368101e-01  3.66156055e+01 
 6.70038992e-01  8.06718083e+00  6.70038992e-01  3.63002947e+01 
 6.77798719e-01  8.10197276e+00  6.77798719e-01  3.59860676e+01 
 6.85648312e-01  8.13624404e+00  6.85648312e-01  3.56729581e+01 
 6.93588812e-01  8.16999844e+00  6.93588812e-01  3.53609995e+01 
 7.01621270e-01  8.20323981e+00  7.01621270e-01  3.50502246e+01 
 7.09746752e-01  8.23597208e+00  7.09746752e-01  3.47406651e+01 
 7.17966335e-01  8.26819931e+00  7.17966335e-01  3.44323524e+01 
 7.26281110e-01  8.29992560e+00  7.26281110e-01  3.41253170e+01 
 7.34692178e-01  8.33115515e+00  7.34692178e-01  3.38195887e+01 
 7.43200655e-01  8.36189224e+00  7.43200655e-01  3.35151966e+01 
 7.51807668e-01  8.39214123e+00  7.51807668e-01  3.32121691e+01 
 7.60514359e-01  8.42190652e+00  7.60514359e-01  3.29105339e+01 
 7.69321883e-01  8.45119262e+00  7.69321883e-01  3.26103177e+01 
 7.78231406e-01  8.48000406e+00  7.78231406e-01  3.23115468e+01 
 7.87244111e-01  8.50834546e+00  7.87244111e-01  3.20142465e+01 
 7.96361192e-01  8.53622149e+00  7.96361192e-01  3.17184414e+01 
 8.05583858e-01  8.56363687e+00  8.05583858e-01  3.14241554e+01 
 8.14913332e-01  8.59059635e+00  8.14913332e-01  3.11314117e+01 
 8.24350851e-01  8.61710476e+00  8.24350851e-01  3.08402324e+01 
 8.33897665e-01  8.64316696e+00  8.33897665e-01  3.05506392e+01 
 8.43555041e-01  8.66878782e+00  8.43555041e-01  3.02626528e+01 
 8.53324260e-01  8.69397228e+00  8.53324260e-01  2.99762933e+01 
 8.63206616e-01  8.71872531e+00  8.63206616e-01  2.96915800e+01 
 8.73203419e-01  8.74305188e+00  8.73203419e-01  2.94085312e+01 
 8.83315996e-01  8.76695701e+00  8.83315996e-01  2.91271648e+01 
 8.93545686e-01  8.79044575e+00  8.93545686e-01  2.88474978e+01 
 9.03893847e-01  8.81352313e+00  9.03893847e-01  2.85695463e+01 
 9.14361849e-01  8.83619423e+00  9.14361849e-01  2.82933258e+01 
 9.24951082e-01  8.85846414e+00  9.24951082e-01  2.80188512e+01 
 9.35662949e-01  8.88033794e+00  9.35662949e-01  2.77461363e+01 
 9.46498870e-01  8.90182074e+00  9.46498870e-01  2.74751944e+01 
 9.57460281e-01  8.92291763e+00  9.57460281e-01  2.72060381e+01 
 9.68548637e-01  8.94363372e+00  9.68548637e-01  2.69386792e+01 
 9.79765408e-01  8.96397411e+00  9.79765408e-01  2.66731289e+01 
 9.91112080e-01  8.98394390e+00  9.91112080e-01  2.64093976e+01 
 1.00259016e+00  9.00354818e+00  1.00259016e+00  2.61474950e+01 
 1.01420116e+00  9.02279203e+00  1.01420116e+00  2.58874301e+01 
 1.02594664e+00  9.04168052e+00  1.02594664e+00  2.56292113e+01 
 1.03782813e+00  9.06021870e+00  1.03782813e+00  2.53728465e+01 
 1.04984723e+00  9.07841163e+00  1.04984723e+00  2.51183425e+01 
 1.06200552e+00  9.09626431e+00  1.06200552e+00  2.48657060e+01 
 1.07430462e+00  9.11378175e+00  1.07430462e+00  2.46149426e+01 
 1.08674615e+00  9.13096892e+00  1.08674615e+00  2.43660575e+01 
 1.09933176e+00  9.14783079e+00  1.09933176e+00  2.41190554e+01 
 1.11206313e+00  9.16437227e+00  1.11206313e+00  2.38739401e+01 
 1.12494195e+00  9.18059828e+00  1.12494195e+00  2.36307152e+01 
 1.13796991e+00  9.19651367e+00  1.13796991e+00  2.33893833e+01 
 1.15114875e+00  9.21212328e+00  1.15114875e+00  2.31499468e+01 
 1.16448021e+00  9.22743193e+00  1.16448021e+00  2.29124073e+01 
 1.17796607e+00  9.24244438e+00  1.17796607e+00  2.26767661e+01 
 1.19160810e+00  9.25716537e+00  1.19160810e+00  2.24430237e+01 
 1.20540813e+00  9.27159959e+00  1.20540813e+00  2.22111804e+01 
 1.21936797e+00  9.28575170e+00  1.21936797e+00  2.19812356e+01 
 1.23348948e+00  9.29962633e+00  1.23348948e+00  2.17531887e+01 
 1.24777453e+00  9.31322805e+00  1.24777453e+00  2.15270382e+01 
 1.26222502e+00  9.32656139e+00  1.26222502e+00  2.13027823e+01 
 1.27684286e+00  9.33963087e+00  1.27684286e+00  2.10804189e+01 
 1.29162999e+00  9.35244091e+00  1.29162999e+00  2.08599451e+01 
 1.30658837e+00  9.36499594e+00  1.30658837e+00  2.06413579e+01 
 1.32171998e+00  9.37730031e+00  1.32171998e+00  2.04246538e+01 
 1.33702683e+00  9.38935833e+00  1.33702683e+00  2.02098288e+01 
 1.35251095e+00  9.40117427e+00  1.35251095e+00  1.99968787e+01 
 1.36817439e+00  9.41275236e+00  1.36817439e+00  1.97857986e+01 
 1.38401923e+00  9.42409676e+00  1.38401923e+00  1.95765836e+01 
 1.40004757e+00  9.43521160e+00  1.40004757e+00  1.93692282e+01 
 1.41626153e+00  9.44610095e+00  1.41626153e+00  1.91637267e+01 
 1.43266327e+00  9.45676885e+00  1.43266327e+00  1.89600729e+01 
 1.44925496e+00  9.46721925e+00  1.44925496e+00  1.87582604e+01 
 1.46603879e+00  9.47745610e+00  1.46603879e+00  1.85582826e+01 
 1.48301700e+00  9.48748327e+00  1.48301700e+00  1.83601323e+01 
 1.50019183e+00  9.49730457e+00  1.50019183e+00  1.81638024e+01 
 1.51756557e+00  9.50692379e+00  1.51756557e+00  1.79692851e+01 
 1.53514051e+00  9.51634465e+00  1.53514051e+00  1.77765726e+01 
 1.55291899e+00  9.52557083e+00  1.55291899e+00  1.75856569e+01 
 1.57090335e+00  9.53460594e+00  1.57090335e+00  1.73965295e+01 
 1.58909600e+00  9.54345355e+00  1.58909600e+00  1.72091820e+01 
 1.60749933e+00  9.55211719e+00  1.60749933e+00  1.70236053e+01 
 1.62611580e+00  9.56060033e+00  1.62611580e+00  1.68397906e+01 
 1.64494786e+00  9.56890637e+00  1.64494786e+00  1.66577287e+01 
 1.66399802e+00  9.57703871e+00  1.66399802e+00  1.64774099e+01 
 1.68326879e+00  9.58500064e+00  1.68326879e+00  1.62988249e+01 
 1.70276274e+00  9.59279544e+00  1.70276274e+00  1.61219636e+01 
 1.72248245e+00  9.60042633e+00  1.72248245e+00  1.59468163e+01 
 1.74243054e+00  9.60789647e+00  1.74243054e+00  1.57733727e+01 
 1.76260964e+00  9.61520898e+00  1.76260964e+00  1.56016226e+01 
 1.78302244e+00  9.62236693e+00  1.78302244e+00  1.54315555e+01 
 1.80367164e+00  9.62937334e+00  1.80367164e+00  1.52631609e+01 
 1.82455997e+00  9.63623118e+00  1.82455997e+00  1.50964281e+01 
 1.84569022e+00  9.64294337e+00  1.84569022e+00  1.49313463e+01 
 1.86706517e+00  9.64951280e+00  1.86706517e+00  1.47679046e+01 
 1.88868767e+00  9.65594228e+00  1.88868767e+00  1.46060918e+01 
 1.91056058e+00  9.66223460e+00  1.91056058e+00  1.44458970e+01 
 1.93268680e+00  9.66839249e+00  1.93268680e+00  1.42873089e+01 
 1.95506926e+00  9.67441864e+00  1.95506926e+00  1.41303161e+01 
 1.97771094e+00  9.68031569e+00  1.97771094e+00  1.39749073e+01 
 2.00061483e+00  9.68608623e+00  2.00061483e+00  1.38210711e+01 
 2.02378396e+00  9.69173282e+00  2.02378396e+00  1.36687958e+01 
 2.04722142e+00  9.69725796e+00  2.04722142e+00  1.35180700e+01 
 2.07093031e+00  9.70266412e+00  2.07093031e+00  1.33688819e+01 
 2.09491378e+00  9.70795371e+00  2.09491378e+00  1.32212200e+01 
 2.11917499e+00  9.71312911e+00  2.11917499e+00  1.30750724e+01 
 2.14371718e+00  9.71819266e+00  2.14371718e+00  1.29304274e+01 
 2.16854358e+00  9.72314664e+00  2.16854358e+00  1.27872731e+01 
 2.19365751e+00  9.72799330e+00  2.19365751e+00  1.26455979e+01 
 2.21906227e+00  9.73273486e+00  2.21906227e+00  1.25053897e+01 
 2.24476125e+00  9.73737348e+00  2.24476125e+00  1.23666367e+01 
 2.27075785e+00  9.74191129e+00  2.27075785e+00  1.22293271e+01 
 2.29705552e+00  9.74635037e+00  2.29705552e+00  1.20934490e+01 
 2.32365774e+00  9.75069279e+00  2.32365774e+00  1.19589903e+01 
 2.35056804e+00  9.75494055e+00  2.35056804e+00  1.18259393e+01 
 2.37778999e+00  9.75909562e+00  2.37778999e+00  1.16942841e+01 
 2.40532720e+00  9.76315994e+00  2.40532720e+00  1.15640127e+01 
 2.43318331e+00  9.76713541e+00  2.43318331e+00  1.14351132e+01 
 2.46136203e+00  9.77102390e+00  2.46136203e+00  1.13075739e+01 
 2.48986709e+00  9.77482723e+00  2.48986709e+00  1.11813827e+01 
 2.51870226e+00  9.77854719e+00  2.51870226e+00  1.10565280e+01 
 2.54787137e+00  9.78218555e+00  2.54787137e+00  1.09329978e+01 
 2.57737829e+00  9.78574402e+00  2.57737829e+00  1.08107805e+01 
 2.60722693e+00  9.78922431e+00  2.60722693e+00  1.06898642e+01 
 2.63742125e+00  9.79262805e+00  2.63742125e+00  1.05702372e+01 
 2.66796525e+00  9.79595689e+00  2.66796525e+00  1.04518878e+01 
 2.69886298e+00  9.79921241e+00  2.69886298e+00  1.03348045e+01 
 2.73011854e+00  9.80239618e+00  2.73011854e+00  1.02189755e+01 
 2.76173606e+00  9.80550972e+00  2.76173606e+00  1.01043893e+01 
 2.79371975e+00  9.80855454e+00  2.79371975e+00  9.99103431e+00 
 2.82607385e+00  9.81153211e+00  2.82607385e+00  9.87889916e+00 
 2.85880263e+00  9.81444386e+00  2.85880263e+00  9.76797236e+00 
 2.89191045e+00  9.81729121e+00  2.89191045e+00  9.65824254e+00 
 2.92540169e+00  9.82007554e+00  2.92540169e+00  9.54969837e+00 
 2.95928080e+00  9.82279821e+00  2.95928080e+00  9.44232858e+00 
 2.99355225e+00  9.82546055e+00  2.99355225e+00  9.33612193e+00 
 3.02822061e+00  9.82806385e+00  3.02822061e+00  9.23106727e+00 
 3.06329046e+00  9.83060940e+00  3.06329046e+00  9.12715350e+00 
 3.09876645e+00  9.83309844e+00  3.09876645e+00  9.02436958e+00 
 3.13465329e+00  9.83553219e+00  3.13465329e+00  8.92270451e+00 
 3.17095574e+00  9.83791186e+00  3.17095574e+00  8.82214739e+00 
 3.20767861e+00  9.84023861e+00  3.20767861e+00  8.72268735e+00 
 3.24482676e+00  9.84251360e+00  3.24482676e+00  8.62431361e+00 
 3.28240513e+00  9.84473794e+00  3.28240513e+00  8.52701545e+00 
 3.32041869e+00  9.84691275e+00  3.32041869e+00  8.43078220e+00 
 3.35887249e+00  9.84903910e+00  3.35887249e+00  8.33560329e+00 
 3.39777162e+00  9.85111805e+00  3.39777162e+00  8.24146818e+00 
 3.43712125e+00  9.85315063e+00  3.43712125e+00  8.14836644e+00 
 3.47692658e+00  9.85513786e+00  3.47692658e+00  8.05628768e+00 
 3.51719290e+00  9.85708072e+00  3.51719290e+00  7.96522161e+00 
 3.55792554e+00  9.85898020e+00  3.55792554e+00  7.87515797e+00 
 3.59912991e+00  9.86083723e+00  3.59912991e+00  7.78608662e+00 
 3.64081146e+00  9.86265276e+00  3.64081146e+00  7.69799747e+00 
 3.68297573e+00  9.86442769e+00  3.68297573e+00  7.61088050e+00 
 3.72562831e+00  9.86616291e+00  3.72562831e+00  7.52472577e+00 
 3.76877484e+00  9.86785930e+00  3.76877484e+00  7.43952342e+00 
 3.81242106e+00  9.86951771e+00  3.81242106e+00  7.35526366e+00 
 3.85657274e+00  9.87113897e+00  3.85657274e+00  7.27193677e+00 
 3.90123574e+00  9.87272392e+00  3.90123574e+00  7.18953311e+00 
 3.94641599e+00  9.87427334e+00  3.94641599e+00  7.10804313e+00 
 3.99211947e+00  9.87578802e+00  3.99211947e+00  7.02745733e+00 
 4.03835224e+00  9.87726872e+00  4.03835224e+00  6.94776632e+00 
 4.08512043e+00  9.87871621e+00  4.08512043e+00  6.86896074e+00 
 4.13243025e+00  9.88013121e+00  4.13243025e+00  6.79103135e+00 
 4.18028796e+00  9.88151444e+00  4.18028796e+00  6.71396897e+00 
 4.22869991e+00  9.88286661e+00  4.22869991e+00  6.63776450e+00 
 4.27767252e+00  9.88418840e+00  4.27767252e+00  6.56240891e+00 
 4.32721228e+00  9.88548049e+00  4.32721228e+00  6.48789325e+00 
 4.37732577e+00  9.88674353e+00  4.37732577e+00  6.41420864e+00 
 4.42801962e+00  9.88797818e+00  4.42801962e+00  6.34134631e+00 
 4.47930055e+00  9.88918506e+00  4.47930055e+00  6.26929752e+00 
 4.53117537e+00  9.89036478e+00  4.53117537e+00  6.19805363e+00 
 4.58365095e+00  9.89151796e+00  4.58365095e+00  6.12760608e+00 
 4.63673425e+00  9.89264519e+00  4.63673425e+00  6.05794639e+00 
 4.69043232e+00  9.89374703e+00  4.69043232e+00  5.98906613e+00 
 4.74475225e+00  9.89482406e+00  4.74475225e+00  5.92095698e+00 
 4.79970127e+00  9.89587683e+00  4.79970127e+00  5.85361066e+00 
 4.85528665e+00  9.89690588e+00  4.85528665e+00  5.78701901e+00 
 4.91151577e+00  9.89791173e+00  4.91151577e+00  5.72117389e+00 
 4.96839608e+00  9.89889492e+00  4.96839608e+00  5.65606729e+00 
 5.02593512e+00  9.89985593e+00  5.02593512e+00  5.59169124e+00 
 5.08414052e+00  9.90079528e+00  5.08414052e+00  5.52803786e+00 
 5.14302000e+00  9.90171343e+00  5.14302000e+00  5.46509933e+00 
 5.20258136e+00  9.90261087e+00  5.20258136e+00  5.40286792e+00 
 5.26283250e+00  9.90348806e+00  5.26283250e+00  5.34133596e+00 
 5.32378141e+00  9.90434545e+00  5.32378141e+00  5.28049586e+00 
 5.38543617e+00  9.90518349e+00  5.38543617e+00  5.22034011e+00 
 5.44780495e+00  9.90600260e+00  5.44780495e+00  5.16086125e+00 
 5.51089603e+00  9.90680322e+00  5.51089603e+00  5.10205192e+00 
 5.57471776e+00  9.90758575e+00  5.57471776e+00  5.04390481e+00 
 5.63927862e+00  9.90835060e+00  5.63927862e+00  4.98641269e+00 
 5.70458716e+00  9.90909817e+00  5.70458716e+00  4.92956840e+00 
 5.77065203e+00  9.90982885e+00  5.77065203e+00  4.87336486e+00 
 5.83748200e+00  9.91054301e+00  5.83748200e+00  4.81779504e+00 
 5.90508593e+00  9.91124103e+00  5.90508593e+00  4.76285199e+00 
 5.97347279e+00  9.91192326e+00  5.97347279e+00  4.70852883e+00 
 6.04265163e+00  9.91259007e+00  6.04265163e+00  4.65481876e+00 
 6.11263163e+00  9.91324180e+00  6.11263163e+00  4.60171501e+00 
 6.18342207e+00  9.91387878e+00  6.18342207e+00  4.54921093e+00 
 6.25503234e+00  9.91450136e+00  6.25503234e+00  4.49729990e+00 
 6.32747192e+00  9.91510984e+00  6.32747192e+00  4.44597538e+00 
 6.40075043e+00  9.91570456e+00  6.40075043e+00  4.39523089e+00 
 6.47487758e+00  9.91628582e+00  6.47487758e+00  4.34506003e+00 
 6.54986319e+00  9.91685392e+00  6.54986319e+00  4.29545644e+00 
 6.62571722e+00  9.91740916e+00  6.62571722e+00  4.24641385e+00 
 6.70244971e+00  9.91795183e+00  6.70244971e+00  4.19792604e+00 
 6.78007084e+00  9.91848221e+00  6.78007084e+00  4.14998687e+00 
 6.85859090e+00  9.91900058e+00  6.85859090e+00  4.10259024e+00 
 6.93802030e+00  9.91950720e+00  6.93802030e+00  4.05573013e+00 
 7.01836957e+00  9.92000235e+00  7.01836957e+00  4.00940058e+00 
 7.09964937e+00  9.92048629e+00  7.09964937e+00  3.96359568e+00 
 7.18187048e+00  9.92095926e+00  7.18187048e+00  3.91830960e+00 
 7.26504378e+00  9.92142151e+00  7.26504378e+00  3.87353656e+00 
 7.34918032e+00  9.92187329e+00  7.34918032e+00  3.82927084e+00 
 7.43429124e+00  9.92231483e+00  7.43429124e+00  3.78550678e+00 
 7.52038784e+00  9.92274636e+00  7.52038784e+00  3.74223879e+00 
 7.60748151e+00  9.92316810e+00  7.60748151e+00  3.69946132e+00 
 7.69558382e+00  9.92358029e+00  7.69558382e+00  3.65716889e+00 
 7.78470645e+00  9.92398313e+00  7.78470645e+00  3.61535609e+00 
 7.87486120e+00  9.92437684e+00  7.87486120e+00  3.57401754e+00 
 7.96606004e+00  9.92476162e+00  7.96606004e+00  3.53314793e+00 
 8.05831505e+00  9.92513767e+00  8.05831505e+00  3.49274202e+00 
 8.15163847e+00  9.92550520e+00  8.15163847e+00  3.45279460e+00 
 8.24604267e+00  9.92586439e+00  8.24604267e+00  3.41330053e+00 
 8.34154016e+00  9.92621543e+00  8.34154016e+00  3.37425474e+00 
 8.43814361e+00  9.92655850e+00  8.43814361e+00  3.33565218e+00 
 8.53586583e+00  9.92689380e+00  8.53586583e+00  3.29748787e+00 
 8.63471977e+00  9.92722148e+00  8.63471977e+00  3.25975690e+00 
 8.73471853e+00  9.92754173e+00  8.73471853e+00  3.22245439e+00 
 8.83587539e+00  9.92785472e+00  8.83587539e+00  3.18557552e+00 
 8.93820374e+00  9.92816060e+00  8.93820374e+00  3.14911552e+00 
 9.04171716e+00  9.92845954e+00  9.04171716e+00  3.11306968e+00 
 9.14642936e+00  9.92875169e+00  9.14642936e+00  3.07743333e+00 
 9.25235424e+00  9.92903721e+00  9.25235424e+00  3.04220186e+00 
 9.35950584e+00  9.92931625e+00  9.35950584e+00  3.00737070e+00 
 9.46789836e+00  9.92958896e+00  9.46789836e+00  2.97293534e+00 
 9.57754617e+00  9.92985548e+00  9.57754617e+00  2.93889130e+00 
 9.68846382e+00  9.93011594e+00  9.68846382e+00  2.90523418e+00 
 9.80066601e+00  9.93037049e+00  9.80066601e+00  2.87195960e+00 
 9.91416761e+00  9.93061927e+00  9.91416761e+00  2.83906324e+00 
 1.00289837e+01  9.93086239e+00  1.00289837e+01  2.80654083e+00 
 1.01451294e+01  9.93109999e+00  1.01451294e+01  2.77438813e+00 
 1.02626203e+01  9.93133220e+00  1.02626203e+01  2.74260096e+00 
 1.03814717e+01  9.93155913e+00  1.03814717e+01  2.71117519e+00 
 1.05016997e+01  9.93178091e+00  1.05016997e+01  2.68010673e+00 
 1.06233199e+01  9.93199766e+00  1.06233199e+01  2.64939153e+00 
 1.07463487e+01  9.93220948e+00  1.07463487e+01  2.61902559e+00 
 1.08708023e+01  9.93241648e+00  1.08708023e+01  2.58900494e+00 
 1.09966971e+01  9.93261879e+00  1.09966971e+01  2.55932569e+00 
 1.11240500e+01  9.93281650e+00  1.11240500e+01  2.52998394e+00 
 1.12528777e+01  9.93300972e+00  1.12528777e+01  2.50097588e+00 
 1.13831974e+01  9.93319855e+00  1.13831974e+01  2.47229771e+00 
 1.15150263e+01  9.93338309e+00  1.15150263e+01  2.44394570e+00 
 1.16483819e+01  9.93356344e+00  1.16483819e+01  2.41591614e+00 
 1.17832819e+01  9.93373969e+00  1.17832819e+01  2.38820536e+00 
 1.19197442e+01  9.93391194e+00  1.19197442e+01  2.36080975e+00 
 1.20577869e+01  9.93408027e+00  1.20577869e+01  2.33372572e+00 
 1.21974282e+01  9.93424478e+00  1.21974282e+01  2.30694972e+00 
 1.23386867e+01  9.93440555e+00  1.23386867e+01  2.28047826e+00 
 1.24815812e+01  9.93456267e+00  1.24815812e+01  2.25430787e+00 
 1.26261305e+01  9.93471621e+00  1.26261305e+01  2.22843512e+00 
 1.27723538e+01  9.93486627e+00  1.27723538e+01  2.20285663e+00 
 1.29202705e+01  9.93501292e+00  1.29202705e+01  2.17756904e+00 
 1.30699003e+01  9.93515623e+00  1.30699003e+01  2.15256904e+00 
 1.32212629e+01  9.93529629e+00  1.32212629e+01  2.12785335e+00 
 1.33743785e+01  9.93543317e+00  1.33743785e+01  2.10341874e+00 
 1.35292673e+01  9.93556693e+00  1.35292673e+01  2.07926199e+00 
 1.36859499e+01  9.93569766e+00  1.36859499e+01  2.05537995e+00 
 1.38444470e+01  9.93582541e+00  1.38444470e+01  2.03176947e+00 
 1.40047796e+01  9.93595026e+00  1.40047796e+01  2.00842746e+00 
 1.41669691e+01  9.93607228e+00  1.41669691e+01  1.98535085e+00 
 1.43310369e+01  9.93619152e+00  1.43310369e+01  1.96253662e+00 
 1.44970048e+01  9.93630805e+00  1.44970048e+01  1.93998176e+00 
 1.46648947e+01  9.93642193e+00  1.46648947e+01  1.91768332e+00 
 1.48347290e+01  9.93653322e+00  1.48347290e+01  1.89563836e+00 
 1.50065301e+01  9.93664199e+00  1.50065301e+01  1.87384400e+00 
 1.51803209e+01  9.93674828e+00  1.51803209e+01  1.85229735e+00 
 1.53561243e+01  9.93685216e+00  1.53561243e+01  1.83099560e+00 
 1.55339637e+01  9.93695367e+00  1.55339637e+01  1.80993594e+00 
 1.57138627e+01  9.93705288e+00  1.57138627e+01  1.78911559e+00 
 1.58958451e+01  9.93714983e+00  1.58958451e+01  1.76853183e+00 
 1.60799350e+01  9.93724458e+00  1.60799350e+01  1.74818194e+00 
 1.62661569e+01  9.93733718e+00  1.62661569e+01  1.72806325e+00 
 1.64545354e+01  9.93742767e+00  1.64545354e+01  1.70817310e+00 
 1.66450955e+01  9.93751610e+00  1.66450955e+01  1.68850889e+00 
 1.68378625e+01  9.93760253e+00  1.68378625e+01  1.66906801e+00 
 1.70328619e+01  9.93768699e+00  1.70328619e+01  1.64984791e+00 
 1.72301197e+01  9.93776953e+00  1.72301197e+01  1.63084607e+00 
 1.74296618e+01  9.93785019e+00  1.74296618e+01  1.61205997e+00 
 1.76315149e+01  9.93792902e+00  1.76315149e+01  1.59348714e+00 
 1.78357056e+01  9.93800606e+00  1.78357056e+01  1.57512514e+00 
 1.80422611e+01  9.93808135e+00  1.80422611e+01  1.55697154e+00 
 1.82512087e+01  9.93815493e+00  1.82512087e+01  1.53902395e+00 
 1.84625761e+01  9.93822683e+00  1.84625761e+01  1.52128001e+00 
 1.86763914e+01  9.93829710e+00  1.86763914e+01  1.50373738e+00 
 1.88926828e+01  9.93836578e+00  1.88926828e+01  1.48639374e+00 
 1.91114791e+01  9.93843289e+00  1.91114791e+01  1.46924681e+00 
 1.93328093e+01  9.93849848e+00  1.93328093e+01  1.45229433e+00 
 1.95567028e+01  9.93856257e+00  1.95567028e+01  1.43553405e+00 
 1.97831891e+01  9.93862521e+00  1.97831891e+01  1.41896378e+00 
 2.00122984e+01  9.93868643e+00  2.00122984e+01  1.40258131e+00 
 2.02440610e+01  9.93874625e+00  2.02440610e+01  1.38638450e+00 
 2.04785077e+01  9.93880472e+00  2.04785077e+01  1.37037120e+00 
 2.07156695e+01  9.93886185e+00  2.07156695e+01  1.35453931e+00 
 2.09555778e+01  9.93891769e+00  2.09555778e+01  1.33888672e+00 
 2.11982645e+01  9.93897226e+00  2.11982645e+01  1.32341138e+00 
 2.14437618e+01  9.93902559e+00  2.14437618e+01  1.30811124e+00 
 2.16921022e+01  9.93907771e+00  2.16921022e+01  1.29298429e+00 
 2.19433187e+01  9.93912864e+00  2.19433187e+01  1.27802852e+00 
 2.21974444e+01  9.93917842e+00  2.21974444e+01  1.26324195e+00 
 2.24545132e+01  9.93922706e+00  2.24545132e+01  1.24862265e+00 
 2.27145591e+01  9.93927460e+00  2.27145591e+01  1.23416867e+00 
 2.29776167e+01  9.93932106e+00  2.29776167e+01  1.21987811e+00 
 2.32437206e+01  9.93936646e+00  2.32437206e+01  1.20574908e+00 
 2.35129064e+01  9.93941083e+00  2.35129064e+01  1.19177971e+00 
 2.37852095e+01  9.93945419e+00  2.37852095e+01  1.17796815e+00 
 2.40606663e+01  9.93949657e+00  2.40606663e+01  1.16431259e+00 
 2.43393131e+01  9.93953799e+00  2.43393131e+01  1.15081122e+00 
 2.46211869e+01  9.93957846e+00  2.46211869e+01  1.13746225e+00 
 2.49063250e+01  9.93961801e+00  2.49063250e+01  1.12426392e+00 
 2.51947654e+01  9.93965667e+00  2.51947654e+01  1.11121448e+00 
 2.54865462e+01  9.93969444e+00  2.54865462e+01  1.09831221e+00 
 2.57817061e+01  9.93973136e+00  2.57817061e+01  1.08555541e+00 
 2.60802843e+01  9.93976744e+00  2.60802843e+01  1.07294238e+00 
 2.63823203e+01  9.93980270e+00  2.63823203e+01  1.06047147e+00 
 2.66878542e+01  9.93983716e+00  2.66878542e+01  1.04814101e+00 
 2.69969265e+01  9.93987084e+00  2.69969265e+01  1.03594939e+00 
 2.73095781e+01  9.93990375e+00  2.73095781e+01  1.02389499e+00 
 2.76258506e+01  9.93993591e+00  2.76258506e+01  1.01197621e+00 
 2.79457858e+01  9.93996734e+00  2.79457858e+01  1.00019148e+00 
 2.82694262e+01  9.93999806e+00  2.82694262e+01  9.88539239e-01 
 2.85968147e+01  9.94002808e+00  2.85968147e+01  9.77017948e-01 
 2.89279946e+01  9.94005742e+00  2.89279946e+01  9.65626082e-01 
 2.92630100e+01  9.94008609e+00  2.92630100e+01  9.54362134e-01 
 2.96019052e+01  9.94011411e+00  2.96019052e+01  9.43224614e-01 
 2.99447251e+01  9.94014149e+00  2.99447251e+01  9.32212049e-01 
 3.02915152e+01  9.94016825e+00  3.02915152e+01  9.21322982e-01 
 3.06423215e+01  9.94019441e+00  3.06423215e+01  9.10555971e-01 
 3.09971905e+01  9.94021997e+00  3.09971905e+01  8.99909594e-01 
 3.13561693e+01  9.94024495e+00  3.13561693e+01  8.89382440e-01 
 3.17193054e+01  9.94026936e+00  3.17193054e+01  8.78973118e-01 
 3.20866469e+01  9.94029321e+00  3.20866469e+01  8.68680249e-01 
 3.24582427e+01  9.94031653e+00  3.24582427e+01  8.58502472e-01 
 3.28341419e+01  9.94033931e+00  3.28341419e+01  8.48438439e-01 
 3.32143943e+01  9.94036158e+00  3.32143943e+01  8.38486819e-01 
 3.35990505e+01  9.94038334e+00  3.35990505e+01  8.28646295e-01 
 3.39881614e+01  9.94040461e+00  3.39881614e+01  8.18915565e-01 
 3.43817786e+01  9.94042539e+00  3.43817786e+01  8.09293339e-01 
 3.47799543e+01  9.94044570e+00  3.47799543e+01  7.99778346e-01 
 3.51827413e+01  9.94046555e+00  3.51827413e+01  7.90369324e-01 
 3.55901929e+01  9.94048495e+00  3.55901929e+01  7.81065030e-01 
 3.60023633e+01  9.94050391e+00  3.60023633e+01  7.71864231e-01 
 3.64193070e+01  9.94052243e+00  3.64193070e+01  7.62765709e-01 
 3.68410793e+01  9.94054054e+00  3.68410793e+01  7.53768260e-01 
 3.72677361e+01  9.94055824e+00  3.72677361e+01  7.44870692e-01 
 3.76993341e+01  9.94057553e+00  3.76993341e+01  7.36071829e-01 
 3.81359304e+01  9.94059243e+00  3.81359304e+01  7.27370503e-01 
 3.85775830e+01  9.94060894e+00  3.85775830e+01  7.18765565e-01 
 3.90243503e+01  9.94062508e+00  3.90243503e+01  7.10255874e-01 
 3.94762917e+01  9.94064086e+00  3.94762917e+01  7.01840303e-01 
 3.99334670e+01  9.94065627e+00  3.99334670e+01  6.93517739e-01 
 4.03959368e+01  9.94067134e+00  4.03959368e+01  6.85287079e-01 
 4.08637625e+01  9.94068606e+00  4.08637625e+01  6.77147233e-01 
 4.13370061e+01  9.94070045e+00  4.13370061e+01  6.69097124e-01 
 4.18157303e+01  9.94071451e+00  4.18157303e+01  6.61135686e-01 
 4.22999987e+01  9.94072825e+00  4.22999987e+01  6.53261863e-01 
 4.27898753e+01  9.94074168e+00  4.27898753e+01  6.45474614e-01 
 4.32854253e+01  9.94075480e+00  4.32854253e+01  6.37772908e-01 
 4.37867142e+01  9.94076763e+00  4.37867142e+01  6.30155723e-01 
 4.42938085e+01  9.94078016e+00  4.42938085e+01  6.22622052e-01 
 4.48067755e+01  9.94079241e+00  4.48067755e+01  6.15170897e-01 
 4.53256831e+01  9.94080438e+00  4.53256831e+01  6.07801270e-01 
 4.58506003e+01  9.94081608e+00  4.58506003e+01  6.00512196e-01 
 4.63815965e+01  9.94082751e+00  4.63815965e+01  5.93302709e-01 
 4.69187422e+01  9.94083868e+00  4.69187422e+01  5.86171855e-01 
 4.74621085e+01  9.94084960e+00  4.74621085e+01  5.79118688e-01 
 4.80117676e+01  9.94086027e+00  4.80117676e+01  5.72142275e-01 
 4.85677923e+01  9.94087069e+00  4.85677923e+01  5.65241691e-01 
 4.91302564e+01  9.94088088e+00  4.91302564e+01  5.58416023e-01 
 4.96992343e+01  9.94089084e+00  4.96992343e+01  5.51664366e-01 
 5.02748016e+01  9.94090057e+00  5.02748016e+01  5.44985826e-01 
 5.08570345e+01  9.94091008e+00  5.08570345e+01  5.38379518e-01 
 5.14460103e+01  9.94091937e+00  5.14460103e+01  5.31844567e-01 
 5.20418070e+01  9.94092845e+00  5.20418070e+01  5.25380107e-01 
 5.26445036e+01  9.94093733e+00  5.26445036e+01  5.18985283e-01 
 5.32541801e+01  9.94094600e+00  5.32541801e+01  5.12659246e-01 
 5.38709172e+01  9.94095448e+00  5.38709172e+01  5.06401159e-01 
 5.44947968e+01  9.94096276e+00  5.44947968e+01  5.00210192e-01 
 5.51259015e+01  9.94097085e+00  5.51259015e+01  4.94085526e-01 
 5.57643151e+01  9.94097876e+00  5.57643151e+01  4.88026349e-01 
 5.64101221e+01  9.94098649e+00  5.64101221e+01  4.82031858e-01 
 5.70634082e+01  9.94099405e+00  5.70634082e+01  4.76101259e-01 
 5.77242601e+01  9.94100143e+00  5.77242601e+01  4.70233766e-01 
 5.83927652e+01  9.94100864e+00  5.83927652e+01  4.64428602e-01 
 5.90690124e+01  9.94101569e+00  5.90690124e+01  4.58684997e-01 
 5.97530911e+01  9.94102258e+00  5.97530911e+01  4.53002192e-01 
 6.04450922e+01  9.94102931e+00  6.04450922e+01  4.47379432e-01 
 6.11451073e+01  9.94103589e+00  6.11451073e+01  4.41815973e-01 
 6.18532294e+01  9.94104231e+00  6.18532294e+01  4.36311077e-01 
 6.25695522e+01  9.94104859e+00  6.25695522e+01  4.30864015e-01 
 6.32941707e+01  9.94105473e+00  6.32941707e+01  4.25474066e-01 
 6.40271811e+01  9.94106073e+00  6.40271811e+01  4.20140515e-01 
 6.47686804e+01  9.94106659e+00  6.47686804e+01  4.14862655e-01 
 6.55187671e+01  9.94107232e+00  6.55187671e+01  4.09639787e-01 
 6.62775405e+01  9.94107791e+00  6.62775405e+01  4.04471219e-01 
 6.70451013e+01  9.94108338e+00  6.70451013e+01  3.99356267e-01 
 6.78215512e+01  9.94108873e+00  6.78215512e+01  3.94294251e-01 
 6.86069932e+01  9.94109395e+00  6.86069932e+01  3.89284502e-01 
 6.94015314e+01  9.94109905e+00  6.94015314e+01  3.84326356e-01 
 7.02052711e+01  9.94110403e+00  7.02052711e+01  3.79419155e-01 
 7.10183190e+01  9.94110890e+00  7.10183190e+01  3.74562249e-01 
 7.18407828e+01  9.94111366e+00  7.18407828e+01  3.69754995e-01 
 7.26727715e+01  9.94111832e+00  7.26727715e+01  3.64996755e-01 
 7.35143955e+01  9.94112286e+00  7.35143955e+01  3.60286899e-01 
 7.43657664e+01  9.94112730e+00  7.43657664e+01  3.55624803e-01 
 7.52269970e+01  9.94113164e+00  7.52269970e+01  3.51009849e-01 
 7.60982015e+01  9.94113588e+00  7.60982015e+01  3.46441425e-01 
 7.69794955e+01  9.94114002e+00  7.69794955e+01  3.41918926e-01 
 7.78709957e+01  9.94114407e+00  7.78709957e+01  3.37441753e-01 
 7.87728204e+01  9.94114802e+00  7.87728204e+01  3.33009311e-01 
 7.96850891e+01  9.94115188e+00  7.96850891e+01  3.28621015e-01 
 8.06079229e+01  9.94115566e+00  8.06079229e+01  3.24276281e-01 
 8.15414439e+01  9.94115935e+00  8.15414439e+01  3.19974535e-01 
 8.24857761e+01  9.94116295e+00  8.24857761e+01  3.15715206e-01 
 8.34410446e+01  9.94116647e+00  8.34410446e+01  3.11497729e-01 
 8.44073761e+01  9.94116991e+00  8.44073761e+01  3.07321547e-01 
 8.53848987e+01  9.94117327e+00  8.53848987e+01  3.03186104e-01 
 8.63737419e+01  9.94117655e+00  8.63737419e+01  2.99090853e-01 
 8.73740370e+01  9.94117976e+00  8.73740370e+01  2.95035252e-01 
 8.83859165e+01  9.94118289e+00  8.83859165e+01  2.91018762e-01 
 8.94095146e+01  9.94118595e+00  8.94095146e+01  2.87040852e-01 
 9.04449670e+01  9.94118894e+00  9.04449670e+01  2.83100994e-01 
 9.14924110e+01  9.94119186e+00  9.14924110e+01  2.79198666e-01 
 9.25519854e+01  9.94119471e+00  9.25519854e+01  2.75333350e-01 
 9.36238307e+01  9.94119750e+00  9.36238307e+01  2.71504535e-01 
 9.47080892e+01  9.94120022e+00  9.47080892e+01  2.67711713e-01 
 9.58049044e+01  9.94120288e+00  9.58049044e+01  2.63954381e-01 
 9.69144218e+01  9.94120548e+00  9.69144218e+01  2.60232041e-01 
 9.80367886e+01  9.94120802e+00  9.80367886e+01  2.56544199e-01 
 9.91721535e+01  9.94121049e+00  9.91721535e+01  2.52890368e-01 
 1.00320667e+02  9.94121291e+00  1.00320667e+02  2.49270062e-01 
 1.01482482e+02  9.94121528e+00  1.01482482e+02  2.45682802e-01 
 1.02657751e+02  9.94121759e+00  1.02657751e+02  2.42128112e-01 
 1.03846632e+02  9.94121984e+00  1.03846632e+02  2.38605521e-01 
 1.05049280e+02  9.94122204e+00  1.05049280e+02  2.35114563e-01 
 1.06265857e+02  9.94122419e+00  1.06265857e+02  2.31654773e-01 
 1.07496523e+02  9.94122629e+00  1.07496523e+02  2.28225695e-01 
 1.08741441e+02  9.94122834e+00  1.08741441e+02  2.24826872e-01 
 1.10000777e+02  9.94123034e+00  1.10000777e+02  2.21457856e-01 
 1.11274697e+02  9.94123230e+00  1.11274697e+02  2.18118198e-01 
 1.12563370e+02  9.94123421e+00  1.12563370e+02  2.14807457e-01 
 1.13866967e+02  9.94123607e+00  1.13866967e+02  2.11525193e-01 
 1.15185661e+02  9.94123789e+00  1.15185661e+02  2.08270972e-01 
 1.16519628e+02  9.94123966e+00  1.16519628e+02  2.05044361e-01 
 1.17869043e+02  9.94124140e+00  1.17869043e+02  2.01844934e-01 
 1.19234085e+02  9.94124309e+00  1.19234085e+02  1.98672267e-01 
 1.20614936e+02  9.94124474e+00  1.20614936e+02  1.95525938e-01 
 1.22011779e+02  9.94124635e+00  1.22011779e+02  1.92405530e-01 
 1.23424798e+02  9.94124793e+00  1.23424798e+02  1.89310631e-01 
 1.24854182e+02  9.94124946e+00  1.24854182e+02  1.86240829e-01 
 1.26300119e+02  9.94125096e+00  1.26300119e+02  1.83195718e-01 
 1.27762802e+02  9.94125242e+00  1.27762802e+02  1.80174893e-01 
 1.29242424e+02  9.94125385e+00  1.29242424e+02  1.77177956e-01 
 1.30739182e+02  9.94125524e+00  1.30739182e+02  1.74204507e-01 
 1.32253273e+02  9.94125659e+00  1.32253273e+02  1.71254154e-01 
 1.33784900e+02  9.94125792e+00  1.33784900e+02  1.68326505e-01 
 1.35334264e+02  9.94125921e+00  1.35334264e+02  1.65421172e-01 
 1.36901571e+02  9.94126047e+00  1.36901571e+02  1.62537769e-01 
 1.38487029e+02  9.94126170e+00  1.38487029e+02  1.59675915e-01 
 1.40090849e+02  9.94126289e+00  1.40090849e+02  1.56835230e-01 
 1.41713242e+02  9.94126406e+00  1.41713242e+02  1.54015338e-01 
 1.43354425e+02  9.94126520e+00  1.43354425e+02  1.51215864e-01 
 1.45014614e+02  9.94126631e+00  1.45014614e+02  1.48436438e-01 
 1.46694029e+02  9.94126739e+00  1.46694029e+02  1.45676691e-01 
 1.48392894e+02  9.94126844e+00  1.48392894e+02  1.42936258e-01 
 1.50111433e+02  9.94126947e+00  1.50111433e+02  1.40214774e-01 
 1.51849875e+02  9.94127047e+00  1.51849875e+02  1.37511879e-01 
 1.53608450e+02  9.94127144e+00  1.53608450e+02  1.34827216e-01 
 1.55387391e+02  9.94127239e+00  1.55387391e+02  1.32160427e-01 
 1.57186933e+02  9.94127331e+00  1.57186933e+02  1.29511160e-01 
 1.59007317e+02  9.94127421e+00  1.59007317e+02  1.26879062e-01 
 1.60848782e+02  9.94127509e+00  1.60848782e+02  1.24263787e-01 
 1.62711573e+02  9.94127594e+00  1.62711573e+02  1.21664985e-01 
 1.64595937e+02  9.94127676e+00  1.64595937e+02  1.19082314e-01 
 1.66502124e+02  9.94127757e+00  1.66502124e+02  1.16515430e-01 
 1.68430387e+02  9.94127835e+00  1.68430387e+02  1.13963993e-01 
 1.70380981e+02  9.94127911e+00  1.70380981e+02  1.11427666e-01 
 1.72354164e+02  9.94127985e+00  1.72354164e+02  1.08906111e-01 
 1.74350199e+02  9.94128057e+00  1.74350199e+02  1.06398995e-01 
 1.76369351e+02  9.94128127e+00  1.76369351e+02  1.03905985e-01 
 1.78411886e+02  9.94128195e+00  1.78411886e+02  1.01426751e-01 
 1.80478075e+02  9.94128261e+00  1.80478075e+02  9.89609637e-02 
 1.82568193e+02  9.94128324e+00  1.82568193e+02  9.65082963e-02 
 1.84682517e+02  9.94128386e+00  1.84682517e+02  9.40684239e-02 
 1.86821327e+02  9.94128446e+00  1.86821327e+02  9.16410228e-02 
 1.88984907e+02  9.94128505e+00  1.88984907e+02  8.92257714e-02 
 1.91173543e+02  9.94128561e+00  1.91173543e+02  8.68223493e-02 
 1.93387525e+02  9.94128615e+00  1.93387525e+02  8.44304380e-02 
 1.95627148e+02  9.94128668e+00  1.95627148e+02  8.20497204e-02 
 1.97892707e+02  9.94128719e+00  1.97892707e+02  7.96798808e-02 
 2.00184505e+02  9.94128768e+00  2.00184505e+02  7.73206050e-02 
 2.02502843e+02  9.94128816e+00  2.02502843e+02  7.49715802e-02 
 2.04848030e+02  9.94128862e+00  2.04848030e+02  7.26324951e-02 
 2.07220377e+02  9.94128906e+00  2.07220377e+02  7.03030395e-02 
 2.09620198e+02  9.94128949e+00  2.09620198e+02  6.79829046e-02 
 2.12047812e+02  9.94128990e+00  2.12047812e+02  6.56717828e-02 
 2.14503539e+02  9.94129030e+00  2.14503539e+02  6.33693676e-02 
 2.16987707e+02  9.94129068e+00  2.16987707e+02  6.10753539e-02 
 2.19500643e+02  9.94129104e+00  2.19500643e+02  5.87894374e-02 
 2.22042682e+02  9.94129139e+00  2.22042682e+02  5.65113152e-02 
 2.24614160e+02  9.94129172e+00  2.24614160e+02  5.42406852e-02 
 2.27215419e+02  9.94129204e+00  2.27215419e+02  5.19772464e-02 
 2.29846803e+02  9.94129235e+00  2.29846803e+02  4.97206986e-02 
 2.32508661e+02  9.94129264e+00  2.32508661e+02  4.74707428e-02 
 2.35201345e+02  9.94129292e+00  2.35201345e+02  4.52270806e-02 
 2.37925214e+02  9.94129318e+00  2.37925214e+02  4.29894145e-02 
 2.40680628e+02  9.94129343e+00  2.40680628e+02  4.07574479e-02 
 2.43467953e+02  9.94129366e+00  2.43467953e+02  3.85308849e-02 
 2.46287557e+02  9.94129388e+00  2.46287557e+02  3.63094302e-02 
 2.49139816e+02  9.94129409e+00  2.49139816e+02  3.40927895e-02 
 2.52025106e+02  9.94129428e+00  2.52025106e+02  3.18806686e-02 
 2.54943811e+02  9.94129446e+00  2.54943811e+02  2.96727745e-02 
 2.57896318e+02  9.94129463e+00  2.57896318e+02  2.74688144e-02 
 2.60883017e+02  9.94129479e+00  2.60883017e+02  2.52684960e-02 
 2.63904306e+02  9.94129493e+00  2.63904306e+02  2.30715277e-02 
 2.66960584e+02  9.94129505e+00  2.66960584e+02  2.08776181e-02 
 2.70052257e+02  9.94129517e+00  2.70052257e+02  1.86864765e-02 
 2.73179734e+02  9.94129527e+00  2.73179734e+02  1.64978123e-02 
 2.76343431e+02  9.94129536e+00  2.76343431e+02  1.43113353e-02 
 2.79543767e+02  9.94129544e+00  2.79543767e+02  1.21267557e-02 
 2.82781166e+02  9.94129550e+00  2.82781166e+02  9.94378374e-03 
 2.86056057e+02  9.94129555e+00  2.86056057e+02  7.76213012e-03 
 2.89368875e+02  9.94129559e+00  2.89368875e+02  5.58150557e-03 
 2.92720058e+02  9.94129561e+00  2.92720058e+02  3.40162096e-03 
 2.96110052e+02  9.94129562e+00  2.96110052e+02  1.22218729e-03 
 2.99539305e+02  9.94129562e+00  2.99539305e+02 -9.57084395e-04 
 3.03008272e+02  9.94129561e+00  3.03008272e+02 -3.13648302e-03 
 3.06517414e+02  9.94129559e+00  3.06517414e+02 -5.31629753e-03 
 3.10067195e+02  9.94129555e+00  3.10067195e+02 -7.49681692e-03 
 3.13658086e+02  9.94129550e+00  3.13658086e+02 -9.67833030e-03 
 3.17290563e+02  9.94129543e+00  3.17290563e+02 -1.18611269e-02 
 3.20965108e+02  9.94129536e+00  3.20965108e+02 -1.40454961e-02 
 3.24682207e+02  9.94129527e+00  3.24682207e+02 -1.62317275e-02 
 3.28442355e+02  9.94129517e+00  3.28442355e+02 -1.84201109e-02 
 3.32246049e+02  9.94129505e+00  3.32246049e+02 -2.06109366e-02 
 3.36093793e+02  9.94129492e+00  3.36093793e+02 -2.28044949e-02 
 3.39986099e+02  9.94129478e+00  3.39986099e+02 -2.50010767e-02 
 3.43923481e+02  9.94129463e+00  3.43923481e+02 -2.72009732e-02 
 3.47906461e+02  9.94129446e+00  3.47906461e+02 -2.94044761e-02 
 3.51935569e+02  9.94129428e+00  3.51935569e+02 -3.16118774e-02 
 3.56011338e+02  9.94129408e+00  3.56011338e+02 -3.38234700e-02 
 3.60134309e+02  9.94129388e+00  3.60134309e+02 -3.60395469e-02 
 3.64305027e+02  9.94129366e+00  3.64305027e+02 -3.82604020e-02 
 3.68524047e+02  9.94129342e+00  3.68524047e+02 -4.04863298e-02 
 3.72791927e+02  9.94129317e+00  3.72791927e+02 -4.27176253e-02 
 3.77109234e+02  9.94129291e+00  3.77109234e+02 -4.49545844e-02 
 3.81476539e+02  9.94129263e+00  3.81476539e+02 -4.71975036e-02 
 3.85894423e+02  9.94129234e+00  3.85894423e+02 -4.94466803e-02 
 3.90363469e+02  9.94129203e+00  3.90363469e+02 -5.17024128e-02 
 3.94884272e+02  9.94129171e+00  3.94884272e+02 -5.39650000e-02 
 3.99457430e+02  9.94129138e+00  3.99457430e+02 -5.62347420e-02 
 4.04083550e+02  9.94129103e+00  4.04083550e+02 -5.85119396e-02 
 4.08763246e+02  9.94129066e+00  4.08763246e+02 -6.07968948e-02 
 4.13497136e+02  9.94129028e+00  4.13497136e+02 -6.30899106e-02 
 4.18285850e+02  9.94128989e+00  4.18285850e+02 -6.53912909e-02 
 4.23130023e+02  9.94128948e+00  4.23130023e+02 -6.77013408e-02 
 4.28030295e+02  9.94128905e+00  4.28030295e+02 -7.00203666e-02 
 4.32987318e+02  9.94128861e+00  4.32987318e+02 -7.23486758e-02 
 4.38001748e+02  9.94128815e+00  4.38001748e+02 -7.46865771e-02 
 4.43074250e+02  9.94128767e+00  4.43074250e+02 -7.70343803e-02 
 4.48205497e+02  9.94128718e+00  4.48205497e+02 -7.93923968e-02 
 4.53396168e+02  9.94128666e+00  4.53396168e+02 -8.17609393e-02 
 4.58646954e+02  9.94128614e+00  4.58646954e+02 -8.41403216e-02 
 4.63958548e+02  9.94128559e+00  4.63958548e+02 -8.65308593e-02 
 4.69331656e+02  9.94128503e+00  4.69331656e+02 -8.89328694e-02 
 4.74766990e+02  9.94128444e+00  4.74766990e+02 -9.13466701e-02 
 4.80265271e+02  9.94128384e+00  4.80265271e+02 -9.37725817e-02 
 4.85827227e+02  9.94128322e+00  4.85827227e+02 -9.62109257e-02 
 4.91453597e+02  9.94128258e+00  4.91453597e+02 -9.86620253e-02 
 4.97145125e+02  9.94128193e+00  4.97145125e+02 -1.01126206e-01 
 5.02902567e+02  9.94128125e+00  5.02902567e+02 -1.03603793e-01 
 5.08726686e+02  9.94128055e+00  5.08726686e+02 -1.06095117e-01 
 5.14618255e+02  9.94127983e+00  5.14618255e+02 -1.08600506e-01 
 5.20578053e+02  9.94127909e+00  5.20578053e+02 -1.11120294e-01 
 5.26606872e+02  9.94127833e+00  5.26606872e+02 -1.13654814e-01 
 5.32705511e+02  9.94127754e+00  5.32705511e+02 -1.16204402e-01 
 5.38874778e+02  9.94127674e+00  5.38874778e+02 -1.18769397e-01 
 5.45115492e+02  9.94127591e+00  5.45115492e+02 -1.21350138e-01 
 5.51428479e+02  9.94127506e+00  5.51428479e+02 -1.23946968e-01 
 5.57814577e+02  9.94127418e+00  5.57814577e+02 -1.26560231e-01 
 5.64274633e+02  9.94127328e+00  5.64274633e+02 -1.29190272e-01 
 5.70809503e+02  9.94127236e+00  5.70809503e+02 -1.31837442e-01 
 5.77420053e+02  9.94127141e+00  5.77420053e+02 -1.34502091e-01 
 5.84107159e+02  9.94127043e+00  5.84107159e+02 -1.37184572e-01 
 5.90871709e+02  9.94126943e+00  5.90871709e+02 -1.39885241e-01 
 5.97714600e+02  9.94126840e+00  5.97714600e+02 -1.42604455e-01 
 6.04636738e+02  9.94126735e+00  6.04636738e+02 -1.45342576e-01 
 6.11639042e+02  9.94126627e+00  6.11639042e+02 -1.48099966e-01 
 6.18722439e+02  9.94126516e+00  6.18722439e+02 -1.50876992e-01 
 6.25887869e+02  9.94126402e+00  6.25887869e+02 -1.53674020e-01 
 6.33136282e+02  9.94126285e+00  6.33136282e+02 -1.56491422e-01 
 6.40468639e+02  9.94126165e+00  6.40468639e+02 -1.59329572e-01 
 6.47885912e+02  9.94126042e+00  6.47885912e+02 -1.62188845e-01 
 6.55389084e+02  9.94125916e+00  6.55389084e+02 -1.65069621e-01 
 6.62979151e+02  9.94125787e+00  6.62979151e+02 -1.67972281e-01 
 6.70657118e+02  9.94125654e+00  6.70657118e+02 -1.70897211e-01 
 6.78424004e+02  9.94125518e+00  6.78424004e+02 -1.73844798e-01 
 6.86280839e+02  9.94125379e+00  6.86280839e+02 -1.76815433e-01 
 6.94228663e+02  9.94125236e+00  6.94228663e+02 -1.79809510e-01 
 7.02268532e+02  9.94125090e+00  7.02268532e+02 -1.82827426e-01 
 7.10401510e+02  9.94124940e+00  7.10401510e+02 -1.85869580e-01 
 7.18628676e+02  9.94124786e+00  7.18628676e+02 -1.88936377e-01 
 7.26951121e+02  9.94124629e+00  7.26951121e+02 -1.92028222e-01 
 7.35369948e+02  9.94124467e+00  7.35369948e+02 -1.95145526e-01 
 7.43886274e+02  9.94124302e+00  7.43886274e+02 -1.98288701e-01 
 7.52501228e+02  9.94124132e+00  7.52501228e+02 -2.01458165e-01 
 7.61215951e+02  9.94123959e+00  7.61215951e+02 -2.04654338e-01 
 7.70031600e+02  9.94123781e+00  7.70031600e+02 -2.07877642e-01 
 7.78949343e+02  9.94123599e+00  7.78949343e+02 -2.11128507e-01 
 7.87970362e+02  9.94123412e+00  7.87970362e+02 -2.14407362e-01 
 7.97095854e+02  9.94123221e+00  7.97095854e+02 -2.17714643e-01 
 8.06327028e+02  9.94123026e+00  8.06327028e+02 -2.21050787e-01 
 8.15665108e+02  9.94122825e+00  8.15665108e+02 -2.24416237e-01 
 8.25111333e+02  9.94122620e+00  8.25111333e+02 -2.27811439e-01 
 8.34666955e+02  9.94122410e+00  8.34666955e+02 -2.31236843e-01 
 8.44333240e+02  9.94122194e+00  8.44333240e+02 -2.34692904e-01 
 8.54111471e+02  9.94121974e+00  8.54111471e+02 -2.38180079e-01 
 8.64002944e+02  9.94121748e+00  8.64002944e+02 -2.41698831e-01 
 8.74008970e+02  9.94121517e+00  8.74008970e+02 -2.45249625e-01 
 8.84130875e+02  9.94121280e+00  8.84130875e+02 -2.48832934e-01 
 8.94370003e+02  9.94121038e+00  8.94370003e+02 -2.52449232e-01 
 9.04727710e+02  9.94120789e+00  9.04727710e+02 -2.56098997e-01 
 9.15205369e+02  9.94120535e+00  9.15205369e+02 -2.59782715e-01 
 9.25804371e+02  9.94120275e+00  9.25804371e+02 -2.63500873e-01 
 9.36526119e+02  9.94120009e+00  9.36526119e+02 -2.67253964e-01 
 9.47372037e+02  9.94119736e+00  9.47372037e+02 -2.71042486e-01 
 9.58343561e+02  9.94119457e+00  9.58343561e+02 -2.74866940e-01 
 9.69442146e+02  9.94119171e+00  9.69442146e+02 -2.78727835e-01 
 9.80669264e+02  9.94118879e+00  9.80669264e+02 -2.82625681e-01 
 9.92026404e+02  9.94118579e+00  9.92026404e+02 -2.86560995e-01 
 1.00351507e+03  9.94118272e+00  1.00351507e+03 -2.90534299e-01 
 1.01513679e+03  9.94117959e+00  1.01513679e+03 -2.94546120e-01 
 1.02689310e+03  9.94117637e+00  1.02689310e+03 -2.98596990e-01 
 1.03878555e+03  9.94117308e+00  1.03878555e+03 -3.02687444e-01 
 1.05081574e+03  9.94116972e+00  1.05081574e+03 -3.06818026e-01 
 1.06298524e+03  9.94116627e+00  1.06298524e+03 -3.10989283e-01 
 1.07529569e+03  9.94116274e+00  1.07529569e+03 -3.15201768e-01 
 1.08774869e+03  9.94115913e+00  1.08774869e+03 -3.19456039e-01 
 1.10034592e+03  9.94115544e+00  1.10034592e+03 -3.23752661e-01 
 1.11308904e+03  9.94115166e+00  1.11308904e+03 -3.28092202e-01 
 1.12597973e+03  9.94114779e+00  1.12597973e+03 -3.32475238e-01 
 1.13901971e+03  9.94114382e+00  1.13901971e+03 -3.36902349e-01 
 1.15221071e+03  9.94113977e+00  1.15221071e+03 -3.41374124e-01 
 1.16555447e+03  9.94113562e+00  1.16555447e+03 -3.45891153e-01 
 1.17905277e+03  9.94113137e+00  1.17905277e+03 -3.50454036e-01 
 1.19270739e+03  9.94112702e+00  1.19270739e+03 -3.55063378e-01 
 1.20652015e+03  9.94112257e+00  1.20652015e+03 -3.59719790e-01 
 1.22049287e+03  9.94111801e+00  1.22049287e+03 -3.64423889e-01 
 1.23462740e+03  9.94111335e+00  1.23462740e+03 -3.69176297e-01 
 1.24892564e+03  9.94110858e+00  1.24892564e+03 -3.73977646e-01 
 1.26338945e+03  9.94110370e+00  1.26338945e+03 -3.78828571e-01 
 1.27802078e+03  9.94109870e+00  1.27802078e+03 -3.83729716e-01 
 1.29282155e+03  9.94109359e+00  1.29282155e+03 -3.88681730e-01 
 1.30779373e+03  9.94108835e+00  1.30779373e+03 -3.93685268e-01 
 1.32293930e+03  9.94108300e+00  1.32293930e+03 -3.98740995e-01 
 1.33826027e+03  9.94107751e+00  1.33826027e+03 -4.03849581e-01 
 1.35375867e+03  9.94107190e+00  1.35375867e+03 -4.09011701e-01 
 1.36943656e+03  9.94106616e+00  1.36943656e+03 -4.14228041e-01 
 1.38529602e+03  9.94106028e+00  1.38529602e+03 -4.19499292e-01 
 1.40133915e+03  9.94105427e+00  1.40133915e+03 -4.24826152e-01 
 1.41756807e+03  9.94104812e+00  1.41756807e+03 -4.30209328e-01 
 1.43398494e+03  9.94104182e+00  1.43398494e+03 -4.35649532e-01 
 1.45059193e+03  9.94103537e+00  1.45059193e+03 -4.41147485e-01 
 1.46739125e+03  9.94102878e+00  1.46739125e+03 -4.46703916e-01 
 1.48438512e+03  9.94102202e+00  1.48438512e+03 -4.52319562e-01 
 1.50157580e+03  9.94101512e+00  1.50157580e+03 -4.57995167e-01 
 1.51896556e+03  9.94100805e+00  1.51896556e+03 -4.63731481e-01 
 1.53655671e+03  9.94100081e+00  1.53655671e+03 -4.69529267e-01 
 1.55435159e+03  9.94099341e+00  1.55435159e+03 -4.75389292e-01 
 1.57235255e+03  9.94098583e+00  1.57235255e+03 -4.81312332e-01 
 1.59056198e+03  9.94097808e+00  1.59056198e+03 -4.87299172e-01 
 1.60898229e+03  9.94097014e+00  1.60898229e+03 -4.93350605e-01 
 1.62761593e+03  9.94096202e+00  1.62761593e+03 -4.99467434e-01 
 1.64646536e+03  9.94095371e+00  1.64646536e+03 -5.05650469e-01 
 1.66553309e+03  9.94094521e+00  1.66553309e+03 -5.11900529e-01 
 1.68482165e+03  9.94093651e+00  1.68482165e+03 -5.18218442e-01 
 1.70433358e+03  9.94092760e+00  1.70433358e+03 -5.24605044e-01 
 1.72407148e+03  9.94091849e+00  1.72407148e+03 -5.31061184e-01 
 1.74403797e+03  9.94090916e+00  1.74403797e+03 -5.37587714e-01 
 1.76423569e+03  9.94089962e+00  1.76423569e+03 -5.44185501e-01 
 1.78466732e+03  9.94088985e+00  1.78466732e+03 -5.50855419e-01 
 1.80533557e+03  9.94087986e+00  1.80533557e+03 -5.57598350e-01 
 1.82624317e+03  9.94086963e+00  1.82624317e+03 -5.64415189e-01 
 1.84739291e+03  9.94085916e+00  1.84739291e+03 -5.71306838e-01 
 1.86878759e+03  9.94084845e+00  1.86878759e+03 -5.78274210e-01 
 1.89043003e+03  9.94083749e+00  1.89043003e+03 -5.85318228e-01 
 1.91232312e+03  9.94082628e+00  1.91232312e+03 -5.92439826e-01 
 1.93446975e+03  9.94081480e+00  1.93446975e+03 -5.99639946e-01 
 1.95687286e+03  9.94080306e+00  1.95687286e+03 -6.06919543e-01 
 1.97953542e+03  9.94079104e+00  1.97953542e+03 -6.14279580e-01 
 2.00246044e+03  9.94077874e+00  2.00246044e+03 -6.21721033e-01 
 2.02565095e+03  9.94076616e+00  2.02565095e+03 -6.29244887e-01 
 2.04911003e+03  9.94075328e+00  2.04911003e+03 -6.36852138e-01 
 2.07284080e+03  9.94074010e+00  2.07284080e+03 -6.44543794e-01 
 2.09684638e+03  9.94072661e+00  2.09684638e+03 -6.52320874e-01 
 2.12112998e+03  9.94071281e+00  2.12112998e+03 -6.60184408e-01 
 2.14569480e+03  9.94069869e+00  2.14569480e+03 -6.68135437e-01 
 2.17054412e+03  9.94068424e+00  2.17054412e+03 -6.76175015e-01 
 2.19568121e+03  9.94066945e+00  2.19568121e+03 -6.84304204e-01 
 2.22110941e+03  9.94065432e+00  2.22110941e+03 -6.92524084e-01 
 2.24683210e+03  9.94063883e+00  2.24683210e+03 -7.00835741e-01 
 2.27285268e+03  9.94062298e+00  2.27285268e+03 -7.09240276e-01 
 2.29917461e+03  9.94060677e+00  2.29917461e+03 -7.17738802e-01 
 2.32580137e+03  9.94059017e+00  2.32580137e+03 -7.26332445e-01 
 2.35273649e+03  9.94057319e+00  2.35273649e+03 -7.35022342e-01 
 2.37998356e+03  9.94055582e+00  2.37998356e+03 -7.43809644e-01 
 2.40754617e+03  9.94053803e+00  2.40754617e+03 -7.52695514e-01 
 2.43542798e+03  9.94051984e+00  2.43542798e+03 -7.61681128e-01 
 2.46363269e+03  9.94050122e+00  2.46363269e+03 -7.70767677e-01 
 2.49216405e+03  9.94048217e+00  2.49216405e+03 -7.79956362e-01 
 2.52102582e+03  9.94046267e+00  2.52102582e+03 -7.89248401e-01 
 2.55022184e+03  9.94044272e+00  2.55022184e+03 -7.98645023e-01 
 2.57975598e+03  9.94042230e+00  2.57975598e+03 -8.08147472e-01 
 2.60963216e+03  9.94040141e+00  2.60963216e+03 -8.17757007e-01 
 2.63985434e+03  9.94038003e+00  2.63985434e+03 -8.27474897e-01 
 2.67042651e+03  9.94035815e+00  2.67042651e+03 -8.37302431e-01 
 2.70135274e+03  9.94033576e+00  2.70135274e+03 -8.47240908e-01 
 2.73263713e+03  9.94031286e+00  2.73263713e+03 -8.57291644e-01 
 2.76428383e+03  9.94028941e+00  2.76428383e+03 -8.67455968e-01 
 2.79629703e+03  9.94026542e+00  2.79629703e+03 -8.77735226e-01 
 2.82868097e+03  9.94024088e+00  2.82868097e+03 -8.88130779e-01 
 2.86143995e+03  9.94021576e+00  2.86143995e+03 -8.98644000e-01 
 2.89457831e+03  9.94019005e+00  2.89457831e+03 -9.09276282e-01 
 2.92810044e+03  9.94016375e+00  2.92810044e+03 -9.20029031e-01 
 2.96201080e+03  9.94013684e+00  2.96201080e+03 -9.30903669e-01 
 2.99631387e+03  9.94010929e+00  2.99631387e+03 -9.41901636e-01 
 3.03101421e+03  9.94008111e+00  3.03101421e+03 -9.53024385e-01 
 3.06611641e+03  9.94005227e+00  3.06611641e+03 -9.64273389e-01 
 3.10162514e+03  9.94002276e+00  3.10162514e+03 -9.75650134e-01 
 3.13754508e+03  9.93999256e+00  3.13754508e+03 -9.87156127e-01 
 3.17388102e+03  9.93996165e+00  3.17388102e+03 -9.98792888e-01 
 3.21063777e+03  9.93993003e+00  3.21063777e+03 -1.01056196e+00 
 3.24782019e+03  9.93989767e+00  3.24782019e+03 -1.02246489e+00 
 3.28543323e+03  9.93986456e+00  3.28543323e+03 -1.03450326e+00 
 3.32348186e+03  9.93983067e+00  3.32348186e+03 -1.04667865e+00 
 3.36197113e+03  9.93979600e+00  3.36197113e+03 -1.05899269e+00 
 3.40090615e+03  9.93976052e+00  3.40090615e+03 -1.07144699e+00 
 3.44029207e+03  9.93972421e+00  3.44029207e+03 -1.08404321e+00 
 3.48013412e+03  9.93968706e+00  3.48013412e+03 -1.09678301e+00 
 3.52043759e+03  9.93964904e+00  3.52043759e+03 -1.10966806e+00 
 3.56120781e+03  9.93961013e+00  3.56120781e+03 -1.12270009e+00 
 3.60245019e+03  9.93957032e+00  3.60245019e+03 -1.13588079e+00 
 3.64417019e+03  9.93952959e+00  3.64417019e+03 -1.14921193e+00 
 3.68637336e+03  9.93948790e+00  3.68637336e+03 -1.16269526e+00 
 3.72906528e+03  9.93944524e+00  3.72906528e+03 -1.17633256e+00 
 3.77225162e+03  9.93940159e+00  3.77225162e+03 -1.19012563e+00 
 3.81593810e+03  9.93935693e+00  3.81593810e+03 -1.20407630e+00 
 3.86013052e+03  9.93931122e+00  3.86013052e+03 -1.21818641e+00 
 3.90483472e+03  9.93926445e+00  3.90483472e+03 -1.23245782e+00 
 3.95005665e+03  9.93921659e+00  3.95005665e+03 -1.24689242e+00 
 3.99580229e+03  9.93916762e+00  3.99580229e+03 -1.26149211e+00 
 4.04207771e+03  9.93911750e+00  4.04207771e+03 -1.27625882e+00 
 4.08888905e+03  9.93906622e+00  4.08888905e+03 -1.29119450e+00 
 4.13624251e+03  9.93901374e+00  4.13624251e+03 -1.30630112e+00 
 4.18414437e+03  9.93896005e+00  4.18414437e+03 -1.32158068e+00 
 4.23260098e+03  9.93890510e+00  4.23260098e+03 -1.33703519e+00 
 4.28161877e+03  9.93884887e+00  4.28161877e+03 -1.35266669e+00 
 4.33120424e+03  9.93879134e+00  4.33120424e+03 -1.36847725e+00 
 4.38136395e+03  9.93873246e+00  4.38136395e+03 -1.38446895e+00 
 4.43210457e+03  9.93867221e+00  4.43210457e+03 -1.40064391e+00 
 4.48343281e+03  9.93861056e+00  4.48343281e+03 -1.41700424e+00 
 4.53535548e+03  9.93854748e+00  4.53535548e+03 -1.43355212e+00 
 4.58787948e+03  9.93848293e+00  4.58787948e+03 -1.45028973e+00 
 4.64101175e+03  9.93841687e+00  4.64101175e+03 -1.46721926e+00 
 4.69475935e+03  9.93834928e+00  4.69475935e+03 -1.48434297e+00 
 4.74912940e+03  9.93828011e+00  4.74912940e+03 -1.50166309e+00 
 4.80412911e+03  9.93820933e+00  4.80412911e+03 -1.51918192e+00 
 4.85976577e+03  9.93813691e+00  4.85976577e+03 -1.53690177e+00 
 4.91604676e+03  9.93806279e+00  4.91604676e+03 -1.55482496e+00 
 4.97297954e+03  9.93798696e+00  4.97297954e+03 -1.57295386e+00 
 5.03057166e+03  9.93790936e+00  5.03057166e+03 -1.59129087e+00 
 5.08883076e+03  9.93782995e+00  5.08883076e+03 -1.60983839e+00 
 5.14776455e+03  9.93774869e+00  5.14776455e+03 -1.62859886e+00 
 5.20738086e+03  9.93766554e+00  5.20738086e+03 -1.64757477e+00 
 5.26768758e+03  9.93758046e+00  5.26768758e+03 -1.66676860e+00 
 5.32869272e+03  9.93749340e+00  5.32869272e+03 -1.68618288e+00 
 5.39040436e+03  9.93740431e+00  5.39040436e+03 -1.70582017e+00 
 5.45283068e+03  9.93731315e+00  5.45283068e+03 -1.72568305e+00 
 5.51597996e+03  9.93721986e+00  5.51597996e+03 -1.74577414e+00 
 5.57986057e+03  9.93712440e+00  5.57986057e+03 -1.76609608e+00 
 5.64448099e+03  9.93702673e+00  5.64448099e+03 -1.78665154e+00 
 5.70984977e+03  9.93692678e+00  5.70984977e+03 -1.80744323e+00 
 5.77597559e+03  9.93682450e+00  5.77597559e+03 -1.82847387e+00 
 5.84286722e+03  9.93671984e+00  5.84286722e+03 -1.84974624e+00 
 5.91053351e+03  9.93661275e+00  5.91053351e+03 -1.87126312e+00 
 5.97898345e+03  9.93650317e+00  5.97898345e+03 -1.89302735e+00 
 6.04822611e+03  9.93639104e+00  6.04822611e+03 -1.91504179e+00 
 6.11827067e+03  9.93627629e+00  6.11827067e+03 -1.93730932e+00 
 6.18912642e+03  9.93615888e+00  6.18912642e+03 -1.95983287e+00 
 6.26080275e+03  9.93603874e+00  6.26080275e+03 -1.98261540e+00 
 6.33330916e+03  9.93591580e+00  6.33330916e+03 -2.00565989e+00 
 6.40665527e+03  9.93579000e+00  6.40665527e+03 -2.02896938e+00 
 6.48085080e+03  9.93566127e+00  6.48085080e+03 -2.05254691e+00 
 6.55590559e+03  9.93552955e+00  6.55590559e+03 -2.07639559e+00 
 6.63182959e+03  9.93539477e+00  6.63182959e+03 -2.10051853e+00 
 6.70863287e+03  9.93525685e+00  6.70863287e+03 -2.12491891e+00 
 6.78632561e+03  9.93511572e+00  6.78632561e+03 -2.14959991e+00 
 6.86491811e+03  9.93497131e+00  6.86491811e+03 -2.17456478e+00 
 6.94442078e+03  9.93482354e+00  6.94442078e+03 -2.19981677e+00 
 7.02484418e+03  9.93467233e+00  7.02484418e+03 -2.22535921e+00 
 7.10619897e+03  9.93451761e+00  7.10619897e+03 -2.25119542e+00 
 7.18849592e+03  9.93435928e+00  7.18849592e+03 -2.27732881e+00 
 7.27174595e+03  9.93419728e+00  7.27174595e+03 -2.30376277e+00 
 7.35596011e+03  9.93403151e+00  7.35596011e+03 -2.33050077e+00 
 7.44114955e+03  9.93386188e+00  7.44114955e+03 -2.35754631e+00 
 7.52732557e+03  9.93368831e+00  7.52732557e+03 -2.38490291e+00 
 7.61449959e+03  9.93351070e+00  7.61449959e+03 -2.41257416e+00 
 7.70268318e+03  9.93332897e+00  7.70268318e+03 -2.44056367e+00 
 7.79188802e+03  9.93314301e+00  7.79188802e+03 -2.46887509e+00 
 7.88212595e+03  9.93295272e+00  7.88212595e+03 -2.49751212e+00 
 7.97340892e+03  9.93275801e+00  7.97340892e+03 -2.52647850e+00 
 8.06574904e+03  9.93255878e+00  8.06574904e+03 -2.55577799e+00 
 8.15915855e+03  9.93235491e+00  8.15915855e+03 -2.58541443e+00 
 8.25364983e+03  9.93214631e+00  8.25364983e+03 -2.61539167e+00 
 8.34923543e+03  9.93193285e+00  8.34923543e+03 -2.64571362e+00 
 8.44592800e+03  9.93171444e+00  8.44592800e+03 -2.67638423e+00 
 8.54374036e+03  9.93149095e+00  8.54374036e+03 -2.70740749e+00 
 8.64268550e+03  9.93126226e+00  8.64268550e+03 -2.73878744e+00 
 8.74277651e+03  9.93102826e+00  8.74277651e+03 -2.77052815e+00 
 8.84402669e+03  9.93078883e+00  8.84402669e+03 -2.80263375e+00 
 8.94644944e+03  9.93054383e+00  8.94644944e+03 -2.83510842e+00 
 9.05005835e+03  9.93029314e+00  9.05005835e+03 -2.86795637e+00 
 9.15486716e+03  9.93003662e+00  9.15486716e+03 -2.90118186e+00 
 9.26088975e+03  9.92977414e+00  9.26088975e+03 -2.93478921e+00 
 9.36814020e+03  9.92950557e+00  9.36814020e+03 -2.96878277e+00 
 9.47663271e+03  9.92923076e+00  9.47663271e+03 -3.00316695e+00 
 9.58638168e+03  9.92894957e+00  9.58638168e+03 -3.03794621e+00 
 9.69740165e+03  9.92866184e+00  9.69740165e+03 -3.07312504e+00 
 9.80970735e+03  9.92836744e+00  9.80970735e+03 -3.10870799e+00 
 9.92331366e+03  9.92806620e+00  9.92331366e+03 -3.14469968e+00 
 1.00382356e+04  9.92775796e+00  1.00382356e+04 -3.18110474e+00 
 1.01544885e+04  9.92744256e+00  1.01544885e+04 -3.21792789e+00 
 1.02720878e+04  9.92711985e+00  1.02720878e+04 -3.25517387e+00 
 1.03910489e+04  9.92678964e+00  1.03910489e+04 -3.29284750e+00 
 1.05113877e+04  9.92645177e+00  1.05113877e+04 -3.33095362e+00 
 1.06331202e+04  9.92610605e+00  1.06331202e+04 -3.36949714e+00 
 1.07562625e+04  9.92575232e+00  1.07562625e+04 -3.40848304e+00 
 1.08808308e+04  9.92539037e+00  1.08808308e+04 -3.44791632e+00 
 1.10068418e+04  9.92502003e+00  1.10068418e+04 -3.48780206e+00 
 1.11343122e+04  9.92464109e+00  1.11343122e+04 -3.52814538e+00 
 1.12632587e+04  9.92425336e+00  1.12632587e+04 -3.56895145e+00 
 1.13936986e+04  9.92385663e+00  1.13936986e+04 -3.61022552e+00 
 1.15256492e+04  9.92345071e+00  1.15256492e+04 -3.65197287e+00 
 1.16591278e+04  9.92303537e+00  1.16591278e+04 -3.69419886e+00 
 1.17941523e+04  9.92261040e+00  1.17941523e+04 -3.73690888e+00 
 1.19307404e+04  9.92217557e+00  1.19307404e+04 -3.78010839e+00 
 1.20689105e+04  9.92173066e+00  1.20689105e+04 -3.82380292e+00 
 1.22086806e+04  9.92127544e+00  1.22086806e+04 -3.86799805e+00 
 1.23500695e+04  9.92080966e+00  1.23500695e+04 -3.91269940e+00 
 1.24930957e+04  9.92033309e+00  1.24930957e+04 -3.95791268e+00 
 1.26377784e+04  9.91984548e+00  1.26377784e+04 -4.00364365e+00 
 1.27841366e+04  9.91934656e+00  1.27841366e+04 -4.04989811e+00 
 1.29321898e+04  9.91883609e+00  1.29321898e+04 -4.09668194e+00 
 1.30819576e+04  9.91831379e+00  1.30819576e+04 -4.14400109e+00 
 1.32334599e+04  9.91777939e+00  1.32334599e+04 -4.19186155e+00 
 1.33867167e+04  9.91723262e+00  1.33867167e+04 -4.24026938e+00 
 1.35417484e+04  9.91667319e+00  1.35417484e+04 -4.28923072e+00 
 1.36985755e+04  9.91610080e+00  1.36985755e+04 -4.33875174e+00 
 1.38572188e+04  9.91551516e+00  1.38572188e+04 -4.38883871e+00 
 1.40176994e+04  9.91491596e+00  1.40176994e+04 -4.43949793e+00 
 1.41800385e+04  9.91430290e+00  1.41800385e+04 -4.49073578e+00 
 1.43442576e+04  9.91367565e+00  1.43442576e+04 -4.54255872e+00 
 1.45103786e+04  9.91303389e+00  1.45103786e+04 -4.59497325e+00 
 1.46784234e+04  9.91237728e+00  1.46784234e+04 -4.64798595e+00 
 1.48484144e+04  9.91170548e+00  1.48484144e+04 -4.70160346e+00 
 1.50203740e+04  9.91101815e+00  1.50203740e+04 -4.75583250e+00 
 1.51943251e+04  9.91031493e+00  1.51943251e+04 -4.81067984e+00 
 1.53702907e+04  9.90959545e+00  1.53702907e+04 -4.86615232e+00 
 1.55482942e+04  9.90885935e+00  1.55482942e+04 -4.92225687e+00 
 1.57283591e+04  9.90810623e+00  1.57283591e+04 -4.97900046e+00 
 1.59105094e+04  9.90733571e+00  1.59105094e+04 -5.03639014e+00 
 1.60947691e+04  9.90654739e+00  1.60947691e+04 -5.09443303e+00 
 1.62811628e+04  9.90574087e+00  1.62811628e+04 -5.15313633e+00 
 1.64697151e+04  9.90491572e+00  1.64697151e+04 -5.21250729e+00 
 1.66604510e+04  9.90407152e+00  1.66604510e+04 -5.27255324e+00 
 1.68533958e+04  9.90320784e+00  1.68533958e+04 -5.33328159e+00 
 1.70485751e+04  9.90232422e+00  1.70485751e+04 -5.39469980e+00 
 1.72460148e+04  9.90142022e+00  1.72460148e+04 -5.45681543e+00 
 1.74457411e+04  9.90049537e+00  1.74457411e+04 -5.51963608e+00 
 1.76477804e+04  9.89954919e+00  1.76477804e+04 -5.58316944e+00 
 1.78521595e+04  9.89858120e+00  1.78521595e+04 -5.64742328e+00 
 1.80589055e+04  9.89759089e+00  1.80589055e+04 -5.71240543e+00 
 1.82680458e+04  9.89657777e+00  1.82680458e+04 -5.77812379e+00 
 1.84796082e+04  9.89554130e+00  1.84796082e+04 -5.84458634e+00 
 1.86936208e+04  9.89448096e+00  1.86936208e+04 -5.91180114e+00 
 1.89101117e+04  9.89339621e+00  1.89101117e+04 -5.97977631e+00 
 1.91291099e+04  9.89228648e+00  1.91291099e+04 -6.04852005e+00 
 1.93506443e+04  9.89115122e+00  1.93506443e+04 -6.11804063e+00 
 1.95747443e+04  9.88998983e+00  1.95747443e+04 -6.18834640e+00 
 1.98014396e+04  9.88880173e+00  1.98014396e+04 -6.25944579e+00 
 2.00307602e+04  9.88758632e+00  2.00307602e+04 -6.33134729e+00 
 2.02627366e+04  9.88634296e+00  2.02627366e+04 -6.40405947e+00 
 2.04973996e+04  9.88507104e+00  2.04973996e+04 -6.47759098e+00 
 2.07347801e+04  9.88376989e+00  2.07347801e+04 -6.55195054e+00 
 2.09749098e+04  9.88243886e+00  2.09749098e+04 -6.62714695e+00 
 2.12178204e+04  9.88107728e+00  2.12178204e+04 -6.70318906e+00 
 2.14635442e+04  9.87968445e+00  2.14635442e+04 -6.78008584e+00 
 2.17121137e+04  9.87825967e+00  2.17121137e+04 -6.85784629e+00 
 2.19635619e+04  9.87680220e+00  2.19635619e+04 -6.93647950e+00 
 2.22179221e+04  9.87531133e+00  2.22179221e+04 -7.01599466e+00 
 2.24752280e+04  9.87378629e+00  2.24752280e+04 -7.09640099e+00 
 2.27355138e+04  9.87222632e+00  2.27355138e+04 -7.17770782e+00 
 2.29988140e+04  9.87063062e+00  2.29988140e+04 -7.25992453e+00 
 2.32651635e+04  9.86899840e+00  2.32651635e+04 -7.34306058e+00 
 2.35345976e+04  9.86732883e+00  2.35345976e+04 -7.42712551e+00 
 2.38071520e+04  9.86562108e+00  2.38071520e+04 -7.51212893e+00 
 2.40828628e+04  9.86387429e+00  2.40828628e+04 -7.59808052e+00 
 2.43617666e+04  9.86208757e+00  2.43617666e+04 -7.68499002e+00 
 2.46439005e+04  9.86026005e+00  2.46439005e+04 -7.77286727e+00 
 2.49293017e+04  9.85839081e+00  2.49293017e+04 -7.86172216e+00 
 2.52180082e+04  9.85647890e+00  2.52180082e+04 -7.95156465e+00 
 2.55100581e+04  9.85452339e+00  2.55100581e+04 -8.04240478e+00 
 2.58054904e+04  9.85252330e+00  2.58054904e+04 -8.13425265e+00 
 2.61043440e+04  9.85047762e+00  2.61043440e+04 -8.22711844e+00 
 2.64066586e+04  9.84838536e+00  2.64066586e+04 -8.32101237e+00 
 2.67124744e+04  9.84624547e+00  2.67124744e+04 -8.41594476e+00 
 2.70218318e+04  9.84405690e+00  2.70218318e+04 -8.51192598e+00 
 2.73347718e+04  9.84181856e+00  2.73347718e+04 -8.60896647e+00 
 2.76513361e+04  9.83952935e+00  2.76513361e+04 -8.70707672e+00 
 2.79715664e+04  9.83718814e+00  2.79715664e+04 -8.80626730e+00 
 2.82955054e+04  9.83479379e+00  2.82955054e+04 -8.90654883e+00 
 2.86231959e+04  9.83234513e+00  2.86231959e+04 -9.00793200e+00 
 2.89546814e+04  9.82984094e+00  2.89546814e+04 -9.11042755e+00 
 2.92900058e+04  9.82728001e+00  2.92900058e+04 -9.21404629e+00 
 2.96292136e+04  9.82466109e+00  2.96292136e+04 -9.31879906e+00 
 2.99723498e+04  9.82198291e+00  2.99723498e+04 -9.42469678e+00 
 3.03194599e+04  9.81924416e+00  3.03194599e+04 -9.53175041e+00 
 3.06705898e+04  9.81644352e+00  3.06705898e+04 -9.63997098e+00 
 3.10257862e+04  9.81357964e+00  3.10257862e+04 -9.74936955e+00 
 3.13850961e+04  9.81065112e+00  3.13850961e+04 -9.85995722e+00 
 3.17485672e+04  9.80765657e+00  3.17485672e+04 -9.97174517e+00 
 3.21162476e+04  9.80459454e+00  3.21162476e+04 -1.00847446e+01 
 3.24881861e+04  9.80146357e+00  3.24881861e+04 -1.01989667e+01 
 3.28644321e+04  9.79826215e+00  3.28644321e+04 -1.03144229e+01 
 3.32450354e+04  9.79498876e+00  3.32450354e+04 -1.04311243e+01 
 3.36300464e+04  9.79164184e+00  3.36300464e+04 -1.05490825e+01 
 3.40195163e+04  9.78821981e+00  3.40195163e+04 -1.06683087e+01 
 3.44134966e+04  9.78472104e+00  3.44134966e+04 -1.07888144e+01 
 3.48120396e+04  9.78114388e+00  3.48120396e+04 -1.09106110e+01 
 3.52151982e+04  9.77748664e+00  3.52151982e+04 -1.10337100e+01 
 3.56230257e+04  9.77374762e+00  3.56230257e+04 -1.11581230e+01 
 3.60355763e+04  9.76992505e+00  3.60355763e+04 -1.12838612e+01 
 3.64529046e+04  9.76601715e+00  3.64529046e+04 -1.14109365e+01 
 3.68750660e+04  9.76202211e+00  3.68750660e+04 -1.15393601e+01 
 3.73021165e+04  9.75793806e+00  3.73021165e+04 -1.16691437e+01 
 3.77341126e+04  9.75376312e+00  3.77341126e+04 -1.18002989e+01 
 3.81711117e+04  9.74949537e+00  3.81711117e+04 -1.19328371e+01 
 3.86131717e+04  9.74513283e+00  3.86131717e+04 -1.20667699e+01 
 3.90603512e+04  9.74067351e+00  3.90603512e+04 -1.22021089e+01 
 3.95127095e+04  9.73611538e+00  3.95127095e+04 -1.23388655e+01 
 3.99703065e+04  9.73145635e+00  3.99703065e+04 -1.24770512e+01 
 4.04332030e+04  9.72669432e+00  4.04332030e+04 -1.26166776e+01 
 4.09014603e+04  9.72182713e+00  4.09014603e+04 -1.27577562e+01 
 4.13751404e+04  9.71685260e+00  4.13751404e+04 -1.29002982e+01 
 4.18543063e+04  9.71176849e+00  4.18543063e+04 -1.30443151e+01 
 4.23390214e+04  9.70657252e+00  4.23390214e+04 -1.31898183e+01 
 4.28293500e+04  9.70126240e+00  4.28293500e+04 -1.33368191e+01 
 4.33253571e+04  9.69583575e+00  4.33253571e+04 -1.34853287e+01 
 4.38271084e+04  9.69029020e+00  4.38271084e+04 -1.36353584e+01 
 4.43346705e+04  9.68462330e+00  4.43346705e+04 -1.37869192e+01 
 4.48481108e+04  9.67883257e+00  4.48481108e+04 -1.39400222e+01 
 4.53674971e+04  9.67291549e+00  4.53674971e+04 -1.40946785e+01 
 4.58928985e+04  9.66686950e+00  4.58928985e+04 -1.42508989e+01 
 4.64243846e+04  9.66069198e+00  4.64243846e+04 -1.44086942e+01 
 4.69620258e+04  9.65438028e+00  4.69620258e+04 -1.45680753e+01 
 4.75058934e+04  9.64793171e+00  4.75058934e+04 -1.47290527e+01 
 4.80560596e+04  9.64134352e+00  4.80560596e+04 -1.48916369e+01 
 4.86125973e+04  9.63461293e+00  4.86125973e+04 -1.50558384e+01 
 4.91755802e+04  9.62773709e+00  4.91755802e+04 -1.52216674e+01 
 4.97450830e+04  9.62071314e+00  4.97450830e+04 -1.53891341e+01 
 5.03211813e+04  9.61353815e+00  5.03211813e+04 -1.55582486e+01 
 5.09039513e+04  9.60620915e+00  5.09039513e+04 -1.57290206e+01 
 5.14934704e+04  9.59872312e+00  5.14934704e+04 -1.59014600e+01 
 5.20898168e+04  9.59107699e+00  5.20898168e+04 -1.60755763e+01 
 5.26930694e+04  9.58326767e+00  5.26930694e+04 -1.62513788e+01 
 5.33033083e+04  9.57529199e+00  5.33033083e+04 -1.64288768e+01 
 5.39206144e+04  9.56714675e+00  5.39206144e+04 -1.66080793e+01 
 5.45450695e+04  9.55882870e+00  5.45450695e+04 -1.67889951e+01 
 5.51767564e+04  9.55033453e+00  5.51767564e+04 -1.69716329e+01 
 5.58157589e+04  9.54166092e+00  5.58157589e+04 -1.71560010e+01 
 5.64621617e+04  9.53280445e+00  5.64621617e+04 -1.73421076e+01 
 5.71160505e+04  9.52376170e+00  5.71160505e+04 -1.75299607e+01 
 5.77775120e+04  9.51452918e+00  5.77775120e+04 -1.77195679e+01 
 5.84466339e+04  9.50510335e+00  5.84466339e+04 -1.79109368e+01 
 5.91235049e+04  9.49548065e+00  5.91235049e+04 -1.81040744e+01 
 5.98082147e+04  9.48565743e+00  5.98082147e+04 -1.82989878e+01 
 6.05008542e+04  9.47563003e+00  6.05008542e+04 -1.84956834e+01 
 6.12015151e+04  9.46539473e+00  6.12015151e+04 -1.86941676e+01 
 6.19102904e+04  9.45494777e+00  6.19102904e+04 -1.88944464e+01 
 6.26272740e+04  9.44428535e+00  6.26272740e+04 -1.90965256e+01 
 6.33525610e+04  9.43340359e+00  6.33525610e+04 -1.93004104e+01 
 6.40862476e+04  9.42229862e+00  6.40862476e+04 -1.95061059e+01 
 6.48284310e+04  9.41096649e+00  6.48284310e+04 -1.97136168e+01 
 6.55792097e+04  9.39940321e+00  6.55792097e+04 -1.99229473e+01 
 6.63386831e+04  9.38760476e+00  6.63386831e+04 -2.01341013e+01 
 6.71069519e+04  9.37556706e+00  6.71069519e+04 -2.03470825e+01 
 6.78841182e+04  9.36328602e+00  6.78841182e+04 -2.05618938e+01 
 6.86702847e+04  9.35075749e+00  6.86702847e+04 -2.07785381e+01 
 6.94655559e+04  9.33797727e+00  6.94655559e+04 -2.09970177e+01 
 7.02700371e+04  9.32494113e+00  7.02700371e+04 -2.12173344e+01 
 7.10838351e+04  9.31164482e+00  7.10838351e+04 -2.14394895e+01 
 7.19070576e+04  9.29808404e+00  7.19070576e+04 -2.16634842e+01 
 7.27398139e+04  9.28425445e+00  7.27398139e+04 -2.18893187e+01 
 7.35822143e+04  9.27015169e+00  7.35822143e+04 -2.21169932e+01 
 7.44343706e+04  9.25577135e+00  7.44343706e+04 -2.23465071e+01 
 7.52963957e+04  9.24110900e+00  7.52963957e+04 -2.25778595e+01 
 7.61684039e+04  9.22616019e+00  7.61684039e+04 -2.28110487e+01 
 7.70505109e+04  9.21092042e+00  7.70505109e+04 -2.30460727e+01 
 7.79428335e+04  9.19538518e+00  7.79428335e+04 -2.32829289e+01 
 7.88454902e+04  9.17954993e+00  7.88454902e+04 -2.35216142e+01 
 7.97586005e+04  9.16341012e+00  7.97586005e+04 -2.37621247e+01 
 8.06822855e+04  9.14696115e+00  8.06822855e+04 -2.40044562e+01 
 8.16166678e+04  9.13019843e+00  8.16166678e+04 -2.42486038e+01 
 8.25618712e+04  9.11311734e+00  8.25618712e+04 -2.44945620e+01 
 8.35180209e+04  9.09571324e+00  8.35180209e+04 -2.47423246e+01 
 8.44852439e+04  9.07798148e+00  8.44852439e+04 -2.49918848e+01 
 8.54636682e+04  9.05991742e+00  8.54636682e+04 -2.52432354e+01 
 8.64534237e+04  9.04151639e+00  8.64534237e+04 -2.54963683e+01 
 8.74546416e+04  9.02277371e+00  8.74546416e+04 -2.57512749e+01 
 8.84674546e+04  9.00368471e+00  8.84674546e+04 -2.60079456e+01 
 8.94919970e+04  8.98424471e+00  8.94919970e+04 -2.62663707e+01 
 9.05284046e+04  8.96444906e+00  9.05284046e+04 -2.65265393e+01 
 9.15768148e+04  8.94429307e+00  9.15768148e+04 -2.67884401e+01 
 9.26373667e+04  8.92377208e+00  9.26373667e+04 -2.70520610e+01 
 9.37102009e+04  8.90288145e+00  9.37102009e+04 -2.73173893e+01 
 9.47954596e+04  8.88161655e+00  9.47954596e+04 -2.75844113e+01 
 9.58932866e+04  8.85997275e+00  9.58932866e+04 -2.78531130e+01 
 9.70038276e+04  8.83794545e+00  9.70038276e+04 -2.81234793e+01 
 9.81272298e+04  8.81553007e+00  9.81272298e+04 -2.83954946e+01 
 9.92636421e+04  8.79272207e+00  9.92636421e+04 -2.86691424e+01 
 1.00413215e+05  8.76951691e+00  1.00413215e+05 -2.89444057e+01 
 1.01576102e+05  8.74591013e+00  1.01576102e+05 -2.92212666e+01 
 1.02752455e+05  8.72189725e+00  1.02752455e+05 -2.94997063e+01 
 1.03942432e+05  8.69747387e+00  1.03942432e+05 -2.97797056e+01 
 1.05146191e+05  8.67263562e+00  1.05146191e+05 -3.00612442e+01 
 1.06363890e+05  8.64737817e+00  1.06363890e+05 -3.03443013e+01 
 1.07595691e+05  8.62169726e+00  1.07595691e+05 -3.06288553e+01 
 1.08841757e+05  8.59558866e+00  1.08841757e+05 -3.09148838e+01 
 1.10102255e+05  8.56904822e+00  1.10102255e+05 -3.12023636e+01 
 1.11377350e+05  8.54207184e+00  1.11377350e+05 -3.14912708e+01 
 1.12667212e+05  8.51465549e+00  1.12667212e+05 -3.17815809e+01 
 1.13972012e+05  8.48679519e+00  1.13972012e+05 -3.20732685e+01 
 1.15291923e+05  8.45848708e+00  1.15291923e+05 -3.23663074e+01 
 1.16627120e+05  8.42972733e+00  1.16627120e+05 -3.26606708e+01 
 1.17977779e+05  8.40051220e+00  1.17977779e+05 -3.29563312e+01 
 1.19344081e+05  8.37083807e+00  1.19344081e+05 -3.32532603e+01 
 1.20726206e+05  8.34070136e+00  1.20726206e+05 -3.35514291e+01 
 1.22124337e+05  8.31009863e+00  1.22124337e+05 -3.38508080e+01 
 1.23538660e+05  8.27902649e+00  1.23538660e+05 -3.41513666e+01 
 1.24969363e+05  8.24748168e+00  1.24969363e+05 -3.44530738e+01 
 1.26416634e+05  8.21546105e+00  1.26416634e+05 -3.47558980e+01 
 1.27880666e+05  8.18296153e+00  1.27880666e+05 -3.50598067e+01 
 1.29361653e+05  8.14998019e+00  1.29361653e+05 -3.53647670e+01 
 1.30859792e+05  8.11651420e+00  1.30859792e+05 -3.56707453e+01 
 1.32375280e+05  8.08256086e+00  1.32375280e+05 -3.59777074e+01 
 1.33908319e+05  8.04811759e+00  1.33908319e+05 -3.62856183e+01 
 1.35459113e+05  8.01318192e+00  1.35459113e+05 -3.65944429e+01 
 1.37027866e+05  7.97775154e+00  1.37027866e+05 -3.69041450e+01 
 1.38614787e+05  7.94182425e+00  1.38614787e+05 -3.72146882e+01 
 1.40220086e+05  7.90539801e+00  1.40220086e+05 -3.75260355e+01 
 1.41843976e+05  7.86847089e+00  1.41843976e+05 -3.78381495e+01 
 1.43486672e+05  7.83104114e+00  1.43486672e+05 -3.81509922e+01 
 1.45148393e+05  7.79310713e+00  1.45148393e+05 -3.84645251e+01 
 1.46829358e+05  7.75466739e+00  1.46829358e+05 -3.87787095e+01 
 1.48529790e+05  7.71572061e+00  1.48529790e+05 -3.90935060e+01 
 1.50249915e+05  7.67626562e+00  1.50249915e+05 -3.94088752e+01 
 1.51989960e+05  7.63630142e+00  1.51989960e+05 -3.97247770e+01 
 1.53750157e+05  7.59582716e+00  1.53750157e+05 -4.00411711e+01 
 1.55530739e+05  7.55484219e+00  1.55530739e+05 -4.03580170e+01 
 1.57331942e+05  7.51334597e+00  1.57331942e+05 -4.06752739e+01 
 1.59154005e+05  7.47133818e+00  1.59154005e+05 -4.09929006e+01 
 1.60997169e+05  7.42881863e+00  1.60997169e+05 -4.13108559e+01 
 1.62861678e+05  7.38578734e+00  1.62861678e+05 -4.16290982e+01 
 1.64747781e+05  7.34224448e+00  1.64747781e+05 -4.19475861e+01 
 1.66655726e+05  7.29819039e+00  1.66655726e+05 -4.22662776e+01 
 1.68585768e+05  7.25362562e+00  1.68585768e+05 -4.25851310e+01 
 1.70538161e+05  7.20855087e+00  1.70538161e+05 -4.29041045e+01 
 1.72513165e+05  7.16296703e+00  1.72513165e+05 -4.32231560e+01 
 1.74511042e+05  7.11687517e+00  1.74511042e+05 -4.35422438e+01 
 1.76532055e+05  7.07027655e+00  1.76532055e+05 -4.38613258e+01 
 1.78576475e+05  7.02317260e+00  1.78576475e+05 -4.41803604e+01 
 1.80644570e+05  6.97556494e+00  1.80644570e+05 -4.44993058e+01 
 1.82736617e+05  6.92745538e+00  1.82736617e+05 -4.48181206e+01 
 1.84852891e+05  6.87884591e+00  1.84852891e+05 -4.51367632e+01 
 1.86993674e+05  6.82973871e+00  1.86993674e+05 -4.54551926e+01 
 1.89159250e+05  6.78013613e+00  1.89159250e+05 -4.57733678e+01 
 1.91349905e+05  6.73004071e+00  1.91349905e+05 -4.60912480e+01 
 1.93565930e+05  6.67945519e+00  1.93565930e+05 -4.64087931e+01 
 1.95807618e+05  6.62838247e+00  1.95807618e+05 -4.67259628e+01 
 1.98075268e+05  6.57682566e+00  1.98075268e+05 -4.70427175e+01 
 2.00369179e+05  6.52478803e+00  2.00369179e+05 -4.73590180e+01 
 2.02689657e+05  6.47227304e+00  2.02689657e+05 -4.76748254e+01 
 2.05037007e+05  6.41928433e+00  2.05037007e+05 -4.79901013e+01 
 2.07411543e+05  6.36582572e+00  2.07411543e+05 -4.83048079e+01 
 2.09813578e+05  6.31190120e+00  2.09813578e+05 -4.86189077e+01 
 2.12243431e+05  6.25751496e+00  2.12243431e+05 -4.89323640e+01 
 2.14701424e+05  6.20267134e+00  2.14701424e+05 -4.92451404e+01 
 2.17187883e+05  6.14737486e+00  2.17187883e+05 -4.95572015e+01 
 2.19703138e+05  6.09163022e+00  2.19703138e+05 -4.98685122e+01 
 2.22247522e+05  6.03544227e+00  2.22247522e+05 -5.01790382e+01 
 2.24821372e+05  5.97881606e+00  2.24821372e+05 -5.04887459e+01 
 2.27425030e+05  5.92175678e+00  2.27425030e+05 -5.07976025e+01 
 2.30058842e+05  5.86426978e+00  2.30058842e+05 -5.11055757e+01 
 2.32723155e+05  5.80636060e+00  2.32723155e+05 -5.14126343e+01 
 2.35418324e+05  5.74803490e+00  2.35418324e+05 -5.17187478e+01 
 2.38144706e+05  5.68929852e+00  2.38144706e+05 -5.20238863e+01 
 2.40902662e+05  5.63015745e+00  2.40902662e+05 -5.23280211e+01 
 2.43692558e+05  5.57061784e+00  2.43692558e+05 -5.26311241e+01 
 2.46514763e+05  5.51068596e+00  2.46514763e+05 -5.29331684e+01 
 2.49369653e+05  5.45036824e+00  2.49369653e+05 -5.32341276e+01 
 2.52257605e+05  5.38967128e+00  2.52257605e+05 -5.35339767e+01 
 2.55179003e+05  5.32860176e+00  2.55179003e+05 -5.38326913e+01 
 2.58134233e+05  5.26716656e+00  2.58134233e+05 -5.41302483e+01 
 2.61123688e+05  5.20537264e+00  2.61123688e+05 -5.44266253e+01 
 2.64147764e+05  5.14322714e+00  2.64147764e+05 -5.47218011e+01 
 2.67206861e+05  5.08073728e+00  2.67206861e+05 -5.50157555e+01 
 2.70301386e+05  5.01791043e+00  2.70301386e+05 -5.53084693e+01 
 2.73431749e+05  4.95475408e+00  2.73431749e+05 -5.55999246e+01 
 2.76598365e+05  4.89127584e+00  2.76598365e+05 -5.58901044e+01 
 2.79801653e+05  4.82748343e+00  2.79801653e+05 -5.61789928e+01 
 2.83042038e+05  4.76338467e+00  2.83042038e+05 -5.64665750e+01 
 2.86319950e+05  4.69898752e+00  2.86319950e+05 -5.67528375e+01 
 2.89635824e+05  4.63430001e+00  2.89635824e+05 -5.70377678e+01 
 2.92990099e+05  4.56933030e+00  2.92990099e+05 -5.73213546e+01 
 2.96383220e+05  4.50408664e+00  2.96383220e+05 -5.76035879e+01 
 2.99815637e+05  4.43857736e+00  2.99815637e+05 -5.78844586e+01 
 3.03287805e+05  4.37281091e+00  3.03287805e+05 -5.81639592e+01 
 3.06800183e+05  4.30679582e+00  3.06800183e+05 -5.84420830e+01 
 3.10353239e+05  4.24054069e+00  3.10353239e+05 -5.87188248e+01 
 3.13947443e+05  4.17405423e+00  3.13947443e+05 -5.89941806e+01 
 3.17583271e+05  4.10734522e+00  3.17583271e+05 -5.92681474e+01 
 3.21261205e+05  4.04042252e+00  3.21261205e+05 -5.95407238e+01 
 3.24981734e+05  3.97329504e+00  3.24981734e+05 -5.98119095e+01 
 3.28745351e+05  3.90597181e+00  3.28745351e+05 -6.00817053e+01 
 3.32552554e+05  3.83846188e+00  3.32552554e+05 -6.03501136e+01 
 3.36403848e+05  3.77077440e+00  3.36403848e+05 -6.06171379e+01 
 3.40299744e+05  3.70291857e+00  3.40299744e+05 -6.08827829e+01 
 3.44240758e+05  3.63490365e+00  3.44240758e+05 -6.11470547e+01 
 3.48227413e+05  3.56673896e+00  3.48227413e+05 -6.14099608e+01 
 3.52260238e+05  3.49843387e+00  3.52260238e+05 -6.16715100e+01 
 3.56339767e+05  3.42999780e+00  3.56339767e+05 -6.19317121e+01 
 3.60466541e+05  3.36144023e+00  3.60466541e+05 -6.21905786e+01 
 3.64641107e+05  3.29277067e+00  3.64641107e+05 -6.24481221e+01 
 3.68864019e+05  3.22399870e+00  3.68864019e+05 -6.27043567e+01 
 3.73135837e+05  3.15513390e+00  3.73135837e+05 -6.29592978e+01 
 3.77457126e+05  3.08618593e+00  3.77457126e+05 -6.32129620e+01 
 3.81828460e+05  3.01716447e+00  3.81828460e+05 -6.34653673e+01 
 3.86250419e+05  2.94807921e+00  3.86250419e+05 -6.37165332e+01 
 3.90723589e+05  2.87893990e+00  3.90723589e+05 -6.39664805e+01 
 3.95248562e+05  2.80975631e+00  3.95248562e+05 -6.42152313e+01 
 3.99825939e+05  2.74053823e+00  3.99825939e+05 -6.44628090e+01 
 4.04456327e+05  2.67129548e+00  4.04456327e+05 -6.47092386e+01 
 4.09140339e+05  2.60203789e+00  4.09140339e+05 -6.49545463e+01 
 4.13878597e+05  2.53277532e+00  4.13878597e+05 -6.51987598e+01 
 4.18671729e+05  2.46351762e+00  4.18671729e+05 -6.54419080e+01 
 4.23520370e+05  2.39427469e+00  4.23520370e+05 -6.56840214e+01 
 4.28425163e+05  2.32505640e+00  4.28425163e+05 -6.59251318e+01 
 4.33386759e+05  2.25587266e+00  4.33386759e+05 -6.61652724e+01 
 4.38405814e+05  2.18673338e+00  4.38405814e+05 -6.64044778e+01 
 4.43482996e+05  2.11764844e+00  4.43482996e+05 -6.66427842e+01 
 4.48618977e+05  2.04862776e+00  4.48618977e+05 -6.68802288e+01 
 4.53814437e+05  1.97968123e+00  4.53814437e+05 -6.71168506e+01 
 4.59070066e+05  1.91081876e+00  4.59070066e+05 -6.73526899e+01 
 4.64386560e+05  1.84205021e+00  4.64386560e+05 -6.75877883e+01 
 4.69764625e+05  1.77338548e+00  4.69764625e+05 -6.78221891e+01 
 4.75204974e+05  1.70483443e+00  4.75204974e+05 -6.80559369e+01 
 4.80708327e+05  1.63640689e+00  4.80708327e+05 -6.82890775e+01 
 4.86275414e+05  1.56811270e+00  4.86275414e+05 -6.85216586e+01 
 4.91906974e+05  1.49996166e+00  4.91906974e+05 -6.87537290e+01 
 4.97603753e+05  1.43196355e+00  4.97603753e+05 -6.89853390e+01 
 5.03366507e+05  1.36412813e+00  5.03366507e+05 -6.92165406e+01 
 5.09195999e+05  1.29646512e+00  5.09195999e+05 -6.94473869e+01 
 5.15093002e+05  1.22898421e+00  5.15093002e+05 -6.96779328e+01 
 5.21058299e+05  1.16169506e+00  5.21058299e+05 -6.99082344e+01 
 5.27092679e+05  1.09460728e+00  5.27092679e+05 -7.01383494e+01 
 5.33196944e+05  1.02773045e+00  5.33196944e+05 -7.03683369e+01 
 5.39371903e+05  9.61074092e-01  5.39371903e+05 -7.05982575e+01 
 5.45618374e+05  8.94647700e-01  5.45618374e+05 -7.08281733e+01 
 5.51937185e+05  8.28460699e-01  5.51937185e+05 -7.10581480e+01 
 5.58329174e+05  7.62522469e-01  5.58329174e+05 -7.12882464e+01 
 5.64795189e+05  6.96842328e-01  5.64795189e+05 -7.15185352e+01 
 5.71336088e+05  6.31429536e-01  5.71336088e+05 -7.17490824e+01 
 5.77952736e+05  5.66293290e-01  5.77952736e+05 -7.19799574e+01 
 5.84646012e+05  5.01442718e-01  5.84646012e+05 -7.22112312e+01 
 5.91416802e+05  4.36886878e-01  5.91416802e+05 -7.24429762e+01 
 5.98266006e+05  3.72634754e-01  5.98266006e+05 -7.26752664e+01 
 6.05194529e+05  3.08695252e-01  6.05194529e+05 -7.29081772e+01 
 6.12203293e+05  2.45077198e-01  6.12203293e+05 -7.31417854e+01 
 6.19293224e+05  1.81789333e-01  6.19293224e+05 -7.33761695e+01 
 6.26465265e+05  1.18840309e-01  6.26465265e+05 -7.36114093e+01 
 6.33720365e+05  5.62386869e-02  6.33720365e+05 -7.38475860e+01 
 6.41059486e+05 -6.00706798e-03  6.41059486e+05 -7.40847826e+01 
 6.48483601e+05 -6.78885900e-02  6.48483601e+05 -7.43230832e+01 
 6.55993696e+05 -1.29397617e-01  6.55993696e+05 -7.45625735e+01 
 6.63590765e+05 -1.90525992e-01  6.63590765e+05 -7.48033408e+01 
 6.71275815e+05 -2.51265671e-01  6.71275815e+05 -7.50454736e+01 
 6.79049866e+05 -3.11608725e-01  6.79049866e+05 -7.52890621e+01 
 6.86913949e+05 -3.71547340e-01  6.86913949e+05 -7.55341977e+01 
 6.94869105e+05 -4.31073828e-01  6.94869105e+05 -7.57809733e+01 
 7.02916391e+05 -4.90180626e-01  7.02916391e+05 -7.60294834e+01 
 7.11056872e+05 -5.48860303e-01  7.11056872e+05 -7.62798238e+01 
 7.19291628e+05 -6.07105561e-01  7.19291628e+05 -7.65320915e+01 
 7.27621750e+05 -6.64909240e-01  7.27621750e+05 -7.67863853e+01 
 7.36048344e+05 -7.22264325e-01  7.36048344e+05 -7.70428050e+01 
 7.44572527e+05 -7.79163945e-01  7.44572527e+05 -7.73014520e+01 
 7.53195428e+05 -8.35601383e-01  7.53195428e+05 -7.75624291e+01 
 7.61918191e+05 -8.91570073e-01  7.61918191e+05 -7.78258403e+01 
 7.70741972e+05 -9.47063610e-01  7.70741972e+05 -7.80917910e+01 
 7.79667942e+05 -1.00207575e+00  7.79667942e+05 -7.83603879e+01 
 7.88697283e+05 -1.05660043e+00  7.88697283e+05 -7.86317390e+01 
 7.97831193e+05 -1.11063173e+00  7.97831193e+05 -7.89059538e+01 
 8.07070883e+05 -1.16416394e+00  8.07070883e+05 -7.91831428e+01 
 8.16417578e+05 -1.21719149e+00  8.16417578e+05 -7.94634179e+01 
 8.25872518e+05 -1.26970904e+00  8.25872518e+05 -7.97468923e+01 
 8.35436955e+05 -1.32171140e+00  8.35436955e+05 -8.00336802e+01 
 8.45112157e+05 -1.37319359e+00  8.45112157e+05 -8.03238973e+01 
 8.54899409e+05 -1.42415082e+00  8.54899409e+05 -8.06176603e+01 
 8.64800006e+05 -1.47457850e+00  8.64800006e+05 -8.09150871e+01 
 8.74815263e+05 -1.52447226e+00  8.74815263e+05 -8.12162970e+01 
 8.84946506e+05 -1.57382792e+00  8.84946506e+05 -8.15214100e+01 
 8.95195080e+05 -1.62264152e+00  8.95195080e+05 -8.18305476e+01 
 9.05562342e+05 -1.67090931e+00  9.05562342e+05 -8.21438323e+01 
 9.16049667e+05 -1.71862779e+00  9.16049667e+05 -8.24613874e+01 
 9.26658447e+05 -1.76579365e+00  9.26658447e+05 -8.27833377e+01 
 9.37390086e+05 -1.81240382e+00  9.37390086e+05 -8.31098086e+01 
 9.48246009e+05 -1.85845549e+00  9.48246009e+05 -8.34409269e+01 
 9.59227655e+05 -1.90394605e+00  9.59227655e+05 -8.37768201e+01 
 9.70336479e+05 -1.94887316e+00  9.70336479e+05 -8.41176169e+01 
 9.81573954e+05 -1.99323472e+00  9.81573954e+05 -8.44634466e+01 
 9.92941571e+05 -2.03702889e+00  9.92941571e+05 -8.48144397e+01 
 1.00444084e+06 -2.08025406e+00  1.00444084e+06 -8.51707276e+01 
 1.01607327e+06 -2.12290892e+00  1.01607327e+06 -8.55324424e+01 
 1.02784043e+06 -2.16499239e+00  1.02784043e+06 -8.58997172e+01 
 1.03974386e+06 -2.20650369e+00  1.03974386e+06 -8.62726857e+01 
 1.05178514e+06 -2.24744230e+00  1.05178514e+06 -8.66514827e+01 
 1.06396587e+06 -2.28780799e+00  1.06396587e+06 -8.70362436e+01 
 1.07628767e+06 -2.32760080e+00  1.07628767e+06 -8.74271046e+01 
 1.08875217e+06 -2.36682108e+00  1.08875217e+06 -8.78242024e+01 
 1.10136102e+06 -2.40546947e+00  1.10136102e+06 -8.82276748e+01 
 1.11411589e+06 -2.44354690e+00  1.11411589e+06 -8.86376599e+01 
 1.12701847e+06 -2.48105463e+00  1.12701847e+06 -8.90542967e+01 
 1.14007049e+06 -2.51799422e+00  1.14007049e+06 -8.94777247e+01 
 1.15327365e+06 -2.55436756e+00  1.15327365e+06 -8.99080839e+01 
 1.16662972e+06 -2.59017685e+00  1.16662972e+06 -9.03455152e+01 
 1.18014047e+06 -2.62542464e+00  1.18014047e+06 -9.07901597e+01 
 1.19380769e+06 -2.66011382e+00  1.19380769e+06 -9.12421591e+01 
 1.20763319e+06 -2.69424761e+00  1.20763319e+06 -9.17016557e+01 
 1.22161880e+06 -2.72782961e+00  1.22161880e+06 -9.21687921e+01 
 1.23576638e+06 -2.76086375e+00  1.23576638e+06 -9.26437115e+01 
 1.25007780e+06 -2.79335437e+00  1.25007780e+06 -9.31265574e+01 
 1.26455496e+06 -2.82530616e+00  1.26455496e+06 -9.36174736e+01 
 1.27919978e+06 -2.85672421e+00  1.27919978e+06 -9.41166045e+01 
 1.29401421e+06 -2.88761401e+00  1.29401421e+06 -9.46240945e+01 
 1.30900020e+06 -2.91798144e+00  1.30900020e+06 -9.51400885e+01 
 1.32415974e+06 -2.94783282e+00  1.32415974e+06 -9.56647316e+01 
 1.33949485e+06 -2.97717489e+00  1.33949485e+06 -9.61981689e+01 
 1.35500755e+06 -3.00601482e+00  1.35500755e+06 -9.67405461e+01 
 1.37069990e+06 -3.03436025e+00  1.37069990e+06 -9.72920086e+01 
 1.38657399e+06 -3.06221925e+00  1.38657399e+06 -9.78527022e+01 
 1.40263192e+06 -3.08960040e+00  1.40263192e+06 -9.84227726e+01 
 1.41887581e+06 -3.11651275e+00  1.41887581e+06 -9.90023656e+01 
 1.43530782e+06 -3.14296586e+00  1.43530782e+06 -9.95916269e+01 
 1.45193013e+06 -3.16896980e+00  1.45193013e+06 -1.00190702e+02 
 1.46874495e+06 -3.19453517e+00  1.46874495e+06 -1.00799737e+02 
 1.48575450e+06 -3.21967313e+00  1.48575450e+06 -1.01418877e+02 
 1.50296103e+06 -3.24439540e+00  1.50296103e+06 -1.02048266e+02 
 1.52036684e+06 -3.26871426e+00  1.52036684e+06 -1.02688050e+02 
 1.53797422e+06 -3.29264261e+00  1.53797422e+06 -1.03338374e+02 
 1.55578551e+06 -3.31619397e+00  1.55578551e+06 -1.03999380e+02 
 1.57380308e+06 -3.33938248e+00  1.57380308e+06 -1.04671213e+02 
 1.59202931e+06 -3.36222293e+00  1.59202931e+06 -1.05354016e+02 
 1.61046661e+06 -3.38473082e+00  1.61046661e+06 -1.06047930e+02 
 1.62911744e+06 -3.40692230e+00  1.62911744e+06 -1.06753097e+02 
 1.64798426e+06 -3.42881427e+00  1.64798426e+06 -1.07469657e+02 
 1.66706959e+06 -3.45042437e+00  1.66706959e+06 -1.08197751e+02 
 1.68637593e+06 -3.47177099e+00  1.68637593e+06 -1.08937516e+02 
 1.70590587e+06 -3.49287330e+00  1.70590587e+06 -1.09689089e+02 
 1.72566198e+06 -3.51375131e+00  1.72566198e+06 -1.10452607e+02 
 1.74564689e+06 -3.53442585e+00  1.74564689e+06 -1.11228203e+02 
 1.76586324e+06 -3.55491860e+00  1.76586324e+06 -1.12016011e+02 
 1.78631372e+06 -3.57525216e+00  1.78631372e+06 -1.12816161e+02 
 1.80700103e+06 -3.59545001e+00  1.80700103e+06 -1.13628782e+02 
 1.82792793e+06 -3.61553659e+00  1.82792793e+06 -1.14454001e+02 
 1.84909717e+06 -3.63553730e+00  1.84909717e+06 -1.15291941e+02 
 1.87051159e+06 -3.65547855e+00  1.87051159e+06 -1.16142725e+02 
 1.89217400e+06 -3.67538775e+00  1.89217400e+06 -1.17006471e+02 
 1.91408728e+06 -3.69529337e+00  1.91408728e+06 -1.17883294e+02 
 1.93625434e+06 -3.71522496e+00  1.93625434e+06 -1.18773308e+02 
 1.95867812e+06 -3.73521318e+00  1.95867812e+06 -1.19676621e+02 
 1.98136159e+06 -3.75528980e+00  1.98136159e+06 -1.20593338e+02 
 2.00430776e+06 -3.77548775e+00  2.00430776e+06 -1.21523558e+02 
 2.02751966e+06 -3.79584116e+00  2.02751966e+06 -1.22467379e+02 
 2.05100039e+06 -3.81638534e+00  2.05100039e+06 -1.23424890e+02 
 2.07475304e+06 -3.83715684e+00  2.07475304e+06 -1.24396177e+02 
 2.09878077e+06 -3.85819347e+00  2.09878077e+06 -1.25381321e+02 
 2.12308677e+06 -3.87953427e+00  2.12308677e+06 -1.26380394e+02 
 2.14767426e+06 -3.90121961e+00  2.14767426e+06 -1.27393464e+02 
 2.17254649e+06 -3.92329113e+00  2.17254649e+06 -1.28420591e+02 
 2.19770677e+06 -3.94579180e+00  2.19770677e+06 -1.29461826e+02 
 2.22315843e+06 -3.96876590e+00  2.22315843e+06 -1.30517214e+02 
 2.24890485e+06 -3.99225903e+00  2.24890485e+06 -1.31586791e+02 
 2.27494944e+06 -4.01631813e+00  2.27494944e+06 -1.32670582e+02 
 2.30129565e+06 -4.04099148e+00  2.30129565e+06 -1.33768603e+02 
 2.32794697e+06 -4.06632864e+00  2.32794697e+06 -1.34880862e+02 
 2.35490695e+06 -4.09238050e+00  2.35490695e+06 -1.36007351e+02 
 2.38217915e+06 -4.11919923e+00  2.38217915e+06 -1.37148054e+02 
 2.40976718e+06 -4.14683826e+00  2.40976718e+06 -1.38302942e+02 
 2.43767472e+06 -4.17535225e+00  2.43767472e+06 -1.39471971e+02 
 2.46590545e+06 -4.20479702e+00  2.46590545e+06 -1.40655084e+02 
 2.49446313e+06 -4.23522957e+00  2.49446313e+06 -1.41852211e+02 
 2.52335153e+06 -4.26670795e+00  2.52335153e+06 -1.43063263e+02 
 2.55257448e+06 -4.29929122e+00  2.55257448e+06 -1.44288138e+02 
 2.58213587e+06 -4.33303939e+00  2.58213587e+06 -1.45526715e+02 
 2.61203961e+06 -4.36801332e+00  2.61203961e+06 -1.46778856e+02 
 2.64228966e+06 -4.40427461e+00  2.64228966e+06 -1.48044405e+02 
 2.67289004e+06 -4.44188550e+00  2.67289004e+06 -1.49323185e+02 
 2.70384481e+06 -4.48090874e+00  2.70384481e+06 -1.50615002e+02 
 2.73515806e+06 -4.52140747e+00  2.73515806e+06 -1.51919637e+02 
 2.76683395e+06 -4.56344505e+00  2.76683395e+06 -1.53236852e+02 
 2.79887667e+06 -4.60708494e+00  2.79887667e+06 -1.54566388e+02 
 2.83129049e+06 -4.65239044e+00  2.83129049e+06 -1.55907961e+02 
 2.86407969e+06 -4.69942462e+00  2.86407969e+06 -1.57261264e+02 
 2.89724862e+06 -4.74824999e+00  2.89724862e+06 -1.58625967e+02 
 2.93080168e+06 -4.79892841e+00  2.93080168e+06 -1.60001716e+02 
 2.96474332e+06 -4.85152075e+00  2.96474332e+06 -1.61388132e+02 
 2.99907804e+06 -4.90608673e+00  2.99907804e+06 -1.62784811e+02 
 3.03381039e+06 -4.96268463e+00  3.03381039e+06 -1.64191325e+02 
 3.06894498e+06 -5.02137103e+00  3.06894498e+06 -1.65607220e+02 
 3.10448646e+06 -5.08220055e+00  3.10448646e+06 -1.67032017e+02 
 3.14043954e+06 -5.14522557e+00  3.14043954e+06 -1.68465215e+02 
 3.17680900e+06 -5.21049594e+00  3.17680900e+06 -1.69906286e+02 
 3.21359965e+06 -5.27805868e+00  3.21359965e+06 -1.71354681e+02 
 3.25081638e+06 -5.34795769e+00  3.25081638e+06 -1.72809827e+02 
 3.28846411e+06 -5.42023349e+00  3.28846411e+06 -1.74271129e+02 
 3.32654785e+06 -5.49492288e+00  3.32654785e+06 -1.75737972e+02 
 3.36507263e+06 -5.57205872e+00  3.36507263e+06 -1.77209722e+02 
 3.40404356e+06 -5.65166956e+00  3.40404356e+06 -1.78685726e+02 
 3.44346582e+06 -5.73377949e+00  3.44346582e+06  1.79834683e+02 
 3.48334463e+06 -5.81840779e+00  3.48334463e+06  1.78352190e+02 
 3.52368527e+06 -5.90556878e+00  3.52368527e+06  1.76867488e+02 
 3.56449310e+06 -5.99527154e+00  3.56449310e+06  1.75381283e+02 
 3.60577353e+06 -6.08751977e+00  3.60577353e+06  1.73894287e+02 
 3.64753203e+06 -6.18231163e+00  3.64753203e+06  1.72407218e+02 
 3.68977413e+06 -6.27963958e+00  3.68977413e+06  1.70920797e+02 
 3.73250543e+06 -6.37949033e+00  3.73250543e+06  1.69435743e+02 
 3.77573161e+06 -6.48184472e+00  3.77573161e+06  1.67952773e+02 
 3.81945839e+06 -6.58667778e+00  3.81945839e+06  1.66472597e+02 
 3.86369158e+06 -6.69395868e+00  3.86369158e+06  1.64995916e+02 
 3.90843702e+06 -6.80365083e+00  3.90843702e+06  1.63523421e+02 
 3.95370067e+06 -6.91571194e+00  3.95370067e+06  1.62055784e+02 
 3.99948851e+06 -7.03009421e+00  3.99948851e+06  1.60593661e+02 
 4.04580662e+06 -7.14674451e+00  4.04580662e+06  1.59137686e+02 
 4.09266114e+06 -7.26560455e+00  4.09266114e+06  1.57688471e+02 
 4.14005829e+06 -7.38661121e+00  4.14005829e+06  1.56246600e+02 
 4.18800434e+06 -7.50969683e+00  4.18800434e+06  1.54812627e+02 
 4.23650566e+06 -7.63478953e+00  4.23650566e+06  1.53387076e+02 
 4.28556866e+06 -7.76181358e+00  4.28556866e+06  1.51970437e+02 
 4.33519987e+06 -7.89068981e+00  4.33519987e+06  1.50563165e+02 
 4.38540586e+06 -8.02133606e+00  4.38540586e+06  1.49165678e+02 
 4.43619329e+06 -8.15366758e+00  4.43619329e+06  1.47778354e+02 
 4.48756888e+06 -8.28759750e+00  4.48756888e+06  1.46401533e+02 
 4.53953946e+06 -8.42303732e+00  4.53953946e+06  1.45035515e+02 
 4.59211190e+06 -8.55989741e+00  4.59211190e+06  1.43680558e+02 
 4.64529319e+06 -8.69808741e+00  4.64529319e+06  1.42336880e+02 
 4.69909037e+06 -8.83751679e+00  4.69909037e+06  1.41004659e+02 
 4.75351058e+06 -8.97809528e+00  4.75351058e+06  1.39684030e+02 
 4.80856103e+06 -9.11973330e+00  4.80856103e+06  1.38375091e+02 
 4.86424902e+06 -9.26234246e+00  4.86424902e+06  1.37077900e+02 
 4.92058193e+06 -9.40583592e+00  4.92058193e+06  1.35792478e+02 
 4.97756723e+06 -9.55012879e+00  4.97756723e+06  1.34518809e+02 
 5.03521248e+06 -9.69513850e+00  5.03521248e+06  1.33256844e+02 
 5.09352532e+06 -9.84078514e+00  5.09352532e+06  1.32006501e+02 
 5.15251348e+06 -9.98699173e+00  5.15251348e+06  1.30767666e+02 
 5.21218479e+06 -1.01336845e+01  5.21218479e+06  1.29540199e+02 
 5.27254715e+06 -1.02807931e+01  5.27254715e+06  1.28323932e+02 
 5.33360856e+06 -1.04282509e+01  5.33360856e+06  1.27118675e+02 
 5.39537713e+06 -1.05759948e+01  5.39537713e+06  1.25924214e+02 
 5.45786104e+06 -1.07239658e+01  5.45786104e+06  1.24740317e+02 
 5.52106858e+06 -1.08721089e+01  5.52106858e+06  1.23566736e+02 
 5.58500812e+06 -1.10203728e+01  5.58500812e+06  1.22403208e+02 
 5.64968815e+06 -1.11687106e+01  5.64968815e+06  1.21249457e+02 
 5.71511724e+06 -1.13170793e+01  5.71511724e+06  1.20105198e+02 
 5.78130406e+06 -1.14654396e+01  5.78130406e+06  1.18970139e+02 
 5.84825740e+06 -1.16137565e+01  5.84825740e+06  1.17843979e+02 
 5.91598612e+06 -1.17619984e+01  5.91598612e+06  1.16726418e+02 
 5.98449920e+06 -1.19101377e+01  5.98449920e+06  1.15617150e+02 
 6.05380574e+06 -1.20581503e+01  6.05380574e+06  1.14515870e+02 
 6.12391492e+06 -1.22060152e+01  6.12391492e+06  1.13422275e+02 
 6.19483603e+06 -1.23537150e+01  6.19483603e+06  1.12336063e+02 
 6.26657849e+06 -1.25012352e+01  6.26657849e+06  1.11256936e+02 
 6.33915179e+06 -1.26485642e+01  6.33915179e+06  1.10184601e+02 
 6.41256556e+06 -1.27956931e+01  6.41256556e+06  1.09118773e+02 
 6.48682954e+06 -1.29426156e+01  6.48682954e+06  1.08059170e+02 
 6.56195357e+06 -1.30893276e+01  6.56195357e+06  1.07005519e+02 
 6.63794761e+06 -1.32358272e+01  6.63794761e+06  1.05957556e+02 
 6.71482174e+06 -1.33821144e+01  6.71482174e+06  1.04915023e+02 
 6.79258615e+06 -1.35281913e+01  6.79258615e+06  1.03877673e+02 
 6.87125115e+06 -1.36740611e+01  6.87125115e+06  1.02845266e+02 
 6.95082717e+06 -1.38197289e+01  6.95082717e+06  1.01817572e+02 
 7.03132476e+06 -1.39652007e+01  7.03132476e+06  1.00794371e+02 
 7.11275460e+06 -1.41104840e+01  7.11275460e+06  9.97754495e+01 
 7.19512747e+06 -1.42555869e+01  7.19512747e+06  9.87606052e+01 
 7.27845431e+06 -1.44005187e+01  7.27845431e+06  9.77496439e+01 
 7.36274615e+06 -1.45452892e+01  7.36274615e+06  9.67423799e+01 
 7.44801418e+06 -1.46899089e+01  7.44801418e+06  9.57386364e+01 
 7.53426970e+06 -1.48343886e+01  7.53426970e+06  9.47382441e+01 
 7.62152414e+06 -1.49787398e+01  7.62152414e+06  9.37410419e+01 
 7.70978908e+06 -1.51229741e+01  7.70978908e+06  9.27468760e+01 
 7.79907622e+06 -1.52671033e+01  7.79907622e+06  9.17555998e+01 
 7.88939739e+06 -1.54111395e+01  7.88939739e+06  9.07670733e+01 
 7.98076457e+06 -1.55550947e+01  7.98076457e+06  8.97811630e+01 
 8.07318988e+06 -1.56989811e+01  8.07318988e+06  8.87977413e+01 
 8.16668556e+06 -1.58428107e+01  8.16668556e+06  8.78166861e+01 
 8.26126402e+06 -1.59865956e+01  8.26126402e+06  8.68378807e+01 
 8.35693779e+06 -1.61303476e+01  8.35693779e+06  8.58612131e+01 
 8.45371956e+06 -1.62740784e+01  8.45371956e+06  8.48865758e+01 
 8.55162216e+06 -1.64177996e+01  8.55162216e+06  8.39138654e+01 
 8.65065857e+06 -1.65615226e+01  8.65065857e+06  8.29429822e+01 
 8.75084193e+06 -1.67052586e+01  8.75084193e+06  8.19738301e+01 
 8.85218551e+06 -1.68490183e+01  8.85218551e+06  8.10063159e+01 
 8.95470275e+06 -1.69928126e+01  8.95470275e+06  8.00403492e+01 
 9.05840724e+06 -1.71366519e+01  9.05840724e+06  7.90758424e+01 
 9.16331273e+06 -1.72805463e+01  9.16331273e+06  7.81127099e+01 
 9.26943314e+06 -1.74245058e+01  9.26943314e+06  7.71508680e+01 
 9.37678253e+06 -1.75685402e+01  9.37678253e+06  7.61902349e+01 
 9.48537513e+06 -1.77126588e+01  9.48537513e+06  7.52307304e+01 
 9.59522534e+06 -1.78568709e+01  9.59522534e+06  7.42722754e+01 
 9.70634773e+06 -1.80011855e+01  9.70634773e+06  7.33147920e+01 
 9.81875703e+06 -1.81456115e+01  9.81875703e+06  7.23582033e+01 
 9.93246814e+06 -1.82901573e+01  9.93246814e+06  7.14024332e+01 
 1.00474961e+07 -1.84348315e+01  1.00474961e+07  7.04474061e+01 
 1.01638563e+07 -1.85796421e+01  1.01638563e+07  6.94930471e+01 
 1.02815640e+07 -1.87245974e+01  1.02815640e+07  6.85392815e+01 
 1.04006349e+07 -1.88697051e+01  1.04006349e+07  6.75860350e+01 
 1.05210847e+07 -1.90149731e+01  1.05210847e+07  6.66332335e+01 
 1.06429295e+07 -1.91604089e+01  1.06429295e+07  6.56808030e+01 
 1.07661854e+07 -1.93060202e+01  1.07661854e+07  6.47286695e+01 
 1.08908687e+07 -1.94518143e+01  1.08908687e+07  6.37767592e+01 
 1.10169959e+07 -1.95977986e+01  1.10169959e+07  6.28249980e+01 
 1.11445838e+07 -1.97439805e+01  1.11445838e+07  6.18733118e+01 
 1.12736493e+07 -1.98903671e+01  1.12736493e+07  6.09216265e+01 
 1.14042096e+07 -2.00369657e+01  1.14042096e+07  5.99698677e+01 
 1.15362818e+07 -2.01837834e+01  1.15362818e+07  5.90179610e+01 
 1.16698836e+07 -2.03308276e+01  1.16698836e+07  5.80658318e+01 
 1.18050326e+07 -2.04781052e+01  1.18050326e+07  5.71134055e+01 
 1.19417468e+07 -2.06256236e+01  1.19417468e+07  5.61606071e+01 
 1.20800443e+07 -2.07733900e+01  1.20800443e+07  5.52073617e+01 
 1.22199434e+07 -2.09214117e+01  1.22199434e+07  5.42535944e+01 
 1.23614627e+07 -2.10696960e+01  1.23614627e+07  5.32992301e+01 
 1.25046209e+07 -2.12182503e+01  1.25046209e+07  5.23441938e+01 
 1.26494370e+07 -2.13670821e+01  1.26494370e+07  5.13884105e+01 
 1.27959303e+07 -2.15161989e+01  1.27959303e+07  5.04318052e+01 
 1.29441200e+07 -2.16656084e+01  1.29441200e+07  4.94743031e+01 
 1.30940260e+07 -2.18153184e+01  1.30940260e+07  4.85158297e+01 
 1.32456680e+07 -2.19653366e+01  1.32456680e+07  4.75563106e+01 
 1.33990662e+07 -2.21156711e+01  1.33990662e+07  4.65956718e+01 
 1.35542409e+07 -2.22663301e+01  1.35542409e+07  4.56338395e+01 
 1.37112127e+07 -2.24173216e+01  1.37112127e+07  4.46707406e+01 
 1.38700024e+07 -2.25686541e+01  1.38700024e+07  4.37063022e+01 
 1.40306310e+07 -2.27203362e+01  1.40306310e+07  4.27404521e+01 
 1.41931199e+07 -2.28723763e+01  1.41931199e+07  4.17731189e+01 
 1.43574905e+07 -2.30247835e+01  1.43574905e+07  4.08042316e+01 
 1.45237648e+07 -2.31775665e+01  1.45237648e+07  3.98337204e+01 
 1.46919646e+07 -2.33307346e+01  1.46919646e+07  3.88615159e+01 
 1.48621124e+07 -2.34842969e+01  1.48621124e+07  3.78875500e+01 
 1.50342306e+07 -2.36382630e+01  1.50342306e+07  3.69117555e+01 
 1.52083422e+07 -2.37926424e+01  1.52083422e+07  3.59340663e+01 
 1.53844701e+07 -2.39474448e+01  1.53844701e+07  3.49544175e+01 
 1.55626378e+07 -2.41026802e+01  1.55626378e+07  3.39727454e+01 
 1.57428689e+07 -2.42583585e+01  1.57428689e+07  3.29889878e+01 
 1.59251872e+07 -2.44144902e+01  1.59251872e+07  3.20030838e+01 
 1.61096169e+07 -2.45710854e+01  1.61096169e+07  3.10149740e+01 
 1.62961825e+07 -2.47281548e+01  1.62961825e+07  3.00246006e+01 
 1.64849088e+07 -2.48857090e+01  1.64849088e+07  2.90319076e+01 
 1.66758206e+07 -2.50437589e+01  1.66758206e+07  2.80368406e+01 
 1.68689435e+07 -2.52023154e+01  1.68689435e+07  2.70393471e+01 
 1.70643029e+07 -2.53613898e+01  1.70643029e+07  2.60393764e+01 
 1.72619247e+07 -2.55209931e+01  1.72619247e+07  2.50368800e+01 
 1.74618352e+07 -2.56811369e+01  1.74618352e+07  2.40318113e+01 
 1.76640609e+07 -2.58418327e+01  1.76640609e+07  2.30241258e+01 
 1.78686285e+07 -2.60030920e+01  1.78686285e+07  2.20137815e+01 
 1.80755653e+07 -2.61649267e+01  1.80755653e+07  2.10007384e+01 
 1.82848985e+07 -2.63273485e+01  1.82848985e+07  1.99849590e+01 
 1.84966561e+07 -2.64903696e+01  1.84966561e+07  1.89664082e+01 
 1.87108661e+07 -2.66540019e+01  1.87108661e+07  1.79450535e+01 
 1.89275568e+07 -2.68182575e+01  1.89275568e+07  1.69208649e+01 
 1.91467570e+07 -2.69831488e+01  1.91467570e+07  1.58938151e+01 
 1.93684957e+07 -2.71486879e+01  1.93684957e+07  1.48638796e+01 
 1.95928024e+07 -2.73148873e+01  1.95928024e+07  1.38310365e+01 
 1.98197069e+07 -2.74817594e+01  1.98197069e+07  1.27952671e+01 
 2.00492391e+07 -2.76493165e+01  2.00492391e+07  1.17565552e+01 
 2.02814295e+07 -2.78175713e+01  2.02814295e+07  1.07148878e+01 
 2.05163089e+07 -2.79865361e+01  2.05163089e+07  9.67025511e+00 
 2.07539085e+07 -2.81562236e+01  2.07539085e+07  8.62265016e+00 
 2.09942597e+07 -2.83266462e+01  2.09942597e+07  7.57206929e+00 
 2.12373944e+07 -2.84978164e+01  2.12373944e+07  6.51851203e+00 
 2.14833448e+07 -2.86697467e+01  2.14833448e+07  5.46198120e+00 
 2.17321436e+07 -2.88424497e+01  2.17321436e+07  4.40248291e+00 
 2.19838238e+07 -2.90159376e+01  2.19838238e+07  3.34002665e+00 
 2.22384186e+07 -2.91902229e+01  2.22384186e+07  2.27462535e+00 
 2.24959620e+07 -2.93653179e+01  2.24959620e+07  1.20629539e+00 
 2.27564879e+07 -2.95412347e+01  2.27564879e+07  1.35056626e-01 
 2.30200310e+07 -2.97179856e+01  2.30200310e+07 -9.39067499e-01 
 2.32866262e+07 -2.98955824e+01  2.32866262e+07 -2.01604998e+00 
 2.35563088e+07 -3.00740371e+01  2.35563088e+07 -3.09586020e+00 
 2.38291146e+07 -3.02533614e+01  2.38291146e+07 -4.17846387e+00 
 2.41050798e+07 -3.04335671e+01  2.41050798e+07 -5.26382305e+00 
 2.43842409e+07 -3.06146654e+01  2.43842409e+07 -6.35189607e+00 
 2.46666350e+07 -3.07966678e+01  2.46666350e+07 -7.44263754e+00 
 2.49522996e+07 -3.09795853e+01  2.49522996e+07 -8.53599831e+00 
 2.52412724e+07 -3.11634289e+01  2.52412724e+07 -9.63192544e+00 
 2.55335918e+07 -3.13482092e+01  2.55335918e+07 -1.07303622e+01 
 2.58292965e+07 -3.15339366e+01  2.58292965e+07 -1.18312482e+01 
 2.61284258e+07 -3.17206214e+01  2.61284258e+07 -1.29345189e+01 
 2.64310194e+07 -3.19082736e+01  2.64310194e+07 -1.40401063e+01 
 2.67371172e+07 -3.20969029e+01  2.67371172e+07 -1.51479383e+01 
 2.70467600e+07 -3.22865186e+01  2.70467600e+07 -1.62579391e+01 
 2.73599888e+07 -3.24771299e+01  2.73599888e+07 -1.73700292e+01 
 2.76768451e+07 -3.26687455e+01  2.76768451e+07 -1.84841249e+01 
 2.79973709e+07 -3.28613740e+01  2.79973709e+07 -1.96001391e+01 
 2.83216087e+07 -3.30550235e+01  2.83216087e+07 -2.07179806e+01 
 2.86496015e+07 -3.32497017e+01  2.86496015e+07 -2.18375546e+01 
 2.89813928e+07 -3.34454160e+01  2.89813928e+07 -2.29587624e+01 
 2.93170265e+07 -3.36421734e+01  2.93170265e+07 -2.40815017e+01 
 2.96565473e+07 -3.38399806e+01  2.96565473e+07 -2.52056662e+01 
 3.00000000e+07 -3.40388437e+01  3.00000000e+07 -2.63311463e+01 
