 2.00000000e-01 -5.45032715e+00  2.00000000e-01  6.78862332e+01 
 2.02316202e-01 -5.36462772e+00  2.02316202e-01  6.76551998e+01 
 2.04659228e-01 -5.27921308e+00  2.04659228e-01  6.74222674e+01 
 2.07029388e-01 -5.19408791e+00  2.07029388e-01  6.71874360e+01 
 2.09426997e-01 -5.10925691e+00  2.09426997e-01  6.69507059e+01 
 2.11852373e-01 -5.02472486e+00  2.11852373e-01  6.67120782e+01 
 2.14305837e-01 -4.94049654e+00  2.14305837e-01  6.64715543e+01 
 2.16787715e-01 -4.85657678e+00  2.16787715e-01  6.62291362e+01 
 2.19298335e-01 -4.77297042e+00  2.19298335e-01  6.59848265e+01 
 2.21838031e-01 -4.68968237e+00  2.21838031e-01  6.57386284e+01 
 2.24407140e-01 -4.60671753e+00  2.24407140e-01  6.54905455e+01 
 2.27006001e-01 -4.52408085e+00  2.27006001e-01  6.52405822e+01 
 2.29634959e-01 -4.44177729e+00  2.29634959e-01  6.49887435e+01 
 2.32294364e-01 -4.35981185e+00  2.32294364e-01  6.47350348e+01 
 2.34984567e-01 -4.27818954e+00  2.34984567e-01  6.44794623e+01 
 2.37705925e-01 -4.19691539e+00  2.37705925e-01  6.42220328e+01 
 2.40458800e-01 -4.11599446e+00  2.40458800e-01  6.39627537e+01 
 2.43243555e-01 -4.03543180e+00  2.43243555e-01  6.37016333e+01 
 2.46060561e-01 -3.95523249e+00  2.46060561e-01  6.34386801e+01 
 2.48910190e-01 -3.87540163e+00  2.48910190e-01  6.31739037e+01 
 2.51792821e-01 -3.79594429e+00  2.51792821e-01  6.29073142e+01 
 2.54708836e-01 -3.71686560e+00  2.54708836e-01  6.26389224e+01 
 2.57658622e-01 -3.63817064e+00  2.57658622e-01  6.23687399e+01 
 2.60642568e-01 -3.55986452e+00  2.60642568e-01  6.20967789e+01 
 2.63661072e-01 -3.48195235e+00  2.63661072e-01  6.18230524e+01 
 2.66714534e-01 -3.40443921e+00  2.66714534e-01  6.15475740e+01 
 2.69803357e-01 -3.32733020e+00  2.69803357e-01  6.12703582e+01 
 2.72927952e-01 -3.25063039e+00  2.72927952e-01  6.09914201e+01 
 2.76088733e-01 -3.17434483e+00  2.76088733e-01  6.07107757e+01 
 2.79286119e-01 -3.09847858e+00  2.79286119e-01  6.04284416e+01 
 2.82520534e-01 -3.02303666e+00  2.82520534e-01  6.01444352e+01 
 2.85792407e-01 -2.94802406e+00  2.85792407e-01  5.98587747e+01 
 2.89102171e-01 -2.87344576e+00  2.89102171e-01  5.95714790e+01 
 2.92450266e-01 -2.79930669e+00  2.92450266e-01  5.92825678e+01 
 2.95837135e-01 -2.72561178e+00  2.95837135e-01  5.89920616e+01 
 2.99263228e-01 -2.65236589e+00  2.99263228e-01  5.86999816e+01 
 3.02728998e-01 -2.57957385e+00  3.02728998e-01  5.84063498e+01 
 3.06234905e-01 -2.50724044e+00  3.06234905e-01  5.81111890e+01 
 3.09781414e-01 -2.43537042e+00  3.09781414e-01  5.78145227e+01 
 3.13368996e-01 -2.36396846e+00  3.13368996e-01  5.75163752e+01 
 3.16998125e-01 -2.29303920e+00  3.16998125e-01  5.72167716e+01 
 3.20669283e-01 -2.22258722e+00  3.20669283e-01  5.69157376e+01 
 3.24382957e-01 -2.15261703e+00  3.24382957e-01  5.66132999e+01 
 3.28139639e-01 -2.08313308e+00  3.28139639e-01  5.63094857e+01 
 3.31939827e-01 -2.01413975e+00  3.31939827e-01  5.60043232e+01 
 3.35784025e-01 -1.94564136e+00  3.35784025e-01  5.56978410e+01 
 3.39672743e-01 -1.87764212e+00  3.39672743e-01  5.53900688e+01 
 3.43606496e-01 -1.81014621e+00  3.43606496e-01  5.50810367e+01 
 3.47585805e-01 -1.74315768e+00  3.47585805e-01  5.47707758e+01 
 3.51611200e-01 -1.67668051e+00  3.51611200e-01  5.44593176e+01 
 3.55683212e-01 -1.61071861e+00  3.55683212e-01  5.41466945e+01 
 3.59802383e-01 -1.54527578e+00  3.59802383e-01  5.38329395e+01 
 3.63969257e-01 -1.48035570e+00  3.63969257e-01  5.35180863e+01 
 3.68184388e-01 -1.41596200e+00  3.68184388e-01  5.32021691e+01 
 3.72448335e-01 -1.35209816e+00  3.72448335e-01  5.28852230e+01 
 3.76761663e-01 -1.28876758e+00  3.76761663e-01  5.25672835e+01 
 3.81124943e-01 -1.22597354e+00  3.81124943e-01  5.22483868e+01 
 3.85538754e-01 -1.16371920e+00  3.85538754e-01  5.19285695e+01 
 3.90003682e-01 -1.10200763e+00  3.90003682e-01  5.16078691e+01 
 3.94520318e-01 -1.04084175e+00  3.94520318e-01  5.12863234e+01 
 3.99089261e-01 -9.80224383e-01  3.99089261e-01  5.09639708e+01 
 4.03711118e-01 -9.20158204e-01  4.03711118e-01  5.06408501e+01 
 4.08386500e-01 -8.60645776e-01  4.08386500e-01  5.03170007e+01 
 4.13116027e-01 -8.01689529e-01  4.13116027e-01  4.99924625e+01 
 4.17900328e-01 -7.43291759e-01  4.17900328e-01  4.96672757e+01 
 4.22740035e-01 -6.85454629e-01  4.22740035e-01  4.93414811e+01 
 4.27635791e-01 -6.28180165e-01  4.27635791e-01  4.90151196e+01 
 4.32588245e-01 -5.71470251e-01  4.32588245e-01  4.86882327e+01 
 4.37598053e-01 -5.15326634e-01  4.37598053e-01  4.83608622e+01 
 4.42665880e-01 -4.59750917e-01  4.42665880e-01  4.80330503e+01 
 4.47792398e-01 -4.04744556e-01  4.47792398e-01  4.77048392e+01 
 4.52978286e-01 -3.50308866e-01  4.52978286e-01  4.73762716e+01 
 4.58224231e-01 -2.96445010e-01  4.58224231e-01  4.70473904e+01 
 4.63530930e-01 -2.43154005e-01  4.63530930e-01  4.67182387e+01 
 4.68899086e-01 -1.90436719e-01  4.68899086e-01  4.63888597e+01 
 4.74329410e-01 -1.38293868e-01  4.74329410e-01  4.60592968e+01 
 4.79822623e-01 -8.67260173e-02  4.79822623e-01  4.57295936e+01 
 4.85379453e-01 -3.57335804e-02  4.85379453e-01  4.53997938e+01 
 4.91000637e-01  1.46831815e-02  4.91000637e-01  4.50699409e+01 
 4.96686920e-01  6.45241596e-02  4.96686920e-01  4.47400787e+01 
 5.02439056e-01  1.13789398e-01  5.02439056e-01  4.44102510e+01 
 5.08257807e-01  1.62479093e-01  5.08257807e-01  4.40805014e+01 
 5.14143945e-01  2.10593593e-01  5.14143945e-01  4.37508736e+01 
 5.20098251e-01  2.58133400e-01  5.20098251e-01  4.34214112e+01 
 5.26121513e-01  3.05099166e-01  5.26121513e-01  4.30921576e+01 
 5.32214531e-01  3.51491694e-01  5.32214531e-01  4.27631562e+01 
 5.38378112e-01  3.97311938e-01  5.38378112e-01  4.24344501e+01 
 5.44613074e-01  4.42561000e-01  5.44613074e-01  4.21060824e+01 
 5.50920243e-01  4.87240129e-01  5.50920243e-01  4.17780956e+01 
 5.57300455e-01  5.31350722e-01  5.57300455e-01  4.14505324e+01 
 5.63754556e-01  5.74894321e-01  5.63754556e-01  4.11234349e+01 
 5.70283403e-01  6.17872611e-01  5.70283403e-01  4.07968452e+01 
 5.76887860e-01  6.60287418e-01  5.76887860e-01  4.04708046e+01 
 5.83568804e-01  7.02140709e-01  5.83568804e-01  4.01453546e+01 
 5.90327119e-01  7.43434587e-01  5.90327119e-01  3.98205359e+01 
 5.97163703e-01  7.84171294e-01  5.97163703e-01  3.94963889e+01 
 6.04079461e-01  8.24353202e-01  6.04079461e-01  3.91729538e+01 
 6.11075310e-01  8.63982816e-01  6.11075310e-01  3.88502701e+01 
 6.18152179e-01  9.03062768e-01  6.18152179e-01  3.85283768e+01 
 6.25311005e-01  9.41595818e-01  6.25311005e-01  3.82073126e+01 
 6.32552737e-01  9.79584846e-01  6.32552737e-01  3.78871155e+01 
 6.39878336e-01  1.01703286e+00  6.39878336e-01  3.75678231e+01 
 6.47288773e-01  1.05394297e+00  6.47288773e-01  3.72494725e+01 
 6.54785030e-01  1.09031841e+00  6.54785030e-01  3.69320999e+01 
 6.62368101e-01  1.12616254e+00  6.62368101e-01  3.66157412e+01 
 6.70038992e-01  1.16147880e+00  6.70038992e-01  3.63004317e+01 
 6.77798719e-01  1.19627076e+00  6.77798719e-01  3.59862059e+01 
 6.85648312e-01  1.23054207e+00  6.85648312e-01  3.56730978e+01 
 6.93588812e-01  1.26429650e+00  6.93588812e-01  3.53611407e+01 
 7.01621270e-01  1.29753789e+00  7.01621270e-01  3.50503671e+01 
 7.09746752e-01  1.33027019e+00  7.09746752e-01  3.47408090e+01 
 7.17966335e-01  1.36249744e+00  7.17966335e-01  3.44324978e+01 
 7.26281110e-01  1.39422375e+00  7.26281110e-01  3.41254638e+01 
 7.34692178e-01  1.42545333e+00  7.34692178e-01  3.38197369e+01 
 7.43200655e-01  1.45619045e+00  7.43200655e-01  3.35153463e+01 
 7.51807668e-01  1.48643946e+00  7.51807668e-01  3.32123203e+01 
 7.60514359e-01  1.51620477e+00  7.60514359e-01  3.29106866e+01 
 7.69321883e-01  1.54549089e+00  7.69321883e-01  3.26104719e+01 
 7.78231406e-01  1.57430236e+00  7.78231406e-01  3.23117025e+01 
 7.87244111e-01  1.60264379e+00  7.87244111e-01  3.20144038e+01 
 7.96361192e-01  1.63051984e+00  7.96361192e-01  3.17186003e+01 
 8.05583858e-01  1.65793524e+00  8.05583858e-01  3.14243159e+01 
 8.14913332e-01  1.68489475e+00  8.14913332e-01  3.11315738e+01 
 8.24350851e-01  1.71140318e+00  8.24350851e-01  3.08403961e+01 
 8.33897665e-01  1.73746539e+00  8.33897665e-01  3.05508045e+01 
 8.43555041e-01  1.76308628e+00  8.43555041e-01  3.02628199e+01 
 8.53324260e-01  1.78827076e+00  8.53324260e-01  2.99764620e+01 
 8.63206616e-01  1.81302381e+00  8.63206616e-01  2.96917504e+01 
 8.73203419e-01  1.83735040e+00  8.73203419e-01  2.94087034e+01 
 8.83315996e-01  1.86125556e+00  8.83315996e-01  2.91273387e+01 
 8.93545686e-01  1.88474431e+00  8.93545686e-01  2.88476735e+01 
 9.03893847e-01  1.90782171e+00  9.03893847e-01  2.85697238e+01 
 9.14361849e-01  1.93049284e+00  9.14361849e-01  2.82935051e+01 
 9.24951082e-01  1.95276277e+00  9.24951082e-01  2.80190323e+01 
 9.35662949e-01  1.97463659e+00  9.35662949e-01  2.77463192e+01 
 9.46498870e-01  1.99611940e+00  9.46498870e-01  2.74753792e+01 
 9.57460281e-01  2.01721631e+00  9.57460281e-01  2.72062248e+01 
 9.68548637e-01  2.03793242e+00  9.68548637e-01  2.69388679e+01 
 9.79765408e-01  2.05827283e+00  9.79765408e-01  2.66733195e+01 
 9.91112080e-01  2.07824264e+00  9.91112080e-01  2.64095901e+01 
 1.00259016e+00  2.09784693e+00  1.00259016e+00  2.61476895e+01 
 1.01420116e+00  2.11709080e+00  1.01420116e+00  2.58876266e+01 
 1.02594664e+00  2.13597931e+00  1.02594664e+00  2.56294099e+01 
 1.03782813e+00  2.15451751e+00  1.03782813e+00  2.53730471e+01 
 1.04984723e+00  2.17271045e+00  1.04984723e+00  2.51185452e+01 
 1.06200552e+00  2.19056315e+00  1.06200552e+00  2.48659108e+01 
 1.07430462e+00  2.20808060e+00  1.07430462e+00  2.46151495e+01 
 1.08674615e+00  2.22526780e+00  1.08674615e+00  2.43662666e+01 
 1.09933176e+00  2.24212968e+00  1.09933176e+00  2.41192667e+01 
 1.11206313e+00  2.25867118e+00  1.11206313e+00  2.38741536e+01 
 1.12494195e+00  2.27489720e+00  1.12494195e+00  2.36309309e+01 
 1.13796991e+00  2.29081261e+00  1.13796991e+00  2.33896013e+01 
 1.15114875e+00  2.30642224e+00  1.15114875e+00  2.31501670e+01 
 1.16448021e+00  2.32173090e+00  1.16448021e+00  2.29126299e+01 
 1.17796607e+00  2.33674336e+00  1.17796607e+00  2.26769910e+01 
 1.19160810e+00  2.35146436e+00  1.19160810e+00  2.24432510e+01 
 1.20540813e+00  2.36589860e+00  1.20540813e+00  2.22114101e+01 
 1.21936797e+00  2.38005072e+00  1.21936797e+00  2.19814678e+01 
 1.23348948e+00  2.39392536e+00  1.23348948e+00  2.17534233e+01 
 1.24777453e+00  2.40752710e+00  1.24777453e+00  2.15272753e+01 
 1.26222502e+00  2.42086046e+00  1.26222502e+00  2.13030219e+01 
 1.27684286e+00  2.43392994e+00  1.27684286e+00  2.10806610e+01 
 1.29162999e+00  2.44674000e+00  1.29162999e+00  2.08601898e+01 
 1.30658837e+00  2.45929504e+00  1.30658837e+00  2.06416053e+01 
 1.32171998e+00  2.47159942e+00  1.32171998e+00  2.04249038e+01 
 1.33702683e+00  2.48365745e+00  1.33702683e+00  2.02100815e+01 
 1.35251095e+00  2.49547341e+00  1.35251095e+00  1.99971341e+01 
 1.36817439e+00  2.50705151e+00  1.36817439e+00  1.97860567e+01 
 1.38401923e+00  2.51839592e+00  1.38401923e+00  1.95768445e+01 
 1.40004757e+00  2.52951077e+00  1.40004757e+00  1.93694919e+01 
 1.41626153e+00  2.54040014e+00  1.41626153e+00  1.91639932e+01 
 1.43266327e+00  2.55106804e+00  1.43266327e+00  1.89603423e+01 
 1.44925496e+00  2.56151846e+00  1.44925496e+00  1.87585328e+01 
 1.46603879e+00  2.57175532e+00  1.46603879e+00  1.85585579e+01 
 1.48301700e+00  2.58178249e+00  1.48301700e+00  1.83604106e+01 
 1.50019183e+00  2.59160381e+00  1.50019183e+00  1.81640837e+01 
 1.51756557e+00  2.60122304e+00  1.51756557e+00  1.79695694e+01 
 1.53514051e+00  2.61064391e+00  1.53514051e+00  1.77768601e+01 
 1.55291899e+00  2.61987009e+00  1.55291899e+00  1.75859475e+01 
 1.57090335e+00  2.62890521e+00  1.57090335e+00  1.73968233e+01 
 1.58909600e+00  2.63775283e+00  1.58909600e+00  1.72094789e+01 
 1.60749933e+00  2.64641648e+00  1.60749933e+00  1.70239055e+01 
 1.62611580e+00  2.65489962e+00  1.62611580e+00  1.68400941e+01 
 1.64494786e+00  2.66320568e+00  1.64494786e+00  1.66580354e+01 
 1.66399802e+00  2.67133802e+00  1.66399802e+00  1.64777201e+01 
 1.68326879e+00  2.67929996e+00  1.68326879e+00  1.62991384e+01 
 1.70276274e+00  2.68709477e+00  1.70276274e+00  1.61222806e+01 
 1.72248245e+00  2.69472566e+00  1.72248245e+00  1.59471368e+01 
 1.74243054e+00  2.70219581e+00  1.74243054e+00  1.57736967e+01 
 1.76260964e+00  2.70950833e+00  1.76260964e+00  1.56019501e+01 
 1.78302244e+00  2.71666629e+00  1.78302244e+00  1.54318867e+01 
 1.80367164e+00  2.72367270e+00  1.80367164e+00  1.52634957e+01 
 1.82455997e+00  2.73053055e+00  1.82455997e+00  1.50967666e+01 
 1.84569022e+00  2.73724275e+00  1.84569022e+00  1.49316886e+01 
 1.86706517e+00  2.74381219e+00  1.86706517e+00  1.47682506e+01 
 1.88868767e+00  2.75024167e+00  1.88868767e+00  1.46064417e+01 
 1.91056058e+00  2.75653400e+00  1.91056058e+00  1.44462508e+01 
 1.93268680e+00  2.76269190e+00  1.93268680e+00  1.42876666e+01 
 1.95506926e+00  2.76871805e+00  1.95506926e+00  1.41306778e+01 
 1.97771094e+00  2.77461510e+00  1.97771094e+00  1.39752730e+01 
 2.00061483e+00  2.78038565e+00  2.00061483e+00  1.38214408e+01 
 2.02378396e+00  2.78603225e+00  2.02378396e+00  1.36691697e+01 
 2.04722142e+00  2.79155740e+00  2.04722142e+00  1.35184480e+01 
 2.07093031e+00  2.79696356e+00  2.07093031e+00  1.33692642e+01 
 2.09491378e+00  2.80225315e+00  2.09491378e+00  1.32216065e+01 
 2.11917499e+00  2.80742856e+00  2.11917499e+00  1.30754632e+01 
 2.14371718e+00  2.81249211e+00  2.14371718e+00  1.29308225e+01 
 2.16854358e+00  2.81744610e+00  2.16854358e+00  1.27876727e+01 
 2.19365751e+00  2.82229277e+00  2.19365751e+00  1.26460019e+01 
 2.21906227e+00  2.82703433e+00  2.21906227e+00  1.25057983e+01 
 2.24476125e+00  2.83167295e+00  2.24476125e+00  1.23670499e+01 
 2.27075785e+00  2.83621076e+00  2.27075785e+00  1.22297449e+01 
 2.29705552e+00  2.84064986e+00  2.29705552e+00  1.20938715e+01 
 2.32365774e+00  2.84499228e+00  2.32365774e+00  1.19594176e+01 
 2.35056804e+00  2.84924004e+00  2.35056804e+00  1.18263714e+01 
 2.37778999e+00  2.85339511e+00  2.37778999e+00  1.16947210e+01 
 2.40532720e+00  2.85745944e+00  2.40532720e+00  1.15644545e+01 
 2.43318331e+00  2.86143491e+00  2.43318331e+00  1.14355600e+01 
 2.46136203e+00  2.86532341e+00  2.46136203e+00  1.13080257e+01 
 2.48986709e+00  2.86912674e+00  2.48986709e+00  1.11818397e+01 
 2.51870226e+00  2.87284670e+00  2.51870226e+00  1.10569901e+01 
 2.54787137e+00  2.87648507e+00  2.54787137e+00  1.09334651e+01 
 2.57737829e+00  2.88004354e+00  2.57737829e+00  1.08112531e+01 
 2.60722693e+00  2.88352383e+00  2.60722693e+00  1.06903421e+01 
 2.63742125e+00  2.88692758e+00  2.63742125e+00  1.05707205e+01 
 2.66796525e+00  2.89025642e+00  2.66796525e+00  1.04523766e+01 
 2.69886298e+00  2.89351194e+00  2.69886298e+00  1.03352988e+01 
 2.73011854e+00  2.89669571e+00  2.73011854e+00  1.02194753e+01 
 2.76173606e+00  2.89980926e+00  2.76173606e+00  1.01048948e+01 
 2.79371975e+00  2.90285408e+00  2.79371975e+00  9.99154558e+00 
 2.82607385e+00  2.90583164e+00  2.82607385e+00  9.87941622e+00 
 2.85880263e+00  2.90874340e+00  2.85880263e+00  9.76849529e+00 
 2.89191045e+00  2.91159075e+00  2.89191045e+00  9.65877141e+00 
 2.92540169e+00  2.91437509e+00  2.92540169e+00  9.55023324e+00 
 2.95928080e+00  2.91709776e+00  2.95928080e+00  9.44286952e+00 
 2.99355225e+00  2.91976010e+00  2.99355225e+00  9.33666902e+00 
 3.02822061e+00  2.92236341e+00  3.02822061e+00  9.23162058e+00 
 3.06329046e+00  2.92490895e+00  3.06329046e+00  9.12771310e+00 
 3.09876645e+00  2.92739799e+00  3.09876645e+00  9.02493554e+00 
 3.13465329e+00  2.92983175e+00  3.13465329e+00  8.92327692e+00 
 3.17095574e+00  2.93221142e+00  3.17095574e+00  8.82272631e+00 
 3.20767861e+00  2.93453817e+00  3.20767861e+00  8.72327287e+00 
 3.24482676e+00  2.93681315e+00  3.24482676e+00  8.62490580e+00 
 3.28240513e+00  2.93903750e+00  3.28240513e+00  8.52761438e+00 
 3.32041869e+00  2.94121231e+00  3.32041869e+00  8.43138796e+00 
 3.35887249e+00  2.94333866e+00  3.35887249e+00  8.33621595e+00 
 3.39777162e+00  2.94541761e+00  3.39777162e+00  8.24208784e+00 
 3.43712125e+00  2.94745019e+00  3.43712125e+00  8.14899317e+00 
 3.47692658e+00  2.94943742e+00  3.47692658e+00  8.05692157e+00 
 3.51719290e+00  2.95138029e+00  3.51719290e+00  7.96586273e+00 
 3.55792554e+00  2.95327976e+00  3.55792554e+00  7.87580642e+00 
 3.59912991e+00  2.95513680e+00  3.59912991e+00  7.78674248e+00 
 3.64081146e+00  2.95695233e+00  3.64081146e+00  7.69866083e+00 
 3.68297573e+00  2.95872725e+00  3.68297573e+00  7.61155144e+00 
 3.72562831e+00  2.96046248e+00  3.72562831e+00  7.52540439e+00 
 3.76877484e+00  2.96215886e+00  3.76877484e+00  7.44020980e+00 
 3.81242106e+00  2.96381727e+00  3.81242106e+00  7.35595789e+00 
 3.85657274e+00  2.96543854e+00  3.85657274e+00  7.27263895e+00 
 3.90123574e+00  2.96702348e+00  3.90123574e+00  7.19024333e+00 
 3.94641599e+00  2.96857290e+00  3.94641599e+00  7.10876148e+00 
 3.99211947e+00  2.97008758e+00  3.99211947e+00  7.02818392e+00 
 4.03835224e+00  2.97156829e+00  4.03835224e+00  6.94850122e+00 
 4.08512043e+00  2.97301577e+00  4.08512043e+00  6.86970407e+00 
 4.13243025e+00  2.97443077e+00  4.13243025e+00  6.79178320e+00 
 4.18028796e+00  2.97581400e+00  4.18028796e+00  6.71472945e+00 
 4.22869991e+00  2.97716617e+00  4.22869991e+00  6.63853370e+00 
 4.27767252e+00  2.97848796e+00  4.27767252e+00  6.56318693e+00 
 4.32721228e+00  2.97978005e+00  4.32721228e+00  6.48868019e+00 
 4.37732577e+00  2.98104309e+00  4.37732577e+00  6.41500462e+00 
 4.42801962e+00  2.98227774e+00  4.42801962e+00  6.34215142e+00 
 4.47930055e+00  2.98348461e+00  4.47930055e+00  6.27011188e+00 
 4.53117537e+00  2.98466434e+00  4.53117537e+00  6.19887734e+00 
 4.58365095e+00  2.98581752e+00  4.58365095e+00  6.12843926e+00 
 4.63673425e+00  2.98694474e+00  4.63673425e+00  6.05878914e+00 
 4.69043232e+00  2.98804658e+00  4.69043232e+00  5.98991856e+00 
 4.74475225e+00  2.98912361e+00  4.74475225e+00  5.92181921e+00 
 4.79970127e+00  2.99017637e+00  4.79970127e+00  5.85448280e+00 
 4.85528665e+00  2.99120542e+00  4.85528665e+00  5.78790117e+00 
 4.91151577e+00  2.99221127e+00  4.91151577e+00  5.72206621e+00 
 4.96839608e+00  2.99319446e+00  4.96839608e+00  5.65696987e+00 
 5.02593512e+00  2.99415547e+00  5.02593512e+00  5.59260420e+00 
 5.08414052e+00  2.99509481e+00  5.08414052e+00  5.52896132e+00 
 5.14302000e+00  2.99601296e+00  5.14302000e+00  5.46603342e+00 
 5.20258136e+00  2.99691040e+00  5.20258136e+00  5.40381276e+00 
 5.26283250e+00  2.99778759e+00  5.26283250e+00  5.34229168e+00 
 5.32378141e+00  2.99864498e+00  5.32378141e+00  5.28146258e+00 
 5.38543617e+00  2.99948301e+00  5.38543617e+00  5.22131796e+00 
 5.44780495e+00  3.00030212e+00  5.44780495e+00  5.16185036e+00 
 5.51089603e+00  3.00110273e+00  5.51089603e+00  5.10305242e+00 
 5.57471776e+00  3.00188526e+00  5.57471776e+00  5.04491684e+00 
 5.63927862e+00  3.00265011e+00  5.63927862e+00  4.98743638e+00 
 5.70458716e+00  3.00339768e+00  5.70458716e+00  4.93060389e+00 
 5.77065203e+00  3.00412835e+00  5.77065203e+00  4.87441228e+00 
 5.83748200e+00  3.00484251e+00  5.83748200e+00  4.81885453e+00 
 5.90508593e+00  3.00554053e+00  5.90508593e+00  4.76392369e+00 
 5.97347279e+00  3.00622276e+00  5.97347279e+00  4.70961289e+00 
 6.04265163e+00  3.00688956e+00  6.04265163e+00  4.65591532e+00 
 6.11263163e+00  3.00754128e+00  6.11263163e+00  4.60282422e+00 
 6.18342207e+00  3.00817826e+00  6.18342207e+00  4.55033293e+00 
 6.25503234e+00  3.00880083e+00  6.25503234e+00  4.49843484e+00 
 6.32747192e+00  3.00940932e+00  6.32747192e+00  4.44712341e+00 
 6.40075043e+00  3.01000403e+00  6.40075043e+00  4.39639217e+00 
 6.47487758e+00  3.01058528e+00  6.47487758e+00  4.34623470e+00 
 6.54986319e+00  3.01115338e+00  6.54986319e+00  4.29664467e+00 
 6.62571722e+00  3.01170861e+00  6.62571722e+00  4.24761579e+00 
 6.70244971e+00  3.01225128e+00  6.70244971e+00  4.19914186e+00 
 6.78007084e+00  3.01278165e+00  6.78007084e+00  4.15121672e+00 
 6.85859090e+00  3.01330001e+00  6.85859090e+00  4.10383429e+00 
 6.93802030e+00  3.01380664e+00  6.93802030e+00  4.05698854e+00 
 7.01836957e+00  3.01430178e+00  7.01836957e+00  4.01067352e+00 
 7.09964937e+00  3.01478571e+00  7.09964937e+00  3.96488332e+00 
 7.18187048e+00  3.01525868e+00  7.18187048e+00  3.91961211e+00 
 7.26504378e+00  3.01572092e+00  7.26504378e+00  3.87485412e+00 
 7.34918032e+00  3.01617269e+00  7.34918032e+00  3.83060361e+00 
 7.43429124e+00  3.01661422e+00  7.43429124e+00  3.78685495e+00 
 7.52038784e+00  3.01704575e+00  7.52038784e+00  3.74360254e+00 
 7.60748151e+00  3.01746749e+00  7.60748151e+00  3.70084082e+00 
 7.69558382e+00  3.01787967e+00  7.69558382e+00  3.65856434e+00 
 7.78470645e+00  3.01828251e+00  7.78470645e+00  3.61676766e+00 
 7.87486120e+00  3.01867621e+00  7.87486120e+00  3.57544542e+00 
 7.96606004e+00  3.01906098e+00  7.96606004e+00  3.53459232e+00 
 8.05831505e+00  3.01943702e+00  8.05831505e+00  3.49420310e+00 
 8.15163847e+00  3.01980454e+00  8.15163847e+00  3.45427257e+00 
 8.24604267e+00  3.02016372e+00  8.24604267e+00  3.41479560e+00 
 8.34154016e+00  3.02051476e+00  8.34154016e+00  3.37576709e+00 
 8.43814361e+00  3.02085782e+00  8.43814361e+00  3.33718201e+00 
 8.53586583e+00  3.02119311e+00  8.53586583e+00  3.29903540e+00 
 8.63471977e+00  3.02152079e+00  8.63471977e+00  3.26132233e+00 
 8.73471853e+00  3.02184103e+00  8.73471853e+00  3.22403792e+00 
 8.83587539e+00  3.02215400e+00  8.83587539e+00  3.18717736e+00 
 8.93820374e+00  3.02245988e+00  8.93820374e+00  3.15073590e+00 
 9.04171716e+00  3.02275881e+00  9.04171716e+00  3.11470880e+00 
 9.14642936e+00  3.02305095e+00  9.14642936e+00  3.07909141e+00 
 9.25235424e+00  3.02333646e+00  9.25235424e+00  3.04387913e+00 
 9.35950584e+00  3.02361550e+00  9.35950584e+00  3.00906737e+00 
 9.46789836e+00  3.02388819e+00  9.46789836e+00  2.97465164e+00 
 9.57754617e+00  3.02415470e+00  9.57754617e+00  2.94062747e+00 
 9.68846382e+00  3.02441516e+00  9.68846382e+00  2.90699044e+00 
 9.80066601e+00  3.02466970e+00  9.80066601e+00  2.87373618e+00 
 9.91416761e+00  3.02491846e+00  9.91416761e+00  2.84086038e+00 
 1.00289837e+01  3.02516157e+00  1.00289837e+01  2.80835877e+00 
 1.01451294e+01  3.02539916e+00  1.01451294e+01  2.77622712e+00 
 1.02626203e+01  3.02563136e+00  1.02626203e+01  2.74446124e+00 
 1.03814717e+01  3.02585828e+00  1.03814717e+01  2.71305701e+00 
 1.05016997e+01  3.02608005e+00  1.05016997e+01  2.68201033e+00 
 1.06233199e+01  3.02629678e+00  1.06233199e+01  2.65131717e+00 
 1.07463487e+01  3.02650859e+00  1.07463487e+01  2.62097353e+00 
 1.08708023e+01  3.02671559e+00  1.08708023e+01  2.59097544e+00 
 1.09966971e+01  3.02691788e+00  1.09966971e+01  2.56131900e+00 
 1.11240500e+01  3.02711558e+00  1.11240500e+01  2.53200034e+00 
 1.12528777e+01  3.02730879e+00  1.12528777e+01  2.50301563e+00 
 1.13831974e+01  3.02749760e+00  1.13831974e+01  2.47436110e+00 
 1.15150263e+01  3.02768213e+00  1.15150263e+01  2.44603299e+00 
 1.16483819e+01  3.02786247e+00  1.16483819e+01  2.41802760e+00 
 1.17832819e+01  3.02803870e+00  1.17832819e+01  2.39034128e+00 
 1.19197442e+01  3.02821094e+00  1.19197442e+01  2.36297042e+00 
 1.20577869e+01  3.02837926e+00  1.20577869e+01  2.33591142e+00 
 1.21974282e+01  3.02854375e+00  1.21974282e+01  2.30916075e+00 
 1.23386867e+01  3.02870450e+00  1.23386867e+01  2.28271490e+00 
 1.24815812e+01  3.02886161e+00  1.24815812e+01  2.25657043e+00 
 1.26261305e+01  3.02901514e+00  1.26261305e+01  2.23072390e+00 
 1.27723538e+01  3.02916518e+00  1.27723538e+01  2.20517193e+00 
 1.29202705e+01  3.02931181e+00  1.29202705e+01  2.17991118e+00 
 1.30699003e+01  3.02945511e+00  1.30699003e+01  2.15493832e+00 
 1.32212629e+01  3.02959516e+00  1.32212629e+01  2.13025010e+00 
 1.33743785e+01  3.02973202e+00  1.33743785e+01  2.10584327e+00 
 1.35292673e+01  3.02986577e+00  1.35292673e+01  2.08171463e+00 
 1.36859499e+01  3.02999647e+00  1.36859499e+01  2.05786101e+00 
 1.38444470e+01  3.03012421e+00  1.38444470e+01  2.03427930e+00 
 1.40047796e+01  3.03024905e+00  1.40047796e+01  2.01096639e+00 
 1.41669691e+01  3.03037104e+00  1.41669691e+01  1.98791922e+00 
 1.43310369e+01  3.03049027e+00  1.43310369e+01  1.96513476e+00 
 1.44970048e+01  3.03060678e+00  1.44970048e+01  1.94261003e+00 
 1.46648947e+01  3.03072064e+00  1.46648947e+01  1.92034207e+00 
 1.48347290e+01  3.03083192e+00  1.48347290e+01  1.89832795e+00 
 1.50065301e+01  3.03094066e+00  1.50065301e+01  1.87656477e+00 
 1.51803209e+01  3.03104694e+00  1.51803209e+01  1.85504968e+00 
 1.53561243e+01  3.03115079e+00  1.53561243e+01  1.83377985e+00 
 1.55339637e+01  3.03125229e+00  1.55339637e+01  1.81275248e+00 
 1.57138627e+01  3.03135148e+00  1.57138627e+01  1.79196480e+00 
 1.58958451e+01  3.03144841e+00  1.58958451e+01  1.77141409e+00 
 1.60799350e+01  3.03154314e+00  1.60799350e+01  1.75109764e+00 
 1.62661569e+01  3.03163572e+00  1.62661569e+01  1.73101277e+00 
 1.64545354e+01  3.03172619e+00  1.64545354e+01  1.71115684e+00 
 1.66450955e+01  3.03181460e+00  1.66450955e+01  1.69152724e+00 
 1.68378625e+01  3.03190101e+00  1.68378625e+01  1.67212138e+00 
 1.70328619e+01  3.03198545e+00  1.70328619e+01  1.65293671e+00 
 1.72301197e+01  3.03206797e+00  1.72301197e+01  1.63397071e+00 
 1.74296618e+01  3.03214861e+00  1.74296618e+01  1.61522087e+00 
 1.76315149e+01  3.03222742e+00  1.76315149e+01  1.59668472e+00 
 1.78357056e+01  3.03230444e+00  1.78357056e+01  1.57835982e+00 
 1.80422611e+01  3.03237970e+00  1.80422611e+01  1.56024376e+00 
 1.82512087e+01  3.03245326e+00  1.82512087e+01  1.54233415e+00 
 1.84625761e+01  3.03252514e+00  1.84625761e+01  1.52462862e+00 
 1.86763914e+01  3.03259539e+00  1.86763914e+01  1.50712485e+00 
 1.88926828e+01  3.03266404e+00  1.88926828e+01  1.48982053e+00 
 1.91114791e+01  3.03273113e+00  1.91114791e+01  1.47271338e+00 
 1.93328093e+01  3.03279669e+00  1.93328093e+01  1.45580113e+00 
 1.95567028e+01  3.03286077e+00  1.95567028e+01  1.43908156e+00 
 1.97831891e+01  3.03292338e+00  1.97831891e+01  1.42255246e+00 
 2.00122984e+01  3.03298458e+00  2.00122984e+01  1.40621166e+00 
 2.02440610e+01  3.03304438e+00  2.02440610e+01  1.39005699e+00 
 2.04785077e+01  3.03310282e+00  2.04785077e+01  1.37408633e+00 
 2.07156695e+01  3.03315993e+00  2.07156695e+01  1.35829756e+00 
 2.09555778e+01  3.03321575e+00  2.09555778e+01  1.34268861e+00 
 2.11982645e+01  3.03327029e+00  2.11982645e+01  1.32725741e+00 
 2.14437618e+01  3.03332360e+00  2.14437618e+01  1.31200192e+00 
 2.16921022e+01  3.03337569e+00  2.16921022e+01  1.29692014e+00 
 2.19433187e+01  3.03342660e+00  2.19433187e+01  1.28201007e+00 
 2.21974444e+01  3.03347635e+00  2.21974444e+01  1.26726974e+00 
 2.24545132e+01  3.03352497e+00  2.24545132e+01  1.25269720e+00 
 2.27145591e+01  3.03357248e+00  2.27145591e+01  1.23829053e+00 
 2.29776167e+01  3.03361891e+00  2.29776167e+01  1.22404783e+00 
 2.32437206e+01  3.03366429e+00  2.32437206e+01  1.20996722e+00 
 2.35129064e+01  3.03370864e+00  2.35129064e+01  1.19604683e+00 
 2.37852095e+01  3.03375198e+00  2.37852095e+01  1.18228483e+00 
 2.40606663e+01  3.03379433e+00  2.40606663e+01  1.16867940e+00 
 2.43393131e+01  3.03383572e+00  2.43393131e+01  1.15522874e+00 
 2.46211869e+01  3.03387617e+00  2.46211869e+01  1.14193107e+00 
 2.49063250e+01  3.03391569e+00  2.49063250e+01  1.12878463e+00 
 2.51947654e+01  3.03395432e+00  2.51947654e+01  1.11578770e+00 
 2.54865462e+01  3.03399208e+00  2.54865462e+01  1.10293854e+00 
 2.57817061e+01  3.03402897e+00  2.57817061e+01  1.09023547e+00 
 2.60802843e+01  3.03406502e+00  2.60802843e+01  1.07767680e+00 
 2.63823203e+01  3.03410026e+00  2.63823203e+01  1.06526087e+00 
 2.66878542e+01  3.03413469e+00  2.66878542e+01  1.05298604e+00 
 2.69969265e+01  3.03416834e+00  2.69969265e+01  1.04085069e+00 
 2.73095781e+01  3.03420123e+00  2.73095781e+01  1.02885321e+00 
 2.76258506e+01  3.03423336e+00  2.76258506e+01  1.01699202e+00 
 2.79457858e+01  3.03426477e+00  2.79457858e+01  1.00526554e+00 
 2.82694262e+01  3.03429546e+00  2.82694262e+01  9.93672234e-01 
 2.85968147e+01  3.03432546e+00  2.85968147e+01  9.82210560e-01 
 2.89279946e+01  3.03435477e+00  2.89279946e+01  9.70879003e-01 
 2.92630100e+01  3.03438342e+00  2.92630100e+01  9.59676065e-01 
 2.96019052e+01  3.03441141e+00  2.96019052e+01  9.48600264e-01 
 2.99447251e+01  3.03443877e+00  2.99447251e+01  9.37650134e-01 
 3.02915152e+01  3.03446551e+00  3.02915152e+01  9.26824228e-01 
 3.06423215e+01  3.03449164e+00  3.06423215e+01  9.16121112e-01 
 3.09971905e+01  3.03451717e+00  3.09971905e+01  9.05539370e-01 
 3.13561693e+01  3.03454213e+00  3.13561693e+01  8.95077603e-01 
 3.17193054e+01  3.03456651e+00  3.17193054e+01  8.84734426e-01 
 3.20866469e+01  3.03459035e+00  3.20866469e+01  8.74508470e-01 
 3.24582427e+01  3.03461364e+00  3.24582427e+01  8.64398383e-01 
 3.28341419e+01  3.03463640e+00  3.28341419e+01  8.54402826e-01 
 3.32143943e+01  3.03465864e+00  3.32143943e+01  8.44520476e-01 
 3.35990505e+01  3.03468038e+00  3.35990505e+01  8.34750027e-01 
 3.39881614e+01  3.03470162e+00  3.39881614e+01  8.25090183e-01 
 3.43817786e+01  3.03472238e+00  3.43817786e+01  8.15539668e-01 
 3.47799543e+01  3.03474267e+00  3.47799543e+01  8.06097216e-01 
 3.51827413e+01  3.03476250e+00  3.51827413e+01  7.96761578e-01 
 3.55901929e+01  3.03478187e+00  3.55901929e+01  7.87531518e-01 
 3.60023633e+01  3.03480081e+00  3.60023633e+01  7.78405815e-01 
 3.64193070e+01  3.03481932e+00  3.64193070e+01  7.69383260e-01 
 3.68410793e+01  3.03483740e+00  3.68410793e+01  7.60462658e-01 
 3.72677361e+01  3.03485507e+00  3.72677361e+01  7.51642830e-01 
 3.76993341e+01  3.03487234e+00  3.76993341e+01  7.42922606e-01 
 3.81359304e+01  3.03488922e+00  3.81359304e+01  7.34300833e-01 
 3.85775830e+01  3.03490572e+00  3.85775830e+01  7.25776369e-01 
 3.90243503e+01  3.03492184e+00  3.90243503e+01  7.17348085e-01 
 3.94762917e+01  3.03493759e+00  3.94762917e+01  7.09014866e-01 
 3.99334670e+01  3.03495299e+00  3.99334670e+01  7.00775608e-01 
 4.03959368e+01  3.03496803e+00  4.03959368e+01  6.92629219e-01 
 4.08637625e+01  3.03498273e+00  4.08637625e+01  6.84574622e-01 
 4.13370061e+01  3.03499710e+00  4.13370061e+01  6.76610749e-01 
 4.18157303e+01  3.03501114e+00  4.18157303e+01  6.68736546e-01 
 4.22999987e+01  3.03502487e+00  4.22999987e+01  6.60950971e-01 
 4.27898753e+01  3.03503828e+00  4.27898753e+01  6.53252991e-01 
 4.32854253e+01  3.03505138e+00  4.32854253e+01  6.45641588e-01 
 4.37867142e+01  3.03506419e+00  4.37867142e+01  6.38115754e-01 
 4.42938085e+01  3.03507671e+00  4.42938085e+01  6.30674491e-01 
 4.48067755e+01  3.03508894e+00  4.48067755e+01  6.23316814e-01 
 4.53256831e+01  3.03510089e+00  4.53256831e+01  6.16041749e-01 
 4.58506003e+01  3.03511257e+00  4.58506003e+01  6.08848332e-01 
 4.63815965e+01  3.03512399e+00  4.63815965e+01  6.01735611e-01 
 4.69187422e+01  3.03513514e+00  4.69187422e+01  5.94702643e-01 
 4.74621085e+01  3.03514605e+00  4.74621085e+01  5.87748496e-01 
 4.80117676e+01  3.03515670e+00  4.80117676e+01  5.80872250e-01 
 4.85677923e+01  3.03516711e+00  4.85677923e+01  5.74072993e-01 
 4.91302564e+01  3.03517729e+00  4.91302564e+01  5.67349825e-01 
 4.96992343e+01  3.03518723e+00  4.96992343e+01  5.60701855e-01 
 5.02748016e+01  3.03519695e+00  5.02748016e+01  5.54128203e-01 
 5.08570345e+01  3.03520645e+00  5.08570345e+01  5.47627998e-01 
 5.14460103e+01  3.03521573e+00  5.14460103e+01  5.41200379e-01 
 5.20418070e+01  3.03522480e+00  5.20418070e+01  5.34844493e-01 
 5.26445036e+01  3.03523366e+00  5.26445036e+01  5.28559500e-01 
 5.32541801e+01  3.03524232e+00  5.32541801e+01  5.22344566e-01 
 5.38709172e+01  3.03525079e+00  5.38709172e+01  5.16198868e-01 
 5.44947968e+01  3.03525906e+00  5.44947968e+01  5.10121591e-01 
 5.51259015e+01  3.03526714e+00  5.51259015e+01  5.04111932e-01 
 5.57643151e+01  3.03527504e+00  5.57643151e+01  4.98169093e-01 
 5.64101221e+01  3.03528276e+00  5.64101221e+01  4.92292287e-01 
 5.70634082e+01  3.03529030e+00  5.70634082e+01  4.86480735e-01 
 5.77242601e+01  3.03529768e+00  5.77242601e+01  4.80733667e-01 
 5.83927652e+01  3.03530488e+00  5.83927652e+01  4.75050323e-01 
 5.90690124e+01  3.03531192e+00  5.90690124e+01  4.69429948e-01 
 5.97530911e+01  3.03531880e+00  5.97530911e+01  4.63871799e-01 
 6.04450922e+01  3.03532553e+00  6.04450922e+01  4.58375138e-01 
 6.11451073e+01  3.03533210e+00  6.11451073e+01  4.52939237e-01 
 6.18532294e+01  3.03533852e+00  6.18532294e+01  4.47563377e-01 
 6.25695522e+01  3.03534479e+00  6.25695522e+01  4.42246844e-01 
 6.32941707e+01  3.03535093e+00  6.32941707e+01  4.36988934e-01 
 6.40271811e+01  3.03535692e+00  6.40271811e+01  4.31788950e-01 
 6.47686804e+01  3.03536278e+00  6.47686804e+01  4.26646204e-01 
 6.55187671e+01  3.03536850e+00  6.55187671e+01  4.21560014e-01 
 6.62775405e+01  3.03537409e+00  6.62775405e+01  4.16529706e-01 
 6.70451013e+01  3.03537956e+00  6.70451013e+01  4.11554613e-01 
 6.78215512e+01  3.03538490e+00  6.78215512e+01  4.06634076e-01 
 6.86069932e+01  3.03539012e+00  6.86069932e+01  4.01767443e-01 
 6.94015314e+01  3.03539522e+00  6.94015314e+01  3.96954069e-01 
 7.02052711e+01  3.03540020e+00  7.02052711e+01  3.92193315e-01 
 7.10183190e+01  3.03540507e+00  7.10183190e+01  3.87484552e-01 
 7.18407828e+01  3.03540983e+00  7.18407828e+01  3.82827156e-01 
 7.26727715e+01  3.03541448e+00  7.26727715e+01  3.78220508e-01 
 7.35143955e+01  3.03541903e+00  7.35143955e+01  3.73663998e-01 
 7.43657664e+01  3.03542347e+00  7.43657664e+01  3.69157023e-01 
 7.52269970e+01  3.03542781e+00  7.52269970e+01  3.64698985e-01 
 7.60982015e+01  3.03543205e+00  7.60982015e+01  3.60289294e-01 
 7.69794955e+01  3.03543619e+00  7.69794955e+01  3.55927364e-01 
 7.78709957e+01  3.03544024e+00  7.78709957e+01  3.51612618e-01 
 7.87728204e+01  3.03544420e+00  7.87728204e+01  3.47344485e-01 
 7.96850891e+01  3.03544807e+00  7.96850891e+01  3.43122397e-01 
 8.06079229e+01  3.03545185e+00  8.06079229e+01  3.38945796e-01 
 8.15414439e+01  3.03545554e+00  8.15414439e+01  3.34814129e-01 
 8.24857761e+01  3.03545915e+00  8.24857761e+01  3.30726847e-01 
 8.34410446e+01  3.03546268e+00  8.34410446e+01  3.26683409e-01 
 8.44073761e+01  3.03546612e+00  8.44073761e+01  3.22683278e-01 
 8.53848987e+01  3.03546949e+00  8.53848987e+01  3.18725926e-01 
 8.63737419e+01  3.03547278e+00  8.63737419e+01  3.14810826e-01 
 8.73740370e+01  3.03547600e+00  8.73740370e+01  3.10937461e-01 
 8.83859165e+01  3.03547914e+00  8.83859165e+01  3.07105317e-01 
 8.94095146e+01  3.03548221e+00  8.94095146e+01  3.03313886e-01 
 9.04449670e+01  3.03548521e+00  9.04449670e+01  2.99562665e-01 
 9.14924110e+01  3.03548814e+00  9.14924110e+01  2.95851157e-01 
 9.25519854e+01  3.03549101e+00  9.25519854e+01  2.92178871e-01 
 9.36238307e+01  3.03549380e+00  9.36238307e+01  2.88545319e-01 
 9.47080892e+01  3.03549654e+00  9.47080892e+01  2.84950020e-01 
 9.58049044e+01  3.03549921e+00  9.58049044e+01  2.81392497e-01 
 9.69144218e+01  3.03550182e+00  9.69144218e+01  2.77872279e-01 
 9.80367886e+01  3.03550438e+00  9.80367886e+01  2.74388899e-01 
 9.91721535e+01  3.03550687e+00  9.91721535e+01  2.70941896e-01 
 1.00320667e+02  3.03550931e+00  1.00320667e+02  2.67530812e-01 
 1.01482482e+02  3.03551169e+00  1.01482482e+02  2.64155195e-01 
 1.02657751e+02  3.03551401e+00  1.02657751e+02  2.60814598e-01 
 1.03846632e+02  3.03551628e+00  1.03846632e+02  2.57508579e-01 
 1.05049280e+02  3.03551850e+00  1.05049280e+02  2.54236698e-01 
 1.06265857e+02  3.03552067e+00  1.06265857e+02  2.50998522e-01 
 1.07496523e+02  3.03552279e+00  1.07496523e+02  2.47793622e-01 
 1.08741441e+02  3.03552487e+00  1.08741441e+02  2.44621573e-01 
 1.10000777e+02  3.03552689e+00  1.10000777e+02  2.41481955e-01 
 1.11274697e+02  3.03552887e+00  1.11274697e+02  2.38374351e-01 
 1.12563370e+02  3.03553080e+00  1.12563370e+02  2.35298350e-01 
 1.13866967e+02  3.03553269e+00  1.13866967e+02  2.32253543e-01 
 1.15185661e+02  3.03553453e+00  1.15185661e+02  2.29239528e-01 
 1.16519628e+02  3.03553633e+00  1.16519628e+02  2.26255904e-01 
 1.17869043e+02  3.03553809e+00  1.17869043e+02  2.23302276e-01 
 1.19234085e+02  3.03553981e+00  1.19234085e+02  2.20378252e-01 
 1.20614936e+02  3.03554149e+00  1.20614936e+02  2.17483445e-01 
 1.22011779e+02  3.03554313e+00  1.22011779e+02  2.14617472e-01 
 1.23424798e+02  3.03554473e+00  1.23424798e+02  2.11779951e-01 
 1.24854182e+02  3.03554630e+00  1.24854182e+02  2.08970508e-01 
 1.26300119e+02  3.03554783e+00  1.26300119e+02  2.06188769e-01 
 1.27762802e+02  3.03554933e+00  1.27762802e+02  2.03434366e-01 
 1.29242424e+02  3.03555079e+00  1.29242424e+02  2.00706934e-01 
 1.30739182e+02  3.03555221e+00  1.30739182e+02  1.98006111e-01 
 1.32253273e+02  3.03555360e+00  1.32253273e+02  1.95331539e-01 
 1.33784900e+02  3.03555497e+00  1.33784900e+02  1.92682864e-01 
 1.35334264e+02  3.03555629e+00  1.35334264e+02  1.90059734e-01 
 1.36901571e+02  3.03555759e+00  1.36901571e+02  1.87461801e-01 
 1.38487029e+02  3.03555886e+00  1.38487029e+02  1.84888722e-01 
 1.40090849e+02  3.03556010e+00  1.40090849e+02  1.82340156e-01 
 1.41713242e+02  3.03556131e+00  1.41713242e+02  1.79815763e-01 
 1.43354425e+02  3.03556249e+00  1.43354425e+02  1.77315210e-01 
 1.45014614e+02  3.03556365e+00  1.45014614e+02  1.74838165e-01 
 1.46694029e+02  3.03556477e+00  1.46694029e+02  1.72384300e-01 
 1.48392894e+02  3.03556587e+00  1.48392894e+02  1.69953290e-01 
 1.50111433e+02  3.03556695e+00  1.50111433e+02  1.67544811e-01 
 1.51849875e+02  3.03556800e+00  1.51849875e+02  1.65158546e-01 
 1.53608450e+02  3.03556902e+00  1.53608450e+02  1.62794177e-01 
 1.55387391e+02  3.03557002e+00  1.55387391e+02  1.60451391e-01 
 1.57186933e+02  3.03557100e+00  1.57186933e+02  1.58129877e-01 
 1.59007317e+02  3.03557195e+00  1.59007317e+02  1.55829329e-01 
 1.60848782e+02  3.03557288e+00  1.60848782e+02  1.53549440e-01 
 1.62711573e+02  3.03557379e+00  1.62711573e+02  1.51289908e-01 
 1.64595937e+02  3.03557468e+00  1.64595937e+02  1.49050435e-01 
 1.66502124e+02  3.03557555e+00  1.66502124e+02  1.46830722e-01 
 1.68430387e+02  3.03557639e+00  1.68430387e+02  1.44630476e-01 
 1.70380981e+02  3.03557722e+00  1.70380981e+02  1.42449406e-01 
 1.72354164e+02  3.03557802e+00  1.72354164e+02  1.40287221e-01 
 1.74350199e+02  3.03557881e+00  1.74350199e+02  1.38143636e-01 
 1.76369351e+02  3.03557958e+00  1.76369351e+02  1.36018365e-01 
 1.78411886e+02  3.03558033e+00  1.78411886e+02  1.33911128e-01 
 1.80478075e+02  3.03558106e+00  1.80478075e+02  1.31821645e-01 
 1.82568193e+02  3.03558177e+00  1.82568193e+02  1.29749639e-01 
 1.84682517e+02  3.03558247e+00  1.84682517e+02  1.27694835e-01 
 1.86821327e+02  3.03558314e+00  1.86821327e+02  1.25656961e-01 
 1.88984907e+02  3.03558381e+00  1.88984907e+02  1.23635746e-01 
 1.91173543e+02  3.03558445e+00  1.91173543e+02  1.21630924e-01 
 1.93387525e+02  3.03558508e+00  1.93387525e+02  1.19642227e-01 
 1.95627148e+02  3.03558569e+00  1.95627148e+02  1.17669392e-01 
 1.97892707e+02  3.03558629e+00  1.97892707e+02  1.15712158e-01 
 2.00184505e+02  3.03558688e+00  2.00184505e+02  1.13770266e-01 
 2.02502843e+02  3.03558745e+00  2.02502843e+02  1.11843457e-01 
 2.04848030e+02  3.03558800e+00  2.04848030e+02  1.09931476e-01 
 2.07220377e+02  3.03558854e+00  2.07220377e+02  1.08034070e-01 
 2.09620198e+02  3.03558907e+00  2.09620198e+02  1.06150988e-01 
 2.12047812e+02  3.03558958e+00  2.12047812e+02  1.04281979e-01 
 2.14503539e+02  3.03559008e+00  2.14503539e+02  1.02426796e-01 
 2.16987707e+02  3.03559057e+00  2.16987707e+02  1.00585193e-01 
 2.19500643e+02  3.03559104e+00  2.19500643e+02  9.87569252e-02 
 2.22042682e+02  3.03559150e+00  2.22042682e+02  9.69417510e-02 
 2.24614160e+02  3.03559195e+00  2.24614160e+02  9.51394295e-02 
 2.27215419e+02  3.03559239e+00  2.27215419e+02  9.33497217e-02 
 2.29846803e+02  3.03559281e+00  2.29846803e+02  9.15723904e-02 
 2.32508661e+02  3.03559323e+00  2.32508661e+02  8.98071999e-02 
 2.35201345e+02  3.03559363e+00  2.35201345e+02  8.80539161e-02 
 2.37925214e+02  3.03559402e+00  2.37925214e+02  8.63123067e-02 
 2.40680628e+02  3.03559440e+00  2.40680628e+02  8.45821407e-02 
 2.43467953e+02  3.03559477e+00  2.43467953e+02  8.28631887e-02 
 2.46287557e+02  3.03559513e+00  2.46287557e+02  8.11552229e-02 
 2.49139816e+02  3.03559548e+00  2.49139816e+02  7.94580168e-02 
 2.52025106e+02  3.03559582e+00  2.52025106e+02  7.77713454e-02 
 2.54943811e+02  3.03559615e+00  2.54943811e+02  7.60949851e-02 
 2.57896318e+02  3.03559647e+00  2.57896318e+02  7.44287136e-02 
 2.60883017e+02  3.03559678e+00  2.60883017e+02  7.27723100e-02 
 2.63904306e+02  3.03559708e+00  2.63904306e+02  7.11255546e-02 
 2.66960584e+02  3.03559737e+00  2.66960584e+02  6.94882293e-02 
 2.70052257e+02  3.03559765e+00  2.70052257e+02  6.78601168e-02 
 2.73179734e+02  3.03559792e+00  2.73179734e+02  6.62410014e-02 
 2.76343431e+02  3.03559819e+00  2.76343431e+02  6.46306684e-02 
 2.79543767e+02  3.03559844e+00  2.79543767e+02  6.30289042e-02 
 2.82781166e+02  3.03559869e+00  2.82781166e+02  6.14354966e-02 
 2.86056057e+02  3.03559893e+00  2.86056057e+02  5.98502342e-02 
 2.89368875e+02  3.03559916e+00  2.89368875e+02  5.82729068e-02 
 2.92720058e+02  3.03559938e+00  2.92720058e+02  5.67033055e-02 
 2.96110052e+02  3.03559960e+00  2.96110052e+02  5.51412220e-02 
 2.99539305e+02  3.03559980e+00  2.99539305e+02  5.35864492e-02 
 3.03008272e+02  3.03560000e+00  3.03008272e+02  5.20387811e-02 
 3.06517414e+02  3.03560019e+00  3.06517414e+02  5.04980124e-02 
 3.10067195e+02  3.03560037e+00  3.10067195e+02  4.89639389e-02 
 3.13658086e+02  3.03560055e+00  3.13658086e+02  4.74363571e-02 
 3.17290563e+02  3.03560072e+00  3.17290563e+02  4.59150645e-02 
 3.20965108e+02  3.03560088e+00  3.20965108e+02  4.43998595e-02 
 3.24682207e+02  3.03560103e+00  3.24682207e+02  4.28905411e-02 
 3.28442355e+02  3.03560118e+00  3.28442355e+02  4.13869093e-02 
 3.32246049e+02  3.03560131e+00  3.32246049e+02  3.98887647e-02 
 3.36093793e+02  3.03560145e+00  3.36093793e+02  3.83959086e-02 
 3.39986099e+02  3.03560157e+00  3.39986099e+02  3.69081432e-02 
 3.43923481e+02  3.03560169e+00  3.43923481e+02  3.54252711e-02 
 3.47906461e+02  3.03560180e+00  3.47906461e+02  3.39470959e-02 
 3.51935569e+02  3.03560190e+00  3.51935569e+02  3.24734214e-02 
 3.56011338e+02  3.03560200e+00  3.56011338e+02  3.10040524e-02 
 3.60134309e+02  3.03560209e+00  3.60134309e+02  2.95387940e-02 
 3.64305027e+02  3.03560218e+00  3.64305027e+02  2.80774519e-02 
 3.68524047e+02  3.03560226e+00  3.68524047e+02  2.66198324e-02 
 3.72791927e+02  3.03560233e+00  3.72791927e+02  2.51657422e-02 
 3.77109234e+02  3.03560239e+00  3.77109234e+02  2.37149887e-02 
 3.81476539e+02  3.03560245e+00  3.81476539e+02  2.22673793e-02 
 3.85894423e+02  3.03560250e+00  3.85894423e+02  2.08227222e-02 
 3.90363469e+02  3.03560255e+00  3.90363469e+02  1.93808258e-02 
 3.94884272e+02  3.03560259e+00  3.94884272e+02  1.79414991e-02 
 3.99457430e+02  3.03560262e+00  3.99457430e+02  1.65045511e-02 
 4.04083550e+02  3.03560265e+00  4.04083550e+02  1.50697913e-02 
 4.08763246e+02  3.03560267e+00  4.08763246e+02  1.36370296e-02 
 4.13497136e+02  3.03560268e+00  4.13497136e+02  1.22060759e-02 
 4.18285850e+02  3.03560269e+00  4.18285850e+02  1.07767405e-02 
 4.23130023e+02  3.03560269e+00  4.23130023e+02  9.34883396e-03 
 4.28030295e+02  3.03560268e+00  4.28030295e+02  7.92216695e-03 
 4.32987318e+02  3.03560267e+00  4.32987318e+02  6.49655031e-03 
 4.38001748e+02  3.03560265e+00  4.38001748e+02  5.07179502e-03 
 4.43074250e+02  3.03560263e+00  4.43074250e+02  3.64771219e-03 
 4.48205497e+02  3.03560260e+00  4.48205497e+02  2.22411302e-03 
 4.53396168e+02  3.03560256e+00  4.53396168e+02  8.00808754e-04 
 4.58646954e+02  3.03560252e+00  4.58646954e+02 -6.22389307e-04 
 4.63958548e+02  3.03560247e+00  4.63958548e+02 -2.04566985e-03 
 4.69331656e+02  3.03560241e+00  4.69331656e+02 -3.46922159e-03 
 4.74766990e+02  3.03560235e+00  4.74766990e+02 -4.89323325e-03 
 4.80265271e+02  3.03560228e+00  4.80265271e+02 -6.31789363e-03 
 4.85827227e+02  3.03560221e+00  4.85827227e+02 -7.74339161e-03 
 4.91453597e+02  3.03560212e+00  4.91453597e+02 -9.16991620e-03 
 4.97145125e+02  3.03560204e+00  4.97145125e+02 -1.05976565e-02 
 5.02902567e+02  3.03560194e+00  5.02902567e+02 -1.20268019e-02 
 5.08726686e+02  3.03560184e+00  5.08726686e+02 -1.34575417e-02 
 5.14618255e+02  3.03560173e+00  5.14618255e+02 -1.48900657e-02 
 5.20578053e+02  3.03560161e+00  5.20578053e+02 -1.63245639e-02 
 5.26606872e+02  3.03560149e+00  5.26606872e+02 -1.77612264e-02 
 5.32705511e+02  3.03560136e+00  5.32705511e+02 -1.92002436e-02 
 5.38874778e+02  3.03560123e+00  5.38874778e+02 -2.06418064e-02 
 5.45115492e+02  3.03560108e+00  5.45115492e+02 -2.20861059e-02 
 5.51428479e+02  3.03560093e+00  5.51428479e+02 -2.35333336e-02 
 5.57814577e+02  3.03560077e+00  5.57814577e+02 -2.49836814e-02 
 5.64274633e+02  3.03560061e+00  5.64274633e+02 -2.64373414e-02 
 5.70809503e+02  3.03560044e+00  5.70809503e+02 -2.78945066e-02 
 5.77420053e+02  3.03560026e+00  5.77420053e+02 -2.93553700e-02 
 5.84107159e+02  3.03560007e+00  5.84107159e+02 -3.08201254e-02 
 5.90871709e+02  3.03559987e+00  5.90871709e+02 -3.22889669e-02 
 5.97714600e+02  3.03559967e+00  5.97714600e+02 -3.37620893e-02 
 6.04636738e+02  3.03559946e+00  6.04636738e+02 -3.52396878e-02 
 6.11639042e+02  3.03559924e+00  6.11639042e+02 -3.67219585e-02 
 6.18722439e+02  3.03559901e+00  6.18722439e+02 -3.82090978e-02 
 6.25887869e+02  3.03559878e+00  6.25887869e+02 -3.97013029e-02 
 6.33136282e+02  3.03559853e+00  6.33136282e+02 -4.11987715e-02 
 6.40468639e+02  3.03559828e+00  6.40468639e+02 -4.27017023e-02 
 6.47885912e+02  3.03559802e+00  6.47885912e+02 -4.42102946e-02 
 6.55389084e+02  3.03559775e+00  6.55389084e+02 -4.57247482e-02 
 6.62979151e+02  3.03559747e+00  6.62979151e+02 -4.72452641e-02 
 6.70657118e+02  3.03559719e+00  6.70657118e+02 -4.87720437e-02 
 6.78424004e+02  3.03559689e+00  6.78424004e+02 -5.03052895e-02 
 6.86280839e+02  3.03559658e+00  6.86280839e+02 -5.18452049e-02 
 6.94228663e+02  3.03559627e+00  6.94228663e+02 -5.33919938e-02 
 7.02268532e+02  3.03559594e+00  7.02268532e+02 -5.49458615e-02 
 7.10401510e+02  3.03559560e+00  7.10401510e+02 -5.65070140e-02 
 7.18628676e+02  3.03559526e+00  7.18628676e+02 -5.80756581e-02 
 7.26951121e+02  3.03559490e+00  7.26951121e+02 -5.96520019e-02 
 7.35369948e+02  3.03559454e+00  7.35369948e+02 -6.12362544e-02 
 7.43886274e+02  3.03559416e+00  7.43886274e+02 -6.28286255e-02 
 7.52501228e+02  3.03559377e+00  7.52501228e+02 -6.44293265e-02 
 7.61215951e+02  3.03559337e+00  7.61215951e+02 -6.60385695e-02 
 7.70031600e+02  3.03559296e+00  7.70031600e+02 -6.76565679e-02 
 7.78949343e+02  3.03559254e+00  7.78949343e+02 -6.92835362e-02 
 7.87970362e+02  3.03559211e+00  7.87970362e+02 -7.09196901e-02 
 7.97095854e+02  3.03559166e+00  7.97095854e+02 -7.25652465e-02 
 8.06327028e+02  3.03559121e+00  8.06327028e+02 -7.42204235e-02 
 8.15665108e+02  3.03559074e+00  8.15665108e+02 -7.58854407e-02 
 8.25111333e+02  3.03559026e+00  8.25111333e+02 -7.75605187e-02 
 8.34666955e+02  3.03558976e+00  8.34666955e+02 -7.92458796e-02 
 8.44333240e+02  3.03558925e+00  8.44333240e+02 -8.09417469e-02 
 8.54111471e+02  3.03558873e+00  8.54111471e+02 -8.26483454e-02 
 8.64002944e+02  3.03558820e+00  8.64002944e+02 -8.43659014e-02 
 8.74008970e+02  3.03558765e+00  8.74008970e+02 -8.60946424e-02 
 8.84130875e+02  3.03558708e+00  8.84130875e+02 -8.78347979e-02 
 8.94370003e+02  3.03558650e+00  8.94370003e+02 -8.95865984e-02 
 9.04727710e+02  3.03558591e+00  9.04727710e+02 -9.13502761e-02 
 9.15205369e+02  3.03558530e+00  9.15205369e+02 -9.31260650e-02 
 9.25804371e+02  3.03558468e+00  9.25804371e+02 -9.49142004e-02 
 9.36526119e+02  3.03558404e+00  9.36526119e+02 -9.67149194e-02 
 9.47372037e+02  3.03558338e+00  9.47372037e+02 -9.85284607e-02 
 9.58343561e+02  3.03558271e+00  9.58343561e+02 -1.00355065e-01 
 9.69442146e+02  3.03558202e+00  9.69442146e+02 -1.02194974e-01 
 9.80669264e+02  3.03558132e+00  9.80669264e+02 -1.04048432e-01 
 9.92026404e+02  3.03558059e+00  9.92026404e+02 -1.05915684e-01 
 1.00351507e+03  3.03557985e+00  1.00351507e+03 -1.07796978e-01 
 1.01513679e+03  3.03557909e+00  1.01513679e+03 -1.09692564e-01 
 1.02689310e+03  3.03557831e+00  1.02689310e+03 -1.11602693e-01 
 1.03878555e+03  3.03557751e+00  1.03878555e+03 -1.13527618e-01 
 1.05081574e+03  3.03557669e+00  1.05081574e+03 -1.15467594e-01 
 1.06298524e+03  3.03557585e+00  1.06298524e+03 -1.17422878e-01 
 1.07529569e+03  3.03557499e+00  1.07529569e+03 -1.19393730e-01 
 1.08774869e+03  3.03557411e+00  1.08774869e+03 -1.21380411e-01 
 1.10034592e+03  3.03557321e+00  1.10034592e+03 -1.23383184e-01 
 1.11308904e+03  3.03557229e+00  1.11308904e+03 -1.25402314e-01 
 1.12597973e+03  3.03557134e+00  1.12597973e+03 -1.27438071e-01 
 1.13901971e+03  3.03557037e+00  1.13901971e+03 -1.29490722e-01 
 1.15221071e+03  3.03556938e+00  1.15221071e+03 -1.31560541e-01 
 1.16555447e+03  3.03556837e+00  1.16555447e+03 -1.33647802e-01 
 1.17905277e+03  3.03556733e+00  1.17905277e+03 -1.35752781e-01 
 1.19270739e+03  3.03556626e+00  1.19270739e+03 -1.37875758e-01 
 1.20652015e+03  3.03556517e+00  1.20652015e+03 -1.40017014e-01 
 1.22049287e+03  3.03556405e+00  1.22049287e+03 -1.42176833e-01 
 1.23462740e+03  3.03556291e+00  1.23462740e+03 -1.44355501e-01 
 1.24892564e+03  3.03556173e+00  1.24892564e+03 -1.46553306e-01 
 1.26338945e+03  3.03556054e+00  1.26338945e+03 -1.48770542e-01 
 1.27802078e+03  3.03555931e+00  1.27802078e+03 -1.51007500e-01 
 1.29282155e+03  3.03555805e+00  1.29282155e+03 -1.53264478e-01 
 1.30779373e+03  3.03555676e+00  1.30779373e+03 -1.55541775e-01 
 1.32293930e+03  3.03555544e+00  1.32293930e+03 -1.57839693e-01 
 1.33826027e+03  3.03555409e+00  1.33826027e+03 -1.60158537e-01 
 1.35375867e+03  3.03555271e+00  1.35375867e+03 -1.62498613e-01 
 1.36943656e+03  3.03555130e+00  1.36943656e+03 -1.64860233e-01 
 1.38529602e+03  3.03554985e+00  1.38529602e+03 -1.67243708e-01 
 1.40133915e+03  3.03554837e+00  1.40133915e+03 -1.69649356e-01 
 1.41756807e+03  3.03554685e+00  1.41756807e+03 -1.72077494e-01 
 1.43398494e+03  3.03554529e+00  1.43398494e+03 -1.74528445e-01 
 1.45059193e+03  3.03554370e+00  1.45059193e+03 -1.77002534e-01 
 1.46739125e+03  3.03554208e+00  1.46739125e+03 -1.79500089e-01 
 1.48438512e+03  3.03554041e+00  1.48438512e+03 -1.82021440e-01 
 1.50157580e+03  3.03553870e+00  1.50157580e+03 -1.84566923e-01 
 1.51896556e+03  3.03553696e+00  1.51896556e+03 -1.87136873e-01 
 1.53655671e+03  3.03553517e+00  1.53655671e+03 -1.89731633e-01 
 1.55435159e+03  3.03553334e+00  1.55435159e+03 -1.92351546e-01 
 1.57235255e+03  3.03553147e+00  1.57235255e+03 -1.94996958e-01 
 1.59056198e+03  3.03552955e+00  1.59056198e+03 -1.97668222e-01 
 1.60898229e+03  3.03552759e+00  1.60898229e+03 -2.00365691e-01 
 1.62761593e+03  3.03552559e+00  1.62761593e+03 -2.03089722e-01 
 1.64646536e+03  3.03552353e+00  1.64646536e+03 -2.05840676e-01 
 1.66553309e+03  3.03552143e+00  1.66553309e+03 -2.08618919e-01 
 1.68482165e+03  3.03551927e+00  1.68482165e+03 -2.11424818e-01 
 1.70433358e+03  3.03551707e+00  1.70433358e+03 -2.14258746e-01 
 1.72407148e+03  3.03551482e+00  1.72407148e+03 -2.17121077e-01 
 1.74403797e+03  3.03551251e+00  1.74403797e+03 -2.20012192e-01 
 1.76423569e+03  3.03551015e+00  1.76423569e+03 -2.22932473e-01 
 1.78466732e+03  3.03550773e+00  1.78466732e+03 -2.25882308e-01 
 1.80533557e+03  3.03550526e+00  1.80533557e+03 -2.28862087e-01 
 1.82624317e+03  3.03550273e+00  1.82624317e+03 -2.31872206e-01 
 1.84739291e+03  3.03550013e+00  1.84739291e+03 -2.34913063e-01 
 1.86878759e+03  3.03549748e+00  1.86878759e+03 -2.37985061e-01 
 1.89043003e+03  3.03549477e+00  1.89043003e+03 -2.41088609e-01 
 1.91232312e+03  3.03549199e+00  1.91232312e+03 -2.44224116e-01 
 1.93446975e+03  3.03548915e+00  1.93446975e+03 -2.47391998e-01 
 1.95687286e+03  3.03548624e+00  1.95687286e+03 -2.50592676e-01 
 1.97953542e+03  3.03548326e+00  1.97953542e+03 -2.53826573e-01 
 2.00246044e+03  3.03548022e+00  2.00246044e+03 -2.57094119e-01 
 2.02565095e+03  3.03547710e+00  2.02565095e+03 -2.60395745e-01 
 2.04911003e+03  3.03547391e+00  2.04911003e+03 -2.63731890e-01 
 2.07284080e+03  3.03547064e+00  2.07284080e+03 -2.67102996e-01 
 2.09684638e+03  3.03546730e+00  2.09684638e+03 -2.70509510e-01 
 2.12112998e+03  3.03546388e+00  2.12112998e+03 -2.73951882e-01 
 2.14569480e+03  3.03546038e+00  2.14569480e+03 -2.77430570e-01 
 2.17054412e+03  3.03545680e+00  2.17054412e+03 -2.80946033e-01 
 2.19568121e+03  3.03545314e+00  2.19568121e+03 -2.84498739e-01 
 2.22110941e+03  3.03544939e+00  2.22110941e+03 -2.88089157e-01 
 2.24683210e+03  3.03544555e+00  2.24683210e+03 -2.91717764e-01 
 2.27285268e+03  3.03544162e+00  2.27285268e+03 -2.95385040e-01 
 2.29917461e+03  3.03543760e+00  2.29917461e+03 -2.99091472e-01 
 2.32580137e+03  3.03543349e+00  2.32580137e+03 -3.02837550e-01 
 2.35273649e+03  3.03542928e+00  2.35273649e+03 -3.06623771e-01 
 2.37998356e+03  3.03542497e+00  2.37998356e+03 -3.10450636e-01 
 2.40754617e+03  3.03542056e+00  2.40754617e+03 -3.14318653e-01 
 2.43542798e+03  3.03541605e+00  2.43542798e+03 -3.18228334e-01 
 2.46363269e+03  3.03541143e+00  2.46363269e+03 -3.22180198e-01 
 2.49216405e+03  3.03540671e+00  2.49216405e+03 -3.26174766e-01 
 2.52102582e+03  3.03540187e+00  2.52102582e+03 -3.30212570e-01 
 2.55022184e+03  3.03539693e+00  2.55022184e+03 -3.34294144e-01 
 2.57975598e+03  3.03539186e+00  2.57975598e+03 -3.38420029e-01 
 2.60963216e+03  3.03538668e+00  2.60963216e+03 -3.42590770e-01 
 2.63985434e+03  3.03538138e+00  2.63985434e+03 -3.46806922e-01 
 2.67042651e+03  3.03537596e+00  2.67042651e+03 -3.51069042e-01 
 2.70135274e+03  3.03537041e+00  2.70135274e+03 -3.55377696e-01 
 2.73263713e+03  3.03536472e+00  2.73263713e+03 -3.59733453e-01 
 2.76428383e+03  3.03535891e+00  2.76428383e+03 -3.64136891e-01 
 2.79629703e+03  3.03535296e+00  2.79629703e+03 -3.68588593e-01 
 2.82868097e+03  3.03534687e+00  2.82868097e+03 -3.73089150e-01 
 2.86143995e+03  3.03534064e+00  2.86143995e+03 -3.77639156e-01 
 2.89457831e+03  3.03533427e+00  2.89457831e+03 -3.82239216e-01 
 2.92810044e+03  3.03532775e+00  2.92810044e+03 -3.86889937e-01 
 2.96201080e+03  3.03532107e+00  2.96201080e+03 -3.91591937e-01 
 2.99631387e+03  3.03531424e+00  2.99631387e+03 -3.96345838e-01 
 3.03101421e+03  3.03530725e+00  3.03101421e+03 -4.01152269e-01 
 3.06611641e+03  3.03530009e+00  3.06611641e+03 -4.06011868e-01 
 3.10162514e+03  3.03529277e+00  3.10162514e+03 -4.10925277e-01 
 3.13754508e+03  3.03528528e+00  3.13754508e+03 -4.15893149e-01 
 3.17388102e+03  3.03527762e+00  3.17388102e+03 -4.20916140e-01 
 3.21063777e+03  3.03526977e+00  3.21063777e+03 -4.25994915e-01 
 3.24782019e+03  3.03526175e+00  3.24782019e+03 -4.31130148e-01 
 3.28543323e+03  3.03525353e+00  3.28543323e+03 -4.36322519e-01 
 3.32348186e+03  3.03524513e+00  3.32348186e+03 -4.41572714e-01 
 3.36197113e+03  3.03523652e+00  3.36197113e+03 -4.46881430e-01 
 3.40090615e+03  3.03522772e+00  3.40090615e+03 -4.52249369e-01 
 3.44029207e+03  3.03521871e+00  3.44029207e+03 -4.57677242e-01 
 3.48013412e+03  3.03520950e+00  3.48013412e+03 -4.63165768e-01 
 3.52043759e+03  3.03520007e+00  3.52043759e+03 -4.68715674e-01 
 3.56120781e+03  3.03519041e+00  3.56120781e+03 -4.74327693e-01 
 3.60245019e+03  3.03518054e+00  3.60245019e+03 -4.80002570e-01 
 3.64417019e+03  3.03517043e+00  3.64417019e+03 -4.85741055e-01 
 3.68637336e+03  3.03516009e+00  3.68637336e+03 -4.91543909e-01 
 3.72906528e+03  3.03514951e+00  3.72906528e+03 -4.97411899e-01 
 3.77225162e+03  3.03513868e+00  3.77225162e+03 -5.03345802e-01 
 3.81593810e+03  3.03512760e+00  3.81593810e+03 -5.09346404e-01 
 3.86013052e+03  3.03511626e+00  3.86013052e+03 -5.15414499e-01 
 3.90483472e+03  3.03510465e+00  3.90483472e+03 -5.21550890e-01 
 3.95005665e+03  3.03509278e+00  3.95005665e+03 -5.27756389e-01 
 3.99580229e+03  3.03508063e+00  3.99580229e+03 -5.34031818e-01 
 4.04207771e+03  3.03506819e+00  4.04207771e+03 -5.40378008e-01 
 4.08888905e+03  3.03505547e+00  4.08888905e+03 -5.46795797e-01 
 4.13624251e+03  3.03504245e+00  4.13624251e+03 -5.53286036e-01 
 4.18414437e+03  3.03502913e+00  4.18414437e+03 -5.59849583e-01 
 4.23260098e+03  3.03501549e+00  4.23260098e+03 -5.66487307e-01 
 4.28161877e+03  3.03500154e+00  4.28161877e+03 -5.73200086e-01 
 4.33120424e+03  3.03498726e+00  4.33120424e+03 -5.79988807e-01 
 4.38136395e+03  3.03497266e+00  4.38136395e+03 -5.86854371e-01 
 4.43210457e+03  3.03495771e+00  4.43210457e+03 -5.93797684e-01 
 4.48343281e+03  3.03494241e+00  4.48343281e+03 -6.00819665e-01 
 4.53535548e+03  3.03492676e+00  4.53535548e+03 -6.07921243e-01 
 4.58787948e+03  3.03491074e+00  4.58787948e+03 -6.15103358e-01 
 4.64101175e+03  3.03489435e+00  4.64101175e+03 -6.22366959e-01 
 4.69475935e+03  3.03487757e+00  4.69475935e+03 -6.29713007e-01 
 4.74912940e+03  3.03486041e+00  4.74912940e+03 -6.37142474e-01 
 4.80412911e+03  3.03484285e+00  4.80412911e+03 -6.44656342e-01 
 4.85976577e+03  3.03482487e+00  4.85976577e+03 -6.52255605e-01 
 4.91604676e+03  3.03480648e+00  4.91604676e+03 -6.59941268e-01 
 4.97297954e+03  3.03478766e+00  4.97297954e+03 -6.67714346e-01 
 5.03057166e+03  3.03476841e+00  5.03057166e+03 -6.75575868e-01 
 5.08883076e+03  3.03474870e+00  5.08883076e+03 -6.83526873e-01 
 5.14776455e+03  3.03472853e+00  5.14776455e+03 -6.91568412e-01 
 5.20738086e+03  3.03470790e+00  5.20738086e+03 -6.99701549e-01 
 5.26768758e+03  3.03468678e+00  5.26768758e+03 -7.07927357e-01 
 5.32869272e+03  3.03466518e+00  5.32869272e+03 -7.16246924e-01 
 5.39040436e+03  3.03464307e+00  5.39040436e+03 -7.24661350e-01 
 5.45283068e+03  3.03462044e+00  5.45283068e+03 -7.33171747e-01 
 5.51597996e+03  3.03459729e+00  5.51597996e+03 -7.41779239e-01 
 5.57986057e+03  3.03457360e+00  5.57986057e+03 -7.50484964e-01 
 5.64448099e+03  3.03454936e+00  5.64448099e+03 -7.59290071e-01 
 5.70984977e+03  3.03452455e+00  5.70984977e+03 -7.68195724e-01 
 5.77597559e+03  3.03449917e+00  5.77597559e+03 -7.77203099e-01 
 5.84286722e+03  3.03447319e+00  5.84286722e+03 -7.86313387e-01 
 5.91053351e+03  3.03444661e+00  5.91053351e+03 -7.95527790e-01 
 5.97898345e+03  3.03441941e+00  5.97898345e+03 -8.04847525e-01 
 6.04822611e+03  3.03439158e+00  6.04822611e+03 -8.14273822e-01 
 6.11827067e+03  3.03436310e+00  6.11827067e+03 -8.23807927e-01 
 6.18912642e+03  3.03433396e+00  6.18912642e+03 -8.33451098e-01 
 6.26080275e+03  3.03430414e+00  6.26080275e+03 -8.43204608e-01 
 6.33330916e+03  3.03427362e+00  6.33330916e+03 -8.53069745e-01 
 6.40665527e+03  3.03424239e+00  6.40665527e+03 -8.63047810e-01 
 6.48085080e+03  3.03421044e+00  6.48085080e+03 -8.73140120e-01 
 6.55590559e+03  3.03417774e+00  6.55590559e+03 -8.83348008e-01 
 6.63182959e+03  3.03414429e+00  6.63182959e+03 -8.93672819e-01 
 6.70863287e+03  3.03411005e+00  6.70863287e+03 -9.04115916e-01 
 6.78632561e+03  3.03407501e+00  6.78632561e+03 -9.14678676e-01 
 6.86491811e+03  3.03403916e+00  6.86491811e+03 -9.25362493e-01 
 6.94442078e+03  3.03400248e+00  6.94442078e+03 -9.36168776e-01 
 7.02484418e+03  3.03396494e+00  7.02484418e+03 -9.47098949e-01 
 7.10619897e+03  3.03392653e+00  7.10619897e+03 -9.58154453e-01 
 7.18849592e+03  3.03388722e+00  7.18849592e+03 -9.69336746e-01 
 7.27174595e+03  3.03384700e+00  7.27174595e+03 -9.80647302e-01 
 7.35596011e+03  3.03380585e+00  7.35596011e+03 -9.92087612e-01 
 7.44114955e+03  3.03376373e+00  7.44114955e+03 -1.00365918e+00 
 7.52732557e+03  3.03372064e+00  7.52732557e+03 -1.01536354e+00 
 7.61449959e+03  3.03367654e+00  7.61449959e+03 -1.02720222e+00 
 7.70268318e+03  3.03363142e+00  7.70268318e+03 -1.03917679e+00 
 7.79188802e+03  3.03358524e+00  7.79188802e+03 -1.05128882e+00 
 7.88212595e+03  3.03353799e+00  7.88212595e+03 -1.06353992e+00 
 7.97340892e+03  3.03348965e+00  7.97340892e+03 -1.07593168e+00 
 8.06574904e+03  3.03344017e+00  8.06574904e+03 -1.08846574e+00 
 8.15915855e+03  3.03338955e+00  8.15915855e+03 -1.10114376e+00 
 8.25364983e+03  3.03333775e+00  8.25364983e+03 -1.11396740e+00 
 8.34923543e+03  3.03328474e+00  8.34923543e+03 -1.12693834e+00 
 8.44592800e+03  3.03323050e+00  8.44592800e+03 -1.14005830e+00 
 8.54374036e+03  3.03317499e+00  8.54374036e+03 -1.15332900e+00 
 8.64268550e+03  3.03311820e+00  8.64268550e+03 -1.16675218e+00 
 8.74277651e+03  3.03306008e+00  8.74277651e+03 -1.18032961e+00 
 8.84402669e+03  3.03300062e+00  8.84402669e+03 -1.19406307e+00 
 8.94644944e+03  3.03293977e+00  8.94644944e+03 -1.20795437e+00 
 9.05005835e+03  3.03287750e+00  9.05005835e+03 -1.22200533e+00 
 9.15486716e+03  3.03281378e+00  9.15486716e+03 -1.23621780e+00 
 9.26088975e+03  3.03274859e+00  9.26088975e+03 -1.25059364e+00 
 9.36814020e+03  3.03268187e+00  9.36814020e+03 -1.26513475e+00 
 9.47663271e+03  3.03261361e+00  9.47663271e+03 -1.27984303e+00 
 9.58638168e+03  3.03254375e+00  9.58638168e+03 -1.29472040e+00 
 9.69740165e+03  3.03247228e+00  9.69740165e+03 -1.30976884e+00 
 9.80970735e+03  3.03239914e+00  9.80970735e+03 -1.32499029e+00 
 9.92331366e+03  3.03232430e+00  9.92331366e+03 -1.34038678e+00 
 1.00382356e+04  3.03224771e+00  1.00382356e+04 -1.35596030e+00 
 1.01544885e+04  3.03216935e+00  1.01544885e+04 -1.37171290e+00 
 1.02720878e+04  3.03208917e+00  1.02720878e+04 -1.38764666e+00 
 1.03910489e+04  3.03200712e+00  1.03910489e+04 -1.40376364e+00 
 1.05113877e+04  3.03192316e+00  1.05113877e+04 -1.42006598e+00 
 1.06331202e+04  3.03183725e+00  1.06331202e+04 -1.43655579e+00 
 1.07562625e+04  3.03174935e+00  1.07562625e+04 -1.45323523e+00 
 1.08808308e+04  3.03165940e+00  1.08808308e+04 -1.47010650e+00 
 1.10068418e+04  3.03156736e+00  1.10068418e+04 -1.48717180e+00 
 1.11343122e+04  3.03147318e+00  1.11343122e+04 -1.50443335e+00 
 1.12632587e+04  3.03137681e+00  1.12632587e+04 -1.52189342e+00 
 1.13936986e+04  3.03127820e+00  1.13936986e+04 -1.53955428e+00 
 1.15256492e+04  3.03117730e+00  1.15256492e+04 -1.55741825e+00 
 1.16591278e+04  3.03107405e+00  1.16591278e+04 -1.57548765e+00 
 1.17941523e+04  3.03096841e+00  1.17941523e+04 -1.59376485e+00 
 1.19307404e+04  3.03086031e+00  1.19307404e+04 -1.61225223e+00 
 1.20689105e+04  3.03074970e+00  1.20689105e+04 -1.63095220e+00 
 1.22086806e+04  3.03063652e+00  1.22086806e+04 -1.64986720e+00 
 1.23500695e+04  3.03052070e+00  1.23500695e+04 -1.66899970e+00 
 1.24930957e+04  3.03040220e+00  1.24930957e+04 -1.68835218e+00 
 1.26377784e+04  3.03028095e+00  1.26377784e+04 -1.70792717e+00 
 1.27841366e+04  3.03015687e+00  1.27841366e+04 -1.72772722e+00 
 1.29321898e+04  3.03002992e+00  1.29321898e+04 -1.74775491e+00 
 1.30819576e+04  3.02990002e+00  1.30819576e+04 -1.76801283e+00 
 1.32334599e+04  3.02976710e+00  1.32334599e+04 -1.78850363e+00 
 1.33867167e+04  3.02963109e+00  1.33867167e+04 -1.80922996e+00 
 1.35417484e+04  3.02949193e+00  1.35417484e+04 -1.83019452e+00 
 1.36985755e+04  3.02934954e+00  1.36985755e+04 -1.85140002e+00 
 1.38572188e+04  3.02920383e+00  1.38572188e+04 -1.87284923e+00 
 1.40176994e+04  3.02905475e+00  1.40176994e+04 -1.89454493e+00 
 1.41800385e+04  3.02890221e+00  1.41800385e+04 -1.91648992e+00 
 1.43442576e+04  3.02874612e+00  1.43442576e+04 -1.93868704e+00 
 1.45103786e+04  3.02858641e+00  1.45103786e+04 -1.96113919e+00 
 1.46784234e+04  3.02842300e+00  1.46784234e+04 -1.98384925e+00 
 1.48484144e+04  3.02825579e+00  1.48484144e+04 -2.00682017e+00 
 1.50203740e+04  3.02808471e+00  1.50203740e+04 -2.03005491e+00 
 1.51943251e+04  3.02790965e+00  1.51943251e+04 -2.05355649e+00 
 1.53702907e+04  3.02773053e+00  1.53702907e+04 -2.07732792e+00 
 1.55482942e+04  3.02754726e+00  1.55482942e+04 -2.10137229e+00 
 1.57283591e+04  3.02735974e+00  1.57283591e+04 -2.12569269e+00 
 1.59105094e+04  3.02716787e+00  1.59105094e+04 -2.15029226e+00 
 1.60947691e+04  3.02697154e+00  1.60947691e+04 -2.17517416e+00 
 1.62811628e+04  3.02677067e+00  1.62811628e+04 -2.20034160e+00 
 1.64697151e+04  3.02656514e+00  1.64697151e+04 -2.22579781e+00 
 1.66604510e+04  3.02635484e+00  1.66604510e+04 -2.25154606e+00 
 1.68533958e+04  3.02613967e+00  1.68533958e+04 -2.27758967e+00 
 1.70485751e+04  3.02591952e+00  1.70485751e+04 -2.30393197e+00 
 1.72460148e+04  3.02569426e+00  1.72460148e+04 -2.33057635e+00 
 1.74457411e+04  3.02546378e+00  1.74457411e+04 -2.35752621e+00 
 1.76477804e+04  3.02522796e+00  1.76477804e+04 -2.38478500e+00 
 1.78521595e+04  3.02498668e+00  1.78521595e+04 -2.41235622e+00 
 1.80589055e+04  3.02473981e+00  1.80589055e+04 -2.44024339e+00 
 1.82680458e+04  3.02448722e+00  1.82680458e+04 -2.46845007e+00 
 1.84796082e+04  3.02422879e+00  1.84796082e+04 -2.49697985e+00 
 1.86936208e+04  3.02396437e+00  1.86936208e+04 -2.52583639e+00 
 1.89101117e+04  3.02369382e+00  1.89101117e+04 -2.55502334e+00 
 1.91291099e+04  3.02341702e+00  1.91291099e+04 -2.58454442e+00 
 1.93506443e+04  3.02313381e+00  1.93506443e+04 -2.61440340e+00 
 1.95747443e+04  3.02284405e+00  1.95747443e+04 -2.64460405e+00 
 1.98014396e+04  3.02254758e+00  1.98014396e+04 -2.67515021e+00 
 2.00307602e+04  3.02224426e+00  2.00307602e+04 -2.70604575e+00 
 2.02627366e+04  3.02193392e+00  2.02627366e+04 -2.73729459e+00 
 2.04973996e+04  3.02161641e+00  2.04973996e+04 -2.76890067e+00 
 2.07347801e+04  3.02129155e+00  2.07347801e+04 -2.80086799e+00 
 2.09749098e+04  3.02095918e+00  2.09749098e+04 -2.83320058e+00 
 2.12178204e+04  3.02061914e+00  2.12178204e+04 -2.86590251e+00 
 2.14635442e+04  3.02027123e+00  2.14635442e+04 -2.89897791e+00 
 2.17121137e+04  3.01991529e+00  2.17121137e+04 -2.93243093e+00 
 2.19635619e+04  3.01955112e+00  2.19635619e+04 -2.96626576e+00 
 2.22179221e+04  3.01917855e+00  2.22179221e+04 -3.00048666e+00 
 2.24752280e+04  3.01879737e+00  2.24752280e+04 -3.03509792e+00 
 2.27355138e+04  3.01840739e+00  2.27355138e+04 -3.07010385e+00 
 2.29988140e+04  3.01800842e+00  2.29988140e+04 -3.10550883e+00 
 2.32651635e+04  3.01760023e+00  2.32651635e+04 -3.14131727e+00 
 2.35345976e+04  3.01718263e+00  2.35345976e+04 -3.17753365e+00 
 2.38071520e+04  3.01675540e+00  2.38071520e+04 -3.21416245e+00 
 2.40828628e+04  3.01631832e+00  2.40828628e+04 -3.25120824e+00 
 2.43617666e+04  3.01587116e+00  2.43617666e+04 -3.28867559e+00 
 2.46439005e+04  3.01541369e+00  2.46439005e+04 -3.32656916e+00 
 2.49293017e+04  3.01494568e+00  2.49293017e+04 -3.36489361e+00 
 2.52180082e+04  3.01446690e+00  2.52180082e+04 -3.40365369e+00 
 2.55100581e+04  3.01397708e+00  2.55100581e+04 -3.44285416e+00 
 2.58054904e+04  3.01347599e+00  2.58054904e+04 -3.48249985e+00 
 2.61043440e+04  3.01296336e+00  2.61043440e+04 -3.52259562e+00 
 2.64066586e+04  3.01243894e+00  2.64066586e+04 -3.56314637e+00 
 2.67124744e+04  3.01190245e+00  2.67124744e+04 -3.60415708e+00 
 2.70218318e+04  3.01135363e+00  2.70218318e+04 -3.64563275e+00 
 2.73347718e+04  3.01079218e+00  2.73347718e+04 -3.68757842e+00 
 2.76513361e+04  3.01021784e+00  2.76513361e+04 -3.72999920e+00 
 2.79715664e+04  3.00963029e+00  2.79715664e+04 -3.77290023e+00 
 2.82955054e+04  3.00902925e+00  2.82955054e+04 -3.81628670e+00 
 2.86231959e+04  3.00841441e+00  2.86231959e+04 -3.86016386e+00 
 2.89546814e+04  3.00778545e+00  2.89546814e+04 -3.90453700e+00 
 2.92900058e+04  3.00714207e+00  2.92900058e+04 -3.94941144e+00 
 2.96292136e+04  3.00648392e+00  2.96292136e+04 -3.99479258e+00 
 2.99723498e+04  3.00581069e+00  2.99723498e+04 -4.04068584e+00 
 3.03194599e+04  3.00512202e+00  3.03194599e+04 -4.08709670e+00 
 3.06705898e+04  3.00441757e+00  3.06705898e+04 -4.13403069e+00 
 3.10257862e+04  3.00369699e+00  3.10257862e+04 -4.18149339e+00 
 3.13850961e+04  3.00295991e+00  3.13850961e+04 -4.22949042e+00 
 3.17485672e+04  3.00220596e+00  3.17485672e+04 -4.27802745e+00 
 3.21162476e+04  3.00143476e+00  3.21162476e+04 -4.32711019e+00 
 3.24881861e+04  3.00064593e+00  3.24881861e+04 -4.37674442e+00 
 3.28644321e+04  2.99983907e+00  3.28644321e+04 -4.42693595e+00 
 3.32450354e+04  2.99901377e+00  3.32450354e+04 -4.47769065e+00 
 3.36300464e+04  2.99816963e+00  3.36300464e+04 -4.52901442e+00 
 3.40195163e+04  2.99730621e+00  3.40195163e+04 -4.58091322e+00 
 3.44134966e+04  2.99642310e+00  3.44134966e+04 -4.63339305e+00 
 3.48120396e+04  2.99551985e+00  3.48120396e+04 -4.68645998e+00 
 3.52151982e+04  2.99459602e+00  3.52151982e+04 -4.74012010e+00 
 3.56230257e+04  2.99365113e+00  3.56230257e+04 -4.79437956e+00 
 3.60355763e+04  2.99268474e+00  3.60355763e+04 -4.84924456e+00 
 3.64529046e+04  2.99169635e+00  3.64529046e+04 -4.90472133e+00 
 3.68750660e+04  2.99068548e+00  3.68750660e+04 -4.96081615e+00 
 3.73021165e+04  2.98965163e+00  3.73021165e+04 -5.01753538e+00 
 3.77341126e+04  2.98859429e+00  3.77341126e+04 -5.07488537e+00 
 3.81711117e+04  2.98751294e+00  3.81711117e+04 -5.13287257e+00 
 3.86131717e+04  2.98640705e+00  3.86131717e+04 -5.19150343e+00 
 3.90603512e+04  2.98527609e+00  3.90603512e+04 -5.25078446e+00 
 3.95127095e+04  2.98411949e+00  3.95127095e+04 -5.31072224e+00 
 3.99703065e+04  2.98293670e+00  3.99703065e+04 -5.37132334e+00 
 4.04332030e+04  2.98172713e+00  4.04332030e+04 -5.43259443e+00 
 4.09014603e+04  2.98049020e+00  4.09014603e+04 -5.49454219e+00 
 4.13751404e+04  2.97922531e+00  4.13751404e+04 -5.55717334e+00 
 4.18543063e+04  2.97793185e+00  4.18543063e+04 -5.62049465e+00 
 4.23390214e+04  2.97660919e+00  4.23390214e+04 -5.68451293e+00 
 4.28293500e+04  2.97525669e+00  4.28293500e+04 -5.74923504e+00 
 4.33253571e+04  2.97387372e+00  4.33253571e+04 -5.81466785e+00 
 4.38271084e+04  2.97245959e+00  4.38271084e+04 -5.88081829e+00 
 4.43346705e+04  2.97101364e+00  4.43346705e+04 -5.94769334e+00 
 4.48481108e+04  2.96953518e+00  4.48481108e+04 -6.01529998e+00 
 4.53674971e+04  2.96802350e+00  4.53674971e+04 -6.08364525e+00 
 4.58928985e+04  2.96647788e+00  4.58928985e+04 -6.15273622e+00 
 4.64243846e+04  2.96489759e+00  4.64243846e+04 -6.22258000e+00 
 4.69620258e+04  2.96328189e+00  4.69620258e+04 -6.29318372e+00 
 4.75058934e+04  2.96163002e+00  4.75058934e+04 -6.36455454e+00 
 4.80560596e+04  2.95994119e+00  4.80560596e+04 -6.43669966e+00 
 4.86125973e+04  2.95821462e+00  4.86125973e+04 -6.50962630e+00 
 4.91755802e+04  2.95644950e+00  4.91755802e+04 -6.58334172e+00 
 4.97450830e+04  2.95464501e+00  4.97450830e+04 -6.65785320e+00 
 5.03211813e+04  2.95280032e+00  5.03211813e+04 -6.73316803e+00 
 5.09039513e+04  2.95091456e+00  5.09039513e+04 -6.80929353e+00 
 5.14934704e+04  2.94898687e+00  5.14934704e+04 -6.88623707e+00 
 5.20898168e+04  2.94701636e+00  5.20898168e+04 -6.96400599e+00 
 5.26930694e+04  2.94500213e+00  5.26930694e+04 -7.04260769e+00 
 5.33033083e+04  2.94294326e+00  5.33033083e+04 -7.12204957e+00 
 5.39206144e+04  2.94083882e+00  5.39206144e+04 -7.20233903e+00 
 5.45450695e+04  2.93868784e+00  5.45450695e+04 -7.28348350e+00 
 5.51767564e+04  2.93648936e+00  5.51767564e+04 -7.36549042e+00 
 5.58157589e+04  2.93424239e+00  5.58157589e+04 -7.44836724e+00 
 5.64621617e+04  2.93194593e+00  5.64621617e+04 -7.53212141e+00 
 5.71160505e+04  2.92959894e+00  5.71160505e+04 -7.61676038e+00 
 5.77775120e+04  2.92720038e+00  5.77775120e+04 -7.70229160e+00 
 5.84466339e+04  2.92474920e+00  5.84466339e+04 -7.78872254e+00 
 5.91235049e+04  2.92224432e+00  5.91235049e+04 -7.87606064e+00 
 5.98082147e+04  2.91968462e+00  5.98082147e+04 -7.96431335e+00 
 6.05008542e+04  2.91706900e+00  6.05008542e+04 -8.05348812e+00 
 6.12015151e+04  2.91439632e+00  6.12015151e+04 -8.14359236e+00 
 6.19102904e+04  2.91166542e+00  6.19102904e+04 -8.23463349e+00 
 6.26272740e+04  2.90887513e+00  6.26272740e+04 -8.32661891e+00 
 6.33525610e+04  2.90602426e+00  6.33525610e+04 -8.41955599e+00 
 6.40862476e+04  2.90311157e+00  6.40862476e+04 -8.51345209e+00 
 6.48284310e+04  2.90013585e+00  6.48284310e+04 -8.60831454e+00 
 6.55792097e+04  2.89709584e+00  6.55792097e+04 -8.70415062e+00 
 6.63386831e+04  2.89399026e+00  6.63386831e+04 -8.80096761e+00 
 6.71069519e+04  2.89081781e+00  6.71069519e+04 -8.89877275e+00 
 6.78841182e+04  2.88757719e+00  6.78841182e+04 -8.99757320e+00 
 6.86702847e+04  2.88426705e+00  6.86702847e+04 -9.09737613e+00 
 6.94655559e+04  2.88088604e+00  6.94655559e+04 -9.19818864e+00 
 7.02700371e+04  2.87743279e+00  7.02700371e+04 -9.30001776e+00 
 7.10838351e+04  2.87390590e+00  7.10838351e+04 -9.40287050e+00 
 7.19070576e+04  2.87030394e+00  7.19070576e+04 -9.50675379e+00 
 7.27398139e+04  2.86662549e+00  7.27398139e+04 -9.61167450e+00 
 7.35822143e+04  2.86286908e+00  7.35822143e+04 -9.71763943e+00 
 7.44343706e+04  2.85903324e+00  7.44343706e+04 -9.82465533e+00 
 7.52963957e+04  2.85511646e+00  7.52963957e+04 -9.93272884e+00 
 7.61684039e+04  2.85111724e+00  7.61684039e+04 -1.00418666e+01 
 7.70505109e+04  2.84703402e+00  7.70505109e+04 -1.01520749e+01 
 7.79428335e+04  2.84286526e+00  7.79428335e+04 -1.02633604e+01 
 7.88454902e+04  2.83860936e+00  7.88454902e+04 -1.03757293e+01 
 7.97586005e+04  2.83426474e+00  7.97586005e+04 -1.04891878e+01 
 8.06822855e+04  2.82982977e+00  8.06822855e+04 -1.06037420e+01 
 8.16166678e+04  2.82530282e+00  8.16166678e+04 -1.07193980e+01 
 8.25618712e+04  2.82068223e+00  8.25618712e+04 -1.08361615e+01 
 8.35180209e+04  2.81596632e+00  8.35180209e+04 -1.09540384e+01 
 8.44852439e+04  2.81115340e+00  8.44852439e+04 -1.10730343e+01 
 8.54636682e+04  2.80624176e+00  8.54636682e+04 -1.11931547e+01 
 8.64534237e+04  2.80122967e+00  8.64534237e+04 -1.13144050e+01 
 8.74546416e+04  2.79611538e+00  8.74546416e+04 -1.14367904e+01 
 8.84674546e+04  2.79089712e+00  8.84674546e+04 -1.15603160e+01 
 8.94919970e+04  2.78557311e+00  8.94919970e+04 -1.16849868e+01 
 9.05284046e+04  2.78014157e+00  9.05284046e+04 -1.18108075e+01 
 9.15768148e+04  2.77460066e+00  9.15768148e+04 -1.19377827e+01 
 9.26373667e+04  2.76894857e+00  9.26373667e+04 -1.20659169e+01 
 9.37102009e+04  2.76318346e+00  9.37102009e+04 -1.21952144e+01 
 9.47954596e+04  2.75730346e+00  9.47954596e+04 -1.23256793e+01 
 9.58932866e+04  2.75130670e+00  9.58932866e+04 -1.24573154e+01 
 9.70038276e+04  2.74519132e+00  9.70038276e+04 -1.25901265e+01 
 9.81272298e+04  2.73895540e+00  9.81272298e+04 -1.27241162e+01 
 9.92636421e+04  2.73259705e+00  9.92636421e+04 -1.28592876e+01 
 1.00413215e+05  2.72611435e+00  1.00413215e+05 -1.29956440e+01 
 1.01576102e+05  2.71950538e+00  1.01576102e+05 -1.31331883e+01 
 1.02752455e+05  2.71276821e+00  1.02752455e+05 -1.32719231e+01 
 1.03942432e+05  2.70590090e+00  1.03942432e+05 -1.34118508e+01 
 1.05146191e+05  2.69890150e+00  1.05146191e+05 -1.35529738e+01 
 1.06363890e+05  2.69176807e+00  1.06363890e+05 -1.36952939e+01 
 1.07595691e+05  2.68449864e+00  1.07595691e+05 -1.38388130e+01 
 1.08841757e+05  2.67709127e+00  1.08841757e+05 -1.39835325e+01 
 1.10102255e+05  2.66954399e+00  1.10102255e+05 -1.41294537e+01 
 1.11377350e+05  2.66185485e+00  1.11377350e+05 -1.42765776e+01 
 1.12667212e+05  2.65402189e+00  1.12667212e+05 -1.44249049e+01 
 1.13972012e+05  2.64604316e+00  1.13972012e+05 -1.45744361e+01 
 1.15291923e+05  2.63791669e+00  1.15291923e+05 -1.47251713e+01 
 1.16627120e+05  2.62964056e+00  1.16627120e+05 -1.48771106e+01 
 1.17977779e+05  2.62121282e+00  1.17977779e+05 -1.50302535e+01 
 1.19344081e+05  2.61263153e+00  1.19344081e+05 -1.51845994e+01 
 1.20726206e+05  2.60389479e+00  1.20726206e+05 -1.53401475e+01 
 1.22124337e+05  2.59500068e+00  1.22124337e+05 -1.54968963e+01 
 1.23538660e+05  2.58594732e+00  1.23538660e+05 -1.56548446e+01 
 1.24969363e+05  2.57673282e+00  1.24969363e+05 -1.58139905e+01 
 1.26416634e+05  2.56735532e+00  1.26416634e+05 -1.59743318e+01 
 1.27880666e+05  2.55781298e+00  1.27880666e+05 -1.61358662e+01 
 1.29361653e+05  2.54810398e+00  1.29361653e+05 -1.62985910e+01 
 1.30859792e+05  2.53822653e+00  1.30859792e+05 -1.64625032e+01 
 1.32375280e+05  2.52817886e+00  1.32375280e+05 -1.66275995e+01 
 1.33908319e+05  2.51795922e+00  1.33908319e+05 -1.67938763e+01 
 1.35459113e+05  2.50756591e+00  1.35459113e+05 -1.69613297e+01 
 1.37027866e+05  2.49699723e+00  1.37027866e+05 -1.71299554e+01 
 1.38614787e+05  2.48625155e+00  1.38614787e+05 -1.72997491e+01 
 1.40220086e+05  2.47532725e+00  1.40220086e+05 -1.74707058e+01 
 1.41843976e+05  2.46422276e+00  1.41843976e+05 -1.76428204e+01 
 1.43486672e+05  2.45293656e+00  1.43486672e+05 -1.78160876e+01 
 1.45148393e+05  2.44146716e+00  1.45148393e+05 -1.79905016e+01 
 1.46829358e+05  2.42981312e+00  1.46829358e+05 -1.81660565e+01 
 1.48529790e+05  2.41797305e+00  1.48529790e+05 -1.83427460e+01 
 1.50249915e+05  2.40594561e+00  1.50249915e+05 -1.85205635e+01 
 1.51989960e+05  2.39372951e+00  1.51989960e+05 -1.86995023e+01 
 1.53750157e+05  2.38132354e+00  1.53750157e+05 -1.88795551e+01 
 1.55530739e+05  2.36872651e+00  1.55530739e+05 -1.90607148e+01 
 1.57331942e+05  2.35593732e+00  1.57331942e+05 -1.92429735e+01 
 1.59154005e+05  2.34295493e+00  1.59154005e+05 -1.94263236e+01 
 1.60997169e+05  2.32977835e+00  1.60997169e+05 -1.96107569e+01 
 1.62861678e+05  2.31640669e+00  1.62861678e+05 -1.97962652e+01 
 1.64747781e+05  2.30283911e+00  1.64747781e+05 -1.99828398e+01 
 1.66655726e+05  2.28907484e+00  1.66655726e+05 -2.01704720e+01 
 1.68585768e+05  2.27511321e+00  1.68585768e+05 -2.03591530e+01 
 1.70538161e+05  2.26095360e+00  1.70538161e+05 -2.05488736e+01 
 1.72513165e+05  2.24659550e+00  1.72513165e+05 -2.07396246e+01 
 1.74511042e+05  2.23203847e+00  1.74511042e+05 -2.09313966e+01 
 1.76532055e+05  2.21728217e+00  1.76532055e+05 -2.11241799e+01 
 1.78576475e+05  2.20232632e+00  1.78576475e+05 -2.13179650e+01 
 1.80644570e+05  2.18717077e+00  1.80644570e+05 -2.15127421e+01 
 1.82736617e+05  2.17181543e+00  1.82736617e+05 -2.17085013e+01 
 1.84852891e+05  2.15626034e+00  1.84852891e+05 -2.19052328e+01 
 1.86993674e+05  2.14050562e+00  1.86993674e+05 -2.21029265e+01 
 1.89159250e+05  2.12455148e+00  1.89159250e+05 -2.23015726e+01 
 1.91349905e+05  2.10839826e+00  1.91349905e+05 -2.25011610e+01 
 1.93565930e+05  2.09204638e+00  1.93565930e+05 -2.27016817e+01 
 1.95807618e+05  2.07549638e+00  1.95807618e+05 -2.29031250e+01 
 1.98075268e+05  2.05874891e+00  1.98075268e+05 -2.31054808e+01 
 2.00369179e+05  2.04180473e+00  2.00369179e+05 -2.33087396e+01 
 2.02689657e+05  2.02466470e+00  2.02689657e+05 -2.35128915e+01 
 2.05037007e+05  2.00732980e+00  2.05037007e+05 -2.37179272e+01 
 2.07411543e+05  1.98980113e+00  2.07411543e+05 -2.39238374e+01 
 2.09813578e+05  1.97207990e+00  2.09813578e+05 -2.41306128e+01 
 2.12243431e+05  1.95416744e+00  2.12243431e+05 -2.43382446e+01 
 2.14701424e+05  1.93606519e+00  2.14701424e+05 -2.45467242e+01 
 2.17187883e+05  1.91777472e+00  2.17187883e+05 -2.47560432e+01 
 2.19703138e+05  1.89929771e+00  2.19703138e+05 -2.49661935e+01 
 2.22247522e+05  1.88063595e+00  2.22247522e+05 -2.51771674e+01 
 2.24821372e+05  1.86179138e+00  2.24821372e+05 -2.53889575e+01 
 2.27425030e+05  1.84276602e+00  2.27425030e+05 -2.56015571e+01 
 2.30058842e+05  1.82356204e+00  2.30058842e+05 -2.58149594e+01 
 2.32723155e+05  1.80418172e+00  2.32723155e+05 -2.60291585e+01 
 2.35418324e+05  1.78462746e+00  2.35418324e+05 -2.62441489e+01 
 2.38144706e+05  1.76490176e+00  2.38144706e+05 -2.64599255e+01 
 2.40902662e+05  1.74500727e+00  2.40902662e+05 -2.66764839e+01 
 2.43692558e+05  1.72494672e+00  2.43692558e+05 -2.68938202e+01 
 2.46514763e+05  1.70472299e+00  2.46514763e+05 -2.71119312e+01 
 2.49369653e+05  1.68433904e+00  2.49369653e+05 -2.73308143e+01 
 2.52257605e+05  1.66379798e+00  2.52257605e+05 -2.75504676e+01 
 2.55179003e+05  1.64310298e+00  2.55179003e+05 -2.77708900e+01 
 2.58134233e+05  1.62225737e+00  2.58134233e+05 -2.79920810e+01 
 2.61123688e+05  1.60126455e+00  2.61123688e+05 -2.82140409e+01 
 2.64147764e+05  1.58012804e+00  2.64147764e+05 -2.84367711e+01 
 2.67206861e+05  1.55885145e+00  2.67206861e+05 -2.86602734e+01 
 2.70301386e+05  1.53743850e+00  2.70301386e+05 -2.88845508e+01 
 2.73431749e+05  1.51589299e+00  2.73431749e+05 -2.91096072e+01 
 2.76598365e+05  1.49421882e+00  2.76598365e+05 -2.93354471e+01 
 2.79801653e+05  1.47241999e+00  2.79801653e+05 -2.95620764e+01 
 2.83042038e+05  1.45050056e+00  2.83042038e+05 -2.97895016e+01 
 2.86319950e+05  1.42846468e+00  2.86319950e+05 -3.00177305e+01 
 2.89635824e+05  1.40631659e+00  2.89635824e+05 -3.02467719e+01 
 2.92990099e+05  1.38406059e+00  2.92990099e+05 -3.04766355e+01 
 2.96383220e+05  1.36170106e+00  2.96383220e+05 -3.07073321e+01 
 2.99815637e+05  1.33924241e+00  2.99815637e+05 -3.09388739e+01 
 3.03287805e+05  1.31668916e+00  3.03287805e+05 -3.11712739e+01 
 3.06800183e+05  1.29404585e+00  3.06800183e+05 -3.14045464e+01 
 3.10353239e+05  1.27131707e+00  3.10353239e+05 -3.16387069e+01 
 3.13947443e+05  1.24850748e+00  3.13947443e+05 -3.18737720e+01 
 3.17583271e+05  1.22562176e+00  3.17583271e+05 -3.21097594e+01 
 3.21261205e+05  1.20266463e+00  3.21261205e+05 -3.23466884e+01 
 3.24981734e+05  1.17964083e+00  3.24981734e+05 -3.25845792e+01 
 3.28745351e+05  1.15655514e+00  3.28745351e+05 -3.28234534e+01 
 3.32552554e+05  1.13341234e+00  3.32552554e+05 -3.30633336e+01 
 3.36403848e+05  1.11021726e+00  3.36403848e+05 -3.33042441e+01 
 3.40299744e+05  1.08697468e+00  3.40299744e+05 -3.35462102e+01 
 3.44240758e+05  1.06368943e+00  3.44240758e+05 -3.37892585e+01 
 3.48227413e+05  1.04036631e+00  3.48227413e+05 -3.40334169e+01 
 3.52260238e+05  1.01701013e+00  3.52260238e+05 -3.42787146e+01 
 3.56339767e+05  9.93625671e-01  3.56339767e+05 -3.45251821e+01 
 3.60466541e+05  9.70217688e-01  3.60466541e+05 -3.47728513e+01 
 3.64641107e+05  9.46790921e-01  3.64641107e+05 -3.50217552e+01 
 3.68864019e+05  9.23350072e-01  3.68864019e+05 -3.52719281e+01 
 3.73135837e+05  8.99899807e-01  3.73135837e+05 -3.55234058e+01 
 3.77457126e+05  8.76444746e-01  3.77457126e+05 -3.57762252e+01 
 3.81828460e+05  8.52989461e-01  3.81828460e+05 -3.60304244e+01 
 3.86250419e+05  8.29538467e-01  3.86250419e+05 -3.62860430e+01 
 3.90723589e+05  8.06096221e-01  3.90723589e+05 -3.65431218e+01 
 3.95248562e+05  7.82667112e-01  3.95248562e+05 -3.68017025e+01 
 3.99825939e+05  7.59255459e-01  3.99825939e+05 -3.70618286e+01 
 4.04456327e+05  7.35865505e-01  4.04456327e+05 -3.73235443e+01 
 4.09140339e+05  7.12501410e-01  4.09140339e+05 -3.75868953e+01 
 4.13878597e+05  6.89167249e-01  4.13878597e+05 -3.78519284e+01 
 4.18671729e+05  6.65867005e-01  4.18671729e+05 -3.81186915e+01 
 4.23520370e+05  6.42604567e-01  4.23520370e+05 -3.83872337e+01 
 4.28425163e+05  6.19383720e-01  4.28425163e+05 -3.86576052e+01 
 4.33386759e+05  5.96208147e-01  4.33386759e+05 -3.89298575e+01 
 4.38405814e+05  5.73081420e-01  4.38405814e+05 -3.92040427e+01 
 4.43482996e+05  5.50007001e-01  4.43482996e+05 -3.94802145e+01 
 4.48618977e+05  5.26988231e-01  4.48618977e+05 -3.97584273e+01 
 4.53814437e+05  5.04028332e-01  4.53814437e+05 -4.00387365e+01 
 4.59070066e+05  4.81130401e-01  4.59070066e+05 -4.03211987e+01 
 4.64386560e+05  4.58297408e-01  4.64386560e+05 -4.06058712e+01 
 4.69764625e+05  4.35532191e-01  4.69764625e+05 -4.08928123e+01 
 4.75204974e+05  4.12837454e-01  4.75204974e+05 -4.11820813e+01 
 4.80708327e+05  3.90215766e-01  4.80708327e+05 -4.14737383e+01 
 4.86275414e+05  3.67669552e-01  4.86275414e+05 -4.17678441e+01 
 4.91906974e+05  3.45201100e-01  4.91906974e+05 -4.20644606e+01 
 4.97603753e+05  3.22812551e-01  4.97603753e+05 -4.23636500e+01 
 5.03366507e+05  3.00505900e-01  5.03366507e+05 -4.26654758e+01 
 5.09195999e+05  2.78282993e-01  5.09195999e+05 -4.29700018e+01 
 5.15093002e+05  2.56145528e-01  5.15093002e+05 -4.32772926e+01 
 5.21058299e+05  2.34095052e-01  5.21058299e+05 -4.35874135e+01 
 5.27092679e+05  2.12132956e-01  5.27092679e+05 -4.39004303e+01 
 5.33196944e+05  1.90260480e-01  5.33196944e+05 -4.42164094e+01 
 5.39371903e+05  1.68478709e-01  5.39371903e+05 -4.45354180e+01 
 5.45618374e+05  1.46788572e-01  5.45618374e+05 -4.48575234e+01 
 5.51937185e+05  1.25190843e-01  5.51937185e+05 -4.51827936e+01 
 5.58329174e+05  1.03686138e-01  5.58329174e+05 -4.55112972e+01 
 5.64795189e+05  8.22749181e-02  5.64795189e+05 -4.58431028e+01 
 5.71336088e+05  6.09574872e-02  5.71336088e+05 -4.61782799e+01 
 5.77952736e+05  3.97339925e-02  5.77952736e+05 -4.65168979e+01 
 5.84646012e+05  1.86044255e-02  5.84646012e+05 -4.68590267e+01 
 5.91416802e+05 -2.43137855e-03  5.91416802e+05 -4.72047367e+01 
 5.98266006e+05 -2.33737391e-02  5.98266006e+05 -4.75540982e+01 
 6.05194529e+05 -4.42231303e-02  6.05194529e+05 -4.79071820e+01 
 6.12203293e+05 -6.49801799e-02  6.12203293e+05 -4.82640590e+01 
 6.19293224e+05 -8.56456679e-02  6.19293224e+05 -4.86248002e+01 
 6.26465265e+05 -1.06220526e-01  6.26465265e+05 -4.89894769e+01 
 6.33720365e+05 -1.26705836e-01  6.33720365e+05 -4.93581603e+01 
 6.41059486e+05 -1.47102830e-01  6.41059486e+05 -4.97309221e+01 
 6.48483601e+05 -1.67412884e-01  6.48483601e+05 -5.01078335e+01 
 6.55993696e+05 -1.87637524e-01  6.55993696e+05 -5.04889661e+01 
 6.63590765e+05 -2.07778417e-01  6.63590765e+05 -5.08743915e+01 
 6.71275815e+05 -2.27837374e-01  6.71275815e+05 -5.12641812e+01 
 6.79049866e+05 -2.47816348e-01  6.79049866e+05 -5.16584066e+01 
 6.86913949e+05 -2.67717427e-01  6.86913949e+05 -5.20571391e+01 
 6.94869105e+05 -2.87542841e-01  6.94869105e+05 -5.24604501e+01 
 7.02916391e+05 -3.07294949e-01  7.02916391e+05 -5.28684107e+01 
 7.11056872e+05 -3.26976248e-01  7.11056872e+05 -5.32810919e+01 
 7.19291628e+05 -3.46589362e-01  7.19291628e+05 -5.36985647e+01 
 7.27621750e+05 -3.66137045e-01  7.27621750e+05 -5.41208998e+01 
 7.36048344e+05 -3.85622178e-01  7.36048344e+05 -5.45481676e+01 
 7.44572527e+05 -4.05047765e-01  7.44572527e+05 -5.49804385e+01 
 7.53195428e+05 -4.24416931e-01  7.53195428e+05 -5.54177824e+01 
 7.61918191e+05 -4.43732923e-01  7.61918191e+05 -5.58602693e+01 
 7.70741972e+05 -4.62999101e-01  7.70741972e+05 -5.63079685e+01 
 7.79667942e+05 -4.82218945e-01  7.79667942e+05 -5.67609493e+01 
 7.88697283e+05 -5.01396045e-01  7.88697283e+05 -5.72192805e+01 
 7.97831193e+05 -5.20534099e-01  7.97831193e+05 -5.76830306e+01 
 8.07070883e+05 -5.39636918e-01  8.07070883e+05 -5.81522680e+01 
 8.16417578e+05 -5.58708415e-01  8.16417578e+05 -5.86270603e+01 
 8.25872518e+05 -5.77752607e-01  8.25872518e+05 -5.91074752e+01 
 8.35436955e+05 -5.96773613e-01  8.35436955e+05 -5.95935794e+01 
 8.45112157e+05 -6.15775651e-01  8.45112157e+05 -6.00854399e+01 
 8.54899409e+05 -6.34763034e-01  8.54899409e+05 -6.05831226e+01 
 8.64800006e+05 -6.53740172e-01  8.64800006e+05 -6.10866935e+01 
 8.74815263e+05 -6.72711565e-01  8.74815263e+05 -6.15962177e+01 
 8.84946506e+05 -6.91681805e-01  8.84946506e+05 -6.21117602e+01 
 8.95195080e+05 -7.10655571e-01  8.95195080e+05 -6.26333854e+01 
 9.05562342e+05 -7.29637630e-01  9.05562342e+05 -6.31611570e+01 
 9.16049667e+05 -7.48632830e-01  9.16049667e+05 -6.36951384e+01 
 9.26658447e+05 -7.67646106e-01  9.26658447e+05 -6.42353926e+01 
 9.37390086e+05 -7.86682470e-01  9.37390086e+05 -6.47819817e+01 
 9.48246009e+05 -8.05747013e-01  9.48246009e+05 -6.53349677e+01 
 9.59227655e+05 -8.24844906e-01  9.59227655e+05 -6.58944117e+01 
 9.70336479e+05 -8.43981391e-01  9.70336479e+05 -6.64603744e+01 
 9.81573954e+05 -8.63161788e-01  9.81573954e+05 -6.70329159e+01 
 9.92941571e+05 -8.82391488e-01  9.92941571e+05 -6.76120958e+01 
 1.00444084e+06 -9.01675951e-01  1.00444084e+06 -6.81979729e+01 
 1.01607327e+06 -9.21020710e-01  1.01607327e+06 -6.87906056e+01 
 1.02784043e+06 -9.40431364e-01  1.02784043e+06 -6.93900516e+01 
 1.03974386e+06 -9.59913582e-01  1.03974386e+06 -6.99963681e+01 
 1.05178514e+06 -9.79473097e-01  1.05178514e+06 -7.06096114e+01 
 1.06396587e+06 -9.99115708e-01  1.06396587e+06 -7.12298376e+01 
 1.07628767e+06 -1.01884728e+00  1.07628767e+06 -7.18571017e+01 
 1.08875217e+06 -1.03867374e+00  1.08875217e+06 -7.24914583e+01 
 1.10136102e+06 -1.05860108e+00  1.10136102e+06 -7.31329613e+01 
 1.11411589e+06 -1.07863536e+00  1.11411589e+06 -7.37816640e+01 
 1.12701847e+06 -1.09878269e+00  1.12701847e+06 -7.44376189e+01 
 1.14007049e+06 -1.11904926e+00  1.14007049e+06 -7.51008779e+01 
 1.15327365e+06 -1.13944130e+00  1.15327365e+06 -7.57714922e+01 
 1.16662972e+06 -1.15996512e+00  1.16662972e+06 -7.64495122e+01 
 1.18014047e+06 -1.18062710e+00  1.18014047e+06 -7.71349878e+01 
 1.19380769e+06 -1.20143366e+00  1.19380769e+06 -7.78279680e+01 
 1.20763319e+06 -1.22239130e+00  1.20763319e+06 -7.85285013e+01 
 1.22161880e+06 -1.24350659e+00  1.22161880e+06 -7.92366352e+01 
 1.23576638e+06 -1.26478614e+00  1.23576638e+06 -7.99524167e+01 
 1.25007780e+06 -1.28623667e+00  1.25007780e+06 -8.06758920e+01 
 1.26455496e+06 -1.30786493e+00  1.26455496e+06 -8.14071065e+01 
 1.27919978e+06 -1.32967776e+00  1.27919978e+06 -8.21461050e+01 
 1.29401421e+06 -1.35168206e+00  1.29401421e+06 -8.28929315e+01 
 1.30900020e+06 -1.37388483e+00  1.30900020e+06 -8.36476290e+01 
 1.32415974e+06 -1.39629311e+00  1.32415974e+06 -8.44102401e+01 
 1.33949485e+06 -1.41891406e+00  1.33949485e+06 -8.51808065e+01 
 1.35500755e+06 -1.44175489e+00  1.35500755e+06 -8.59593691e+01 
 1.37069990e+06 -1.46482292e+00  1.37069990e+06 -8.67459680e+01 
 1.38657399e+06 -1.48812553e+00  1.38657399e+06 -8.75406425e+01 
 1.40263192e+06 -1.51167024e+00  1.40263192e+06 -8.83434313e+01 
 1.41887581e+06 -1.53546462e+00  1.41887581e+06 -8.91543721e+01 
 1.43530782e+06 -1.55951637e+00  1.43530782e+06 -8.99735020e+01 
 1.45193013e+06 -1.58383330e+00  1.45193013e+06 -9.08008569e+01 
 1.46874495e+06 -1.60842331e+00  1.46874495e+06 -9.16364725e+01 
 1.48575450e+06 -1.63329445e+00  1.48575450e+06 -9.24803831e+01 
 1.50296103e+06 -1.65845487e+00  1.50296103e+06 -9.33326225e+01 
 1.52036684e+06 -1.68391286e+00  1.52036684e+06 -9.41932236e+01 
 1.53797422e+06 -1.70967685e+00  1.53797422e+06 -9.50622184e+01 
 1.55578551e+06 -1.73575543e+00  1.55578551e+06 -9.59396381e+01 
 1.57380308e+06 -1.76215731e+00  1.57380308e+06 -9.68255131e+01 
 1.59202931e+06 -1.78889140e+00  1.59202931e+06 -9.77198728e+01 
 1.61046661e+06 -1.81596676e+00  1.61046661e+06 -9.86227458e+01 
 1.62911744e+06 -1.84339265e+00  1.62911744e+06 -9.95341597e+01 
 1.64798426e+06 -1.87117850e+00  1.64798426e+06 -1.00454141e+02 
 1.66706959e+06 -1.89933396e+00  1.66706959e+06 -1.01382716e+02 
 1.68637593e+06 -1.92786888e+00  1.68637593e+06 -1.02319910e+02 
 1.70590587e+06 -1.95679336e+00  1.70590587e+06 -1.03265745e+02 
 1.72566198e+06 -1.98611772e+00  1.72566198e+06 -1.04220246e+02 
 1.74564689e+06 -2.01585254e+00  1.74564689e+06 -1.05183434e+02 
 1.76586324e+06 -2.04600866e+00  1.76586324e+06 -1.06155329e+02 
 1.78631372e+06 -2.07659721e+00  1.78631372e+06 -1.07135952e+02 
 1.80700103e+06 -2.10762961e+00  1.80700103e+06 -1.08125320e+02 
 1.82792793e+06 -2.13911759e+00  1.82792793e+06 -1.09123452e+02 
 1.84909717e+06 -2.17107323e+00  1.84909717e+06 -1.10130363e+02 
 1.87051159e+06 -2.20350892e+00  1.87051159e+06 -1.11146068e+02 
 1.89217400e+06 -2.23643744e+00  1.89217400e+06 -1.12170581e+02 
 1.91408728e+06 -2.26987194e+00  1.91408728e+06 -1.13203913e+02 
 1.93625434e+06 -2.30382599e+00  1.93625434e+06 -1.14246076e+02 
 1.95867812e+06 -2.33831357e+00  1.95867812e+06 -1.15297078e+02 
 1.98136159e+06 -2.37334909e+00  1.98136159e+06 -1.16356927e+02 
 2.00430776e+06 -2.40894743e+00  2.00430776e+06 -1.17425628e+02 
 2.02751966e+06 -2.44512397e+00  2.02751966e+06 -1.18503185e+02 
 2.05100039e+06 -2.48189458e+00  2.05100039e+06 -1.19589600e+02 
 2.07475304e+06 -2.51927566e+00  2.07475304e+06 -1.20684872e+02 
 2.09878077e+06 -2.55728416e+00  2.09878077e+06 -1.21788999e+02 
 2.12308677e+06 -2.59593760e+00  2.12308677e+06 -1.22901976e+02 
 2.14767426e+06 -2.63525412e+00  2.14767426e+06 -1.24023795e+02 
 2.17254649e+06 -2.67525244e+00  2.17254649e+06 -1.25154447e+02 
 2.19770677e+06 -2.71595194e+00  2.19770677e+06 -1.26293917e+02 
 2.22315843e+06 -2.75737267e+00  2.22315843e+06 -1.27442189e+02 
 2.24890485e+06 -2.79953536e+00  2.24890485e+06 -1.28599245e+02 
 2.27494944e+06 -2.84246144e+00  2.27494944e+06 -1.29765059e+02 
 2.30129565e+06 -2.88617307e+00  2.30129565e+06 -1.30939605e+02 
 2.32794697e+06 -2.93069316e+00  2.32794697e+06 -1.32122852e+02 
 2.35490695e+06 -2.97604536e+00  2.35490695e+06 -1.33314762e+02 
 2.38217915e+06 -3.02225414e+00  2.38217915e+06 -1.34515297e+02 
 2.40976718e+06 -3.06934471e+00  2.40976718e+06 -1.35724408e+02 
 2.43767472e+06 -3.11734314e+00  2.43767472e+06 -1.36942046e+02 
 2.46590545e+06 -3.16627626e+00  2.46590545e+06 -1.38168152e+02 
 2.49446313e+06 -3.21617175e+00  2.49446313e+06 -1.39402662e+02 
 2.52335153e+06 -3.26705810e+00  2.52335153e+06 -1.40645506e+02 
 2.55257448e+06 -3.31896461e+00  2.55257448e+06 -1.41896607e+02 
 2.58213587e+06 -3.37192141e+00  2.58213587e+06 -1.43155877e+02 
 2.61203961e+06 -3.42595940e+00  2.61203961e+06 -1.44423224e+02 
 2.64228966e+06 -3.48111030e+00  2.64228966e+06 -1.45698544e+02 
 2.67289004e+06 -3.53740654e+00  2.67289004e+06 -1.46981725e+02 
 2.70384481e+06 -3.59488131e+00  2.70384481e+06 -1.48272647e+02 
 2.73515806e+06 -3.65356848e+00  2.73515806e+06 -1.49571175e+02 
 2.76683395e+06 -3.71350256e+00  2.76683395e+06 -1.50877167e+02 
 2.79887667e+06 -3.77471865e+00  2.79887667e+06 -1.52190468e+02 
 2.83129049e+06 -3.83725238e+00  2.83129049e+06 -1.53510909e+02 
 2.86407969e+06 -3.90113981e+00  2.86407969e+06 -1.54838312e+02 
 2.89724862e+06 -3.96641739e+00  2.89724862e+06 -1.56172481e+02 
 2.93080168e+06 -4.03312182e+00  2.93080168e+06 -1.57513210e+02 
 2.96474332e+06 -4.10128998e+00  2.96474332e+06 -1.58860276e+02 
 2.99907804e+06 -4.17095880e+00  2.99907804e+06 -1.60213442e+02 
 3.03381039e+06 -4.24216510e+00  3.03381039e+06 -1.61572453e+02 
 3.06894498e+06 -4.31494551e+00  3.06894498e+06 -1.62937042e+02 
 3.10448646e+06 -4.38933625e+00  3.10448646e+06 -1.64306921e+02 
 3.14043954e+06 -4.46537300e+00  3.14043954e+06 -1.65681789e+02 
 3.17680900e+06 -4.54309072e+00  3.17680900e+06 -1.67061324e+02 
 3.21359965e+06 -4.62252346e+00  3.21359965e+06 -1.68445191e+02 
 3.25081638e+06 -4.70370414e+00  3.25081638e+06 -1.69833033e+02 
 3.28846411e+06 -4.78666437e+00  3.28846411e+06 -1.71224479e+02 
 3.32654785e+06 -4.87143419e+00  3.32654785e+06 -1.72619138e+02 
 3.36507263e+06 -4.95804190e+00  3.36507263e+06 -1.74016604e+02 
 3.40404356e+06 -5.04651376e+00  3.40404356e+06 -1.75416453e+02 
 3.44346582e+06 -5.13687381e+00  3.44346582e+06 -1.76818246e+02 
 3.48334463e+06 -5.22914362e+00  3.48334463e+06 -1.78221525e+02 
 3.52368527e+06 -5.32334203e+00  3.52368527e+06 -1.79625822e+02 
 3.56449310e+06 -5.41948493e+00  3.56449310e+06  1.78969348e+02 
 3.60577353e+06 -5.51758503e+00  3.60577353e+06  1.77564482e+02 
 3.64753203e+06 -5.61765165e+00  3.64753203e+06  1.76160088e+02 
 3.68977413e+06 -5.71969052e+00  3.68977413e+06  1.74756683e+02 
 3.73250543e+06 -5.82370354e+00  3.73250543e+06  1.73354794e+02 
 3.77573161e+06 -5.92968868e+00  3.77573161e+06  1.71954952e+02 
 3.81945839e+06 -6.03763976e+00  3.81945839e+06  1.70557694e+02 
 3.86369158e+06 -6.14754637e+00  3.86369158e+06  1.69163559e+02 
 3.90843702e+06 -6.25939376e+00  3.90843702e+06  1.67773085e+02 
 3.95370067e+06 -6.37316275e+00  3.95370067e+06  1.66386808e+02 
 3.99948851e+06 -6.48882972e+00  3.99948851e+06  1.65005260e+02 
 4.04580662e+06 -6.60636661e+00  4.04580662e+06  1.63628965e+02 
 4.09266114e+06 -6.72574093e+00  4.09266114e+06  1.62258438e+02 
 4.14005829e+06 -6.84691587e+00  4.14005829e+06  1.60894180e+02 
 4.18800434e+06 -6.96985037e+00  4.18800434e+06  1.59536680e+02 
 4.23650566e+06 -7.09449929e+00  4.23650566e+06  1.58186407e+02 
 4.28556866e+06 -7.22081362e+00  4.28556866e+06  1.56843812e+02 
 4.33519987e+06 -7.34874065e+00  4.33519987e+06  1.55509325e+02 
 4.38540586e+06 -7.47822427e+00  4.38540586e+06  1.54183350e+02 
 4.43619329e+06 -7.60920524e+00  4.43619329e+06  1.52866268e+02 
 4.48756888e+06 -7.74162149e+00  4.48756888e+06  1.51558430e+02 
 4.53953946e+06 -7.87540850e+00  4.53953946e+06  1.50260160e+02 
 4.59211190e+06 -8.01049964e+00  4.59211190e+06  1.48971751e+02 
 4.64529319e+06 -8.14682655e+00  4.64529319e+06  1.47693465e+02 
 4.69909037e+06 -8.28431951e+00  4.69909037e+06  1.46425532e+02 
 4.75351058e+06 -8.42290790e+00  4.75351058e+06  1.45168149e+02 
 4.80856103e+06 -8.56252051e+00  4.80856103e+06  1.43921482e+02 
 4.86424902e+06 -8.70308605e+00  4.86424902e+06  1.42685664e+02 
 4.92058193e+06 -8.84453343e+00  4.92058193e+06  1.41460794e+02 
 4.97756723e+06 -8.98679221e+00  4.97756723e+06  1.40246941e+02 
 5.03521248e+06 -9.12979296e+00  5.03521248e+06  1.39044143e+02 
 5.09352532e+06 -9.27346757e+00  5.09352532e+06  1.37852409e+02 
 5.15251348e+06 -9.41774960e+00  5.15251348e+06  1.36671717e+02 
 5.21218479e+06 -9.56257455e+00  5.21218479e+06  1.35502022e+02 
 5.27254715e+06 -9.70788016e+00  5.27254715e+06  1.34343249e+02 
 5.33360856e+06 -9.85360663e+00  5.33360856e+06  1.33195302e+02 
 5.39537713e+06 -9.99969681e+00  5.39537713e+06  1.32058064e+02 
 5.45786104e+06 -1.01460964e+01  5.45786104e+06  1.30931395e+02 
 5.52106858e+06 -1.02927540e+01  5.52106858e+06  1.29815140e+02 
 5.58500812e+06 -1.04396214e+01  5.58500812e+06  1.28709126e+02 
 5.64968815e+06 -1.05866535e+01  5.64968815e+06  1.27613166e+02 
 5.71511724e+06 -1.07338084e+01  5.71511724e+06  1.26527062e+02 
 5.78130406e+06 -1.08810473e+01  5.78130406e+06  1.25450606e+02 
 5.84825740e+06 -1.10283347e+01  5.84825740e+06  1.24383580e+02 
 5.91598612e+06 -1.11756383e+01  5.91598612e+06  1.23325763e+02 
 5.98449920e+06 -1.13229289e+01  5.98449920e+06  1.22276925e+02 
 6.05380574e+06 -1.14701802e+01  6.05380574e+06  1.21236835e+02 
 6.12391492e+06 -1.16173688e+01  6.12391492e+06  1.20205261e+02 
 6.19483603e+06 -1.17644742e+01  6.19483603e+06  1.19181971e+02 
 6.26657849e+06 -1.19114785e+01  6.26657849e+06  1.18166732e+02 
 6.33915179e+06 -1.20583664e+01  6.33915179e+06  1.17159314e+02 
 6.41256556e+06 -1.22051250e+01  6.41256556e+06  1.16159490e+02 
 6.48682954e+06 -1.23517434e+01  6.48682954e+06  1.15167039e+02 
 6.56195357e+06 -1.24982130e+01  6.56195357e+06  1.14181742e+02 
 6.63794761e+06 -1.26445271e+01  6.63794761e+06  1.13203387e+02 
 6.71482174e+06 -1.27906806e+01  6.71482174e+06  1.12231767e+02 
 6.79258615e+06 -1.29366700e+01  6.79258615e+06  1.11266681e+02 
 6.87125115e+06 -1.30824935e+01  6.87125115e+06  1.10307937e+02 
 6.95082717e+06 -1.32281502e+01  6.95082717e+06  1.09355347e+02 
 7.03132476e+06 -1.33736407e+01  7.03132476e+06  1.08408730e+02 
 7.11275460e+06 -1.35189663e+01  7.11275460e+06  1.07467916e+02 
 7.19512747e+06 -1.36641293e+01  7.19512747e+06  1.06532736e+02 
 7.27845431e+06 -1.38091329e+01  7.27845431e+06  1.05603033e+02 
 7.36274615e+06 -1.39539808e+01  7.36274615e+06  1.04678653e+02 
 7.44801418e+06 -1.40986770e+01  7.44801418e+06  1.03759452e+02 
 7.53426970e+06 -1.42432263e+01  7.53426970e+06  1.02845289e+02 
 7.62152414e+06 -1.43876336e+01  7.62152414e+06  1.01936031e+02 
 7.70978908e+06 -1.45319041e+01  7.70978908e+06  1.01031550e+02 
 7.79907622e+06 -1.46760433e+01  7.79907622e+06  1.00131725e+02 
 7.88939739e+06 -1.48200565e+01  7.88939739e+06  9.92364383e+01 
 7.98076457e+06 -1.49639494e+01  7.98076457e+06  9.83455772e+01 
 8.07318988e+06 -1.51077274e+01  8.07318988e+06  9.74590341e+01 
 8.16668556e+06 -1.52513961e+01  8.16668556e+06  9.65767053e+01 
 8.26126402e+06 -1.53949607e+01  8.26126402e+06  9.56984907e+01 
 8.35693779e+06 -1.55384266e+01  8.35693779e+06  9.48242936e+01 
 8.45371956e+06 -1.56817988e+01  8.45371956e+06  9.39540207e+01 
 8.55162216e+06 -1.58250823e+01  8.55162216e+06  9.30875810e+01 
 8.65065857e+06 -1.59682818e+01  8.65065857e+06  9.22248862e+01 
 8.75084193e+06 -1.61114017e+01  8.75084193e+06  9.13658500e+01 
 8.85218551e+06 -1.62544465e+01  8.85218551e+06  9.05103880e+01 
 8.95470275e+06 -1.63974203e+01  8.95470275e+06  8.96584172e+01 
 9.05840724e+06 -1.65403267e+01  9.05840724e+06  8.88098561e+01 
 9.16331273e+06 -1.66831697e+01  9.16331273e+06  8.79646241e+01 
 9.26943314e+06 -1.68259524e+01  9.26943314e+06  8.71226416e+01 
 9.37678253e+06 -1.69686783e+01  9.37678253e+06  8.62838293e+01 
 9.48537513e+06 -1.71113502e+01  9.48537513e+06  8.54481087e+01 
 9.59522534e+06 -1.72539711e+01  9.59522534e+06  8.46154013e+01 
 9.70634773e+06 -1.73965436e+01  9.70634773e+06  8.37856288e+01 
 9.81875703e+06 -1.75390702e+01  9.81875703e+06  8.29587126e+01 
 9.93246814e+06 -1.76815532e+01  9.93246814e+06  8.21345744e+01 
 1.00474961e+07 -1.78239948e+01  1.00474961e+07  8.13131350e+01 
 1.01638563e+07 -1.79663971e+01  1.01638563e+07  8.04943153e+01 
 1.02815640e+07 -1.81087621e+01  1.02815640e+07  7.96780354e+01 
 1.04006349e+07 -1.82510916e+01  1.04006349e+07  7.88642150e+01 
 1.05210847e+07 -1.83933875e+01  1.05210847e+07  7.80527731e+01 
 1.06429295e+07 -1.85356515e+01  1.06429295e+07  7.72436281e+01 
 1.07661854e+07 -1.86778853e+01  1.07661854e+07  7.64366976e+01 
 1.08908687e+07 -1.88200906e+01  1.08908687e+07  7.56318986e+01 
 1.10169959e+07 -1.89622690e+01  1.10169959e+07  7.48291472e+01 
 1.11445838e+07 -1.91044223e+01  1.11445838e+07  7.40283589e+01 
 1.12736493e+07 -1.92465521e+01  1.12736493e+07  7.32294485e+01 
 1.14042096e+07 -1.93886601e+01  1.14042096e+07  7.24323298e+01 
 1.15362818e+07 -1.95307482e+01  1.15362818e+07  7.16369160e+01 
 1.16698836e+07 -1.96728181e+01  1.16698836e+07  7.08431199e+01 
 1.18050326e+07 -1.98148717e+01  1.18050326e+07  7.00508531e+01 
 1.19417468e+07 -1.99569111e+01  1.19417468e+07  6.92600271e+01 
 1.20800443e+07 -2.00989384e+01  1.20800443e+07  6.84705524e+01 
 1.22199434e+07 -2.02409557e+01  1.22199434e+07  6.76823393e+01 
 1.23614627e+07 -2.03829653e+01  1.23614627e+07  6.68952975e+01 
 1.25046209e+07 -2.05249698e+01  1.25046209e+07  6.61093362e+01 
 1.26494370e+07 -2.06669716e+01  1.26494370e+07  6.53243643e+01 
 1.27959303e+07 -2.08089735e+01  1.27959303e+07  6.45402905e+01 
 1.29441200e+07 -2.09509784e+01  1.29441200e+07  6.37570231e+01 
 1.30940260e+07 -2.10929892e+01  1.30940260e+07  6.29744703e+01 
 1.32456680e+07 -2.12350093e+01  1.32456680e+07  6.21925403e+01 
 1.33990662e+07 -2.13770420e+01  1.33990662e+07  6.14111412e+01 
 1.35542409e+07 -2.15190907e+01  1.35542409e+07  6.06301811e+01 
 1.37112127e+07 -2.16611593e+01  1.37112127e+07  5.98495684e+01 
 1.38700024e+07 -2.18032516e+01  1.38700024e+07  5.90692116e+01 
 1.40306310e+07 -2.19453717e+01  1.40306310e+07  5.82890194e+01 
 1.41931199e+07 -2.20875239e+01  1.41931199e+07  5.75089010e+01 
 1.43574905e+07 -2.22297126e+01  1.43574905e+07  5.67287661e+01 
 1.45237648e+07 -2.23719425e+01  1.45237648e+07  5.59485247e+01 
 1.46919646e+07 -2.25142185e+01  1.46919646e+07  5.51680875e+01 
 1.48621124e+07 -2.26565455e+01  1.48621124e+07  5.43873660e+01 
 1.50342306e+07 -2.27989288e+01  1.50342306e+07  5.36062723e+01 
 1.52083422e+07 -2.29413738e+01  1.52083422e+07  5.28247193e+01 
 1.53844701e+07 -2.30838861e+01  1.53844701e+07  5.20426210e+01 
 1.55626378e+07 -2.32264714e+01  1.55626378e+07  5.12598922e+01 
 1.57428689e+07 -2.33691358e+01  1.57428689e+07  5.04764488e+01 
 1.59251872e+07 -2.35118854e+01  1.59251872e+07  4.96922079e+01 
 1.61096169e+07 -2.36547266e+01  1.61096169e+07  4.89070878e+01 
 1.62961825e+07 -2.37976657e+01  1.62961825e+07  4.81210080e+01 
 1.64849088e+07 -2.39407096e+01  1.64849088e+07  4.73338893e+01 
 1.66758206e+07 -2.40838649e+01  1.66758206e+07  4.65456542e+01 
 1.68689435e+07 -2.42271388e+01  1.68689435e+07  4.57562263e+01 
 1.70643029e+07 -2.43705384e+01  1.70643029e+07  4.49655311e+01 
 1.72619247e+07 -2.45140709e+01  1.72619247e+07  4.41734955e+01 
 1.74618352e+07 -2.46577439e+01  1.74618352e+07  4.33800482e+01 
 1.76640609e+07 -2.48015650e+01  1.76640609e+07  4.25851195e+01 
 1.78686285e+07 -2.49455418e+01  1.78686285e+07  4.17886418e+01 
 1.80755653e+07 -2.50896822e+01  1.80755653e+07  4.09905491e+01 
 1.82848985e+07 -2.52339942e+01  1.82848985e+07  4.01907775e+01 
 1.84966561e+07 -2.53784859e+01  1.84966561e+07  3.93892649e+01 
 1.87108661e+07 -2.55231655e+01  1.87108661e+07  3.85859514e+01 
 1.89275568e+07 -2.56680413e+01  1.89275568e+07  3.77807793e+01 
 1.91467570e+07 -2.58131217e+01  1.91467570e+07  3.69736928e+01 
 1.93684957e+07 -2.59584152e+01  1.93684957e+07  3.61646384e+01 
 1.95928024e+07 -2.61039303e+01  1.95928024e+07  3.53535651e+01 
 1.98197069e+07 -2.62496756e+01  1.98197069e+07  3.45404238e+01 
 2.00492391e+07 -2.63956599e+01  2.00492391e+07  3.37251680e+01 
 2.02814295e+07 -2.65418919e+01  2.02814295e+07  3.29077536e+01 
 2.05163089e+07 -2.66883804e+01  2.05163089e+07  3.20881388e+01 
 2.07539085e+07 -2.68351342e+01  2.07539085e+07  3.12662846e+01 
 2.09942597e+07 -2.69821622e+01  2.09942597e+07  3.04421542e+01 
 2.12373944e+07 -2.71294733e+01  2.12373944e+07  2.96157134e+01 
 2.14833448e+07 -2.72770764e+01  2.14833448e+07  2.87869309e+01 
 2.17321436e+07 -2.74249803e+01  2.17321436e+07  2.79557777e+01 
 2.19838238e+07 -2.75731940e+01  2.19838238e+07  2.71222278e+01 
 2.22384186e+07 -2.77217264e+01  2.22384186e+07  2.62862576e+01 
 2.24959620e+07 -2.78705862e+01  2.24959620e+07  2.54478465e+01 
 2.27564879e+07 -2.80197824e+01  2.27564879e+07  2.46069766e+01 
 2.30200310e+07 -2.81693237e+01  2.30200310e+07  2.37636327e+01 
 2.32866262e+07 -2.83192188e+01  2.32866262e+07  2.29178027e+01 
 2.35563088e+07 -2.84694764e+01  2.35563088e+07  2.20694771e+01 
 2.38291146e+07 -2.86201051e+01  2.38291146e+07  2.12186495e+01 
 2.41050798e+07 -2.87711134e+01  2.41050798e+07  2.03653162e+01 
 2.43842409e+07 -2.89225098e+01  2.43842409e+07  1.95094766e+01 
 2.46666350e+07 -2.90743026e+01  2.46666350e+07  1.86511332e+01 
 2.49522996e+07 -2.92265001e+01  2.49522996e+07  1.77902911e+01 
 2.52412724e+07 -2.93791102e+01  2.52412724e+07  1.69269587e+01 
 2.55335918e+07 -2.95321411e+01  2.55335918e+07  1.60611472e+01 
 2.58292965e+07 -2.96856005e+01  2.58292965e+07  1.51928711e+01 
 2.61284258e+07 -2.98394962e+01  2.61284258e+07  1.43221477e+01 
 2.64310194e+07 -2.99938357e+01  2.64310194e+07  1.34489974e+01 
 2.67371172e+07 -3.01486264e+01  2.67371172e+07  1.25734437e+01 
 2.70467600e+07 -3.03038755e+01  2.70467600e+07  1.16955132e+01 
 2.73599888e+07 -3.04595900e+01  2.73599888e+07  1.08152355e+01 
 2.76768451e+07 -3.06157767e+01  2.76768451e+07  9.93264331e+00 
 2.79973709e+07 -3.07724422e+01  2.79973709e+07  9.04777232e+00 
 2.83216087e+07 -3.09295930e+01  2.83216087e+07  8.16066142e+00 
 2.86496015e+07 -3.10872352e+01  2.86496015e+07  7.27135250e+00 
 2.89813928e+07 -3.12453748e+01  2.89813928e+07  6.37989054e+00 
 2.93170265e+07 -3.14040174e+01  2.93170265e+07  5.48632356e+00 
 2.96565473e+07 -3.15631685e+01  2.96565473e+07  4.59070263e+00 
 3.00000000e+07 -3.17228332e+01  3.00000000e+07  3.69308185e+00 
