 2.00000000e-01 -5.44660604e+00  2.00000000e-01  6.78862333e+01 
 2.02316202e-01 -5.36090662e+00  2.02316202e-01  6.76551998e+01 
 2.04659228e-01 -5.27549198e+00  2.04659228e-01  6.74222674e+01 
 2.07029388e-01 -5.19036680e+00  2.07029388e-01  6.71874360e+01 
 2.09426997e-01 -5.10553581e+00  2.09426997e-01  6.69507060e+01 
 2.11852373e-01 -5.02100376e+00  2.11852373e-01  6.67120782e+01 
 2.14305837e-01 -4.93677544e+00  2.14305837e-01  6.64715543e+01 
 2.16787715e-01 -4.85285567e+00  2.16787715e-01  6.62291362e+01 
 2.19298335e-01 -4.76924932e+00  2.19298335e-01  6.59848265e+01 
 2.21838031e-01 -4.68596126e+00  2.21838031e-01  6.57386284e+01 
 2.24407140e-01 -4.60299642e+00  2.24407140e-01  6.54905455e+01 
 2.27006001e-01 -4.52035974e+00  2.27006001e-01  6.52405823e+01 
 2.29634959e-01 -4.43805618e+00  2.29634959e-01  6.49887435e+01 
 2.32294364e-01 -4.35609075e+00  2.32294364e-01  6.47350348e+01 
 2.34984567e-01 -4.27446844e+00  2.34984567e-01  6.44794623e+01 
 2.37705925e-01 -4.19319429e+00  2.37705925e-01  6.42220328e+01 
 2.40458800e-01 -4.11227335e+00  2.40458800e-01  6.39627538e+01 
 2.43243555e-01 -4.03171069e+00  2.43243555e-01  6.37016333e+01 
 2.46060561e-01 -3.95151139e+00  2.46060561e-01  6.34386801e+01 
 2.48910190e-01 -3.87168052e+00  2.48910190e-01  6.31739037e+01 
 2.51792821e-01 -3.79222319e+00  2.51792821e-01  6.29073142e+01 
 2.54708836e-01 -3.71314449e+00  2.54708836e-01  6.26389225e+01 
 2.57658622e-01 -3.63444954e+00  2.57658622e-01  6.23687400e+01 
 2.60642568e-01 -3.55614342e+00  2.60642568e-01  6.20967790e+01 
 2.63661072e-01 -3.47823125e+00  2.63661072e-01  6.18230524e+01 
 2.66714534e-01 -3.40071811e+00  2.66714534e-01  6.15475740e+01 
 2.69803357e-01 -3.32360909e+00  2.69803357e-01  6.12703582e+01 
 2.72927952e-01 -3.24690928e+00  2.72927952e-01  6.09914202e+01 
 2.76088733e-01 -3.17062373e+00  2.76088733e-01  6.07107757e+01 
 2.79286119e-01 -3.09475748e+00  2.79286119e-01  6.04284416e+01 
 2.82520534e-01 -3.01931555e+00  2.82520534e-01  6.01444352e+01 
 2.85792407e-01 -2.94430295e+00  2.85792407e-01  5.98587747e+01 
 2.89102171e-01 -2.86972465e+00  2.89102171e-01  5.95714790e+01 
 2.92450266e-01 -2.79558559e+00  2.92450266e-01  5.92825678e+01 
 2.95837135e-01 -2.72189068e+00  2.95837135e-01  5.89920616e+01 
 2.99263228e-01 -2.64864479e+00  2.99263228e-01  5.86999816e+01 
 3.02728998e-01 -2.57585274e+00  3.02728998e-01  5.84063499e+01 
 3.06234905e-01 -2.50351934e+00  3.06234905e-01  5.81111891e+01 
 3.09781414e-01 -2.43164931e+00  3.09781414e-01  5.78145228e+01 
 3.13368996e-01 -2.36024735e+00  3.13368996e-01  5.75163753e+01 
 3.16998125e-01 -2.28931809e+00  3.16998125e-01  5.72167716e+01 
 3.20669283e-01 -2.21886611e+00  3.20669283e-01  5.69157377e+01 
 3.24382957e-01 -2.14889592e+00  3.24382957e-01  5.66133000e+01 
 3.28139639e-01 -2.07941197e+00  3.28139639e-01  5.63094858e+01 
 3.31939827e-01 -2.01041865e+00  3.31939827e-01  5.60043232e+01 
 3.35784025e-01 -1.94192025e+00  3.35784025e-01  5.56978411e+01 
 3.39672743e-01 -1.87392102e+00  3.39672743e-01  5.53900688e+01 
 3.43606496e-01 -1.80642510e+00  3.43606496e-01  5.50810368e+01 
 3.47585805e-01 -1.73943657e+00  3.47585805e-01  5.47707758e+01 
 3.51611200e-01 -1.67295941e+00  3.51611200e-01  5.44593177e+01 
 3.55683212e-01 -1.60699751e+00  3.55683212e-01  5.41466946e+01 
 3.59802383e-01 -1.54155467e+00  3.59802383e-01  5.38329396e+01 
 3.63969257e-01 -1.47663460e+00  3.63969257e-01  5.35180863e+01 
 3.68184388e-01 -1.41224089e+00  3.68184388e-01  5.32021692e+01 
 3.72448335e-01 -1.34837706e+00  3.72448335e-01  5.28852231e+01 
 3.76761663e-01 -1.28504647e+00  3.76761663e-01  5.25672836e+01 
 3.81124943e-01 -1.22225243e+00  3.81124943e-01  5.22483868e+01 
 3.85538754e-01 -1.15999810e+00  3.85538754e-01  5.19285696e+01 
 3.90003682e-01 -1.09828653e+00  3.90003682e-01  5.16078692e+01 
 3.94520318e-01 -1.03712065e+00  3.94520318e-01  5.12863235e+01 
 3.99089261e-01 -9.76503278e-01  3.99089261e-01  5.09639708e+01 
 4.03711118e-01 -9.16437099e-01  4.03711118e-01  5.06408501e+01 
 4.08386500e-01 -8.56924671e-01  4.08386500e-01  5.03170008e+01 
 4.13116027e-01 -7.97968424e-01  4.13116027e-01  4.99924626e+01 
 4.17900328e-01 -7.39570654e-01  4.17900328e-01  4.96672758e+01 
 4.22740035e-01 -6.81733525e-01  4.22740035e-01  4.93414811e+01 
 4.27635791e-01 -6.24459060e-01  4.27635791e-01  4.90151196e+01 
 4.32588245e-01 -5.67749147e-01  4.32588245e-01  4.86882328e+01 
 4.37598053e-01 -5.11605530e-01  4.37598053e-01  4.83608623e+01 
 4.42665880e-01 -4.56029812e-01  4.42665880e-01  4.80330503e+01 
 4.47792398e-01 -4.01023452e-01  4.47792398e-01  4.77048392e+01 
 4.52978286e-01 -3.46587761e-01  4.52978286e-01  4.73762716e+01 
 4.58224231e-01 -2.92723905e-01  4.58224231e-01  4.70473904e+01 
 4.63530930e-01 -2.39432901e-01  4.63530930e-01  4.67182387e+01 
 4.68899086e-01 -1.86715615e-01  4.68899086e-01  4.63888597e+01 
 4.74329410e-01 -1.34572763e-01  4.74329410e-01  4.60592969e+01 
 4.79822623e-01 -8.30049126e-02  4.79822623e-01  4.57295937e+01 
 4.85379453e-01 -3.20124757e-02  4.85379453e-01  4.53997938e+01 
 4.91000637e-01  1.84042862e-02  4.91000637e-01  4.50699410e+01 
 4.96686920e-01  6.82452642e-02  4.96686920e-01  4.47400788e+01 
 5.02439056e-01  1.17510502e-01  5.02439056e-01  4.44102510e+01 
 5.08257807e-01  1.66200197e-01  5.08257807e-01  4.40805015e+01 
 5.14143945e-01  2.14314698e-01  5.14143945e-01  4.37508737e+01 
 5.20098251e-01  2.61854505e-01  5.20098251e-01  4.34214113e+01 
 5.26121513e-01  3.08820271e-01  5.26121513e-01  4.30921577e+01 
 5.32214531e-01  3.55212799e-01  5.32214531e-01  4.27631563e+01 
 5.38378112e-01  4.01033043e-01  5.38378112e-01  4.24344502e+01 
 5.44613074e-01  4.46282104e-01  5.44613074e-01  4.21060824e+01 
 5.50920243e-01  4.90961234e-01  5.50920243e-01  4.17780957e+01 
 5.57300455e-01  5.35071827e-01  5.57300455e-01  4.14505325e+01 
 5.63754556e-01  5.78615426e-01  5.63754556e-01  4.11234350e+01 
 5.70283403e-01  6.21593716e-01  5.70283403e-01  4.07968452e+01 
 5.76887860e-01  6.64008523e-01  5.76887860e-01  4.04708047e+01 
 5.83568804e-01  7.05861813e-01  5.83568804e-01  4.01453546e+01 
 5.90327119e-01  7.47155692e-01  5.90327119e-01  3.98205359e+01 
 5.97163703e-01  7.87892399e-01  5.97163703e-01  3.94963890e+01 
 6.04079461e-01  8.28074307e-01  6.04079461e-01  3.91729539e+01 
 6.11075310e-01  8.67703921e-01  6.11075310e-01  3.88502701e+01 
 6.18152179e-01  9.06783873e-01  6.18152179e-01  3.85283769e+01 
 6.25311005e-01  9.45316922e-01  6.25311005e-01  3.82073126e+01 
 6.32552737e-01  9.83305951e-01  6.32552737e-01  3.78871156e+01 
 6.39878336e-01  1.02075396e+00  6.39878336e-01  3.75678232e+01 
 6.47288773e-01  1.05766407e+00  6.47288773e-01  3.72494725e+01 
 6.54785030e-01  1.09403952e+00  6.54785030e-01  3.69321000e+01 
 6.62368101e-01  1.12988365e+00  6.62368101e-01  3.66157413e+01 
 6.70038992e-01  1.16519991e+00  6.70038992e-01  3.63004318e+01 
 6.77798719e-01  1.19999187e+00  6.77798719e-01  3.59862060e+01 
 6.85648312e-01  1.23426318e+00  6.85648312e-01  3.56730979e+01 
 6.93588812e-01  1.26801760e+00  6.93588812e-01  3.53611408e+01 
 7.01621270e-01  1.30125899e+00  7.01621270e-01  3.50503672e+01 
 7.09746752e-01  1.33399129e+00  7.09746752e-01  3.47408091e+01 
 7.17966335e-01  1.36621854e+00  7.17966335e-01  3.44324979e+01 
 7.26281110e-01  1.39794486e+00  7.26281110e-01  3.41254639e+01 
 7.34692178e-01  1.42917443e+00  7.34692178e-01  3.38197370e+01 
 7.43200655e-01  1.45991155e+00  7.43200655e-01  3.35153464e+01 
 7.51807668e-01  1.49016056e+00  7.51807668e-01  3.32123204e+01 
 7.60514359e-01  1.51992588e+00  7.60514359e-01  3.29106867e+01 
 7.69321883e-01  1.54921200e+00  7.69321883e-01  3.26104720e+01 
 7.78231406e-01  1.57802346e+00  7.78231406e-01  3.23117027e+01 
 7.87244111e-01  1.60636489e+00  7.87244111e-01  3.20144039e+01 
 7.96361192e-01  1.63424094e+00  7.96361192e-01  3.17186004e+01 
 8.05583858e-01  1.66165634e+00  8.05583858e-01  3.14243161e+01 
 8.14913332e-01  1.68861585e+00  8.14913332e-01  3.11315739e+01 
 8.24350851e-01  1.71512428e+00  8.24350851e-01  3.08403962e+01 
 8.33897665e-01  1.74118650e+00  8.33897665e-01  3.05508047e+01 
 8.43555041e-01  1.76680738e+00  8.43555041e-01  3.02628200e+01 
 8.53324260e-01  1.79199187e+00  8.53324260e-01  2.99764622e+01 
 8.63206616e-01  1.81674491e+00  8.63206616e-01  2.96917505e+01 
 8.73203419e-01  1.84107151e+00  8.73203419e-01  2.94087035e+01 
 8.83315996e-01  1.86497666e+00  8.83315996e-01  2.91273389e+01 
 8.93545686e-01  1.88846542e+00  8.93545686e-01  2.88476736e+01 
 9.03893847e-01  1.91154282e+00  9.03893847e-01  2.85697239e+01 
 9.14361849e-01  1.93421394e+00  9.14361849e-01  2.82935052e+01 
 9.24951082e-01  1.95648387e+00  9.24951082e-01  2.80190324e+01 
 9.35662949e-01  1.97835769e+00  9.35662949e-01  2.77463193e+01 
 9.46498870e-01  1.99984051e+00  9.46498870e-01  2.74753793e+01 
 9.57460281e-01  2.02093742e+00  9.57460281e-01  2.72062249e+01 
 9.68548637e-01  2.04165352e+00  9.68548637e-01  2.69388680e+01 
 9.79765408e-01  2.06199393e+00  9.79765408e-01  2.66733196e+01 
 9.91112080e-01  2.08196374e+00  9.91112080e-01  2.64095903e+01 
 1.00259016e+00  2.10156804e+00  1.00259016e+00  2.61476896e+01 
 1.01420116e+00  2.12081190e+00  1.01420116e+00  2.58876267e+01 
 1.02594664e+00  2.13970041e+00  1.02594664e+00  2.56294100e+01 
 1.03782813e+00  2.15823862e+00  1.03782813e+00  2.53730472e+01 
 1.04984723e+00  2.17643156e+00  1.04984723e+00  2.51185454e+01 
 1.06200552e+00  2.19428425e+00  1.06200552e+00  2.48659109e+01 
 1.07430462e+00  2.21180171e+00  1.07430462e+00  2.46151497e+01 
 1.08674615e+00  2.22898890e+00  1.08674615e+00  2.43662668e+01 
 1.09933176e+00  2.24585079e+00  1.09933176e+00  2.41192668e+01 
 1.11206313e+00  2.26239229e+00  1.11206313e+00  2.38741538e+01 
 1.12494195e+00  2.27861830e+00  1.12494195e+00  2.36309310e+01 
 1.13796991e+00  2.29453371e+00  1.13796991e+00  2.33896014e+01 
 1.15114875e+00  2.31014334e+00  1.15114875e+00  2.31501672e+01 
 1.16448021e+00  2.32545200e+00  1.16448021e+00  2.29126301e+01 
 1.17796607e+00  2.34046447e+00  1.17796607e+00  2.26769912e+01 
 1.19160810e+00  2.35518547e+00  1.19160810e+00  2.24432512e+01 
 1.20540813e+00  2.36961970e+00  1.20540813e+00  2.22114102e+01 
 1.21936797e+00  2.38377183e+00  1.21936797e+00  2.19814680e+01 
 1.23348948e+00  2.39764647e+00  1.23348948e+00  2.17534235e+01 
 1.24777453e+00  2.41124820e+00  1.24777453e+00  2.15272755e+01 
 1.26222502e+00  2.42458156e+00  1.26222502e+00  2.13030221e+01 
 1.27684286e+00  2.43765105e+00  1.27684286e+00  2.10806612e+01 
 1.29162999e+00  2.45046111e+00  1.29162999e+00  2.08601900e+01 
 1.30658837e+00  2.46301615e+00  1.30658837e+00  2.06416055e+01 
 1.32171998e+00  2.47532052e+00  1.32171998e+00  2.04249040e+01 
 1.33702683e+00  2.48737856e+00  1.33702683e+00  2.02100817e+01 
 1.35251095e+00  2.49919451e+00  1.35251095e+00  1.99971343e+01 
 1.36817439e+00  2.51077261e+00  1.36817439e+00  1.97860569e+01 
 1.38401923e+00  2.52211703e+00  1.38401923e+00  1.95768447e+01 
 1.40004757e+00  2.53323188e+00  1.40004757e+00  1.93694921e+01 
 1.41626153e+00  2.54412124e+00  1.41626153e+00  1.91639934e+01 
 1.43266327e+00  2.55478914e+00  1.43266327e+00  1.89603425e+01 
 1.44925496e+00  2.56523956e+00  1.44925496e+00  1.87585330e+01 
 1.46603879e+00  2.57547642e+00  1.46603879e+00  1.85585581e+01 
 1.48301700e+00  2.58550360e+00  1.48301700e+00  1.83604108e+01 
 1.50019183e+00  2.59532491e+00  1.50019183e+00  1.81640839e+01 
 1.51756557e+00  2.60494414e+00  1.51756557e+00  1.79695696e+01 
 1.53514051e+00  2.61436501e+00  1.53514051e+00  1.77768603e+01 
 1.55291899e+00  2.62359120e+00  1.55291899e+00  1.75859477e+01 
 1.57090335e+00  2.63262631e+00  1.57090335e+00  1.73968235e+01 
 1.58909600e+00  2.64147394e+00  1.58909600e+00  1.72094791e+01 
 1.60749933e+00  2.65013758e+00  1.60749933e+00  1.70239057e+01 
 1.62611580e+00  2.65862073e+00  1.62611580e+00  1.68400943e+01 
 1.64494786e+00  2.66692679e+00  1.64494786e+00  1.66580357e+01 
 1.66399802e+00  2.67505913e+00  1.66399802e+00  1.64777203e+01 
 1.68326879e+00  2.68302107e+00  1.68326879e+00  1.62991386e+01 
 1.70276274e+00  2.69081588e+00  1.70276274e+00  1.61222809e+01 
 1.72248245e+00  2.69844677e+00  1.72248245e+00  1.59471370e+01 
 1.74243054e+00  2.70591692e+00  1.74243054e+00  1.57736969e+01 
 1.76260964e+00  2.71322943e+00  1.76260964e+00  1.56019504e+01 
 1.78302244e+00  2.72038739e+00  1.78302244e+00  1.54318869e+01 
 1.80367164e+00  2.72739381e+00  1.80367164e+00  1.52634960e+01 
 1.82455997e+00  2.73425166e+00  1.82455997e+00  1.50967669e+01 
 1.84569022e+00  2.74096386e+00  1.84569022e+00  1.49316888e+01 
 1.86706517e+00  2.74753329e+00  1.86706517e+00  1.47682509e+01 
 1.88868767e+00  2.75396278e+00  1.88868767e+00  1.46064420e+01 
 1.91056058e+00  2.76025511e+00  1.91056058e+00  1.44462510e+01 
 1.93268680e+00  2.76641300e+00  1.93268680e+00  1.42876668e+01 
 1.95506926e+00  2.77243916e+00  1.95506926e+00  1.41306780e+01 
 1.97771094e+00  2.77833621e+00  1.97771094e+00  1.39752733e+01 
 2.00061483e+00  2.78410676e+00  2.00061483e+00  1.38214411e+01 
 2.02378396e+00  2.78975335e+00  2.02378396e+00  1.36691700e+01 
 2.04722142e+00  2.79527850e+00  2.04722142e+00  1.35184483e+01 
 2.07093031e+00  2.80068466e+00  2.07093031e+00  1.33692645e+01 
 2.09491378e+00  2.80597426e+00  2.09491378e+00  1.32216068e+01 
 2.11917499e+00  2.81114967e+00  2.11917499e+00  1.30754635e+01 
 2.14371718e+00  2.81621322e+00  2.14371718e+00  1.29308228e+01 
 2.16854358e+00  2.82116720e+00  2.16854358e+00  1.27876730e+01 
 2.19365751e+00  2.82601387e+00  2.19365751e+00  1.26460022e+01 
 2.21906227e+00  2.83075543e+00  2.21906227e+00  1.25057986e+01 
 2.24476125e+00  2.83539406e+00  2.24476125e+00  1.23670502e+01 
 2.27075785e+00  2.83993187e+00  2.27075785e+00  1.22297452e+01 
 2.29705552e+00  2.84437096e+00  2.29705552e+00  1.20938718e+01 
 2.32365774e+00  2.84871338e+00  2.32365774e+00  1.19594179e+01 
 2.35056804e+00  2.85296114e+00  2.35056804e+00  1.18263717e+01 
 2.37778999e+00  2.85711622e+00  2.37778999e+00  1.16947213e+01 
 2.40532720e+00  2.86118054e+00  2.40532720e+00  1.15644548e+01 
 2.43318331e+00  2.86515602e+00  2.43318331e+00  1.14355604e+01 
 2.46136203e+00  2.86904451e+00  2.46136203e+00  1.13080260e+01 
 2.48986709e+00  2.87284784e+00  2.48986709e+00  1.11818400e+01 
 2.51870226e+00  2.87656781e+00  2.51870226e+00  1.10569904e+01 
 2.54787137e+00  2.88020617e+00  2.54787137e+00  1.09334655e+01 
 2.57737829e+00  2.88376465e+00  2.57737829e+00  1.08112534e+01 
 2.60722693e+00  2.88724493e+00  2.60722693e+00  1.06903424e+01 
 2.63742125e+00  2.89064868e+00  2.63742125e+00  1.05707209e+01 
 2.66796525e+00  2.89397752e+00  2.66796525e+00  1.04523770e+01 
 2.69886298e+00  2.89723305e+00  2.69886298e+00  1.03352991e+01 
 2.73011854e+00  2.90041682e+00  2.73011854e+00  1.02194757e+01 
 2.76173606e+00  2.90353036e+00  2.76173606e+00  1.01048952e+01 
 2.79371975e+00  2.90657518e+00  2.79371975e+00  9.99154597e+00 
 2.82607385e+00  2.90955275e+00  2.82607385e+00  9.87941662e+00 
 2.85880263e+00  2.91246450e+00  2.85880263e+00  9.76849569e+00 
 2.89191045e+00  2.91531185e+00  2.89191045e+00  9.65877182e+00 
 2.92540169e+00  2.91809619e+00  2.92540169e+00  9.55023365e+00 
 2.95928080e+00  2.92081886e+00  2.95928080e+00  9.44286993e+00 
 2.99355225e+00  2.92348120e+00  2.99355225e+00  9.33666944e+00 
 3.02822061e+00  2.92608451e+00  3.02822061e+00  9.23162101e+00 
 3.06329046e+00  2.92863006e+00  3.06329046e+00  9.12771353e+00 
 3.09876645e+00  2.93111910e+00  3.09876645e+00  9.02493598e+00 
 3.13465329e+00  2.93355285e+00  3.13465329e+00  8.92327736e+00 
 3.17095574e+00  2.93593252e+00  3.17095574e+00  8.82272675e+00 
 3.20767861e+00  2.93825927e+00  3.20767861e+00  8.72327332e+00 
 3.24482676e+00  2.94053426e+00  3.24482676e+00  8.62490625e+00 
 3.28240513e+00  2.94275861e+00  3.28240513e+00  8.52761484e+00 
 3.32041869e+00  2.94493342e+00  3.32041869e+00  8.43138843e+00 
 3.35887249e+00  2.94705977e+00  3.35887249e+00  8.33621643e+00 
 3.39777162e+00  2.94913872e+00  3.39777162e+00  8.24208832e+00 
 3.43712125e+00  2.95117130e+00  3.43712125e+00  8.14899365e+00 
 3.47692658e+00  2.95315853e+00  3.47692658e+00  8.05692206e+00 
 3.51719290e+00  2.95510139e+00  3.51719290e+00  7.96586322e+00 
 3.55792554e+00  2.95700087e+00  3.55792554e+00  7.87580692e+00 
 3.59912991e+00  2.95885790e+00  3.59912991e+00  7.78674299e+00 
 3.64081146e+00  2.96067343e+00  3.64081146e+00  7.69866134e+00 
 3.68297573e+00  2.96244836e+00  3.68297573e+00  7.61155196e+00 
 3.72562831e+00  2.96418358e+00  3.72562831e+00  7.52540491e+00 
 3.76877484e+00  2.96587997e+00  3.76877484e+00  7.44021033e+00 
 3.81242106e+00  2.96753838e+00  3.81242106e+00  7.35595842e+00 
 3.85657274e+00  2.96915964e+00  3.85657274e+00  7.27263949e+00 
 3.90123574e+00  2.97074459e+00  3.90123574e+00  7.19024388e+00 
 3.94641599e+00  2.97229401e+00  3.94641599e+00  7.10876204e+00 
 3.99211947e+00  2.97380868e+00  3.99211947e+00  7.02818448e+00 
 4.03835224e+00  2.97528939e+00  4.03835224e+00  6.94850179e+00 
 4.08512043e+00  2.97673688e+00  4.08512043e+00  6.86970464e+00 
 4.13243025e+00  2.97815188e+00  4.13243025e+00  6.79178378e+00 
 4.18028796e+00  2.97953511e+00  4.18028796e+00  6.71473003e+00 
 4.22869991e+00  2.98088727e+00  4.22869991e+00  6.63853429e+00 
 4.27767252e+00  2.98220906e+00  4.27767252e+00  6.56318753e+00 
 4.32721228e+00  2.98350115e+00  4.32721228e+00  6.48868080e+00 
 4.37732577e+00  2.98476420e+00  4.37732577e+00  6.41500524e+00 
 4.42801962e+00  2.98599884e+00  4.42801962e+00  6.34215205e+00 
 4.47930055e+00  2.98720572e+00  4.47930055e+00  6.27011251e+00 
 4.53117537e+00  2.98838544e+00  4.53117537e+00  6.19887798e+00 
 4.58365095e+00  2.98953862e+00  4.58365095e+00  6.12843990e+00 
 4.63673425e+00  2.99066584e+00  4.63673425e+00  6.05878979e+00 
 4.69043232e+00  2.99176768e+00  4.69043232e+00  5.98991922e+00 
 4.74475225e+00  2.99284471e+00  4.74475225e+00  5.92181987e+00 
 4.79970127e+00  2.99389748e+00  4.79970127e+00  5.85448348e+00 
 4.85528665e+00  2.99492652e+00  4.85528665e+00  5.78790186e+00 
 4.91151577e+00  2.99593238e+00  4.91151577e+00  5.72206690e+00 
 4.96839608e+00  2.99691556e+00  4.96839608e+00  5.65697057e+00 
 5.02593512e+00  2.99787657e+00  5.02593512e+00  5.59260491e+00 
 5.08414052e+00  2.99881592e+00  5.08414052e+00  5.52896204e+00 
 5.14302000e+00  2.99973407e+00  5.14302000e+00  5.46603414e+00 
 5.20258136e+00  3.00063151e+00  5.20258136e+00  5.40381349e+00 
 5.26283250e+00  3.00150869e+00  5.26283250e+00  5.34229241e+00 
 5.32378141e+00  3.00236608e+00  5.32378141e+00  5.28146333e+00 
 5.38543617e+00  3.00320411e+00  5.38543617e+00  5.22131871e+00 
 5.44780495e+00  3.00402322e+00  5.44780495e+00  5.16185113e+00 
 5.51089603e+00  3.00482384e+00  5.51089603e+00  5.10305320e+00 
 5.57471776e+00  3.00560637e+00  5.57471776e+00  5.04491762e+00 
 5.63927862e+00  3.00637122e+00  5.63927862e+00  4.98743717e+00 
 5.70458716e+00  3.00711878e+00  5.70458716e+00  4.93060469e+00 
 5.77065203e+00  3.00784946e+00  5.77065203e+00  4.87441309e+00 
 5.83748200e+00  3.00856362e+00  5.83748200e+00  4.81885535e+00 
 5.90508593e+00  3.00926163e+00  5.90508593e+00  4.76392452e+00 
 5.97347279e+00  3.00994386e+00  5.97347279e+00  4.70961373e+00 
 6.04265163e+00  3.01061067e+00  6.04265163e+00  4.65591616e+00 
 6.11263163e+00  3.01126239e+00  6.11263163e+00  4.60282508e+00 
 6.18342207e+00  3.01189937e+00  6.18342207e+00  4.55033380e+00 
 6.25503234e+00  3.01252194e+00  6.25503234e+00  4.49843572e+00 
 6.32747192e+00  3.01313042e+00  6.32747192e+00  4.44712430e+00 
 6.40075043e+00  3.01372513e+00  6.40075043e+00  4.39639307e+00 
 6.47487758e+00  3.01430639e+00  6.47487758e+00  4.34623561e+00 
 6.54986319e+00  3.01487448e+00  6.54986319e+00  4.29664559e+00 
 6.62571722e+00  3.01542972e+00  6.62571722e+00  4.24761672e+00 
 6.70244971e+00  3.01597238e+00  6.70244971e+00  4.19914280e+00 
 6.78007084e+00  3.01650276e+00  6.78007084e+00  4.15121767e+00 
 6.85859090e+00  3.01702112e+00  6.85859090e+00  4.10383525e+00 
 6.93802030e+00  3.01752774e+00  6.93802030e+00  4.05698952e+00 
 7.01836957e+00  3.01802289e+00  7.01836957e+00  4.01067450e+00 
 7.09964937e+00  3.01850682e+00  7.09964937e+00  3.96488432e+00 
 7.18187048e+00  3.01897978e+00  7.18187048e+00  3.91961312e+00 
 7.26504378e+00  3.01944203e+00  7.26504378e+00  3.87485514e+00 
 7.34918032e+00  3.01989380e+00  7.34918032e+00  3.83060465e+00 
 7.43429124e+00  3.02033533e+00  7.43429124e+00  3.78685600e+00 
 7.52038784e+00  3.02076685e+00  7.52038784e+00  3.74360359e+00 
 7.60748151e+00  3.02118860e+00  7.60748151e+00  3.70084189e+00 
 7.69558382e+00  3.02160078e+00  7.69558382e+00  3.65856542e+00 
 7.78470645e+00  3.02200361e+00  7.78470645e+00  3.61676875e+00 
 7.87486120e+00  3.02239731e+00  7.87486120e+00  3.57544653e+00 
 7.96606004e+00  3.02278208e+00  7.96606004e+00  3.53459344e+00 
 8.05831505e+00  3.02315813e+00  8.05831505e+00  3.49420423e+00 
 8.15163847e+00  3.02352565e+00  8.15163847e+00  3.45427372e+00 
 8.24604267e+00  3.02388483e+00  8.24604267e+00  3.41479675e+00 
 8.34154016e+00  3.02423586e+00  8.34154016e+00  3.37576826e+00 
 8.43814361e+00  3.02457893e+00  8.43814361e+00  3.33718320e+00 
 8.53586583e+00  3.02491421e+00  8.53586583e+00  3.29903660e+00 
 8.63471977e+00  3.02524189e+00  8.63471977e+00  3.26132354e+00 
 8.73471853e+00  3.02556213e+00  8.73471853e+00  3.22403915e+00 
 8.83587539e+00  3.02587511e+00  8.83587539e+00  3.18717860e+00 
 8.93820374e+00  3.02618098e+00  8.93820374e+00  3.15073715e+00 
 9.04171716e+00  3.02647991e+00  9.04171716e+00  3.11471007e+00 
 9.14642936e+00  3.02677206e+00  9.14642936e+00  3.07909270e+00 
 9.25235424e+00  3.02705757e+00  9.25235424e+00  3.04388042e+00 
 9.35950584e+00  3.02733660e+00  9.35950584e+00  3.00906868e+00 
 9.46789836e+00  3.02760930e+00  9.46789836e+00  2.97465297e+00 
 9.57754617e+00  3.02787581e+00  9.57754617e+00  2.94062881e+00 
 9.68846382e+00  3.02813626e+00  9.68846382e+00  2.90699180e+00 
 9.80066601e+00  3.02839080e+00  9.80066601e+00  2.87373756e+00 
 9.91416761e+00  3.02863956e+00  9.91416761e+00  2.84086178e+00 
 1.00289837e+01  3.02888268e+00  1.00289837e+01  2.80836018e+00 
 1.01451294e+01  3.02912027e+00  1.01451294e+01  2.77622854e+00 
 1.02626203e+01  3.02935246e+00  1.02626203e+01  2.74446268e+00 
 1.03814717e+01  3.02957939e+00  1.03814717e+01  2.71305847e+00 
 1.05016997e+01  3.02980116e+00  1.05016997e+01  2.68201181e+00 
 1.06233199e+01  3.03001789e+00  1.06233199e+01  2.65131867e+00 
 1.07463487e+01  3.03022969e+00  1.07463487e+01  2.62097504e+00 
 1.08708023e+01  3.03043669e+00  1.08708023e+01  2.59097697e+00 
 1.09966971e+01  3.03063899e+00  1.09966971e+01  2.56132055e+00 
 1.11240500e+01  3.03083668e+00  1.11240500e+01  2.53200190e+00 
 1.12528777e+01  3.03102989e+00  1.12528777e+01  2.50301721e+00 
 1.13831974e+01  3.03121871e+00  1.13831974e+01  2.47436269e+00 
 1.15150263e+01  3.03140324e+00  1.15150263e+01  2.44603460e+00 
 1.16483819e+01  3.03158357e+00  1.16483819e+01  2.41802924e+00 
 1.17832819e+01  3.03175981e+00  1.17832819e+01  2.39034294e+00 
 1.19197442e+01  3.03193204e+00  1.19197442e+01  2.36297209e+00 
 1.20577869e+01  3.03210036e+00  1.20577869e+01  2.33591311e+00 
 1.21974282e+01  3.03226485e+00  1.21974282e+01  2.30916246e+00 
 1.23386867e+01  3.03242561e+00  1.23386867e+01  2.28271664e+00 
 1.24815812e+01  3.03258271e+00  1.24815812e+01  2.25657218e+00 
 1.26261305e+01  3.03273624e+00  1.26261305e+01  2.23072567e+00 
 1.27723538e+01  3.03288629e+00  1.27723538e+01  2.20517372e+00 
 1.29202705e+01  3.03303292e+00  1.29202705e+01  2.17991299e+00 
 1.30699003e+01  3.03317622e+00  1.30699003e+01  2.15494016e+00 
 1.32212629e+01  3.03331626e+00  1.32212629e+01  2.13025195e+00 
 1.33743785e+01  3.03345312e+00  1.33743785e+01  2.10584514e+00 
 1.35292673e+01  3.03358687e+00  1.35292673e+01  2.08171653e+00 
 1.36859499e+01  3.03371758e+00  1.36859499e+01  2.05786294e+00 
 1.38444470e+01  3.03384532e+00  1.38444470e+01  2.03428124e+00 
 1.40047796e+01  3.03397015e+00  1.40047796e+01  2.01096835e+00 
 1.41669691e+01  3.03409215e+00  1.41669691e+01  1.98792121e+00 
 1.43310369e+01  3.03421137e+00  1.43310369e+01  1.96513677e+00 
 1.44970048e+01  3.03432788e+00  1.44970048e+01  1.94261207e+00 
 1.46648947e+01  3.03444175e+00  1.46648947e+01  1.92034413e+00 
 1.48347290e+01  3.03455302e+00  1.48347290e+01  1.89833003e+00 
 1.50065301e+01  3.03466177e+00  1.50065301e+01  1.87656688e+00 
 1.51803209e+01  3.03476804e+00  1.51803209e+01  1.85505181e+00 
 1.53561243e+01  3.03487190e+00  1.53561243e+01  1.83378200e+00 
 1.55339637e+01  3.03497340e+00  1.55339637e+01  1.81275466e+00 
 1.57138627e+01  3.03507258e+00  1.57138627e+01  1.79196701e+00 
 1.58958451e+01  3.03516952e+00  1.58958451e+01  1.77141632e+00 
 1.60799350e+01  3.03526425e+00  1.60799350e+01  1.75109989e+00 
 1.62661569e+01  3.03535682e+00  1.62661569e+01  1.73101505e+00 
 1.64545354e+01  3.03544729e+00  1.64545354e+01  1.71115915e+00 
 1.66450955e+01  3.03553571e+00  1.66450955e+01  1.69152958e+00 
 1.68378625e+01  3.03562211e+00  1.68378625e+01  1.67212375e+00 
 1.70328619e+01  3.03570655e+00  1.70328619e+01  1.65293911e+00 
 1.72301197e+01  3.03578907e+00  1.72301197e+01  1.63397313e+00 
 1.74296618e+01  3.03586971e+00  1.74296618e+01  1.61522331e+00 
 1.76315149e+01  3.03594852e+00  1.76315149e+01  1.59668719e+00 
 1.78357056e+01  3.03602554e+00  1.78357056e+01  1.57836232e+00 
 1.80422611e+01  3.03610081e+00  1.80422611e+01  1.56024629e+00 
 1.82512087e+01  3.03617436e+00  1.82512087e+01  1.54233671e+00 
 1.84625761e+01  3.03624624e+00  1.84625761e+01  1.52463121e+00 
 1.86763914e+01  3.03631649e+00  1.86763914e+01  1.50712748e+00 
 1.88926828e+01  3.03638514e+00  1.88926828e+01  1.48982318e+00 
 1.91114791e+01  3.03645223e+00  1.91114791e+01  1.47271606e+00 
 1.93328093e+01  3.03651780e+00  1.93328093e+01  1.45580384e+00 
 1.95567028e+01  3.03658187e+00  1.95567028e+01  1.43908430e+00 
 1.97831891e+01  3.03664449e+00  1.97831891e+01  1.42255524e+00 
 2.00122984e+01  3.03670568e+00  2.00122984e+01  1.40621447e+00 
 2.02440610e+01  3.03676548e+00  2.02440610e+01  1.39005983e+00 
 2.04785077e+01  3.03682392e+00  2.04785077e+01  1.37408920e+00 
 2.07156695e+01  3.03688104e+00  2.07156695e+01  1.35830047e+00 
 2.09555778e+01  3.03693685e+00  2.09555778e+01  1.34269155e+00 
 2.11982645e+01  3.03699140e+00  2.11982645e+01  1.32726038e+00 
 2.14437618e+01  3.03704470e+00  2.14437618e+01  1.31200493e+00 
 2.16921022e+01  3.03709679e+00  2.16921022e+01  1.29692318e+00 
 2.19433187e+01  3.03714770e+00  2.19433187e+01  1.28201315e+00 
 2.21974444e+01  3.03719745e+00  2.21974444e+01  1.26727285e+00 
 2.24545132e+01  3.03724607e+00  2.24545132e+01  1.25270035e+00 
 2.27145591e+01  3.03729359e+00  2.27145591e+01  1.23829372e+00 
 2.29776167e+01  3.03734002e+00  2.29776167e+01  1.22405106e+00 
 2.32437206e+01  3.03738540e+00  2.32437206e+01  1.20997048e+00 
 2.35129064e+01  3.03742974e+00  2.35129064e+01  1.19605013e+00 
 2.37852095e+01  3.03747308e+00  2.37852095e+01  1.18228817e+00 
 2.40606663e+01  3.03751543e+00  2.40606663e+01  1.16868278e+00 
 2.43393131e+01  3.03755682e+00  2.43393131e+01  1.15523215e+00 
 2.46211869e+01  3.03759727e+00  2.46211869e+01  1.14193452e+00 
 2.49063250e+01  3.03763680e+00  2.49063250e+01  1.12878813e+00 
 2.51947654e+01  3.03767543e+00  2.51947654e+01  1.11579123e+00 
 2.54865462e+01  3.03771318e+00  2.54865462e+01  1.10294212e+00 
 2.57817061e+01  3.03775007e+00  2.57817061e+01  1.09023909e+00 
 2.60802843e+01  3.03778613e+00  2.60802843e+01  1.07768046e+00 
 2.63823203e+01  3.03782136e+00  2.63823203e+01  1.06526457e+00 
 2.66878542e+01  3.03785580e+00  2.66878542e+01  1.05298978e+00 
 2.69969265e+01  3.03788945e+00  2.69969265e+01  1.04085448e+00 
 2.73095781e+01  3.03792233e+00  2.73095781e+01  1.02885704e+00 
 2.76258506e+01  3.03795447e+00  2.76258506e+01  1.01699589e+00 
 2.79457858e+01  3.03798588e+00  2.79457858e+01  1.00526946e+00 
 2.82694262e+01  3.03801657e+00  2.82694262e+01  9.93676201e-01 
 2.85968147e+01  3.03804656e+00  2.85968147e+01  9.82214573e-01 
 2.89279946e+01  3.03807588e+00  2.89279946e+01  9.70883063e-01 
 2.92630100e+01  3.03810452e+00  2.92630100e+01  9.59680172e-01 
 2.96019052e+01  3.03813252e+00  2.96019052e+01  9.48604419e-01 
 2.99447251e+01  3.03815988e+00  2.99447251e+01  9.37654337e-01 
 3.02915152e+01  3.03818661e+00  3.02915152e+01  9.26828479e-01 
 3.06423215e+01  3.03821274e+00  3.06423215e+01  9.16125412e-01 
 3.09971905e+01  3.03823828e+00  3.09971905e+01  9.05543721e-01 
 3.13561693e+01  3.03826323e+00  3.13561693e+01  8.95082004e-01 
 3.17193054e+01  3.03828762e+00  3.17193054e+01  8.84738878e-01 
 3.20866469e+01  3.03831145e+00  3.20866469e+01  8.74512974e-01 
 3.24582427e+01  3.03833474e+00  3.24582427e+01  8.64402939e-01 
 3.28341419e+01  3.03835750e+00  3.28341419e+01  8.54407434e-01 
 3.32143943e+01  3.03837975e+00  3.32143943e+01  8.44525138e-01 
 3.35990505e+01  3.03840148e+00  3.35990505e+01  8.34754742e-01 
 3.39881614e+01  3.03842273e+00  3.39881614e+01  8.25094953e-01 
 3.43817786e+01  3.03844349e+00  3.43817786e+01  8.15544493e-01 
 3.47799543e+01  3.03846378e+00  3.47799543e+01  8.06102097e-01 
 3.51827413e+01  3.03848360e+00  3.51827413e+01  7.96766516e-01 
 3.55901929e+01  3.03850298e+00  3.55901929e+01  7.87536513e-01 
 3.60023633e+01  3.03852191e+00  3.60023633e+01  7.78410868e-01 
 3.64193070e+01  3.03854042e+00  3.64193070e+01  7.69388371e-01 
 3.68410793e+01  3.03855850e+00  3.68410793e+01  7.60467829e-01 
 3.72677361e+01  3.03857618e+00  3.72677361e+01  7.51648060e-01 
 3.76993341e+01  3.03859345e+00  3.76993341e+01  7.42927897e-01 
 3.81359304e+01  3.03861033e+00  3.81359304e+01  7.34306185e-01 
 3.85775830e+01  3.03862682e+00  3.85775830e+01  7.25781783e-01 
 3.90243503e+01  3.03864294e+00  3.90243503e+01  7.17353563e-01 
 3.94762917e+01  3.03865870e+00  3.94762917e+01  7.09020407e-01 
 3.99334670e+01  3.03867409e+00  3.99334670e+01  7.00781212e-01 
 4.03959368e+01  3.03868914e+00  4.03959368e+01  6.92634889e-01 
 4.08637625e+01  3.03870384e+00  4.08637625e+01  6.84580357e-01 
 4.13370061e+01  3.03871821e+00  4.13370061e+01  6.76616551e-01 
 4.18157303e+01  3.03873225e+00  4.18157303e+01  6.68742415e-01 
 4.22999987e+01  3.03874597e+00  4.22999987e+01  6.60956908e-01 
 4.27898753e+01  3.03875938e+00  4.27898753e+01  6.53258997e-01 
 4.32854253e+01  3.03877249e+00  4.32854253e+01  6.45647663e-01 
 4.37867142e+01  3.03878529e+00  4.37867142e+01  6.38121899e-01 
 4.42938085e+01  3.03879781e+00  4.42938085e+01  6.30680707e-01 
 4.48067755e+01  3.03881004e+00  4.48067755e+01  6.23323103e-01 
 4.53256831e+01  3.03882200e+00  4.53256831e+01  6.16048111e-01 
 4.58506003e+01  3.03883368e+00  4.58506003e+01  6.08854768e-01 
 4.63815965e+01  3.03884509e+00  4.63815965e+01  6.01742121e-01 
 4.69187422e+01  3.03885625e+00  4.69187422e+01  5.94709228e-01 
 4.74621085e+01  3.03886715e+00  4.74621085e+01  5.87755157e-01 
 4.80117676e+01  3.03887781e+00  4.80117676e+01  5.80878988e-01 
 4.85677923e+01  3.03888822e+00  4.85677923e+01  5.74079809e-01 
 4.91302564e+01  3.03889839e+00  4.91302564e+01  5.67356720e-01 
 4.96992343e+01  3.03890834e+00  4.96992343e+01  5.60708831e-01 
 5.02748016e+01  3.03891805e+00  5.02748016e+01  5.54135259e-01 
 5.08570345e+01  3.03892755e+00  5.08570345e+01  5.47635136e-01 
 5.14460103e+01  3.03893683e+00  5.14460103e+01  5.41207599e-01 
 5.20418070e+01  3.03894590e+00  5.20418070e+01  5.34851797e-01 
 5.26445036e+01  3.03895476e+00  5.26445036e+01  5.28566888e-01 
 5.32541801e+01  3.03896343e+00  5.32541801e+01  5.22352040e-01 
 5.38709172e+01  3.03897189e+00  5.38709172e+01  5.16206428e-01 
 5.44947968e+01  3.03898016e+00  5.44947968e+01  5.10129240e-01 
 5.51259015e+01  3.03898825e+00  5.51259015e+01  5.04119669e-01 
 5.57643151e+01  3.03899614e+00  5.57643151e+01  4.98176919e-01 
 5.64101221e+01  3.03900386e+00  5.64101221e+01  4.92300204e-01 
 5.70634082e+01  3.03901141e+00  5.70634082e+01  4.86488744e-01 
 5.77242601e+01  3.03901878e+00  5.77242601e+01  4.80741769e-01 
 5.83927652e+01  3.03902599e+00  5.83927652e+01  4.75058518e-01 
 5.90690124e+01  3.03903303e+00  5.90690124e+01  4.69438239e-01 
 5.97530911e+01  3.03903991e+00  5.97530911e+01  4.63880185e-01 
 6.04450922e+01  3.03904663e+00  6.04450922e+01  4.58383621e-01 
 6.11451073e+01  3.03905320e+00  6.11451073e+01  4.52947819e-01 
 6.18532294e+01  3.03905962e+00  6.18532294e+01  4.47572058e-01 
 6.25695522e+01  3.03906590e+00  6.25695522e+01  4.42255625e-01 
 6.32941707e+01  3.03907203e+00  6.32941707e+01  4.36997817e-01 
 6.40271811e+01  3.03907802e+00  6.40271811e+01  4.31797937e-01 
 6.47686804e+01  3.03908388e+00  6.47686804e+01  4.26655295e-01 
 6.55187671e+01  3.03908960e+00  6.55187671e+01  4.21569210e-01 
 6.62775405e+01  3.03909520e+00  6.62775405e+01  4.16539008e-01 
 6.70451013e+01  3.03910066e+00  6.70451013e+01  4.11564023e-01 
 6.78215512e+01  3.03910600e+00  6.78215512e+01  4.06643595e-01 
 6.86069932e+01  3.03911122e+00  6.86069932e+01  4.01777072e-01 
 6.94015314e+01  3.03911632e+00  6.94015314e+01  3.96963809e-01 
 7.02052711e+01  3.03912130e+00  7.02052711e+01  3.92203169e-01 
 7.10183190e+01  3.03912618e+00  7.10183190e+01  3.87494520e-01 
 7.18407828e+01  3.03913093e+00  7.18407828e+01  3.82837238e-01 
 7.26727715e+01  3.03913559e+00  7.26727715e+01  3.78230707e-01 
 7.35143955e+01  3.03914013e+00  7.35143955e+01  3.73674316e-01 
 7.43657664e+01  3.03914457e+00  7.43657664e+01  3.69167460e-01 
 7.52269970e+01  3.03914891e+00  7.52269970e+01  3.64709543e-01 
 7.60982015e+01  3.03915315e+00  7.60982015e+01  3.60299974e-01 
 7.69794955e+01  3.03915730e+00  7.69794955e+01  3.55938168e-01 
 7.78709957e+01  3.03916135e+00  7.78709957e+01  3.51623548e-01 
 7.87728204e+01  3.03916531e+00  7.87728204e+01  3.47355540e-01 
 7.96850891e+01  3.03916917e+00  7.96850891e+01  3.43133581e-01 
 8.06079229e+01  3.03917295e+00  8.06079229e+01  3.38957110e-01 
 8.15414439e+01  3.03917665e+00  8.15414439e+01  3.34825573e-01 
 8.24857761e+01  3.03918026e+00  8.24857761e+01  3.30738424e-01 
 8.34410446e+01  3.03918378e+00  8.34410446e+01  3.26695120e-01 
 8.44073761e+01  3.03918723e+00  8.44073761e+01  3.22695125e-01 
 8.53848987e+01  3.03919060e+00  8.53848987e+01  3.18737910e-01 
 8.63737419e+01  3.03919389e+00  8.63737419e+01  3.14822949e-01 
 8.73740370e+01  3.03919710e+00  8.73740370e+01  3.10949724e-01 
 8.83859165e+01  3.03920024e+00  8.83859165e+01  3.07117722e-01 
 8.94095146e+01  3.03920331e+00  8.94095146e+01  3.03326434e-01 
 9.04449670e+01  3.03920631e+00  9.04449670e+01  2.99575359e-01 
 9.14924110e+01  3.03920925e+00  9.14924110e+01  2.95863998e-01 
 9.25519854e+01  3.03921211e+00  9.25519854e+01  2.92191860e-01 
 9.36238307e+01  3.03921491e+00  9.36238307e+01  2.88558459e-01 
 9.47080892e+01  3.03921764e+00  9.47080892e+01  2.84963312e-01 
 9.58049044e+01  3.03922032e+00  9.58049044e+01  2.81405943e-01 
 9.69144218e+01  3.03922293e+00  9.69144218e+01  2.77885881e-01 
 9.80367886e+01  3.03922548e+00  9.80367886e+01  2.74402659e-01 
 9.91721535e+01  3.03922797e+00  9.91721535e+01  2.70955814e-01 
 1.00320667e+02  3.03923041e+00  1.00320667e+02  2.67544892e-01 
 1.01482482e+02  3.03923279e+00  1.01482482e+02  2.64169438e-01 
 1.02657751e+02  3.03923512e+00  1.02657751e+02  2.60829006e-01 
 1.03846632e+02  3.03923739e+00  1.03846632e+02  2.57523153e-01 
 1.05049280e+02  3.03923961e+00  1.05049280e+02  2.54251441e-01 
 1.06265857e+02  3.03924178e+00  1.06265857e+02  2.51013436e-01 
 1.07496523e+02  3.03924390e+00  1.07496523e+02  2.47808709e-01 
 1.08741441e+02  3.03924597e+00  1.08741441e+02  2.44636835e-01 
 1.10000777e+02  3.03924799e+00  1.10000777e+02  2.41497394e-01 
 1.11274697e+02  3.03924997e+00  1.11274697e+02  2.38389969e-01 
 1.12563370e+02  3.03925190e+00  1.12563370e+02  2.35314148e-01 
 1.13866967e+02  3.03925379e+00  1.13866967e+02  2.32269525e-01 
 1.15185661e+02  3.03925563e+00  1.15185661e+02  2.29255694e-01 
 1.16519628e+02  3.03925743e+00  1.16519628e+02  2.26272257e-01 
 1.17869043e+02  3.03925919e+00  1.17869043e+02  2.23318819e-01 
 1.19234085e+02  3.03926091e+00  1.19234085e+02  2.20394987e-01 
 1.20614936e+02  3.03926259e+00  1.20614936e+02  2.17500374e-01 
 1.22011779e+02  3.03926424e+00  1.22011779e+02  2.14634596e-01 
 1.23424798e+02  3.03926584e+00  1.23424798e+02  2.11797274e-01 
 1.24854182e+02  3.03926740e+00  1.24854182e+02  2.08988031e-01 
 1.26300119e+02  3.03926893e+00  1.26300119e+02  2.06206496e-01 
 1.27762802e+02  3.03927043e+00  1.27762802e+02  2.03452298e-01 
 1.29242424e+02  3.03927189e+00  1.29242424e+02  2.00725073e-01 
 1.30739182e+02  3.03927332e+00  1.30739182e+02  1.98024460e-01 
 1.32253273e+02  3.03927471e+00  1.32253273e+02  1.95350101e-01 
 1.33784900e+02  3.03927607e+00  1.33784900e+02  1.92701640e-01 
 1.35334264e+02  3.03927740e+00  1.35334264e+02  1.90078728e-01 
 1.36901571e+02  3.03927870e+00  1.36901571e+02  1.87481016e-01 
 1.38487029e+02  3.03927997e+00  1.38487029e+02  1.84908159e-01 
 1.40090849e+02  3.03928120e+00  1.40090849e+02  1.82359817e-01 
 1.41713242e+02  3.03928241e+00  1.41713242e+02  1.79835652e-01 
 1.43354425e+02  3.03928360e+00  1.43354425e+02  1.77335330e-01 
 1.45014614e+02  3.03928475e+00  1.45014614e+02  1.74858518e-01 
 1.46694029e+02  3.03928588e+00  1.46694029e+02  1.72404889e-01 
 1.48392894e+02  3.03928698e+00  1.48392894e+02  1.69974116e-01 
 1.50111433e+02  3.03928805e+00  1.50111433e+02  1.67565879e-01 
 1.51849875e+02  3.03928910e+00  1.51849875e+02  1.65179858e-01 
 1.53608450e+02  3.03929013e+00  1.53608450e+02  1.62815735e-01 
 1.55387391e+02  3.03929113e+00  1.55387391e+02  1.60473199e-01 
 1.57186933e+02  3.03929210e+00  1.57186933e+02  1.58151938e-01 
 1.59007317e+02  3.03929306e+00  1.59007317e+02  1.55851645e-01 
 1.60848782e+02  3.03929399e+00  1.60848782e+02  1.53572015e-01 
 1.62711573e+02  3.03929490e+00  1.62711573e+02  1.51312745e-01 
 1.64595937e+02  3.03929578e+00  1.64595937e+02  1.49073536e-01 
 1.66502124e+02  3.03929665e+00  1.66502124e+02  1.46854091e-01 
 1.68430387e+02  3.03929750e+00  1.68430387e+02  1.44654115e-01 
 1.70380981e+02  3.03929832e+00  1.70380981e+02  1.42473319e-01 
 1.72354164e+02  3.03929913e+00  1.72354164e+02  1.40311411e-01 
 1.74350199e+02  3.03929991e+00  1.74350199e+02  1.38168105e-01 
 1.76369351e+02  3.03930068e+00  1.76369351e+02  1.36043118e-01 
 1.78411886e+02  3.03930143e+00  1.78411886e+02  1.33936168e-01 
 1.80478075e+02  3.03930216e+00  1.80478075e+02  1.31846975e-01 
 1.82568193e+02  3.03930287e+00  1.82568193e+02  1.29775262e-01 
 1.84682517e+02  3.03930357e+00  1.84682517e+02  1.27720755e-01 
 1.86821327e+02  3.03930425e+00  1.86821327e+02  1.25683181e-01 
 1.88984907e+02  3.03930491e+00  1.88984907e+02  1.23662270e-01 
 1.91173543e+02  3.03930555e+00  1.91173543e+02  1.21657755e-01 
 1.93387525e+02  3.03930618e+00  1.93387525e+02  1.19669369e-01 
 1.95627148e+02  3.03930680e+00  1.95627148e+02  1.17696848e-01 
 1.97892707e+02  3.03930740e+00  1.97892707e+02  1.15739932e-01 
 2.00184505e+02  3.03930798e+00  2.00184505e+02  1.13798361e-01 
 2.02502843e+02  3.03930855e+00  2.02502843e+02  1.11871878e-01 
 2.04848030e+02  3.03930910e+00  2.04848030e+02  1.09960226e-01 
 2.07220377e+02  3.03930964e+00  2.07220377e+02  1.08063154e-01 
 2.09620198e+02  3.03931017e+00  2.09620198e+02  1.06180408e-01 
 2.12047812e+02  3.03931068e+00  2.12047812e+02  1.04311740e-01 
 2.14503539e+02  3.03931118e+00  2.14503539e+02  1.02456901e-01 
 2.16987707e+02  3.03931167e+00  2.16987707e+02  1.00615647e-01 
 2.19500643e+02  3.03931214e+00  2.19500643e+02  9.87877319e-02 
 2.22042682e+02  3.03931260e+00  2.22042682e+02  9.69729145e-02 
 2.24614160e+02  3.03931305e+00  2.24614160e+02  9.51709539e-02 
 2.27215419e+02  3.03931349e+00  2.27215419e+02  9.33816112e-02 
 2.29846803e+02  3.03931392e+00  2.29846803e+02  9.16046492e-02 
 2.32508661e+02  3.03931433e+00  2.32508661e+02  8.98398323e-02 
 2.35201345e+02  3.03931473e+00  2.35201345e+02  8.80869264e-02 
 2.37925214e+02  3.03931513e+00  2.37925214e+02  8.63456993e-02 
 2.40680628e+02  3.03931551e+00  2.40680628e+02  8.46159200e-02 
 2.43467953e+02  3.03931588e+00  2.43467953e+02  8.28973593e-02 
 2.46287557e+02  3.03931624e+00  2.46287557e+02  8.11897892e-02 
 2.49139816e+02  3.03931658e+00  2.49139816e+02  7.94929834e-02 
 2.52025106e+02  3.03931692e+00  2.52025106e+02  7.78067169e-02 
 2.54943811e+02  3.03931725e+00  2.54943811e+02  7.61307662e-02 
 2.57896318e+02  3.03931757e+00  2.57896318e+02  7.44649091e-02 
 2.60883017e+02  3.03931788e+00  2.60883017e+02  7.28089247e-02 
 2.63904306e+02  3.03931818e+00  2.63904306e+02  7.11625934e-02 
 2.66960584e+02  3.03931847e+00  2.66960584e+02  6.95256970e-02 
 2.70052257e+02  3.03931875e+00  2.70052257e+02  6.78980184e-02 
 2.73179734e+02  3.03931903e+00  2.73179734e+02  6.62793420e-02 
 2.76343431e+02  3.03931929e+00  2.76343431e+02  6.46694529e-02 
 2.79543767e+02  3.03931955e+00  2.79543767e+02  6.30681379e-02 
 2.82781166e+02  3.03931979e+00  2.82781166e+02  6.14751847e-02 
 2.86056057e+02  3.03932003e+00  2.86056057e+02  5.98903819e-02 
 2.89368875e+02  3.03932026e+00  2.89368875e+02  5.83135195e-02 
 2.92720058e+02  3.03932048e+00  2.92720058e+02  5.67443885e-02 
 2.96110052e+02  3.03932070e+00  2.96110052e+02  5.51827808e-02 
 2.99539305e+02  3.03932090e+00  2.99539305e+02  5.36284893e-02 
 3.03008272e+02  3.03932110e+00  3.03008272e+02  5.20813080e-02 
 3.06517414e+02  3.03932129e+00  3.06517414e+02  5.05410318e-02 
 3.10067195e+02  3.03932147e+00  3.10067195e+02  4.90074565e-02 
 3.13658086e+02  3.03932165e+00  3.13658086e+02  4.74803787e-02 
 3.17290563e+02  3.03932182e+00  3.17290563e+02  4.59595960e-02 
 3.20965108e+02  3.03932198e+00  3.20965108e+02  4.44449067e-02 
 3.24682207e+02  3.03932213e+00  3.24682207e+02  4.29361100e-02 
 3.28442355e+02  3.03932228e+00  3.28442355e+02  4.14330059e-02 
 3.32246049e+02  3.03932242e+00  3.32246049e+02  3.99353951e-02 
 3.36093793e+02  3.03932255e+00  3.36093793e+02  3.84430791e-02 
 3.39986099e+02  3.03932267e+00  3.39986099e+02  3.69558599e-02 
 3.43923481e+02  3.03932279e+00  3.43923481e+02  3.54735405e-02 
 3.47906461e+02  3.03932290e+00  3.47906461e+02  3.39959242e-02 
 3.51935569e+02  3.03932301e+00  3.51935569e+02  3.25228153e-02 
 3.56011338e+02  3.03932310e+00  3.56011338e+02  3.10540183e-02 
 3.60134309e+02  3.03932319e+00  3.60134309e+02  2.95893385e-02 
 3.64305027e+02  3.03932328e+00  3.64305027e+02  2.81285818e-02 
 3.68524047e+02  3.03932336e+00  3.68524047e+02  2.66715544e-02 
 3.72791927e+02  3.03932343e+00  3.72791927e+02  2.52180633e-02 
 3.77109234e+02  3.03932349e+00  3.77109234e+02  2.37679156e-02 
 3.81476539e+02  3.03932355e+00  3.81476539e+02  2.23209192e-02 
 3.85894423e+02  3.03932360e+00  3.85894423e+02  2.08768821e-02 
 3.90363469e+02  3.03932365e+00  3.90363469e+02  1.94356130e-02 
 3.94884272e+02  3.03932369e+00  3.94884272e+02  1.79969208e-02 
 3.99457430e+02  3.03932372e+00  3.99457430e+02  1.65606146e-02 
 4.04083550e+02  3.03932375e+00  4.04083550e+02  1.51265041e-02 
 4.08763246e+02  3.03932376e+00  4.08763246e+02  1.36943991e-02 
 4.13497136e+02  3.03932378e+00  4.13497136e+02  1.22641098e-02 
 4.18285850e+02  3.03932379e+00  4.18285850e+02  1.08354465e-02 
 4.23130023e+02  3.03932379e+00  4.23130023e+02  9.40821989e-03 
 4.28030295e+02  3.03932378e+00  4.28030295e+02  7.98224063e-03 
 4.32987318e+02  3.03932377e+00  4.32987318e+02  6.55731970e-03 
 4.38001748e+02  3.03932375e+00  4.38001748e+02  5.13326819e-03 
 4.43074250e+02  3.03932373e+00  4.43074250e+02  3.70989728e-03 
 4.48205497e+02  3.03932370e+00  4.48205497e+02  2.28701827e-03 
 4.53396168e+02  3.03932366e+00  4.53396168e+02  8.64442515e-04 
 4.58646954e+02  3.03932362e+00  4.58646954e+02 -5.58018602e-04 
 4.63958548e+02  3.03932357e+00  4.63958548e+02 -1.98055367e-03 
 4.69331656e+02  3.03932351e+00  4.69331656e+02 -3.40335129e-03 
 4.74766990e+02  3.03932345e+00  4.74766990e+02 -4.82660011e-03 
 4.80265271e+02  3.03932338e+00  4.80265271e+02 -6.25048881e-03 
 4.85827227e+02  3.03932330e+00  4.85827227e+02 -7.67520618e-03 
 4.91453597e+02  3.03932322e+00  4.91453597e+02 -9.10094111e-03 
 4.97145125e+02  3.03932313e+00  4.97145125e+02 -1.05278826e-02 
 5.02902567e+02  3.03932304e+00  5.02902567e+02 -1.19562199e-02 
 5.08726686e+02  3.03932294e+00  5.08726686e+02 -1.33861424e-02 
 5.14618255e+02  3.03932283e+00  5.14618255e+02 -1.48178395e-02 
 5.20578053e+02  3.03932271e+00  5.20578053e+02 -1.62515012e-02 
 5.26606872e+02  3.03932259e+00  5.26606872e+02 -1.76873175e-02 
 5.32705511e+02  3.03932246e+00  5.32705511e+02 -1.91254788e-02 
 5.38874778e+02  3.03932232e+00  5.38874778e+02 -2.05661758e-02 
 5.45115492e+02  3.03932218e+00  5.45115492e+02 -2.20095994e-02 
 5.51428479e+02  3.03932203e+00  5.51428479e+02 -2.34559411e-02 
 5.57814577e+02  3.03932187e+00  5.57814577e+02 -2.49053925e-02 
 5.64274633e+02  3.03932170e+00  5.64274633e+02 -2.63581460e-02 
 5.70809503e+02  3.03932153e+00  5.70809503e+02 -2.78143940e-02 
 5.77420053e+02  3.03932135e+00  5.77420053e+02 -2.92743296e-02 
 5.84107159e+02  3.03932116e+00  5.84107159e+02 -3.07381464e-02 
 5.90871709e+02  3.03932097e+00  5.90871709e+02 -3.22060385e-02 
 5.97714600e+02  3.03932076e+00  5.97714600e+02 -3.36782005e-02 
 6.04636738e+02  3.03932055e+00  6.04636738e+02 -3.51548276e-02 
 6.11639042e+02  3.03932033e+00  6.11639042e+02 -3.66361155e-02 
 6.18722439e+02  3.03932011e+00  6.18722439e+02 -3.81222606e-02 
 6.25887869e+02  3.03931987e+00  6.25887869e+02 -3.96134600e-02 
 6.33136282e+02  3.03931963e+00  6.33136282e+02 -4.11099114e-02 
 6.40468639e+02  3.03931937e+00  6.40468639e+02 -4.26118131e-02 
 6.47885912e+02  3.03931911e+00  6.47885912e+02 -4.41193643e-02 
 6.55389084e+02  3.03931884e+00  6.55389084e+02 -4.56327649e-02 
 6.62979151e+02  3.03931856e+00  6.62979151e+02 -4.71522155e-02 
 6.70657118e+02  3.03931828e+00  6.70657118e+02 -4.86779175e-02 
 6.78424004e+02  3.03931798e+00  6.78424004e+02 -5.02100733e-02 
 6.86280839e+02  3.03931767e+00  6.86280839e+02 -5.17488859e-02 
 6.94228663e+02  3.03931736e+00  6.94228663e+02 -5.32945594e-02 
 7.02268532e+02  3.03931703e+00  7.02268532e+02 -5.48472987e-02 
 7.10401510e+02  3.03931669e+00  7.10401510e+02 -5.64073097e-02 
 7.18628676e+02  3.03931635e+00  7.18628676e+02 -5.79747991e-02 
 7.26951121e+02  3.03931599e+00  7.26951121e+02 -5.95499749e-02 
 7.35369948e+02  3.03931563e+00  7.35369948e+02 -6.11330458e-02 
 7.43886274e+02  3.03931525e+00  7.43886274e+02 -6.27242217e-02 
 7.52501228e+02  3.03931486e+00  7.52501228e+02 -6.43237135e-02 
 7.61215951e+02  3.03931446e+00  7.61215951e+02 -6.59317334e-02 
 7.70031600e+02  3.03931405e+00  7.70031600e+02 -6.75484946e-02 
 7.78949343e+02  3.03931363e+00  7.78949343e+02 -6.91742112e-02 
 7.87970362e+02  3.03931320e+00  7.87970362e+02 -7.08090990e-02 
 7.97095854e+02  3.03931275e+00  7.97095854e+02 -7.24533746e-02 
 8.06327028e+02  3.03931229e+00  8.06327028e+02 -7.41072561e-02 
 8.15665108e+02  3.03931182e+00  8.15665108e+02 -7.57709627e-02 
 8.25111333e+02  3.03931134e+00  8.25111333e+02 -7.74447149e-02 
 8.34666955e+02  3.03931084e+00  8.34666955e+02 -7.91287347e-02 
 8.44333240e+02  3.03931034e+00  8.44333240e+02 -8.08232453e-02 
 8.54111471e+02  3.03930981e+00  8.54111471e+02 -8.25284714e-02 
 8.64002944e+02  3.03930928e+00  8.64002944e+02 -8.42446391e-02 
 8.74008970e+02  3.03930873e+00  8.74008970e+02 -8.59719759e-02 
 8.84130875e+02  3.03930816e+00  8.84130875e+02 -8.77107107e-02 
 8.94370003e+02  3.03930758e+00  8.94370003e+02 -8.94610741e-02 
 9.04727710e+02  3.03930699e+00  9.04727710e+02 -9.12232982e-02 
 9.15205369e+02  3.03930638e+00  9.15205369e+02 -9.29976165e-02 
 9.25804371e+02  3.03930576e+00  9.25804371e+02 -9.47842644e-02 
 9.36526119e+02  3.03930512e+00  9.36526119e+02 -9.65834786e-02 
 9.47372037e+02  3.03930446e+00  9.47372037e+02 -9.83954977e-02 
 9.58343561e+02  3.03930379e+00  9.58343561e+02 -1.00220562e-01 
 9.69442146e+02  3.03930310e+00  9.69442146e+02 -1.02058913e-01 
 9.80669264e+02  3.03930239e+00  9.80669264e+02 -1.03910795e-01 
 9.92026404e+02  3.03930167e+00  9.92026404e+02 -1.05776454e-01 
 1.00351507e+03  3.03930092e+00  1.00351507e+03 -1.07656136e-01 
 1.01513679e+03  3.03930016e+00  1.01513679e+03 -1.09550090e-01 
 1.02689310e+03  3.03929938e+00  1.02689310e+03 -1.11458569e-01 
 1.03878555e+03  3.03929858e+00  1.03878555e+03 -1.13381825e-01 
 1.05081574e+03  3.03929776e+00  1.05081574e+03 -1.15320112e-01 
 1.06298524e+03  3.03929692e+00  1.06298524e+03 -1.17273688e-01 
 1.07529569e+03  3.03929606e+00  1.07529569e+03 -1.19242813e-01 
 1.08774869e+03  3.03929518e+00  1.08774869e+03 -1.21227746e-01 
 1.10034592e+03  3.03929428e+00  1.10034592e+03 -1.23228751e-01 
 1.11308904e+03  3.03929336e+00  1.11308904e+03 -1.25246093e-01 
 1.12597973e+03  3.03929241e+00  1.12597973e+03 -1.27280040e-01 
 1.13901971e+03  3.03929144e+00  1.13901971e+03 -1.29330861e-01 
 1.15221071e+03  3.03929045e+00  1.15221071e+03 -1.31398829e-01 
 1.16555447e+03  3.03928943e+00  1.16555447e+03 -1.33484217e-01 
 1.17905277e+03  3.03928839e+00  1.17905277e+03 -1.35587302e-01 
 1.19270739e+03  3.03928732e+00  1.19270739e+03 -1.37708362e-01 
 1.20652015e+03  3.03928623e+00  1.20652015e+03 -1.39847679e-01 
 1.22049287e+03  3.03928511e+00  1.22049287e+03 -1.42005537e-01 
 1.23462740e+03  3.03928396e+00  1.23462740e+03 -1.44182221e-01 
 1.24892564e+03  3.03928279e+00  1.24892564e+03 -1.46378020e-01 
 1.26338945e+03  3.03928159e+00  1.26338945e+03 -1.48593225e-01 
 1.27802078e+03  3.03928036e+00  1.27802078e+03 -1.50828130e-01 
 1.29282155e+03  3.03927910e+00  1.29282155e+03 -1.53083031e-01 
 1.30779373e+03  3.03927781e+00  1.30779373e+03 -1.55358227e-01 
 1.32293930e+03  3.03927649e+00  1.32293930e+03 -1.57654019e-01 
 1.33826027e+03  3.03927514e+00  1.33826027e+03 -1.59970712e-01 
 1.35375867e+03  3.03927376e+00  1.35375867e+03 -1.62308613e-01 
 1.36943656e+03  3.03927234e+00  1.36943656e+03 -1.64668032e-01 
 1.38529602e+03  3.03927089e+00  1.38529602e+03 -1.67049282e-01 
 1.40133915e+03  3.03926941e+00  1.40133915e+03 -1.69452678e-01 
 1.41756807e+03  3.03926789e+00  1.41756807e+03 -1.71878539e-01 
 1.43398494e+03  3.03926634e+00  1.43398494e+03 -1.74327186e-01 
 1.45059193e+03  3.03926474e+00  1.45059193e+03 -1.76798944e-01 
 1.46739125e+03  3.03926311e+00  1.46739125e+03 -1.79294141e-01 
 1.48438512e+03  3.03926145e+00  1.48438512e+03 -1.81813107e-01 
 1.50157580e+03  3.03925974e+00  1.50157580e+03 -1.84356177e-01 
 1.51896556e+03  3.03925799e+00  1.51896556e+03 -1.86923687e-01 
 1.53655671e+03  3.03925620e+00  1.53655671e+03 -1.89515977e-01 
 1.55435159e+03  3.03925437e+00  1.55435159e+03 -1.92133392e-01 
 1.57235255e+03  3.03925250e+00  1.57235255e+03 -1.94776279e-01 
 1.59056198e+03  3.03925058e+00  1.59056198e+03 -1.97444987e-01 
 1.60898229e+03  3.03924862e+00  1.60898229e+03 -2.00139870e-01 
 1.62761593e+03  3.03924661e+00  1.62761593e+03 -2.02861286e-01 
 1.64646536e+03  3.03924455e+00  1.64646536e+03 -2.05609595e-01 
 1.66553309e+03  3.03924245e+00  1.66553309e+03 -2.08385161e-01 
 1.68482165e+03  3.03924029e+00  1.68482165e+03 -2.11188353e-01 
 1.70433358e+03  3.03923809e+00  1.70433358e+03 -2.14019542e-01 
 1.72407148e+03  3.03923583e+00  1.72407148e+03 -2.16879103e-01 
 1.74403797e+03  3.03923352e+00  1.74403797e+03 -2.19767416e-01 
 1.76423569e+03  3.03923116e+00  1.76423569e+03 -2.22684862e-01 
 1.78466732e+03  3.03922874e+00  1.78466732e+03 -2.25631829e-01 
 1.80533557e+03  3.03922626e+00  1.80533557e+03 -2.28608708e-01 
 1.82624317e+03  3.03922373e+00  1.82624317e+03 -2.31615892e-01 
 1.84739291e+03  3.03922113e+00  1.84739291e+03 -2.34653781e-01 
 1.86878759e+03  3.03921848e+00  1.86878759e+03 -2.37722776e-01 
 1.89043003e+03  3.03921576e+00  1.89043003e+03 -2.40823286e-01 
 1.91232312e+03  3.03921298e+00  1.91232312e+03 -2.43955720e-01 
 1.93446975e+03  3.03921014e+00  1.93446975e+03 -2.47120495e-01 
 1.95687286e+03  3.03920723e+00  1.95687286e+03 -2.50318028e-01 
 1.97953542e+03  3.03920425e+00  1.97953542e+03 -2.53548745e-01 
 2.00246044e+03  3.03920120e+00  2.00246044e+03 -2.56813072e-01 
 2.02565095e+03  3.03919808e+00  2.02565095e+03 -2.60111444e-01 
 2.04911003e+03  3.03919488e+00  2.04911003e+03 -2.63444297e-01 
 2.07284080e+03  3.03919161e+00  2.07284080e+03 -2.66812072e-01 
 2.09684638e+03  3.03918827e+00  2.09684638e+03 -2.70215216e-01 
 2.12112998e+03  3.03918485e+00  2.12112998e+03 -2.73654180e-01 
 2.14569480e+03  3.03918134e+00  2.14569480e+03 -2.77129420e-01 
 2.17054412e+03  3.03917776e+00  2.17054412e+03 -2.80641396e-01 
 2.19568121e+03  3.03917409e+00  2.19568121e+03 -2.84190573e-01 
 2.22110941e+03  3.03917034e+00  2.22110941e+03 -2.87777423e-01 
 2.24683210e+03  3.03916650e+00  2.24683210e+03 -2.91402419e-01 
 2.27285268e+03  3.03916256e+00  2.27285268e+03 -2.95066043e-01 
 2.29917461e+03  3.03915854e+00  2.29917461e+03 -2.98768781e-01 
 2.32580137e+03  3.03915442e+00  2.32580137e+03 -3.02511121e-01 
 2.35273649e+03  3.03915021e+00  2.35273649e+03 -3.06293562e-01 
 2.37998356e+03  3.03914590e+00  2.37998356e+03 -3.10116603e-01 
 2.40754617e+03  3.03914149e+00  2.40754617e+03 -3.13980751e-01 
 2.43542798e+03  3.03913697e+00  2.43542798e+03 -3.17886519e-01 
 2.46363269e+03  3.03913235e+00  2.46363269e+03 -3.21834423e-01 
 2.49216405e+03  3.03912762e+00  2.49216405e+03 -3.25824988e-01 
 2.52102582e+03  3.03912278e+00  2.52102582e+03 -3.29858741e-01 
 2.55022184e+03  3.03911783e+00  2.55022184e+03 -3.33936217e-01 
 2.57975598e+03  3.03911276e+00  2.57975598e+03 -3.38057956e-01 
 2.60963216e+03  3.03910758e+00  2.60963216e+03 -3.42224504e-01 
 2.63985434e+03  3.03910227e+00  2.63985434e+03 -3.46436414e-01 
 2.67042651e+03  3.03909684e+00  2.67042651e+03 -3.50694243e-01 
 2.70135274e+03  3.03909128e+00  2.70135274e+03 -3.54998556e-01 
 2.73263713e+03  3.03908560e+00  2.73263713e+03 -3.59349922e-01 
 2.76428383e+03  3.03907978e+00  2.76428383e+03 -3.63748918e-01 
 2.79629703e+03  3.03907382e+00  2.79629703e+03 -3.68196127e-01 
 2.82868097e+03  3.03906773e+00  2.82868097e+03 -3.72692138e-01 
 2.86143995e+03  3.03906149e+00  2.86143995e+03 -3.77237547e-01 
 2.89457831e+03  3.03905511e+00  2.89457831e+03 -3.81832955e-01 
 2.92810044e+03  3.03904858e+00  2.92810044e+03 -3.86478972e-01 
 2.96201080e+03  3.03904190e+00  2.96201080e+03 -3.91176212e-01 
 2.99631387e+03  3.03903506e+00  2.99631387e+03 -3.95925298e-01 
 3.03101421e+03  3.03902807e+00  3.03101421e+03 -4.00726859e-01 
 3.06611641e+03  3.03902091e+00  3.06611641e+03 -4.05581530e-01 
 3.10162514e+03  3.03901358e+00  3.10162514e+03 -4.10489956e-01 
 3.13754508e+03  3.03900608e+00  3.13754508e+03 -4.15452786e-01 
 3.17388102e+03  3.03899841e+00  3.17388102e+03 -4.20470676e-01 
 3.21063777e+03  3.03899056e+00  3.21063777e+03 -4.25544293e-01 
 3.24782019e+03  3.03898252e+00  3.24782019e+03 -4.30674307e-01 
 3.28543323e+03  3.03897430e+00  3.28543323e+03 -4.35861398e-01 
 3.32348186e+03  3.03896589e+00  3.32348186e+03 -4.41106253e-01 
 3.36197113e+03  3.03895728e+00  3.36197113e+03 -4.46409566e-01 
 3.40090615e+03  3.03894847e+00  3.40090615e+03 -4.51772040e-01 
 3.44029207e+03  3.03893945e+00  3.44029207e+03 -4.57194385e-01 
 3.48013412e+03  3.03893023e+00  3.48013412e+03 -4.62677319e-01 
 3.52043759e+03  3.03892079e+00  3.52043759e+03 -4.68221567e-01 
 3.56120781e+03  3.03891113e+00  3.56120781e+03 -4.73827864e-01 
 3.60245019e+03  3.03890124e+00  3.60245019e+03 -4.79496952e-01 
 3.64417019e+03  3.03889112e+00  3.64417019e+03 -4.85229581e-01 
 3.68637336e+03  3.03888077e+00  3.68637336e+03 -4.91026511e-01 
 3.72906528e+03  3.03887018e+00  3.72906528e+03 -4.96888508e-01 
 3.77225162e+03  3.03885934e+00  3.77225162e+03 -5.02816349e-01 
 3.81593810e+03  3.03884825e+00  3.81593810e+03 -5.08810819e-01 
 3.86013052e+03  3.03883690e+00  3.86013052e+03 -5.14872711e-01 
 3.90483472e+03  3.03882528e+00  3.90483472e+03 -5.21002827e-01 
 3.95005665e+03  3.03881340e+00  3.95005665e+03 -5.27201979e-01 
 3.99580229e+03  3.03880124e+00  3.99580229e+03 -5.33470987e-01 
 4.04207771e+03  3.03878879e+00  4.04207771e+03 -5.39810681e-01 
 4.08888905e+03  3.03877606e+00  4.08888905e+03 -5.46221899e-01 
 4.13624251e+03  3.03876302e+00  4.13624251e+03 -5.52705491e-01 
 4.18414437e+03  3.03874969e+00  4.18414437e+03 -5.59262314e-01 
 4.23260098e+03  3.03873604e+00  4.23260098e+03 -5.65893236e-01 
 4.28161877e+03  3.03872208e+00  4.28161877e+03 -5.72599135e-01 
 4.33120424e+03  3.03870779e+00  4.33120424e+03 -5.79380896e-01 
 4.38136395e+03  3.03869316e+00  4.38136395e+03 -5.86239419e-01 
 4.43210457e+03  3.03867820e+00  4.43210457e+03 -5.93175609e-01 
 4.48343281e+03  3.03866289e+00  4.48343281e+03 -6.00190385e-01 
 4.53535548e+03  3.03864722e+00  4.53535548e+03 -6.07284675e-01 
 4.58787948e+03  3.03863119e+00  4.58787948e+03 -6.14459417e-01 
 4.64101175e+03  3.03861478e+00  4.64101175e+03 -6.21715559e-01 
 4.69475935e+03  3.03859799e+00  4.69475935e+03 -6.29054063e-01 
 4.74912940e+03  3.03858081e+00  4.74912940e+03 -6.36475898e-01 
 4.80412911e+03  3.03856323e+00  4.80412911e+03 -6.43982045e-01 
 4.85976577e+03  3.03854525e+00  4.85976577e+03 -6.51573498e-01 
 4.91604676e+03  3.03852684e+00  4.91604676e+03 -6.59251260e-01 
 4.97297954e+03  3.03850800e+00  4.97297954e+03 -6.67016346e-01 
 5.03057166e+03  3.03848873e+00  5.03057166e+03 -6.74869784e-01 
 5.08883076e+03  3.03846900e+00  5.08883076e+03 -6.82812611e-01 
 5.14776455e+03  3.03844882e+00  5.14776455e+03 -6.90845877e-01 
 5.20738086e+03  3.03842816e+00  5.20738086e+03 -6.98970644e-01 
 5.26768758e+03  3.03840703e+00  5.26768758e+03 -7.07187986e-01 
 5.32869272e+03  3.03838540e+00  5.32869272e+03 -7.15498990e-01 
 5.39040436e+03  3.03836327e+00  5.39040436e+03 -7.23904752e-01 
 5.45283068e+03  3.03834063e+00  5.45283068e+03 -7.32406386e-01 
 5.51597996e+03  3.03831745e+00  5.51597996e+03 -7.41005013e-01 
 5.57986057e+03  3.03829374e+00  5.57986057e+03 -7.49701769e-01 
 5.64448099e+03  3.03826948e+00  5.64448099e+03 -7.58497805e-01 
 5.70984977e+03  3.03824465e+00  5.70984977e+03 -7.67394281e-01 
 5.77597559e+03  3.03821924e+00  5.77597559e+03 -7.76392373e-01 
 5.84286722e+03  3.03819324e+00  5.84286722e+03 -7.85493270e-01 
 5.91053351e+03  3.03816663e+00  5.91053351e+03 -7.94698173e-01 
 5.97898345e+03  3.03813941e+00  5.97898345e+03 -8.04008299e-01 
 6.04822611e+03  3.03811155e+00  6.04822611e+03 -8.13424875e-01 
 6.11827067e+03  3.03808305e+00  6.11827067e+03 -8.22949147e-01 
 6.18912642e+03  3.03805388e+00  6.18912642e+03 -8.32582370e-01 
 6.26080275e+03  3.03802403e+00  6.26080275e+03 -8.42325817e-01 
 6.33330916e+03  3.03799348e+00  6.33330916e+03 -8.52180774e-01 
 6.40665527e+03  3.03796223e+00  6.40665527e+03 -8.62148542e-01 
 6.48085080e+03  3.03793024e+00  6.48085080e+03 -8.72230435e-01 
 6.55590559e+03  3.03789752e+00  6.55590559e+03 -8.82427785e-01 
 6.63182959e+03  3.03786403e+00  6.63182959e+03 -8.92741937e-01 
 6.70863287e+03  3.03782976e+00  6.70863287e+03 -9.03174251e-01 
 6.78632561e+03  3.03779469e+00  6.78632561e+03 -9.13726103e-01 
 6.86491811e+03  3.03775881e+00  6.86491811e+03 -9.24398885e-01 
 6.94442078e+03  3.03772209e+00  6.94442078e+03 -9.35194005e-01 
 7.02484418e+03  3.03768452e+00  7.02484418e+03 -9.46112886e-01 
 7.10619897e+03  3.03764607e+00  7.10619897e+03 -9.57156968e-01 
 7.18849592e+03  3.03760673e+00  7.18849592e+03 -9.68327706e-01 
 7.27174595e+03  3.03756647e+00  7.27174595e+03 -9.79626573e-01 
 7.35596011e+03  3.03752527e+00  7.35596011e+03 -9.91055058e-01 
 7.44114955e+03  3.03748312e+00  7.44114955e+03 -1.00261467e+00 
 7.52732557e+03  3.03743999e+00  7.52732557e+03 -1.01430692e+00 
 7.61449959e+03  3.03739585e+00  7.61449959e+03 -1.02613337e+00 
 7.70268318e+03  3.03735068e+00  7.70268318e+03 -1.03809555e+00 
 7.79188802e+03  3.03730446e+00  7.79188802e+03 -1.05019506e+00 
 7.88212595e+03  3.03725717e+00  7.88212595e+03 -1.06243348e+00 
 7.97340892e+03  3.03720878e+00  7.97340892e+03 -1.07481243e+00 
 8.06574904e+03  3.03715926e+00  8.06574904e+03 -1.08733352e+00 
 8.15915855e+03  3.03710859e+00  8.15915855e+03 -1.09999842e+00 
 8.25364983e+03  3.03705674e+00  8.25364983e+03 -1.11280879e+00 
 8.34923543e+03  3.03700368e+00  8.34923543e+03 -1.12576631e+00 
 8.44592800e+03  3.03694939e+00  8.44592800e+03 -1.13887269e+00 
 8.54374036e+03  3.03689383e+00  8.54374036e+03 -1.15212965e+00 
 8.64268550e+03  3.03683699e+00  8.64268550e+03 -1.16553894e+00 
 8.74277651e+03  3.03677882e+00  8.74277651e+03 -1.17910231e+00 
 8.84402669e+03  3.03671930e+00  8.84402669e+03 -1.19282155e+00 
 8.94644944e+03  3.03665839e+00  8.94644944e+03 -1.20669847e+00 
 9.05005835e+03  3.03659606e+00  9.05005835e+03 -1.22073488e+00 
 9.15486716e+03  3.03653229e+00  9.15486716e+03 -1.23493263e+00 
 9.26088975e+03  3.03646703e+00  9.26088975e+03 -1.24929358e+00 
 9.36814020e+03  3.03640026e+00  9.36814020e+03 -1.26381963e+00 
 9.47663271e+03  3.03633193e+00  9.47663271e+03 -1.27851267e+00 
 9.58638168e+03  3.03626201e+00  9.58638168e+03 -1.29337463e+00 
 9.69740165e+03  3.03619047e+00  9.69740165e+03 -1.30840747e+00 
 9.80970735e+03  3.03611726e+00  9.80970735e+03 -1.32361315e+00 
 9.92331366e+03  3.03604235e+00  9.92331366e+03 -1.33899368e+00 
 1.00382356e+04  3.03596569e+00  1.00382356e+04 -1.35455106e+00 
 1.01544885e+04  3.03588726e+00  1.01544885e+04 -1.37028733e+00 
 1.02720878e+04  3.03580700e+00  1.02720878e+04 -1.38620457e+00 
 1.03910489e+04  3.03572488e+00  1.03910489e+04 -1.40230484e+00 
 1.05113877e+04  3.03564084e+00  1.05113877e+04 -1.41859027e+00 
 1.06331202e+04  3.03555485e+00  1.06331202e+04 -1.43506298e+00 
 1.07562625e+04  3.03546687e+00  1.07562625e+04 -1.45172513e+00 
 1.08808308e+04  3.03537683e+00  1.08808308e+04 -1.46857890e+00 
 1.10068418e+04  3.03528471e+00  1.10068418e+04 -1.48562649e+00 
 1.11343122e+04  3.03519044e+00  1.11343122e+04 -1.50287013e+00 
 1.12632587e+04  3.03509398e+00  1.12632587e+04 -1.52031209e+00 
 1.13936986e+04  3.03499528e+00  1.13936986e+04 -1.53795462e+00 
 1.15256492e+04  3.03489429e+00  1.15256492e+04 -1.55580005e+00 
 1.16591278e+04  3.03479094e+00  1.16591278e+04 -1.57385070e+00 
 1.17941523e+04  3.03468520e+00  1.17941523e+04 -1.59210893e+00 
 1.19307404e+04  3.03457700e+00  1.19307404e+04 -1.61057712e+00 
 1.20689105e+04  3.03446629e+00  1.20689105e+04 -1.62925767e+00 
 1.22086806e+04  3.03435300e+00  1.22086806e+04 -1.64815303e+00 
 1.23500695e+04  3.03423708e+00  1.23500695e+04 -1.66726566e+00 
 1.24930957e+04  3.03411847e+00  1.24930957e+04 -1.68659804e+00 
 1.26377784e+04  3.03399710e+00  1.26377784e+04 -1.70615271e+00 
 1.27841366e+04  3.03387291e+00  1.27841366e+04 -1.72593219e+00 
 1.29321898e+04  3.03374584e+00  1.29321898e+04 -1.74593906e+00 
 1.30819576e+04  3.03361582e+00  1.30819576e+04 -1.76617594e+00 
 1.32334599e+04  3.03348278e+00  1.32334599e+04 -1.78664544e+00 
 1.33867167e+04  3.03334665e+00  1.33867167e+04 -1.80735023e+00 
 1.35417484e+04  3.03320735e+00  1.35417484e+04 -1.82829300e+00 
 1.36985755e+04  3.03306483e+00  1.36985755e+04 -1.84947646e+00 
 1.38572188e+04  3.03291899e+00  1.38572188e+04 -1.87090337e+00 
 1.40176994e+04  3.03276977e+00  1.40176994e+04 -1.89257651e+00 
 1.41800385e+04  3.03261708e+00  1.41800385e+04 -1.91449868e+00 
 1.43442576e+04  3.03246085e+00  1.43442576e+04 -1.93667272e+00 
 1.45103786e+04  3.03230099e+00  1.45103786e+04 -1.95910151e+00 
 1.46784234e+04  3.03213743e+00  1.46784234e+04 -1.98178794e+00 
 1.48484144e+04  3.03197007e+00  1.48484144e+04 -2.00473496e+00 
 1.50203740e+04  3.03179882e+00  1.50203740e+04 -2.02794553e+00 
 1.51943251e+04  3.03162360e+00  1.51943251e+04 -2.05142264e+00 
 1.53702907e+04  3.03144432e+00  1.53702907e+04 -2.07516934e+00 
 1.55482942e+04  3.03126088e+00  1.55482942e+04 -2.09918867e+00 
 1.57283591e+04  3.03107318e+00  1.57283591e+04 -2.12348375e+00 
 1.59105094e+04  3.03088113e+00  1.59105094e+04 -2.14805770e+00 
 1.60947691e+04  3.03068463e+00  1.60947691e+04 -2.17291369e+00 
 1.62811628e+04  3.03048356e+00  1.62811628e+04 -2.19805491e+00 
 1.64697151e+04  3.03027784e+00  1.64697151e+04 -2.22348460e+00 
 1.66604510e+04  3.03006735e+00  1.66604510e+04 -2.24920602e+00 
 1.68533958e+04  3.02985198e+00  1.68533958e+04 -2.27522249e+00 
 1.70485751e+04  3.02963162e+00  1.70485751e+04 -2.30153734e+00 
 1.72460148e+04  3.02940615e+00  1.72460148e+04 -2.32815393e+00 
 1.74457411e+04  3.02917546e+00  1.74457411e+04 -2.35507569e+00 
 1.76477804e+04  3.02893942e+00  1.76477804e+04 -2.38230606e+00 
 1.78521595e+04  3.02869792e+00  1.78521595e+04 -2.40984853e+00 
 1.80589055e+04  3.02845082e+00  1.80589055e+04 -2.43770660e+00 
 1.82680458e+04  3.02819799e+00  1.82680458e+04 -2.46588385e+00 
 1.84796082e+04  3.02793932e+00  1.84796082e+04 -2.49438386e+00 
 1.86936208e+04  3.02767465e+00  1.86936208e+04 -2.52321027e+00 
 1.89101117e+04  3.02740386e+00  1.89101117e+04 -2.55236675e+00 
 1.91291099e+04  3.02712680e+00  1.91291099e+04 -2.58185701e+00 
 1.93506443e+04  3.02684333e+00  1.93506443e+04 -2.61168480e+00 
 1.95747443e+04  3.02655329e+00  1.95747443e+04 -2.64185390e+00 
 1.98014396e+04  3.02625655e+00  1.98014396e+04 -2.67236815e+00 
 2.00307602e+04  3.02595295e+00  2.00307602e+04 -2.70323140e+00 
 2.02627366e+04  3.02564232e+00  2.02627366e+04 -2.73444757e+00 
 2.04973996e+04  3.02532451e+00  2.04973996e+04 -2.76602061e+00 
 2.07347801e+04  3.02499935e+00  2.07347801e+04 -2.79795450e+00 
 2.09749098e+04  3.02466667e+00  2.09749098e+04 -2.83025327e+00 
 2.12178204e+04  3.02432631e+00  2.12178204e+04 -2.86292099e+00 
 2.14635442e+04  3.02397808e+00  2.14635442e+04 -2.89596177e+00 
 2.17121137e+04  3.02362181e+00  2.17121137e+04 -2.92937977e+00 
 2.19635619e+04  3.02325730e+00  2.19635619e+04 -2.96317918e+00 
 2.22179221e+04  3.02288438e+00  2.22179221e+04 -2.99736424e+00 
 2.24752280e+04  3.02250285e+00  2.24752280e+04 -3.03193923e+00 
 2.27355138e+04  3.02211251e+00  2.27355138e+04 -3.06690848e+00 
 2.29988140e+04  3.02171316e+00  2.29988140e+04 -3.10227635e+00 
 2.32651635e+04  3.02130460e+00  2.32651635e+04 -3.13804726e+00 
 2.35345976e+04  3.02088661e+00  2.35345976e+04 -3.17422565e+00 
 2.38071520e+04  3.02045898e+00  2.38071520e+04 -3.21081603e+00 
 2.40828628e+04  3.02002149e+00  2.40828628e+04 -3.24782294e+00 
 2.43617666e+04  3.01957391e+00  2.43617666e+04 -3.28525096e+00 
 2.46439005e+04  3.01911602e+00  2.46439005e+04 -3.32310474e+00 
 2.49293017e+04  3.01864758e+00  2.49293017e+04 -3.36138894e+00 
 2.52180082e+04  3.01816834e+00  2.52180082e+04 -3.40010829e+00 
 2.55100581e+04  3.01767807e+00  2.55100581e+04 -3.43926756e+00 
 2.58054904e+04  3.01717651e+00  2.58054904e+04 -3.47887157e+00 
 2.61043440e+04  3.01666341e+00  2.61043440e+04 -3.51892516e+00 
 2.64066586e+04  3.01613850e+00  2.64066586e+04 -3.55943325e+00 
 2.67124744e+04  3.01560151e+00  2.67124744e+04 -3.60040080e+00 
 2.70218318e+04  3.01505217e+00  2.70218318e+04 -3.64183279e+00 
 2.73347718e+04  3.01449021e+00  2.73347718e+04 -3.68373428e+00 
 2.76513361e+04  3.01391532e+00  2.76513361e+04 -3.72611036e+00 
 2.79715664e+04  3.01332723e+00  2.79715664e+04 -3.76896617e+00 
 2.82955054e+04  3.01272563e+00  2.82955054e+04 -3.81230689e+00 
 2.86231959e+04  3.01211021e+00  2.86231959e+04 -3.85613776e+00 
 2.89546814e+04  3.01148067e+00  2.89546814e+04 -3.90046406e+00 
 2.92900058e+04  3.01083669e+00  2.92900058e+04 -3.94529112e+00 
 2.96292136e+04  3.01017793e+00  2.96292136e+04 -3.99062432e+00 
 2.99723498e+04  3.00950406e+00  2.99723498e+04 -4.03646907e+00 
 3.03194599e+04  3.00881475e+00  3.03194599e+04 -4.08283087e+00 
 3.06705898e+04  3.00810965e+00  3.06705898e+04 -4.12971521e+00 
 3.10257862e+04  3.00738839e+00  3.10257862e+04 -4.17712768e+00 
 3.13850961e+04  3.00665062e+00  3.13850961e+04 -4.22507388e+00 
 3.17485672e+04  3.00589597e+00  3.17485672e+04 -4.27355949e+00 
 3.21162476e+04  3.00512405e+00  3.21162476e+04 -4.32259021e+00 
 3.24881861e+04  3.00433448e+00  3.24881861e+04 -4.37217180e+00 
 3.28644321e+04  3.00352687e+00  3.28644321e+04 -4.42231008e+00 
 3.32450354e+04  3.00270080e+00  3.32450354e+04 -4.47301089e+00 
 3.36300464e+04  3.00185587e+00  3.36300464e+04 -4.52428013e+00 
 3.40195163e+04  3.00099165e+00  3.40195163e+04 -4.57612377e+00 
 3.44134966e+04  3.00010771e+00  3.44134966e+04 -4.62854780e+00 
 3.48120396e+04  2.99920362e+00  3.48120396e+04 -4.68155826e+00 
 3.52151982e+04  2.99827892e+00  3.52151982e+04 -4.73516124e+00 
 3.56230257e+04  2.99733315e+00  3.56230257e+04 -4.78936289e+00 
 3.60355763e+04  2.99636585e+00  3.60355763e+04 -4.84416939e+00 
 3.64529046e+04  2.99537653e+00  3.64529046e+04 -4.89958698e+00 
 3.68750660e+04  2.99436471e+00  3.68750660e+04 -4.95562192e+00 
 3.73021165e+04  2.99332990e+00  3.73021165e+04 -5.01228055e+00 
 3.77341126e+04  2.99227157e+00  3.77341126e+04 -5.06956924e+00 
 3.81711117e+04  2.99118921e+00  3.81711117e+04 -5.12749440e+00 
 3.86131717e+04  2.99008229e+00  3.86131717e+04 -5.18606249e+00 
 3.90603512e+04  2.98895026e+00  3.90603512e+04 -5.24528001e+00 
 3.95127095e+04  2.98779258e+00  3.95127095e+04 -5.30515352e+00 
 3.99703065e+04  2.98660868e+00  3.99703065e+04 -5.36568960e+00 
 4.04332030e+04  2.98539797e+00  4.04332030e+04 -5.42689489e+00 
 4.09014603e+04  2.98415988e+00  4.09014603e+04 -5.48877606e+00 
 4.13751404e+04  2.98289381e+00  4.13751404e+04 -5.55133984e+00 
 4.18543063e+04  2.98159913e+00  4.18543063e+04 -5.61459298e+00 
 4.23390214e+04  2.98027523e+00  4.23390214e+04 -5.67854228e+00 
 4.28293500e+04  2.97892147e+00  4.28293500e+04 -5.74319458e+00 
 4.33253571e+04  2.97753719e+00  4.33253571e+04 -5.80855676e+00 
 4.38271084e+04  2.97612174e+00  4.38271084e+04 -5.87463573e+00 
 4.43346705e+04  2.97467443e+00  4.43346705e+04 -5.94143844e+00 
 4.48481108e+04  2.97319458e+00  4.48481108e+04 -6.00897190e+00 
 4.53674971e+04  2.97168147e+00  4.53674971e+04 -6.07724310e+00 
 4.58928985e+04  2.97013440e+00  4.58928985e+04 -6.14625913e+00 
 4.64243846e+04  2.96855263e+00  4.64243846e+04 -6.21602707e+00 
 4.69620258e+04  2.96693541e+00  4.69620258e+04 -6.28655403e+00 
 4.75058934e+04  2.96528198e+00  4.75058934e+04 -6.35784719e+00 
 4.80560596e+04  2.96359156e+00  4.80560596e+04 -6.42991371e+00 
 4.86125973e+04  2.96186336e+00  4.86125973e+04 -6.50276082e+00 
 4.91755802e+04  2.96009658e+00  4.91755802e+04 -6.57639574e+00 
 4.97450830e+04  2.95829039e+00  4.97450830e+04 -6.65082576e+00 
 5.03211813e+04  2.95644395e+00  5.03211813e+04 -6.72605815e+00 
 5.09039513e+04  2.95455641e+00  5.09039513e+04 -6.80210024e+00 
 5.14934704e+04  2.95262690e+00  5.14934704e+04 -6.87895934e+00 
 5.20898168e+04  2.95065453e+00  5.20898168e+04 -6.95664282e+00 
 5.26930694e+04  2.94863840e+00  5.26930694e+04 -7.03515805e+00 
 5.33033083e+04  2.94657759e+00  5.33033083e+04 -7.11451241e+00 
 5.39206144e+04  2.94447115e+00  5.39206144e+04 -7.19471330e+00 
 5.45450695e+04  2.94231814e+00  5.45450695e+04 -7.27576813e+00 
 5.51767564e+04  2.94011758e+00  5.51767564e+04 -7.35768433e+00 
 5.58157589e+04  2.93786848e+00  5.58157589e+04 -7.44046933e+00 
 5.64621617e+04  2.93556984e+00  5.64621617e+04 -7.52413057e+00 
 5.71160505e+04  2.93322063e+00  5.71160505e+04 -7.60867548e+00 
 5.77775120e+04  2.93081980e+00  5.77775120e+04 -7.69411150e+00 
 5.84466339e+04  2.92836629e+00  5.84466339e+04 -7.78044609e+00 
 5.91235049e+04  2.92585902e+00  5.91235049e+04 -7.86768667e+00 
 5.98082147e+04  2.92329690e+00  5.98082147e+04 -7.95584068e+00 
 6.05008542e+04  2.92067879e+00  6.05008542e+04 -8.04491553e+00 
 6.12015151e+04  2.91800357e+00  6.12015151e+04 -8.13491865e+00 
 6.19102904e+04  2.91527007e+00  6.19102904e+04 -8.22585743e+00 
 6.26272740e+04  2.91247713e+00  6.26272740e+04 -8.31773924e+00 
 6.33525610e+04  2.90962353e+00  6.33525610e+04 -8.41057145e+00 
 6.40862476e+04  2.90670807e+00  6.40862476e+04 -8.50436140e+00 
 6.48284310e+04  2.90372951e+00  6.48284310e+04 -8.59911639e+00 
 6.55792097e+04  2.90068659e+00  6.55792097e+04 -8.69484370e+00 
 6.63386831e+04  2.89757804e+00  6.63386831e+04 -8.79155059e+00 
 6.71069519e+04  2.89440257e+00  6.71069519e+04 -8.88924427e+00 
 6.78841182e+04  2.89115884e+00  6.78841182e+04 -8.98793190e+00 
 6.86702847e+04  2.88784553e+00  6.86702847e+04 -9.08762061e+00 
 6.94655559e+04  2.88446129e+00  6.94655559e+04 -9.18831750e+00 
 7.02700371e+04  2.88100472e+00  7.02700371e+04 -9.29002957e+00 
 7.10838351e+04  2.87747444e+00  7.10838351e+04 -9.39276382e+00 
 7.19070576e+04  2.87386903e+00  7.19070576e+04 -9.49652715e+00 
 7.27398139e+04  2.87018704e+00  7.27398139e+04 -9.60132642e+00 
 7.35822143e+04  2.86642701e+00  7.35822143e+04 -9.70716841e+00 
 7.44343706e+04  2.86258748e+00  7.44343706e+04 -9.81405983e+00 
 7.52963957e+04  2.85866693e+00  7.52963957e+04 -9.92200733e+00 
 7.61684039e+04  2.85466384e+00  7.61684039e+04 -1.00310175e+01 
 7.70505109e+04  2.85057668e+00  7.70505109e+04 -1.01410967e+01 
 7.79428335e+04  2.84640389e+00  7.79428335e+04 -1.02522514e+01 
 7.88454902e+04  2.84214387e+00  7.88454902e+04 -1.03644879e+01 
 7.97586005e+04  2.83779504e+00  7.97586005e+04 -1.04778123e+01 
 8.06822855e+04  2.83335577e+00  8.06822855e+04 -1.05922308e+01 
 8.16166678e+04  2.82882443e+00  8.16166678e+04 -1.07077492e+01 
 8.25618712e+04  2.82419935e+00  8.25618712e+04 -1.08243736e+01 
 8.35180209e+04  2.81947885e+00  8.35180209e+04 -1.09421096e+01 
 8.44852439e+04  2.81466124e+00  8.44852439e+04 -1.10609627e+01 
 8.54636682e+04  2.80974481e+00  8.54636682e+04 -1.11809387e+01 
 8.64534237e+04  2.80472783e+00  8.64534237e+04 -1.13020426e+01 
 8.74546416e+04  2.79960854e+00  8.74546416e+04 -1.14242799e+01 
 8.84674546e+04  2.79438517e+00  8.84674546e+04 -1.15476554e+01 
 8.94919970e+04  2.78905595e+00  8.94919970e+04 -1.16721743e+01 
 9.05284046e+04  2.78361907e+00  9.05284046e+04 -1.17978411e+01 
 9.15768148e+04  2.77807272e+00  9.15768148e+04 -1.19246605e+01 
 9.26373667e+04  2.77241507e+00  9.26373667e+04 -1.20526369e+01 
 9.37102009e+04  2.76664427e+00  9.37102009e+04 -1.21817746e+01 
 9.47954596e+04  2.76075847e+00  9.47954596e+04 -1.23120776e+01 
 9.58932866e+04  2.75475579e+00  9.58932866e+04 -1.24435497e+01 
 9.70038276e+04  2.74863434e+00  9.70038276e+04 -1.25761948e+01 
 9.81272298e+04  2.74239224e+00  9.81272298e+04 -1.27100163e+01 
 9.92636421e+04  2.73602758e+00  9.92636421e+04 -1.28450175e+01 
 1.00413215e+05  2.72953843e+00  1.00413215e+05 -1.29812014e+01 
 1.01576102e+05  2.72292287e+00  1.01576102e+05 -1.31185709e+01 
 1.02752455e+05  2.71617898e+00  1.02752455e+05 -1.32571287e+01 
 1.03942432e+05  2.70930480e+00  1.03942432e+05 -1.33968772e+01 
 1.05146191e+05  2.70229839e+00  1.05146191e+05 -1.35378185e+01 
 1.06363890e+05  2.69515779e+00  1.06363890e+05 -1.36799547e+01 
 1.07595691e+05  2.68788105e+00  1.07595691e+05 -1.38232875e+01 
 1.08841757e+05  2.68046622e+00  1.08841757e+05 -1.39678183e+01 
 1.10102255e+05  2.67291132e+00  1.10102255e+05 -1.41135483e+01 
 1.11377350e+05  2.66521439e+00  1.11377350e+05 -1.42604784e+01 
 1.12667212e+05  2.65737349e+00  1.12667212e+05 -1.44086095e+01 
 1.13972012e+05  2.64938664e+00  1.13972012e+05 -1.45579419e+01 
 1.15291923e+05  2.64125190e+00  1.15291923e+05 -1.47084758e+01 
 1.16627120e+05  2.63296732e+00  1.16627120e+05 -1.48602110e+01 
 1.17977779e+05  2.62453095e+00  1.17977779e+05 -1.50131472e+01 
 1.19344081e+05  2.61594086e+00  1.19344081e+05 -1.51672837e+01 
 1.20726206e+05  2.60719514e+00  1.20726206e+05 -1.53226195e+01 
 1.22124337e+05  2.59829186e+00  1.22124337e+05 -1.54791534e+01 
 1.23538660e+05  2.58922913e+00  1.23538660e+05 -1.56368838e+01 
 1.24969363e+05  2.58000508e+00  1.24969363e+05 -1.57958089e+01 
 1.26416634e+05  2.57061783e+00  1.26416634e+05 -1.59559266e+01 
 1.27880666e+05  2.56106555e+00  1.27880666e+05 -1.61172344e+01 
 1.29361653e+05  2.55134640e+00  1.29361653e+05 -1.62797296e+01 
 1.30859792e+05  2.54145860e+00  1.30859792e+05 -1.64434091e+01 
 1.32375280e+05  2.53140036e+00  1.32375280e+05 -1.66082696e+01 
 1.33908319e+05  2.52116995e+00  1.33908319e+05 -1.67743075e+01 
 1.35459113e+05  2.51076563e+00  1.35459113e+05 -1.69415187e+01 
 1.37027866e+05  2.50018573e+00  1.37027866e+05 -1.71098991e+01 
 1.38614787e+05  2.48942860e+00  1.38614787e+05 -1.72794441e+01 
 1.40220086e+05  2.47849263e+00  1.40220086e+05 -1.74501487e+01 
 1.41843976e+05  2.46737623e+00  1.41843976e+05 -1.76220080e+01 
 1.43486672e+05  2.45607788e+00  1.43486672e+05 -1.77950163e+01 
 1.45148393e+05  2.44459609e+00  1.45148393e+05 -1.79691680e+01 
 1.46829358e+05  2.43292941e+00  1.46829358e+05 -1.81444570e+01 
 1.48529790e+05  2.42107645e+00  1.48529790e+05 -1.83208770e+01 
 1.50249915e+05  2.40903586e+00  1.50249915e+05 -1.84984214e+01 
 1.51989960e+05  2.39680636e+00  1.51989960e+05 -1.86770833e+01 
 1.53750157e+05  2.38438671e+00  1.53750157e+05 -1.88568556e+01 
 1.55530739e+05  2.37177574e+00  1.55530739e+05 -1.90377308e+01 
 1.57331942e+05  2.35897234e+00  1.57331942e+05 -1.92197013e+01 
 1.59154005e+05  2.34597545e+00  1.59154005e+05 -1.94027592e+01 
 1.60997169e+05  2.33278410e+00  1.60997169e+05 -1.95868963e+01 
 1.62861678e+05  2.31939737e+00  1.62861678e+05 -1.97721043e+01 
 1.64747781e+05  2.30581443e+00  1.64747781e+05 -1.99583745e+01 
 1.66655726e+05  2.29203450e+00  1.66655726e+05 -2.01456982e+01 
 1.68585768e+05  2.27805690e+00  1.68585768e+05 -2.03340665e+01 
 1.70538161e+05  2.26388101e+00  1.70538161e+05 -2.05234700e+01 
 1.72513165e+05  2.24950632e+00  1.72513165e+05 -2.07138996e+01 
 1.74511042e+05  2.23493238e+00  1.74511042e+05 -2.09053457e+01 
 1.76532055e+05  2.22015883e+00  1.76532055e+05 -2.10977987e+01 
 1.78576475e+05  2.20518542e+00  1.78576475e+05 -2.12912489e+01 
 1.80644570e+05  2.19001195e+00  1.80644570e+05 -2.14856865e+01 
 1.82736617e+05  2.17463836e+00  1.82736617e+05 -2.16811015e+01 
 1.84852891e+05  2.15906467e+00  1.84852891e+05 -2.18774839e+01 
 1.86993674e+05  2.14329099e+00  1.86993674e+05 -2.20748239e+01 
 1.89159250e+05  2.12731753e+00  1.89159250e+05 -2.22731112e+01 
 1.91349905e+05  2.11114461e+00  1.91349905e+05 -2.24723359e+01 
 1.93565930e+05  2.09477267e+00  1.93565930e+05 -2.26724878e+01 
 1.95807618e+05  2.07820222e+00  1.95807618e+05 -2.28735572e+01 
 1.98075268e+05  2.06143392e+00  1.98075268e+05 -2.30755339e+01 
 2.00369179e+05  2.04446850e+00  2.00369179e+05 -2.32784083e+01 
 2.02689657e+05  2.02730684e+00  2.02689657e+05 -2.34821705e+01 
 2.05037007e+05  2.00994990e+00  2.05037007e+05 -2.36868110e+01 
 2.07411543e+05  1.99239877e+00  2.07411543e+05 -2.38923204e+01 
 2.09813578e+05  1.97465466e+00  2.09813578e+05 -2.40986895e+01 
 2.12243431e+05  1.95671888e+00  2.12243431e+05 -2.43059093e+01 
 2.14701424e+05  1.93859288e+00  2.14701424e+05 -2.45139710e+01 
 2.17187883e+05  1.92027821e+00  2.17187883e+05 -2.47228663e+01 
 2.19703138e+05  1.90177654e+00  2.19703138e+05 -2.49325870e+01 
 2.22247522e+05  1.88308967e+00  2.22247522e+05 -2.51431252e+01 
 2.24821372e+05  1.86421951e+00  2.24821372e+05 -2.53544736e+01 
 2.27425030e+05  1.84516808e+00  2.27425030e+05 -2.55666251e+01 
 2.30058842e+05  1.82593755e+00  2.30058842e+05 -2.57795731e+01 
 2.32723155e+05  1.80653018e+00  2.32723155e+05 -2.59933115e+01 
 2.35418324e+05  1.78694836e+00  2.35418324e+05 -2.62078346e+01 
 2.38144706e+05  1.76719459e+00  2.38144706e+05 -2.64231374e+01 
 2.40902662e+05  1.74727150e+00  2.40902662e+05 -2.66392152e+01 
 2.43692558e+05  1.72718182e+00  2.43692558e+05 -2.68560642e+01 
 2.46514763e+05  1.70692841e+00  2.46514763e+05 -2.70736809e+01 
 2.49369653e+05  1.68651424e+00  2.49369653e+05 -2.72920627e+01 
 2.52257605e+05  1.66594238e+00  2.52257605e+05 -2.75112076e+01 
 2.55179003e+05  1.64521603e+00  2.55179003e+05 -2.77311143e+01 
 2.58134233e+05  1.62433847e+00  2.58134233e+05 -2.79517823e+01 
 2.61123688e+05  1.60331310e+00  2.61123688e+05 -2.81732118e+01 
 2.64147764e+05  1.58214344e+00  2.64147764e+05 -2.83954040e+01 
 2.67206861e+05  1.56083308e+00  2.67206861e+05 -2.86183606e+01 
 2.70301386e+05  1.53938573e+00  2.70301386e+05 -2.88420845e+01 
 2.73431749e+05  1.51780518e+00  2.73431749e+05 -2.90665794e+01 
 2.76598365e+05  1.49609533e+00  2.76598365e+05 -2.92918499e+01 
 2.79801653e+05  1.47426013e+00  2.79801653e+05 -2.95179015e+01 
 2.83042038e+05  1.45230367e+00  2.83042038e+05 -2.97447409e+01 
 2.86319950e+05  1.43023007e+00  2.86319950e+05 -2.99723755e+01 
 2.89635824e+05  1.40804355e+00  2.89635824e+05 -3.02008139e+01 
 2.92990099e+05  1.38574841e+00  2.92990099e+05 -3.04300659e+01 
 2.96383220e+05  1.36334899e+00  2.96383220e+05 -3.06601421e+01 
 2.99815637e+05  1.34084973e+00  2.99815637e+05 -3.08910545e+01 
 3.03287805e+05  1.31825510e+00  3.03287805e+05 -3.11228160e+01 
 3.06800183e+05  1.29556964e+00  3.06800183e+05 -3.13554407e+01 
 3.10353239e+05  1.27279792e+00  3.10353239e+05 -3.15889440e+01 
 3.13947443e+05  1.24994459e+00  3.13947443e+05 -3.18233423e+01 
 3.17583271e+05  1.22701431e+00  3.17583271e+05 -3.20586533e+01 
 3.21261205e+05  1.20401178e+00  3.21261205e+05 -3.22948959e+01 
 3.24981734e+05  1.18094174e+00  3.24981734e+05 -3.25320903e+01 
 3.28745351e+05  1.15780894e+00  3.28745351e+05 -3.27702578e+01 
 3.32552554e+05  1.13461816e+00  3.32552554e+05 -3.30094211e+01 
 3.36403848e+05  1.11137418e+00  3.36403848e+05 -3.32496041e+01 
 3.40299744e+05  1.08808179e+00  3.40299744e+05 -3.34908320e+01 
 3.44240758e+05  1.06474580e+00  3.44240758e+05 -3.37331311e+01 
 3.48227413e+05  1.04137099e+00  3.48227413e+05 -3.39765293e+01 
 3.52260238e+05  1.01796214e+00  3.52260238e+05 -3.42210555e+01 
 3.56339767e+05  9.94524016e-01  3.56339767e+05 -3.44667400e+01 
 3.60466541e+05  9.71061367e-01  3.60466541e+05 -3.47136146e+01 
 3.64641107e+05  9.47578905e-01  3.64641107e+05 -3.49617119e+01 
 3.68864019e+05  9.24081315e-01  3.68864019e+05 -3.52110663e+01 
 3.73135837e+05  9.00573240e-01  3.73135837e+05 -3.54617131e+01 
 3.77457126e+05  8.77059281e-01  3.77457126e+05 -3.57136891e+01 
 3.81828460e+05  8.53543988e-01  3.81828460e+05 -3.59670323e+01 
 3.86250419e+05  8.30031858e-01  3.86250419e+05 -3.62217819e+01 
 3.90723589e+05  8.06527323e-01  3.90723589e+05 -3.64779784e+01 
 3.95248562e+05  7.83034753e-01  3.95248562e+05 -3.67356636e+01 
 3.99825939e+05  7.59558443e-01  3.99825939e+05 -3.69948804e+01 
 4.04456327e+05  7.36102614e-01  4.04456327e+05 -3.72556729e+01 
 4.09140339e+05  7.12671404e-01  4.09140339e+05 -3.75180866e+01 
 4.13878597e+05  6.89268865e-01  4.13878597e+05 -3.77821679e+01 
 4.18671729e+05  6.65898955e-01  4.18671729e+05 -3.80479645e+01 
 4.23520370e+05  6.42565540e-01  4.23520370e+05 -3.83155253e+01 
 4.28425163e+05  6.19272381e-01  4.28425163e+05 -3.85849002e+01 
 4.33386759e+05  5.96023137e-01  4.33386759e+05 -3.88561403e+01 
 4.38405814e+05  5.72821355e-01  4.38405814e+05 -3.91292976e+01 
 4.43482996e+05  5.49670470e-01  4.43482996e+05 -3.94044253e+01 
 4.48618977e+05  5.26573801e-01  4.48618977e+05 -3.96815775e+01 
 4.53814437e+05  5.03534541e-01  4.53814437e+05 -3.99608095e+01 
 4.59070066e+05  4.80555764e-01  4.59070066e+05 -4.02421773e+01 
 4.64386560e+05  4.57640412e-01  4.64386560e+05 -4.05257380e+01 
 4.69764625e+05  4.34791297e-01  4.69764625e+05 -4.08115497e+01 
 4.75204974e+05  4.12011096e-01  4.75204974e+05 -4.10996711e+01 
 4.80708327e+05  3.89302350e-01  4.80708327e+05 -4.13901621e+01 
 4.86275414e+05  3.66667460e-01  4.86275414e+05 -4.16830831e+01 
 4.91906974e+05  3.44108683e-01  4.91906974e+05 -4.19784956e+01 
 4.97603753e+05  3.21628134e-01  4.97603753e+05 -4.22764615e+01 
 5.03366507e+05  2.99227779e-01  5.03366507e+05 -4.25770437e+01 
 5.09195999e+05  2.76909438e-01  5.09195999e+05 -4.28803058e+01 
 5.15093002e+05  2.54674780e-01  5.15093002e+05 -4.31863120e+01 
 5.21058299e+05  2.32525322e-01  5.21058299e+05 -4.34951270e+01 
 5.27092679e+05  2.10462428e-01  5.27092679e+05 -4.38068164e+01 
 5.33196944e+05  1.88487310e-01  5.33196944e+05 -4.41214460e+01 
 5.39371903e+05  1.66601024e-01  5.39371903e+05 -4.44390825e+01 
 5.45618374e+05  1.44804470e-01  5.45618374e+05 -4.47597929e+01 
 5.51937185e+05  1.23098393e-01  5.51937185e+05 -4.50836447e+01 
 5.58329174e+05  1.01483381e-01  5.58329174e+05 -4.54107057e+01 
 5.64795189e+05  7.99598665e-02  5.64795189e+05 -4.57410445e+01 
 5.71336088e+05  5.85281245e-02  5.71336088e+05 -4.60747297e+01 
 5.77952736e+05  3.71882739e-02  5.77952736e+05 -4.64118303e+01 
 5.84646012e+05  1.59402776e-02  5.84646012e+05 -4.67524158e+01 
 5.91416802e+05 -5.21605694e-03  5.91416802e+05 -4.70965559e+01 
 5.98266006e+05 -2.62810774e-02  5.98266006e+05 -4.74443203e+01 
 6.05194529e+05 -4.72552857e-02  6.05194529e+05 -4.77957793e+01 
 6.12203293e+05 -6.81393369e-02  6.12203293e+05 -4.81510032e+01 
 6.19293224e+05 -8.89340383e-02  6.19293224e+05 -4.85100624e+01 
 6.26465265e+05 -1.09640348e-01  6.26465265e+05 -4.88730275e+01 
 6.33720365e+05 -1.30259376e-01  6.33720365e+05 -4.92399694e+01 
 6.41059486e+05 -1.50792377e-01  6.41059486e+05 -4.96109586e+01 
 6.48483601e+05 -1.71240755e-01  6.48483601e+05 -4.99860661e+01 
 6.55993696e+05 -1.91606060e-01  6.55993696e+05 -5.03653627e+01 
 6.63590765e+05 -2.11889983e-01  6.63590765e+05 -5.07489192e+01 
 6.71275815e+05 -2.32094361e-01  6.71275815e+05 -5.11368065e+01 
 6.79049866e+05 -2.52221166e-01  6.79049866e+05 -5.15290953e+01 
 6.86913949e+05 -2.72272511e-01  6.86913949e+05 -5.19258561e+01 
 6.94869105e+05 -2.92250644e-01  6.94869105e+05 -5.23271597e+01 
 7.02916391e+05 -3.12157949e-01  7.02916391e+05 -5.27330763e+01 
 7.11056872e+05 -3.31996938e-01  7.11056872e+05 -5.31436763e+01 
 7.19291628e+05 -3.51770256e-01  7.19291628e+05 -5.35590298e+01 
 7.27621750e+05 -3.71480674e-01  7.27621750e+05 -5.39792066e+01 
 7.36048344e+05 -3.91131087e-01  7.36048344e+05 -5.44042764e+01 
 7.44572527e+05 -4.10724514e-01  7.44572527e+05 -5.48343086e+01 
 7.53195428e+05 -4.30264095e-01  7.53195428e+05 -5.52693724e+01 
 7.61918191e+05 -4.49753086e-01  7.61918191e+05 -5.57095366e+01 
 7.70741972e+05 -4.69194861e-01  7.70741972e+05 -5.61548699e+01 
 7.79667942e+05 -4.88592905e-01  7.79667942e+05 -5.66054406e+01 
 7.88697283e+05 -5.07950816e-01  7.88697283e+05 -5.70613164e+01 
 7.97831193e+05 -5.27272299e-01  7.97831193e+05 -5.75225651e+01 
 8.07070883e+05 -5.46561165e-01  8.07070883e+05 -5.79892539e+01 
 8.16417578e+05 -5.65821330e-01  8.16417578e+05 -5.84614495e+01 
 8.25872518e+05 -5.85056810e-01  8.25872518e+05 -5.89392184e+01 
 8.35436955e+05 -6.04271719e-01  8.35436955e+05 -5.94226266e+01 
 8.45112157e+05 -6.23470271e-01  8.45112157e+05 -5.99117396e+01 
 8.54899409e+05 -6.42656770e-01  8.54899409e+05 -6.04066226e+01 
 8.64800006e+05 -6.61835614e-01  8.64800006e+05 -6.09073403e+01 
 8.74815263e+05 -6.81011292e-01  8.74815263e+05 -6.14139569e+01 
 8.84946506e+05 -7.00188378e-01  8.84946506e+05 -6.19265360e+01 
 8.95195080e+05 -7.19371533e-01  8.95195080e+05 -6.24451408e+01 
 9.05562342e+05 -7.38565500e-01  9.05562342e+05 -6.29698342e+01 
 9.16049667e+05 -7.57775103e-01  9.16049667e+05 -6.35006781e+01 
 9.26658447e+05 -7.77005245e-01  9.26658447e+05 -6.40377344e+01 
 9.37390086e+05 -7.96260909e-01  9.37390086e+05 -6.45810640e+01 
 9.48246009e+05 -8.15547148e-01  9.48246009e+05 -6.51307275e+01 
 9.59227655e+05 -8.34869092e-01  9.59227655e+05 -6.56867849e+01 
 9.70336479e+05 -8.54231941e-01  9.70336479e+05 -6.62492956e+01 
 9.81573954e+05 -8.73640965e-01  9.81573954e+05 -6.68183183e+01 
 9.92941571e+05 -8.93101504e-01  9.92941571e+05 -6.73939114e+01 
 1.00444084e+06 -9.12618961e-01  1.00444084e+06 -6.79761323e+01 
 1.01607327e+06 -9.32198808e-01  1.01607327e+06 -6.85650381e+01 
 1.02784043e+06 -9.51846578e-01  1.02784043e+06 -6.91606851e+01 
 1.03974386e+06 -9.71567867e-01  1.03974386e+06 -6.97631291e+01 
 1.05178514e+06 -9.91368334e-01  1.05178514e+06 -7.03724251e+01 
 1.06396587e+06 -1.01125370e+00  1.06396587e+06 -7.09886277e+01 
 1.07628767e+06 -1.03122973e+00  1.07628767e+06 -7.16117905e+01 
 1.08875217e+06 -1.05130228e+00  1.08875217e+06 -7.22419668e+01 
 1.10136102e+06 -1.07147723e+00  1.10136102e+06 -7.28792089e+01 
 1.11411589e+06 -1.09176053e+00  1.11411589e+06 -7.35235687e+01 
 1.12701847e+06 -1.11215820e+00  1.12701847e+06 -7.41750973e+01 
 1.14007049e+06 -1.13267629e+00  1.14007049e+06 -7.48338450e+01 
 1.15327365e+06 -1.15332094e+00  1.15327365e+06 -7.54998616e+01 
 1.16662972e+06 -1.17409830e+00  1.16662972e+06 -7.61731960e+01 
 1.18014047e+06 -1.19501463e+00  1.18014047e+06 -7.68538967e+01 
 1.19380769e+06 -1.21607620e+00  1.19380769e+06 -7.75420112e+01 
 1.20763319e+06 -1.23728937e+00  1.20763319e+06 -7.82375863e+01 
 1.22161880e+06 -1.25866054e+00  1.22161880e+06 -7.89406683e+01 
 1.23576638e+06 -1.28019618e+00  1.23576638e+06 -7.96513025e+01 
 1.25007780e+06 -1.30190281e+00  1.25007780e+06 -8.03695337e+01 
 1.26455496e+06 -1.32378701e+00  1.26455496e+06 -8.10954058e+01 
 1.27919978e+06 -1.34585544e+00  1.27919978e+06 -8.18289621e+01 
 1.29401421e+06 -1.36811481e+00  1.29401421e+06 -8.25702451e+01 
 1.30900020e+06 -1.39057189e+00  1.30900020e+06 -8.33192964e+01 
 1.32415974e+06 -1.41323355e+00  1.32415974e+06 -8.40761571e+01 
 1.33949485e+06 -1.43610669e+00  1.33949485e+06 -8.48408674e+01 
 1.35500755e+06 -1.45919832e+00  1.35500755e+06 -8.56134668e+01 
 1.37069990e+06 -1.48251550e+00  1.37069990e+06 -8.63939940e+01 
 1.38657399e+06 -1.50606539e+00  1.38657399e+06 -8.71824871e+01 
 1.40263192e+06 -1.52985524e+00  1.40263192e+06 -8.79789831e+01 
 1.41887581e+06 -1.55389236e+00  1.41887581e+06 -8.87835186e+01 
 1.43530782e+06 -1.57818419e+00  1.43530782e+06 -8.95961292e+01 
 1.45193013e+06 -1.60273823e+00  1.45193013e+06 -9.04168497e+01 
 1.46874495e+06 -1.62756213e+00  1.46874495e+06 -9.12457143e+01 
 1.48575450e+06 -1.65266361e+00  1.48575450e+06 -9.20827563e+01 
 1.50296103e+06 -1.67805053e+00  1.50296103e+06 -9.29280083e+01 
 1.52036684e+06 -1.70373086e+00  1.52036684e+06 -9.37815019e+01 
 1.53797422e+06 -1.72971270e+00  1.53797422e+06 -9.46432681e+01 
 1.55578551e+06 -1.75600430e+00  1.55578551e+06 -9.55133371e+01 
 1.57380308e+06 -1.78261404e+00  1.57380308e+06 -9.63917381e+01 
 1.59202931e+06 -1.80955047e+00  1.59202931e+06 -9.72784998e+01 
 1.61046661e+06 -1.83682229e+00  1.61046661e+06 -9.81736496e+01 
 1.62911744e+06 -1.86443838e+00  1.62911744e+06 -9.90772146e+01 
 1.64798426e+06 -1.89240781e+00  1.64798426e+06 -9.99892206e+01 
 1.66706959e+06 -1.92073982e+00  1.66706959e+06 -1.00909693e+02 
 1.68637593e+06 -1.94944390e+00  1.68637593e+06 -1.01838655e+02 
 1.70590587e+06 -1.97852971e+00  1.70590587e+06 -1.02776132e+02 
 1.72566198e+06 -2.00800717e+00  1.72566198e+06 -1.03722144e+02 
 1.74564689e+06 -2.03788645e+00  1.74564689e+06 -1.04676714e+02 
 1.76586324e+06 -2.06817796e+00  1.76586324e+06 -1.05639862e+02 
 1.78631372e+06 -2.09889239e+00  1.78631372e+06 -1.06611607e+02 
 1.80700103e+06 -2.13004072e+00  1.80700103e+06 -1.07591968e+02 
 1.82792793e+06 -2.16163425e+00  1.82792793e+06 -1.08580962e+02 
 1.84909717e+06 -2.19368458e+00  1.84909717e+06 -1.09578606e+02 
 1.87051159e+06 -2.22620366e+00  1.87051159e+06 -1.10584914e+02 
 1.89217400e+06 -2.25920382e+00  1.89217400e+06 -1.11599901e+02 
 1.91408728e+06 -2.29269773e+00  1.91408728e+06 -1.12623578e+02 
 1.93625434e+06 -2.32669848e+00  1.93625434e+06 -1.13655956e+02 
 1.95867812e+06 -2.36121959e+00  1.95867812e+06 -1.14697047e+02 
 1.98136159e+06 -2.39627499e+00  1.98136159e+06 -1.15746857e+02 
 2.00430776e+06 -2.43187909e+00  2.00430776e+06 -1.16805393e+02 
 2.02751966e+06 -2.46804678e+00  2.02751966e+06 -1.17872660e+02 
 2.05100039e+06 -2.50479347e+00  2.05100039e+06 -1.18948661e+02 
 2.07475304e+06 -2.54213506e+00  2.07475304e+06 -1.20033398e+02 
 2.09878077e+06 -2.58008805e+00  2.09878077e+06 -1.21126868e+02 
 2.12308677e+06 -2.61866948e+00  2.12308677e+06 -1.22229069e+02 
 2.14767426e+06 -2.65789700e+00  2.14767426e+06 -1.23339995e+02 
 2.17254649e+06 -2.69778890e+00  2.17254649e+06 -1.24459638e+02 
 2.19770677e+06 -2.73836410e+00  2.19770677e+06 -1.25587986e+02 
 2.22315843e+06 -2.77964219e+00  2.22315843e+06 -1.26725026e+02 
 2.24890485e+06 -2.82164347e+00  2.24890485e+06 -1.27870740e+02 
 2.27494944e+06 -2.86438895e+00  2.27494944e+06 -1.29025108e+02 
 2.30129565e+06 -2.90790036e+00  2.30129565e+06 -1.30188104e+02 
 2.32794697e+06 -2.95220022e+00  2.32794697e+06 -1.31359702e+02 
 2.35490695e+06 -2.99731181e+00  2.35490695e+06 -1.32539867e+02 
 2.38217915e+06 -3.04325920e+00  2.38217915e+06 -1.33728562e+02 
 2.40976718e+06 -3.09006730e+00  2.40976718e+06 -1.34925746e+02 
 2.43767472e+06 -3.13776182e+00  2.43767472e+06 -1.36131369e+02 
 2.46590545e+06 -3.18636931e+00  2.46590545e+06 -1.37345379e+02 
 2.49446313e+06 -3.23591716e+00  2.49446313e+06 -1.38567716e+02 
 2.52335153e+06 -3.28643363e+00  2.52335153e+06 -1.39798313e+02 
 2.55257448e+06 -3.33794781e+00  2.55257448e+06 -1.41037098e+02 
 2.58213587e+06 -3.39048963e+00  2.58213587e+06 -1.42283988e+02 
 2.61203961e+06 -3.44408987e+00  2.61203961e+06 -1.43538895e+02 
 2.64228966e+06 -3.49878011e+00  2.64228966e+06 -1.44801721e+02 
 2.67289004e+06 -3.55459274e+00  2.67289004e+06 -1.46072359e+02 
 2.70384481e+06 -3.61156091e+00  2.70384481e+06 -1.47350692e+02 
 2.73515806e+06 -3.66971853e+00  2.73515806e+06 -1.48636593e+02 
 2.76683395e+06 -3.72910017e+00  2.76683395e+06 -1.49929925e+02 
 2.79887667e+06 -3.78974104e+00  2.79887667e+06 -1.51230537e+02 
 2.83129049e+06 -3.85167696e+00  2.83129049e+06 -1.52538267e+02 
 2.86407969e+06 -3.91494421e+00  2.86407969e+06 -1.53852942e+02 
 2.89724862e+06 -3.97957953e+00  2.89724862e+06 -1.55174373e+02 
 2.93080168e+06 -4.04561998e+00  2.93080168e+06 -1.56502358e+02 
 2.96474332e+06 -4.11310282e+00  2.96474332e+06 -1.57836680e+02 
 2.99907804e+06 -4.18206546e+00  2.99907804e+06 -1.59177107e+02 
 3.03381039e+06 -4.25254527e+00  3.03381039e+06 -1.60523392e+02 
 3.06894498e+06 -4.32457946e+00  3.06894498e+06 -1.61875270e+02 
 3.10448646e+06 -4.39820492e+00  3.10448646e+06 -1.63232462e+02 
 3.14043954e+06 -4.47345808e+00  3.14043954e+06 -1.64594669e+02 
 3.17680900e+06 -4.55037468e+00  3.17680900e+06 -1.65961576e+02 
 3.21359965e+06 -4.62898964e+00  3.21359965e+06 -1.67332851e+02 
 3.25081638e+06 -4.70933682e+00  3.25081638e+06 -1.68708144e+02 
 3.28846411e+06 -4.79144880e+00  3.28846411e+06 -1.70087085e+02 
 3.32654785e+06 -4.87535670e+00  3.32654785e+06 -1.71469289e+02 
 3.36507263e+06 -4.96108991e+00  3.36507263e+06 -1.72854352e+02 
 3.40404356e+06 -5.04867587e+00  3.40404356e+06 -1.74241853e+02 
 3.44346582e+06 -5.13813984e+00  3.44346582e+06 -1.75631356e+02 
 3.48334463e+06 -5.22950465e+00  3.48334463e+06 -1.77022406e+02 
 3.52368527e+06 -5.32279044e+00  3.52368527e+06 -1.78414534e+02 
 3.56449310e+06 -5.41801445e+00  3.56449310e+06 -1.79807258e+02 
 3.60577353e+06 -5.51519077e+00  3.60577353e+06  1.78799920e+02 
 3.64753203e+06 -5.61433010e+00  3.64753203e+06  1.77407507e+02 
 3.68977413e+06 -5.71543959e+00  3.68977413e+06  1.76016023e+02 
 3.73250543e+06 -5.81852255e+00  3.73250543e+06  1.74625994e+02 
 3.77573161e+06 -5.92357838e+00  3.77573161e+06  1.73237955e+02 
 3.81945839e+06 -6.03060230e+00  3.81945839e+06  1.71852445e+02 
 3.86369158e+06 -6.13958530e+00  3.86369158e+06  1.70470007e+02 
 3.90843702e+06 -6.25051400e+00  3.90843702e+06  1.69091183e+02 
 3.95370067e+06 -6.36337055e+00  3.95370067e+06  1.67716515e+02 
 3.99948851e+06 -6.47813264e+00  3.99948851e+06  1.66346538e+02 
 4.04580662e+06 -6.59477345e+00  4.04580662e+06  1.64981784e+02 
 4.09266114e+06 -6.71326170e+00  4.09266114e+06  1.63622773e+02 
 4.14005829e+06 -6.83356168e+00  4.14005829e+06  1.62270014e+02 
 4.18800434e+06 -6.95563340e+00  4.18800434e+06  1.60924003e+02 
 4.23650566e+06 -7.07943273e+00  4.23650566e+06  1.59585218e+02 
 4.28556866e+06 -7.20491155e+00  4.28556866e+06  1.58254118e+02 
 4.33519987e+06 -7.33201798e+00  4.33519987e+06  1.56931141e+02 
 4.38540586e+06 -7.46069665e+00  4.38540586e+06  1.55616701e+02 
 4.43619329e+06 -7.59088897e+00  4.43619329e+06  1.54311186e+02 
 4.48756888e+06 -7.72253345e+00  4.48756888e+06  1.53014960e+02 
 4.53953946e+06 -7.85556603e+00  4.53953946e+06  1.51728354e+02 
 4.59211190e+06 -7.98992046e+00  4.59211190e+06  1.50451671e+02 
 4.64529319e+06 -8.12552868e+00  4.64529319e+06  1.49185183e+02 
 4.69909037e+06 -8.26232120e+00  4.69909037e+06  1.47929129e+02 
 4.75351058e+06 -8.40022749e+00  4.75351058e+06  1.46683717e+02 
 4.80856103e+06 -8.53917644e+00  4.80856103e+06  1.45449121e+02 
 4.86424902e+06 -8.67909669e+00  4.86424902e+06  1.44225483e+02 
 4.92058193e+06 -8.81991708e+00  4.92058193e+06  1.43012913e+02 
 4.97756723e+06 -8.96156701e+00  4.97756723e+06  1.41811487e+02 
 5.03521248e+06 -9.10397681e+00  5.03521248e+06  1.40621253e+02 
 5.09352532e+06 -9.24707811e+00  5.09352532e+06  1.39442227e+02 
 5.15251348e+06 -9.39080413e+00  5.15251348e+06  1.38274397e+02 
 5.21218479e+06 -9.53509002e+00  5.21218479e+06  1.37117723e+02 
 5.27254715e+06 -9.67987310e+00  5.27254715e+06  1.35972140e+02 
 5.33360856e+06 -9.82509314e+00  5.33360856e+06  1.34837558e+02 
 5.39537713e+06 -9.97069250e+00  5.39537713e+06  1.33713867e+02 
 5.45786104e+06 -1.01166164e+01  5.45786104e+06  1.32600933e+02 
 5.52106858e+06 -1.02628130e+01  5.52106858e+06  1.31498608e+02 
 5.58500812e+06 -1.04092335e+01  5.58500812e+06  1.30406724e+02 
 5.64968815e+06 -1.05558322e+01  5.64968815e+06  1.29325102e+02 
 5.71511724e+06 -1.07025668e+01  5.71511724e+06  1.28253547e+02 
 5.78130406e+06 -1.08493979e+01  5.78130406e+06  1.27191856e+02 
 5.84825740e+06 -1.09962895e+01  5.84825740e+06  1.26139818e+02 
 5.91598612e+06 -1.11432088e+01  5.91598612e+06  1.25097214e+02 
 5.98449920e+06 -1.12901259e+01  5.98449920e+06  1.24063820e+02 
 6.05380574e+06 -1.14370142e+01  6.05380574e+06  1.23039410e+02 
 6.12391492e+06 -1.15838496e+01  6.12391492e+06  1.22023756e+02 
 6.19483603e+06 -1.17306113e+01  6.19483603e+06  1.21016627e+02 
 6.26657849e+06 -1.18772808e+01  6.26657849e+06  1.20017796e+02 
 6.33915179e+06 -1.20238424e+01  6.33915179e+06  1.19027037e+02 
 6.41256556e+06 -1.21702826e+01  6.41256556e+06  1.18044126e+02 
 6.48682954e+06 -1.23165901e+01  6.48682954e+06  1.17068845e+02 
 6.56195357e+06 -1.24627560e+01  6.56195357e+06  1.16100979e+02 
 6.63794761e+06 -1.26087730e+01  6.63794761e+06  1.15140318e+02 
 6.71482174e+06 -1.27546357e+01  6.71482174e+06  1.14186660e+02 
 6.79258615e+06 -1.29003402e+01  6.79258615e+06  1.13239806e+02 
 6.87125115e+06 -1.30458842e+01  6.87125115e+06  1.12299568e+02 
 6.95082717e+06 -1.31912666e+01  6.95082717e+06  1.11365760e+02 
 7.03132476e+06 -1.33364875e+01  7.03132476e+06  1.10438205e+02 
 7.11275460e+06 -1.34815480e+01  7.11275460e+06  1.09516735e+02 
 7.19512747e+06 -1.36264500e+01  7.19512747e+06  1.08601186e+02 
 7.27845431e+06 -1.37711962e+01  7.27845431e+06  1.07691402e+02 
 7.36274615e+06 -1.39157901e+01  7.36274615e+06  1.06787234e+02 
 7.44801418e+06 -1.40602355e+01  7.44801418e+06  1.05888539e+02 
 7.53426970e+06 -1.42045366e+01  7.53426970e+06  1.04995180e+02 
 7.62152414e+06 -1.43486983e+01  7.62152414e+06  1.04107028e+02 
 7.70978908e+06 -1.44927254e+01  7.70978908e+06  1.03223958e+02 
 7.79907622e+06 -1.46366230e+01  7.79907622e+06  1.02345850e+02 
 7.88939739e+06 -1.47803962e+01  7.88939739e+06  1.01472591e+02 
 7.98076457e+06 -1.49240504e+01  7.98076457e+06  1.00604073e+02 
 8.07318988e+06 -1.50675907e+01  8.07318988e+06  9.97401889e+01 
 8.16668556e+06 -1.52110224e+01  8.16668556e+06  9.88808398e+01 
 8.26126402e+06 -1.53543505e+01  8.26126402e+06  9.80259287e+01 
 8.35693779e+06 -1.54975800e+01  8.35693779e+06  9.71753623e+01 
 8.45371956e+06 -1.56407157e+01  8.45371956e+06  9.63290503e+01 
 8.55162216e+06 -1.57837624e+01  8.55162216e+06  9.54869053e+01 
 8.65065857e+06 -1.59267244e+01  8.65065857e+06  9.46488424e+01 
 8.75084193e+06 -1.60696059e+01  8.75084193e+06  9.38147787e+01 
 8.85218551e+06 -1.62124111e+01  8.85218551e+06  9.29846332e+01 
 8.95470275e+06 -1.63551436e+01  8.95470275e+06  9.21583267e+01 
 9.05840724e+06 -1.64978072e+01  9.05840724e+06  9.13357809e+01 
 9.16331273e+06 -1.66404052e+01  9.16331273e+06  9.05169190e+01 
 9.26943314e+06 -1.67829408e+01  9.26943314e+06  8.97016647e+01 
 9.37678253e+06 -1.69254169e+01  9.37678253e+06  8.88899428e+01 
 9.48537513e+06 -1.70678362e+01  9.48537513e+06  8.80816780e+01 
 9.59522534e+06 -1.72102013e+01  9.59522534e+06  8.72767958e+01 
 9.70634773e+06 -1.73525146e+01  9.70634773e+06  8.64752214e+01 
 9.81875703e+06 -1.74947782e+01  9.81875703e+06  8.56768802e+01 
 9.93246814e+06 -1.76369944e+01  9.93246814e+06  8.48816973e+01 
 1.00474961e+07 -1.77791649e+01  1.00474961e+07  8.40895978e+01 
 1.01638563e+07 -1.79212915e+01  1.01638563e+07  8.33005062e+01 
 1.02815640e+07 -1.80633760e+01  1.02815640e+07  8.25143465e+01 
 1.04006349e+07 -1.82054200e+01  1.04006349e+07  8.17310424e+01 
 1.05210847e+07 -1.83474249e+01  1.05210847e+07  8.09505169e+01 
 1.06429295e+07 -1.84893922e+01  1.06429295e+07  8.01726922e+01 
 1.07661854e+07 -1.86313234e+01  1.07661854e+07  7.93974901e+01 
 1.08908687e+07 -1.87732197e+01  1.08908687e+07  7.86248317e+01 
 1.10169959e+07 -1.89150827e+01  1.10169959e+07  7.78546372e+01 
 1.11445838e+07 -1.90569136e+01  1.11445838e+07  7.70868262e+01 
 1.12736493e+07 -1.91987139e+01  1.12736493e+07  7.63213176e+01 
 1.14042096e+07 -1.93404850e+01  1.14042096e+07  7.55580296e+01 
 1.15362818e+07 -1.94822283e+01  1.15362818e+07  7.47968797e+01 
 1.16698836e+07 -1.96239454e+01  1.16698836e+07  7.40377849e+01 
 1.18050326e+07 -1.97656379e+01  1.18050326e+07  7.32806614e+01 
 1.19417468e+07 -1.99073074e+01  1.19417468e+07  7.25254248e+01 
 1.20800443e+07 -2.00489558e+01  1.20800443e+07  7.17719904e+01 
 1.22199434e+07 -2.01905849e+01  1.22199434e+07  7.10202728e+01 
 1.23614627e+07 -2.03321967e+01  1.23614627e+07  7.02701862e+01 
 1.25046209e+07 -2.04737933e+01  1.25046209e+07  6.95216446e+01 
 1.26494370e+07 -2.06153770e+01  1.26494370e+07  6.87745616e+01 
 1.27959303e+07 -2.07569502e+01  1.27959303e+07  6.80288503e+01 
 1.29441200e+07 -2.08985154e+01  1.29441200e+07  6.72844241e+01 
 1.30940260e+07 -2.10400754e+01  1.30940260e+07  6.65411960e+01 
 1.32456680e+07 -2.11816329e+01  1.32456680e+07  6.57990789e+01 
 1.33990662e+07 -2.13231909e+01  1.33990662e+07  6.50579860e+01 
 1.35542409e+07 -2.14647528e+01  1.35542409e+07  6.43178304e+01 
 1.37112127e+07 -2.16063218e+01  1.37112127e+07  6.35785254e+01 
 1.38700024e+07 -2.17479014e+01  1.38700024e+07  6.28399847e+01 
 1.40306310e+07 -2.18894955e+01  1.40306310e+07  6.21021223e+01 
 1.41931199e+07 -2.20311079e+01  1.41931199e+07  6.13648525e+01 
 1.43574905e+07 -2.21727426e+01  1.43574905e+07  6.06280904e+01 
 1.45237648e+07 -2.23144040e+01  1.45237648e+07  5.98917512e+01 
 1.46919646e+07 -2.24560965e+01  1.46919646e+07  5.91557513e+01 
 1.48621124e+07 -2.25978248e+01  1.48621124e+07  5.84200074e+01 
 1.50342306e+07 -2.27395936e+01  1.50342306e+07  5.76844374e+01 
 1.52083422e+07 -2.28814079e+01  1.52083422e+07  5.69489598e+01 
 1.53844701e+07 -2.30232730e+01  1.53844701e+07  5.62134941e+01 
 1.55626378e+07 -2.31651942e+01  1.55626378e+07  5.54779611e+01 
 1.57428689e+07 -2.33071771e+01  1.57428689e+07  5.47422825e+01 
 1.59251872e+07 -2.34492273e+01  1.59251872e+07  5.40063812e+01 
 1.61096169e+07 -2.35913507e+01  1.61096169e+07  5.32701816e+01 
 1.62961825e+07 -2.37335535e+01  1.62961825e+07  5.25336091e+01 
 1.64849088e+07 -2.38758416e+01  1.64849088e+07  5.17965908e+01 
 1.66758206e+07 -2.40182217e+01  1.66758206e+07  5.10590553e+01 
 1.68689435e+07 -2.41607001e+01  1.68689435e+07  5.03209325e+01 
 1.70643029e+07 -2.43032835e+01  1.70643029e+07  4.95821542e+01 
 1.72619247e+07 -2.44459787e+01  1.72619247e+07  4.88426538e+01 
 1.74618352e+07 -2.45887927e+01  1.74618352e+07  4.81023664e+01 
 1.76640609e+07 -2.47317324e+01  1.76640609e+07  4.73612290e+01 
 1.78686285e+07 -2.48748052e+01  1.78686285e+07  4.66191805e+01 
 1.80755653e+07 -2.50180184e+01  1.80755653e+07  4.58761618e+01 
 1.82848985e+07 -2.51613792e+01  1.82848985e+07  4.51321155e+01 
 1.84966561e+07 -2.53048953e+01  1.84966561e+07  4.43869867e+01 
 1.87108661e+07 -2.54485743e+01  1.87108661e+07  4.36407224e+01 
 1.89275568e+07 -2.55924238e+01  1.89275568e+07  4.28932718e+01 
 1.91467570e+07 -2.57364517e+01  1.91467570e+07  4.21445863e+01 
 1.93684957e+07 -2.58806657e+01  1.93684957e+07  4.13946196e+01 
 1.95928024e+07 -2.60250739e+01  1.95928024e+07  4.06433278e+01 
 1.98197069e+07 -2.61696841e+01  1.98197069e+07  3.98906694e+01 
 2.00492391e+07 -2.63145045e+01  2.00492391e+07  3.91366051e+01 
 2.02814295e+07 -2.64595430e+01  2.02814295e+07  3.83810985e+01 
 2.05163089e+07 -2.66048077e+01  2.05163089e+07  3.76241154e+01 
 2.07539085e+07 -2.67503068e+01  2.07539085e+07  3.68656242e+01 
 2.09942597e+07 -2.68960484e+01  2.09942597e+07  3.61055960e+01 
 2.12373944e+07 -2.70420406e+01  2.12373944e+07  3.53440046e+01 
 2.14833448e+07 -2.71882915e+01  2.14833448e+07  3.45808262e+01 
 2.17321436e+07 -2.73348091e+01  2.17321436e+07  3.38160402e+01 
 2.19838238e+07 -2.74816017e+01  2.19838238e+07  3.30496282e+01 
 2.22384186e+07 -2.76286773e+01  2.22384186e+07  3.22815751e+01 
 2.24959620e+07 -2.77760437e+01  2.24959620e+07  3.15118684e+01 
 2.27564879e+07 -2.79237090e+01  2.27564879e+07  3.07404984e+01 
 2.30200310e+07 -2.80716811e+01  2.30200310e+07  2.99674584e+01 
 2.32866262e+07 -2.82199678e+01  2.32866262e+07  2.91927445e+01 
 2.35563088e+07 -2.83685768e+01  2.35563088e+07  2.84163560e+01 
 2.38291146e+07 -2.85175156e+01  2.38291146e+07  2.76382948e+01 
 2.41050798e+07 -2.86667920e+01  2.41050798e+07  2.68585661e+01 
 2.43842409e+07 -2.88164132e+01  2.43842409e+07  2.60771779e+01 
 2.46666350e+07 -2.89663866e+01  2.46666350e+07  2.52941414e+01 
 2.49522996e+07 -2.91167193e+01  2.49522996e+07  2.45094707e+01 
 2.52412724e+07 -2.92674184e+01  2.52412724e+07  2.37231830e+01 
 2.55335918e+07 -2.94184907e+01  2.55335918e+07  2.29352988e+01 
 2.58292965e+07 -2.95699429e+01  2.58292965e+07  2.21458413e+01 
 2.61284258e+07 -2.97217815e+01  2.61284258e+07  2.13548371e+01 
 2.64310194e+07 -2.98740129e+01  2.64310194e+07  2.05623158e+01 
 2.67371172e+07 -3.00266432e+01  2.67371172e+07  1.97683102e+01 
 2.70467600e+07 -3.01796783e+01  2.70467600e+07  1.89728560e+01 
 2.73599888e+07 -3.03331240e+01  2.73599888e+07  1.81759923e+01 
 2.76768451e+07 -3.04869858e+01  2.76768451e+07  1.73777612e+01 
 2.79973709e+07 -3.06412689e+01  2.79973709e+07  1.65782079e+01 
 2.83216087e+07 -3.07959783e+01  2.83216087e+07  1.57773807e+01 
 2.86496015e+07 -3.09511188e+01  2.86496015e+07  1.49753313e+01 
 2.89813928e+07 -3.11066949e+01  2.89813928e+07  1.41721140e+01 
 2.93170265e+07 -3.12627106e+01  2.93170265e+07  1.33677867e+01 
 2.96565473e+07 -3.14191701e+01  2.96565473e+07  1.25624100e+01 
 3.00000000e+07 -3.15760768e+01  3.00000000e+07  1.17560478e+01 
