 2.00000000e-01  1.47705204e+00  2.00000000e-01  6.78861857e+01 
 2.02316202e-01  1.56275145e+00  2.02316202e-01  6.76551517e+01 
 2.04659228e-01  1.64816607e+00  2.04659228e-01  6.74222188e+01 
 2.07029388e-01  1.73329123e+00  2.07029388e-01  6.71873869e+01 
 2.09426997e-01  1.81812221e+00  2.09426997e-01  6.69506563e+01 
 2.11852373e-01  1.90265425e+00  2.11852373e-01  6.67120280e+01 
 2.14305837e-01  1.98688255e+00  2.14305837e-01  6.64715036e+01 
 2.16787715e-01  2.07080230e+00  2.16787715e-01  6.62290849e+01 
 2.19298335e-01  2.15440864e+00  2.19298335e-01  6.59847747e+01 
 2.21838031e-01  2.23769668e+00  2.21838031e-01  6.57385760e+01 
 2.24407140e-01  2.32066150e+00  2.24407140e-01  6.54904926e+01 
 2.27006001e-01  2.40329817e+00  2.27006001e-01  6.52405288e+01 
 2.29634959e-01  2.48560171e+00  2.29634959e-01  6.49886894e+01 
 2.32294364e-01  2.56756713e+00  2.32294364e-01  6.47349802e+01 
 2.34984567e-01  2.64918942e+00  2.34984567e-01  6.44794071e+01 
 2.37705925e-01  2.73046355e+00  2.37705925e-01  6.42219770e+01 
 2.40458800e-01  2.81138447e+00  2.40458800e-01  6.39626974e+01 
 2.43243555e-01  2.89194711e+00  2.43243555e-01  6.37015763e+01 
 2.46060561e-01  2.97214640e+00  2.46060561e-01  6.34386226e+01 
 2.48910190e-01  3.05197725e+00  2.48910190e-01  6.31738456e+01 
 2.51792821e-01  3.13143456e+00  2.51792821e-01  6.29072554e+01 
 2.54708836e-01  3.21051324e+00  2.54708836e-01  6.26388631e+01 
 2.57658622e-01  3.28920818e+00  2.57658622e-01  6.23686799e+01 
 2.60642568e-01  3.36751427e+00  2.60642568e-01  6.20967183e+01 
 2.63661072e-01  3.44542643e+00  2.63661072e-01  6.18229911e+01 
 2.66714534e-01  3.52293954e+00  2.66714534e-01  6.15475121e+01 
 2.69803357e-01  3.60004854e+00  2.69803357e-01  6.12702957e+01 
 2.72927952e-01  3.67674833e+00  2.72927952e-01  6.09913569e+01 
 2.76088733e-01  3.75303386e+00  2.76088733e-01  6.07107119e+01 
 2.79286119e-01  3.82890009e+00  2.79286119e-01  6.04283771e+01 
 2.82520534e-01  3.90434200e+00  2.82520534e-01  6.01443700e+01 
 2.85792407e-01  3.97935457e+00  2.85792407e-01  5.98587088e+01 
 2.89102171e-01  4.05393285e+00  2.89102171e-01  5.95714124e+01 
 2.92450266e-01  4.12807189e+00  2.92450266e-01  5.92825006e+01 
 2.95837135e-01  4.20176678e+00  2.95837135e-01  5.89919937e+01 
 2.99263228e-01  4.27501265e+00  2.99263228e-01  5.86999130e+01 
 3.02728998e-01  4.34780467e+00  3.02728998e-01  5.84062805e+01 
 3.06234905e-01  4.42013805e+00  3.06234905e-01  5.81111190e+01 
 3.09781414e-01  4.49200805e+00  3.09781414e-01  5.78144520e+01 
 3.13368996e-01  4.56340999e+00  3.13368996e-01  5.75163038e+01 
 3.16998125e-01  4.63433922e+00  3.16998125e-01  5.72166994e+01 
 3.20669283e-01  4.70479118e+00  3.20669283e-01  5.69156648e+01 
 3.24382957e-01  4.77476135e+00  3.24382957e-01  5.66132263e+01 
 3.28139639e-01  4.84424527e+00  3.28139639e-01  5.63094114e+01 
 3.31939827e-01  4.91323857e+00  3.31939827e-01  5.60042481e+01 
 3.35784025e-01  4.98173695e+00  3.35784025e-01  5.56977652e+01 
 3.39672743e-01  5.04973615e+00  3.39672743e-01  5.53899922e+01 
 3.43606496e-01  5.11723204e+00  3.43606496e-01  5.50809593e+01 
 3.47585805e-01  5.18422055e+00  3.47585805e-01  5.47706976e+01 
 3.51611200e-01  5.25069769e+00  3.51611200e-01  5.44592386e+01 
 3.55683212e-01  5.31665956e+00  3.55683212e-01  5.41466147e+01 
 3.59802383e-01  5.38210237e+00  3.59802383e-01  5.38328589e+01 
 3.63969257e-01  5.44702242e+00  3.63969257e-01  5.35180049e+01 
 3.68184388e-01  5.51141610e+00  3.68184388e-01  5.32020870e+01 
 3.72448335e-01  5.57527991e+00  3.72448335e-01  5.28851400e+01 
 3.76761663e-01  5.63861046e+00  3.76761663e-01  5.25671997e+01 
 3.81124943e-01  5.70140448e+00  3.81124943e-01  5.22483021e+01 
 3.85538754e-01  5.76365878e+00  3.85538754e-01  5.19284840e+01 
 3.90003682e-01  5.82537033e+00  3.90003682e-01  5.16077828e+01 
 3.94520318e-01  5.88653618e+00  3.94520318e-01  5.12862362e+01 
 3.99089261e-01  5.94715352e+00  3.99089261e-01  5.09638827e+01 
 4.03711118e-01  6.00721967e+00  4.03711118e-01  5.06407612e+01 
 4.08386500e-01  6.06673207e+00  4.08386500e-01  5.03169109e+01 
 4.13116027e-01  6.12568829e+00  4.13116027e-01  4.99923718e+01 
 4.17900328e-01  6.18408604e+00  4.17900328e-01  4.96671841e+01 
 4.22740035e-01  6.24192314e+00  4.22740035e-01  4.93413886e+01 
 4.27635791e-01  6.29919757e+00  4.27635791e-01  4.90150262e+01 
 4.32588245e-01  6.35590746e+00  4.32588245e-01  4.86881384e+01 
 4.37598053e-01  6.41205105e+00  4.37598053e-01  4.83607670e+01 
 4.42665880e-01  6.46762674e+00  4.42665880e-01  4.80329541e+01 
 4.47792398e-01  6.52263307e+00  4.47792398e-01  4.77047420e+01 
 4.52978286e-01  6.57706873e+00  4.52978286e-01  4.73761735e+01 
 4.58224231e-01  6.63093256e+00  4.58224231e-01  4.70472913e+01 
 4.63530930e-01  6.68422353e+00  4.63530930e-01  4.67181387e+01 
 4.68899086e-01  6.73694079e+00  4.68899086e-01  4.63887587e+01 
 4.74329410e-01  6.78908361e+00  4.74329410e-01  4.60591949e+01 
 4.79822623e-01  6.84065144e+00  4.79822623e-01  4.57294907e+01 
 4.85379453e-01  6.89164384e+00  4.85379453e-01  4.53996898e+01 
 4.91000637e-01  6.94206058e+00  4.91000637e-01  4.50698359e+01 
 4.96686920e-01  6.99190153e+00  4.96686920e-01  4.47399727e+01 
 5.02439056e-01  7.04116674e+00  5.02439056e-01  4.44101439e+01 
 5.08257807e-01  7.08985640e+00  5.08257807e-01  4.40803933e+01 
 5.14143945e-01  7.13797087e+00  5.14143945e-01  4.37507645e+01 
 5.20098251e-01  7.18551065e+00  5.20098251e-01  4.34213010e+01 
 5.26121513e-01  7.23247639e+00  5.26121513e-01  4.30920463e+01 
 5.32214531e-01  7.27886889e+00  5.32214531e-01  4.27630439e+01 
 5.38378112e-01  7.32468910e+00  5.38378112e-01  4.24343367e+01 
 5.44613074e-01  7.36993814e+00  5.44613074e-01  4.21059678e+01 
 5.50920243e-01  7.41461724e+00  5.50920243e-01  4.17779799e+01 
 5.57300455e-01  7.45872780e+00  5.57300455e-01  4.14504156e+01 
 5.63754556e-01  7.50227137e+00  5.63754556e-01  4.11233170e+01 
 5.70283403e-01  7.54524963e+00  5.70283403e-01  4.07967261e+01 
 5.76887860e-01  7.58766441e+00  5.76887860e-01  4.04706844e+01 
 5.83568804e-01  7.62951768e+00  5.83568804e-01  4.01452332e+01 
 5.90327119e-01  7.67081153e+00  5.90327119e-01  3.98204133e+01 
 5.97163703e-01  7.71154821e+00  5.97163703e-01  3.94962651e+01 
 6.04079461e-01  7.75173009e+00  6.04079461e-01  3.91728288e+01 
 6.11075310e-01  7.79135967e+00  6.11075310e-01  3.88501438e+01 
 6.18152179e-01  7.83043960e+00  6.18152179e-01  3.85282493e+01 
 6.25311005e-01  7.86897262e+00  6.25311005e-01  3.82071839e+01 
 6.32552737e-01  7.90696162e+00  6.32552737e-01  3.78869855e+01 
 6.39878336e-01  7.94440960e+00  6.39878336e-01  3.75676919e+01 
 6.47288773e-01  7.98131969e+00  6.47288773e-01  3.72493399e+01 
 6.54785030e-01  8.01769511e+00  6.54785030e-01  3.69319660e+01 
 6.62368101e-01  8.05353921e+00  6.62368101e-01  3.66156061e+01 
 6.70038992e-01  8.08885545e+00  6.70038992e-01  3.63002952e+01 
 6.77798719e-01  8.12364738e+00  6.77798719e-01  3.59860681e+01 
 6.85648312e-01  8.15791866e+00  6.85648312e-01  3.56729586e+01 
 6.93588812e-01  8.19167306e+00  6.93588812e-01  3.53610001e+01 
 7.01621270e-01  8.22491442e+00  7.01621270e-01  3.50502252e+01 
 7.09746752e-01  8.25764670e+00  7.09746752e-01  3.47406657e+01 
 7.17966335e-01  8.28987393e+00  7.17966335e-01  3.44323530e+01 
 7.26281110e-01  8.32160022e+00  7.26281110e-01  3.41253176e+01 
 7.34692178e-01  8.35282977e+00  7.34692178e-01  3.38195893e+01 
 7.43200655e-01  8.38356686e+00  7.43200655e-01  3.35151972e+01 
 7.51807668e-01  8.41381584e+00  7.51807668e-01  3.32121697e+01 
 7.60514359e-01  8.44358114e+00  7.60514359e-01  3.29105345e+01 
 7.69321883e-01  8.47286723e+00  7.69321883e-01  3.26103183e+01 
 7.78231406e-01  8.50167868e+00  7.78231406e-01  3.23115474e+01 
 7.87244111e-01  8.53002008e+00  7.87244111e-01  3.20142471e+01 
 7.96361192e-01  8.55789611e+00  7.96361192e-01  3.17184421e+01 
 8.05583858e-01  8.58531149e+00  8.05583858e-01  3.14241561e+01 
 8.14913332e-01  8.61227097e+00  8.14913332e-01  3.11314123e+01 
 8.24350851e-01  8.63877938e+00  8.24350851e-01  3.08402331e+01 
 8.33897665e-01  8.66484157e+00  8.33897665e-01  3.05506399e+01 
 8.43555041e-01  8.69046244e+00  8.43555041e-01  3.02626535e+01 
 8.53324260e-01  8.71564690e+00  8.53324260e-01  2.99762940e+01 
 8.63206616e-01  8.74039992e+00  8.63206616e-01  2.96915807e+01 
 8.73203419e-01  8.76472650e+00  8.73203419e-01  2.94085319e+01 
 8.83315996e-01  8.78863163e+00  8.83315996e-01  2.91271656e+01 
 8.93545686e-01  8.81212036e+00  8.93545686e-01  2.88474985e+01 
 9.03893847e-01  8.83519775e+00  9.03893847e-01  2.85695470e+01 
 9.14361849e-01  8.85786885e+00  9.14361849e-01  2.82933266e+01 
 9.24951082e-01  8.88013876e+00  9.24951082e-01  2.80188519e+01 
 9.35662949e-01  8.90201256e+00  9.35662949e-01  2.77461370e+01 
 9.46498870e-01  8.92349536e+00  9.46498870e-01  2.74751952e+01 
 9.57460281e-01  8.94459225e+00  9.57460281e-01  2.72060389e+01 
 9.68548637e-01  8.96530834e+00  9.68548637e-01  2.69386800e+01 
 9.79765408e-01  8.98564873e+00  9.79765408e-01  2.66731297e+01 
 9.91112080e-01  9.00561852e+00  9.91112080e-01  2.64093984e+01 
 1.00259016e+00  9.02522280e+00  1.00259016e+00  2.61474958e+01 
 1.01420116e+00  9.04446664e+00  1.01420116e+00  2.58874309e+01 
 1.02594664e+00  9.06335513e+00  1.02594664e+00  2.56292122e+01 
 1.03782813e+00  9.08189332e+00  1.03782813e+00  2.53728473e+01 
 1.04984723e+00  9.10008624e+00  1.04984723e+00  2.51183434e+01 
 1.06200552e+00  9.11793892e+00  1.06200552e+00  2.48657069e+01 
 1.07430462e+00  9.13545636e+00  1.07430462e+00  2.46149435e+01 
 1.08674615e+00  9.15264354e+00  1.08674615e+00  2.43660584e+01 
 1.09933176e+00  9.16950541e+00  1.09933176e+00  2.41190563e+01 
 1.11206313e+00  9.18604689e+00  1.11206313e+00  2.38739410e+01 
 1.12494195e+00  9.20227290e+00  1.12494195e+00  2.36307161e+01 
 1.13796991e+00  9.21818829e+00  1.13796991e+00  2.33893842e+01 
 1.15114875e+00  9.23379790e+00  1.15114875e+00  2.31499477e+01 
 1.16448021e+00  9.24910655e+00  1.16448021e+00  2.29124083e+01 
 1.17796607e+00  9.26411900e+00  1.17796607e+00  2.26767670e+01 
 1.19160810e+00  9.27883998e+00  1.19160810e+00  2.24430247e+01 
 1.20540813e+00  9.29327420e+00  1.20540813e+00  2.22111813e+01 
 1.21936797e+00  9.30742632e+00  1.21936797e+00  2.19812366e+01 
 1.23348948e+00  9.32130094e+00  1.23348948e+00  2.17531897e+01 
 1.24777453e+00  9.33490266e+00  1.24777453e+00  2.15270392e+01 
 1.26222502e+00  9.34823601e+00  1.26222502e+00  2.13027834e+01 
 1.27684286e+00  9.36130548e+00  1.27684286e+00  2.10804199e+01 
 1.29162999e+00  9.37411553e+00  1.29162999e+00  2.08599461e+01 
 1.30658837e+00  9.38667056e+00  1.30658837e+00  2.06413590e+01 
 1.32171998e+00  9.39897492e+00  1.32171998e+00  2.04246549e+01 
 1.33702683e+00  9.41103295e+00  1.33702683e+00  2.02098299e+01 
 1.35251095e+00  9.42284889e+00  1.35251095e+00  1.99968798e+01 
 1.36817439e+00  9.43442698e+00  1.36817439e+00  1.97857997e+01 
 1.38401923e+00  9.44577138e+00  1.38401923e+00  1.95765847e+01 
 1.40004757e+00  9.45688622e+00  1.40004757e+00  1.93692293e+01 
 1.41626153e+00  9.46777557e+00  1.41626153e+00  1.91637278e+01 
 1.43266327e+00  9.47844346e+00  1.43266327e+00  1.89600740e+01 
 1.44925496e+00  9.48889387e+00  1.44925496e+00  1.87582616e+01 
 1.46603879e+00  9.49913072e+00  1.46603879e+00  1.85582838e+01 
 1.48301700e+00  9.50915788e+00  1.48301700e+00  1.83601336e+01 
 1.50019183e+00  9.51897919e+00  1.50019183e+00  1.81638036e+01 
 1.51756557e+00  9.52859841e+00  1.51756557e+00  1.79692863e+01 
 1.53514051e+00  9.53801927e+00  1.53514051e+00  1.77765739e+01 
 1.55291899e+00  9.54724545e+00  1.55291899e+00  1.75856582e+01 
 1.57090335e+00  9.55628055e+00  1.57090335e+00  1.73965308e+01 
 1.58909600e+00  9.56512817e+00  1.58909600e+00  1.72091833e+01 
 1.60749933e+00  9.57379181e+00  1.60749933e+00  1.70236066e+01 
 1.62611580e+00  9.58227494e+00  1.62611580e+00  1.68397920e+01 
 1.64494786e+00  9.59058099e+00  1.64494786e+00  1.66577300e+01 
 1.66399802e+00  9.59871333e+00  1.66399802e+00  1.64774113e+01 
 1.68326879e+00  9.60667526e+00  1.68326879e+00  1.62988262e+01 
 1.70276274e+00  9.61447006e+00  1.70276274e+00  1.61219650e+01 
 1.72248245e+00  9.62210094e+00  1.72248245e+00  1.59468177e+01 
 1.74243054e+00  9.62957108e+00  1.74243054e+00  1.57733741e+01 
 1.76260964e+00  9.63688359e+00  1.76260964e+00  1.56016240e+01 
 1.78302244e+00  9.64404154e+00  1.78302244e+00  1.54315570e+01 
 1.80367164e+00  9.65104795e+00  1.80367164e+00  1.52631624e+01 
 1.82455997e+00  9.65790580e+00  1.82455997e+00  1.50964296e+01 
 1.84569022e+00  9.66461799e+00  1.84569022e+00  1.49313478e+01 
 1.86706517e+00  9.67118742e+00  1.86706517e+00  1.47679061e+01 
 1.88868767e+00  9.67761690e+00  1.88868767e+00  1.46060934e+01 
 1.91056058e+00  9.68390922e+00  1.91056058e+00  1.44458986e+01 
 1.93268680e+00  9.69006711e+00  1.93268680e+00  1.42873105e+01 
 1.95506926e+00  9.69609326e+00  1.95506926e+00  1.41303177e+01 
 1.97771094e+00  9.70199030e+00  1.97771094e+00  1.39749089e+01 
 2.00061483e+00  9.70776085e+00  2.00061483e+00  1.38210727e+01 
 2.02378396e+00  9.71340744e+00  2.02378396e+00  1.36687975e+01 
 2.04722142e+00  9.71893258e+00  2.04722142e+00  1.35180717e+01 
 2.07093031e+00  9.72433874e+00  2.07093031e+00  1.33688836e+01 
 2.09491378e+00  9.72962833e+00  2.09491378e+00  1.32212217e+01 
 2.11917499e+00  9.73480373e+00  2.11917499e+00  1.30750741e+01 
 2.14371718e+00  9.73986727e+00  2.14371718e+00  1.29304291e+01 
 2.16854358e+00  9.74482125e+00  2.16854358e+00  1.27872749e+01 
 2.19365751e+00  9.74966792e+00  2.19365751e+00  1.26455996e+01 
 2.21906227e+00  9.75440948e+00  2.21906227e+00  1.25053915e+01 
 2.24476125e+00  9.75904810e+00  2.24476125e+00  1.23666386e+01 
 2.27075785e+00  9.76358590e+00  2.27075785e+00  1.22293290e+01 
 2.29705552e+00  9.76802499e+00  2.29705552e+00  1.20934508e+01 
 2.32365774e+00  9.77236741e+00  2.32365774e+00  1.19589922e+01 
 2.35056804e+00  9.77661516e+00  2.35056804e+00  1.18259413e+01 
 2.37778999e+00  9.78077024e+00  2.37778999e+00  1.16942860e+01 
 2.40532720e+00  9.78483456e+00  2.40532720e+00  1.15640147e+01 
 2.43318331e+00  9.78881003e+00  2.43318331e+00  1.14351152e+01 
 2.46136203e+00  9.79269852e+00  2.46136203e+00  1.13075759e+01 
 2.48986709e+00  9.79650185e+00  2.48986709e+00  1.11813848e+01 
 2.51870226e+00  9.80022181e+00  2.51870226e+00  1.10565301e+01 
 2.54787137e+00  9.80386017e+00  2.54787137e+00  1.09329999e+01 
 2.57737829e+00  9.80741864e+00  2.57737829e+00  1.08107826e+01 
 2.60722693e+00  9.81089893e+00  2.60722693e+00  1.06898663e+01 
 2.63742125e+00  9.81430267e+00  2.63742125e+00  1.05702394e+01 
 2.66796525e+00  9.81763151e+00  2.66796525e+00  1.04518900e+01 
 2.69886298e+00  9.82088703e+00  2.69886298e+00  1.03348067e+01 
 2.73011854e+00  9.82407080e+00  2.73011854e+00  1.02189777e+01 
 2.76173606e+00  9.82718434e+00  2.76173606e+00  1.01043915e+01 
 2.79371975e+00  9.83022916e+00  2.79371975e+00  9.99103659e+00 
 2.82607385e+00  9.83320672e+00  2.82607385e+00  9.87890146e+00 
 2.85880263e+00  9.83611847e+00  2.85880263e+00  9.76797470e+00 
 2.89191045e+00  9.83896583e+00  2.89191045e+00  9.65824491e+00 
 2.92540169e+00  9.84175016e+00  2.92540169e+00  9.54970076e+00 
 2.95928080e+00  9.84447283e+00  2.95928080e+00  9.44233099e+00 
 2.99355225e+00  9.84713517e+00  2.99355225e+00  9.33612438e+00 
 3.02822061e+00  9.84973847e+00  3.02822061e+00  9.23106975e+00 
 3.06329046e+00  9.85228402e+00  3.06329046e+00  9.12715601e+00 
 3.09876645e+00  9.85477306e+00  3.09876645e+00  9.02437211e+00 
 3.13465329e+00  9.85720681e+00  3.13465329e+00  8.92270707e+00 
 3.17095574e+00  9.85958648e+00  3.17095574e+00  8.82214998e+00 
 3.20767861e+00  9.86191323e+00  3.20767861e+00  8.72268997e+00 
 3.24482676e+00  9.86418821e+00  3.24482676e+00  8.62431626e+00 
 3.28240513e+00  9.86641256e+00  3.28240513e+00  8.52701813e+00 
 3.32041869e+00  9.86858737e+00  3.32041869e+00  8.43078491e+00 
 3.35887249e+00  9.87071372e+00  3.35887249e+00  8.33560603e+00 
 3.39777162e+00  9.87279267e+00  3.39777162e+00  8.24147096e+00 
 3.43712125e+00  9.87482525e+00  3.43712125e+00  8.14836925e+00 
 3.47692658e+00  9.87681248e+00  3.47692658e+00  8.05629052e+00 
 3.51719290e+00  9.87875534e+00  3.51719290e+00  7.96522448e+00 
 3.55792554e+00  9.88065482e+00  3.55792554e+00  7.87516088e+00 
 3.59912991e+00  9.88251185e+00  3.59912991e+00  7.78608956e+00 
 3.64081146e+00  9.88432738e+00  3.64081146e+00  7.69800045e+00 
 3.68297573e+00  9.88610231e+00  3.68297573e+00  7.61088351e+00 
 3.72562831e+00  9.88783753e+00  3.72562831e+00  7.52472882e+00 
 3.76877484e+00  9.88953392e+00  3.76877484e+00  7.43952650e+00 
 3.81242106e+00  9.89119233e+00  3.81242106e+00  7.35526677e+00 
 3.85657274e+00  9.89281359e+00  3.85657274e+00  7.27193992e+00 
 3.90123574e+00  9.89439854e+00  3.90123574e+00  7.18953630e+00 
 3.94641599e+00  9.89594795e+00  3.94641599e+00  7.10804635e+00 
 3.99211947e+00  9.89746263e+00  3.99211947e+00  7.02746060e+00 
 4.03835224e+00  9.89894334e+00  4.03835224e+00  6.94776961e+00 
 4.08512043e+00  9.90039083e+00  4.08512043e+00  6.86896408e+00 
 4.13243025e+00  9.90180583e+00  4.13243025e+00  6.79103473e+00 
 4.18028796e+00  9.90318906e+00  4.18028796e+00  6.71397239e+00 
 4.22869991e+00  9.90454123e+00  4.22869991e+00  6.63776796e+00 
 4.27767252e+00  9.90586302e+00  4.27767252e+00  6.56241240e+00 
 4.32721228e+00  9.90715511e+00  4.32721228e+00  6.48789678e+00 
 4.37732577e+00  9.90841815e+00  4.37732577e+00  6.41421222e+00 
 4.42801962e+00  9.90965280e+00  4.42801962e+00  6.34134992e+00 
 4.47930055e+00  9.91085968e+00  4.47930055e+00  6.26930118e+00 
 4.53117537e+00  9.91203940e+00  4.53117537e+00  6.19805733e+00 
 4.58365095e+00  9.91319258e+00  4.58365095e+00  6.12760983e+00 
 4.63673425e+00  9.91431980e+00  4.63673425e+00  6.05795018e+00 
 4.69043232e+00  9.91542165e+00  4.69043232e+00  5.98906996e+00 
 4.74475225e+00  9.91649868e+00  4.74475225e+00  5.92096085e+00 
 4.79970127e+00  9.91755145e+00  4.79970127e+00  5.85361458e+00 
 4.85528665e+00  9.91858049e+00  4.85528665e+00  5.78702297e+00 
 4.91151577e+00  9.91958635e+00  4.91151577e+00  5.72117791e+00 
 4.96839608e+00  9.92056953e+00  4.96839608e+00  5.65607135e+00 
 5.02593512e+00  9.92153055e+00  5.02593512e+00  5.59169535e+00 
 5.08414052e+00  9.92246989e+00  5.08414052e+00  5.52804201e+00 
 5.14302000e+00  9.92338805e+00  5.14302000e+00  5.46510353e+00 
 5.20258136e+00  9.92428549e+00  5.20258136e+00  5.40287217e+00 
 5.26283250e+00  9.92516268e+00  5.26283250e+00  5.34134026e+00 
 5.32378141e+00  9.92602007e+00  5.32378141e+00  5.28050021e+00 
 5.38543617e+00  9.92685810e+00  5.38543617e+00  5.22034451e+00 
 5.44780495e+00  9.92767722e+00  5.44780495e+00  5.16086570e+00 
 5.51089603e+00  9.92847783e+00  5.51089603e+00  5.10205642e+00 
 5.57471776e+00  9.92926037e+00  5.57471776e+00  5.04390936e+00 
 5.63927862e+00  9.93002522e+00  5.63927862e+00  4.98641730e+00 
 5.70458716e+00  9.93077279e+00  5.70458716e+00  4.92957306e+00 
 5.77065203e+00  9.93150347e+00  5.77065203e+00  4.87336957e+00 
 5.83748200e+00  9.93221763e+00  5.83748200e+00  4.81779981e+00 
 5.90508593e+00  9.93291565e+00  5.90508593e+00  4.76285681e+00 
 5.97347279e+00  9.93359788e+00  5.97347279e+00  4.70853371e+00 
 6.04265163e+00  9.93426469e+00  6.04265163e+00  4.65482369e+00 
 6.11263163e+00  9.93491642e+00  6.11263163e+00  4.60172001e+00 
 6.18342207e+00  9.93555340e+00  6.18342207e+00  4.54921598e+00 
 6.25503234e+00  9.93617598e+00  6.25503234e+00  4.49730501e+00 
 6.32747192e+00  9.93678446e+00  6.32747192e+00  4.44598055e+00 
 6.40075043e+00  9.93737918e+00  6.40075043e+00  4.39523612e+00 
 6.47487758e+00  9.93796044e+00  6.47487758e+00  4.34506531e+00 
 6.54986319e+00  9.93852854e+00  6.54986319e+00  4.29546179e+00 
 6.62571722e+00  9.93908378e+00  6.62571722e+00  4.24641926e+00 
 6.70244971e+00  9.93962645e+00  6.70244971e+00  4.19793152e+00 
 6.78007084e+00  9.94015682e+00  6.78007084e+00  4.14999241e+00 
 6.85859090e+00  9.94067519e+00  6.85859090e+00  4.10259584e+00 
 6.93802030e+00  9.94118182e+00  6.93802030e+00  4.05573580e+00 
 7.01836957e+00  9.94167697e+00  7.01836957e+00  4.00940631e+00 
 7.09964937e+00  9.94216091e+00  7.09964937e+00  3.96360148e+00 
 7.18187048e+00  9.94263388e+00  7.18187048e+00  3.91831547e+00 
 7.26504378e+00  9.94309613e+00  7.26504378e+00  3.87354249e+00 
 7.34918032e+00  9.94354791e+00  7.34918032e+00  3.82927684e+00 
 7.43429124e+00  9.94398944e+00  7.43429124e+00  3.78551285e+00 
 7.52038784e+00  9.94442097e+00  7.52038784e+00  3.74224493e+00 
 7.60748151e+00  9.94484272e+00  7.60748151e+00  3.69946753e+00 
 7.69558382e+00  9.94525491e+00  7.69558382e+00  3.65717518e+00 
 7.78470645e+00  9.94565775e+00  7.78470645e+00  3.61536245e+00 
 7.87486120e+00  9.94605146e+00  7.87486120e+00  3.57402397e+00 
 7.96606004e+00  9.94643624e+00  7.96606004e+00  3.53315444e+00 
 8.05831505e+00  9.94681229e+00  8.05831505e+00  3.49274860e+00 
 8.15163847e+00  9.94717982e+00  8.15163847e+00  3.45280126e+00 
 8.24604267e+00  9.94753900e+00  8.24604267e+00  3.41330727e+00 
 8.34154016e+00  9.94789004e+00  8.34154016e+00  3.37426155e+00 
 8.43814361e+00  9.94823312e+00  8.43814361e+00  3.33565907e+00 
 8.53586583e+00  9.94856841e+00  8.53586583e+00  3.29749485e+00 
 8.63471977e+00  9.94889610e+00  8.63471977e+00  3.25976396e+00 
 8.73471853e+00  9.94921635e+00  8.73471853e+00  3.22246153e+00 
 8.83587539e+00  9.94952933e+00  8.83587539e+00  3.18558274e+00 
 8.93820374e+00  9.94983522e+00  8.93820374e+00  3.14912283e+00 
 9.04171716e+00  9.95013415e+00  9.04171716e+00  3.11307707e+00 
 9.14642936e+00  9.95042631e+00  9.14642936e+00  3.07744081e+00 
 9.25235424e+00  9.95071183e+00  9.25235424e+00  3.04220942e+00 
 9.35950584e+00  9.95099087e+00  9.35950584e+00  3.00737835e+00 
 9.46789836e+00  9.95126358e+00  9.46789836e+00  2.97294307e+00 
 9.57754617e+00  9.95153010e+00  9.57754617e+00  2.93889913e+00 
 9.68846382e+00  9.95179056e+00  9.68846382e+00  2.90524210e+00 
 9.80066601e+00  9.95204511e+00  9.80066601e+00  2.87196761e+00 
 9.91416761e+00  9.95229388e+00  9.91416761e+00  2.83907134e+00 
 1.00289837e+01  9.95253701e+00  1.00289837e+01  2.80654902e+00 
 1.01451294e+01  9.95277461e+00  1.01451294e+01  2.77439641e+00 
 1.02626203e+01  9.95300682e+00  1.02626203e+01  2.74260935e+00 
 1.03814717e+01  9.95323375e+00  1.03814717e+01  2.71118367e+00 
 1.05016997e+01  9.95345553e+00  1.05016997e+01  2.68011531e+00 
 1.06233199e+01  9.95367227e+00  1.06233199e+01  2.64940021e+00 
 1.07463487e+01  9.95388409e+00  1.07463487e+01  2.61903437e+00 
 1.08708023e+01  9.95409110e+00  1.08708023e+01  2.58901382e+00 
 1.09966971e+01  9.95429341e+00  1.09966971e+01  2.55933467e+00 
 1.11240500e+01  9.95449112e+00  1.11240500e+01  2.52999303e+00 
 1.12528777e+01  9.95468434e+00  1.12528777e+01  2.50098507e+00 
 1.13831974e+01  9.95487317e+00  1.13831974e+01  2.47230701e+00 
 1.15150263e+01  9.95505771e+00  1.15150263e+01  2.44395511e+00 
 1.16483819e+01  9.95523806e+00  1.16483819e+01  2.41592566e+00 
 1.17832819e+01  9.95541431e+00  1.17832819e+01  2.38821499e+00 
 1.19197442e+01  9.95558656e+00  1.19197442e+01  2.36081949e+00 
 1.20577869e+01  9.95575489e+00  1.20577869e+01  2.33373556e+00 
 1.21974282e+01  9.95591940e+00  1.21974282e+01  2.30695968e+00 
 1.23386867e+01  9.95608017e+00  1.23386867e+01  2.28048834e+00 
 1.24815812e+01  9.95623728e+00  1.24815812e+01  2.25431806e+00 
 1.26261305e+01  9.95639083e+00  1.26261305e+01  2.22844543e+00 
 1.27723538e+01  9.95654089e+00  1.27723538e+01  2.20286706e+00 
 1.29202705e+01  9.95668754e+00  1.29202705e+01  2.17757959e+00 
 1.30699003e+01  9.95683085e+00  1.30699003e+01  2.15257971e+00 
 1.32212629e+01  9.95697091e+00  1.32212629e+01  2.12786415e+00 
 1.33743785e+01  9.95710779e+00  1.33743785e+01  2.10342966e+00 
 1.35292673e+01  9.95724155e+00  1.35292673e+01  2.07927304e+00 
 1.36859499e+01  9.95737228e+00  1.36859499e+01  2.05539113e+00 
 1.38444470e+01  9.95750003e+00  1.38444470e+01  2.03178078e+00 
 1.40047796e+01  9.95762488e+00  1.40047796e+01  2.00843890e+00 
 1.41669691e+01  9.95774690e+00  1.41669691e+01  1.98536242e+00 
 1.43310369e+01  9.95786614e+00  1.43310369e+01  1.96254832e+00 
 1.44970048e+01  9.95798267e+00  1.44970048e+01  1.93999360e+00 
 1.46648947e+01  9.95809655e+00  1.46648947e+01  1.91769530e+00 
 1.48347290e+01  9.95820784e+00  1.48347290e+01  1.89565048e+00 
 1.50065301e+01  9.95831661e+00  1.50065301e+01  1.87385625e+00 
 1.51803209e+01  9.95842290e+00  1.51803209e+01  1.85230975e+00 
 1.53561243e+01  9.95852677e+00  1.53561243e+01  1.83100814e+00 
 1.55339637e+01  9.95862829e+00  1.55339637e+01  1.80994862e+00 
 1.57138627e+01  9.95872750e+00  1.57138627e+01  1.78912843e+00 
 1.58958451e+01  9.95882445e+00  1.58958451e+01  1.76854481e+00 
 1.60799350e+01  9.95891920e+00  1.60799350e+01  1.74819508e+00 
 1.62661569e+01  9.95901180e+00  1.62661569e+01  1.72807653e+00 
 1.64545354e+01  9.95910229e+00  1.64545354e+01  1.70818654e+00 
 1.66450955e+01  9.95919072e+00  1.66450955e+01  1.68852248e+00 
 1.68378625e+01  9.95927715e+00  1.68378625e+01  1.66908176e+00 
 1.70328619e+01  9.95936161e+00  1.70328619e+01  1.64986183e+00 
 1.72301197e+01  9.95944415e+00  1.72301197e+01  1.63086014e+00 
 1.74296618e+01  9.95952481e+00  1.74296618e+01  1.61207421e+00 
 1.76315149e+01  9.95960364e+00  1.76315149e+01  1.59350154e+00 
 1.78357056e+01  9.95968068e+00  1.78357056e+01  1.57513971e+00 
 1.80422611e+01  9.95975597e+00  1.80422611e+01  1.55698628e+00 
 1.82512087e+01  9.95982955e+00  1.82512087e+01  1.53903886e+00 
 1.84625761e+01  9.95990145e+00  1.84625761e+01  1.52129509e+00 
 1.86763914e+01  9.95997172e+00  1.86763914e+01  1.50375264e+00 
 1.88926828e+01  9.96004039e+00  1.88926828e+01  1.48640917e+00 
 1.91114791e+01  9.96010751e+00  1.91114791e+01  1.46926242e+00 
 1.93328093e+01  9.96017309e+00  1.93328093e+01  1.45231012e+00 
 1.95567028e+01  9.96023719e+00  1.95567028e+01  1.43555003e+00 
 1.97831891e+01  9.96029983e+00  1.97831891e+01  1.41897993e+00 
 2.00122984e+01  9.96036105e+00  2.00122984e+01  1.40259766e+00 
 2.02440610e+01  9.96042087e+00  2.02440610e+01  1.38640104e+00 
 2.04785077e+01  9.96047934e+00  2.04785077e+01  1.37038793e+00 
 2.07156695e+01  9.96053647e+00  2.07156695e+01  1.35455623e+00 
 2.09555778e+01  9.96059231e+00  2.09555778e+01  1.33890384e+00 
 2.11982645e+01  9.96064688e+00  2.11982645e+01  1.32342870e+00 
 2.14437618e+01  9.96070021e+00  2.14437618e+01  1.30812876e+00 
 2.16921022e+01  9.96075233e+00  2.16921022e+01  1.29300201e+00 
 2.19433187e+01  9.96080326e+00  2.19433187e+01  1.27804644e+00 
 2.21974444e+01  9.96085303e+00  2.21974444e+01  1.26326009e+00 
 2.24545132e+01  9.96090168e+00  2.24545132e+01  1.24864099e+00 
 2.27145591e+01  9.96094922e+00  2.27145591e+01  1.23418722e+00 
 2.29776167e+01  9.96099568e+00  2.29776167e+01  1.21989688e+00 
 2.32437206e+01  9.96104108e+00  2.32437206e+01  1.20576806e+00 
 2.35129064e+01  9.96108545e+00  2.35129064e+01  1.19179891e+00 
 2.37852095e+01  9.96112881e+00  2.37852095e+01  1.17798758e+00 
 2.40606663e+01  9.96117119e+00  2.40606663e+01  1.16433224e+00 
 2.43393131e+01  9.96121260e+00  2.43393131e+01  1.15083110e+00 
 2.46211869e+01  9.96125308e+00  2.46211869e+01  1.13748236e+00 
 2.49063250e+01  9.96129263e+00  2.49063250e+01  1.12428426e+00 
 2.51947654e+01  9.96133129e+00  2.51947654e+01  1.11123506e+00 
 2.54865462e+01  9.96136906e+00  2.54865462e+01  1.09833303e+00 
 2.57817061e+01  9.96140598e+00  2.57817061e+01  1.08557647e+00 
 2.60802843e+01  9.96144206e+00  2.60802843e+01  1.07296369e+00 
 2.63823203e+01  9.96147732e+00  2.63823203e+01  1.06049302e+00 
 2.66878542e+01  9.96151178e+00  2.66878542e+01  1.04816281e+00 
 2.69969265e+01  9.96154545e+00  2.69969265e+01  1.03597144e+00 
 2.73095781e+01  9.96157837e+00  2.73095781e+01  1.02391730e+00 
 2.76258506e+01  9.96161053e+00  2.76258506e+01  1.01199878e+00 
 2.79457858e+01  9.96164196e+00  2.79457858e+01  1.00021431e+00 
 2.82694262e+01  9.96167268e+00  2.82694262e+01  9.88562331e-01 
 2.85968147e+01  9.96170270e+00  2.85968147e+01  9.77041307e-01 
 2.89279946e+01  9.96173204e+00  2.89279946e+01  9.65649711e-01 
 2.92630100e+01  9.96176071e+00  2.92630100e+01  9.54386037e-01 
 2.96019052e+01  9.96178873e+00  2.96019052e+01  9.43248794e-01 
 2.99447251e+01  9.96181611e+00  2.99447251e+01  9.32236508e-01 
 3.02915152e+01  9.96184287e+00  3.02915152e+01  9.21347724e-01 
 3.06423215e+01  9.96186903e+00  3.06423215e+01  9.10581001e-01 
 3.09971905e+01  9.96189458e+00  3.09971905e+01  8.99934913e-01 
 3.13561693e+01  9.96191956e+00  3.13561693e+01  8.89408053e-01 
 3.17193054e+01  9.96194397e+00  3.17193054e+01  8.78999027e-01 
 3.20866469e+01  9.96196783e+00  3.20866469e+01  8.68706458e-01 
 3.24582427e+01  9.96199114e+00  3.24582427e+01  8.58528984e-01 
 3.28341419e+01  9.96201393e+00  3.28341419e+01  8.48465259e-01 
 3.32143943e+01  9.96203620e+00  3.32143943e+01  8.38513950e-01 
 3.35990505e+01  9.96205796e+00  3.35990505e+01  8.28673740e-01 
 3.39881614e+01  9.96207922e+00  3.39881614e+01  8.18943327e-01 
 3.43817786e+01  9.96210001e+00  3.43817786e+01  8.09321423e-01 
 3.47799543e+01  9.96212032e+00  3.47799543e+01  7.99806755e-01 
 3.51827413e+01  9.96214017e+00  3.51827413e+01  7.90398062e-01 
 3.55901929e+01  9.96215957e+00  3.55901929e+01  7.81094101e-01 
 3.60023633e+01  9.96217853e+00  3.60023633e+01  7.71893638e-01 
 3.64193070e+01  9.96219705e+00  3.64193070e+01  7.62795457e-01 
 3.68410793e+01  9.96221516e+00  3.68410793e+01  7.53798352e-01 
 3.72677361e+01  9.96223285e+00  3.72677361e+01  7.44901133e-01 
 3.76993341e+01  9.96225015e+00  3.76993341e+01  7.36102622e-01 
 3.81359304e+01  9.96226705e+00  3.81359304e+01  7.27401653e-01 
 3.85775830e+01  9.96228356e+00  3.85775830e+01  7.18797075e-01 
 3.90243503e+01  9.96229970e+00  3.90243503e+01  7.10287749e-01 
 3.94762917e+01  9.96231547e+00  3.94762917e+01  7.01872548e-01 
 3.99334670e+01  9.96233089e+00  3.99334670e+01  6.93550357e-01 
 4.03959368e+01  9.96234595e+00  4.03959368e+01  6.85320075e-01 
 4.08637625e+01  9.96236068e+00  4.08637625e+01  6.77180611e-01 
 4.13370061e+01  9.96237506e+00  4.13370061e+01  6.69130889e-01 
 4.18157303e+01  9.96238913e+00  4.18157303e+01  6.61169841e-01 
 4.22999987e+01  9.96240287e+00  4.22999987e+01  6.53296414e-01 
 4.27898753e+01  9.96241629e+00  4.27898753e+01  6.45509566e-01 
 4.32854253e+01  9.96242942e+00  4.32854253e+01  6.37808264e-01 
 4.37867142e+01  9.96244224e+00  4.37867142e+01  6.30191489e-01 
 4.42938085e+01  9.96245478e+00  4.42938085e+01  6.22658232e-01 
 4.48067755e+01  9.96246702e+00  4.48067755e+01  6.15207495e-01 
 4.53256831e+01  9.96247899e+00  4.53256831e+01  6.07838292e-01 
 4.58506003e+01  9.96249069e+00  4.58506003e+01  6.00549647e-01 
 4.63815965e+01  9.96250212e+00  4.63815965e+01  5.93340594e-01 
 4.69187422e+01  9.96251330e+00  4.69187422e+01  5.86210178e-01 
 4.74621085e+01  9.96252421e+00  4.74621085e+01  5.79157455e-01 
 4.80117676e+01  9.96253488e+00  4.80117676e+01  5.72181491e-01 
 4.85677923e+01  9.96254531e+00  4.85677923e+01  5.65281362e-01 
 4.91302564e+01  9.96255550e+00  4.91302564e+01  5.58456153e-01 
 4.96992343e+01  9.96256546e+00  4.96992343e+01  5.51704961e-01 
 5.02748016e+01  9.96257519e+00  5.02748016e+01  5.45026891e-01 
 5.08570345e+01  9.96258470e+00  5.08570345e+01  5.38421058e-01 
 5.14460103e+01  9.96259399e+00  5.14460103e+01  5.31886588e-01 
 5.20418070e+01  9.96260307e+00  5.20418070e+01  5.25422615e-01 
 5.26445036e+01  9.96261195e+00  5.26445036e+01  5.19028283e-01 
 5.32541801e+01  9.96262062e+00  5.32541801e+01  5.12702744e-01 
 5.38709172e+01  9.96262910e+00  5.38709172e+01  5.06445161e-01 
 5.44947968e+01  9.96263738e+00  5.44947968e+01  5.00254704e-01 
 5.51259015e+01  9.96264547e+00  5.51259015e+01  4.94130553e-01 
 5.57643151e+01  9.96265338e+00  5.57643151e+01  4.88071897e-01 
 5.64101221e+01  9.96266111e+00  5.64101221e+01  4.82077933e-01 
 5.70634082e+01  9.96266866e+00  5.70634082e+01  4.76147868e-01 
 5.77242601e+01  9.96267605e+00  5.77242601e+01  4.70280915e-01 
 5.83927652e+01  9.96268326e+00  5.83927652e+01  4.64476297e-01 
 5.90690124e+01  9.96269031e+00  5.90690124e+01  4.58733245e-01 
 5.97530911e+01  9.96269720e+00  5.97530911e+01  4.53050998e-01 
 6.04450922e+01  9.96270393e+00  6.04450922e+01  4.47428803e-01 
 6.11451073e+01  9.96271050e+00  6.11451073e+01  4.41865916e-01 
 6.18532294e+01  9.96271693e+00  6.18532294e+01  4.36361599e-01 
 6.25695522e+01  9.96272321e+00  6.25695522e+01  4.30915122e-01 
 6.32941707e+01  9.96272935e+00  6.32941707e+01  4.25525765e-01 
 6.40271811e+01  9.96273535e+00  6.40271811e+01  4.20192812e-01 
 6.47686804e+01  9.96274121e+00  6.47686804e+01  4.14915558e-01 
 6.55187671e+01  9.96274693e+00  6.55187671e+01  4.09693303e-01 
 6.62775405e+01  9.96275253e+00  6.62775405e+01  4.04525355e-01 
 6.70451013e+01  9.96275800e+00  6.70451013e+01  3.99411029e-01 
 6.78215512e+01  9.96276334e+00  6.78215512e+01  3.94349648e-01 
 6.86069932e+01  9.96276856e+00  6.86069932e+01  3.89340540e-01 
 6.94015314e+01  9.96277366e+00  6.94015314e+01  3.84383043e-01 
 7.02052711e+01  9.96277865e+00  7.02052711e+01  3.79476498e-01 
 7.10183190e+01  9.96278352e+00  7.10183190e+01  3.74620256e-01 
 7.18407828e+01  9.96278828e+00  7.18407828e+01  3.69813674e-01 
 7.26727715e+01  9.96279293e+00  7.26727715e+01  3.65056114e-01 
 7.35143955e+01  9.96279748e+00  7.35143955e+01  3.60346945e-01 
 7.43657664e+01  9.96280192e+00  7.43657664e+01  3.55685545e-01 
 7.52269970e+01  9.96280625e+00  7.52269970e+01  3.51071294e-01 
 7.60982015e+01  9.96281049e+00  7.60982015e+01  3.46503582e-01 
 7.69794955e+01  9.96281464e+00  7.69794955e+01  3.41981803e-01 
 7.78709957e+01  9.96281868e+00  7.78709957e+01  3.37505357e-01 
 7.87728204e+01  9.96282264e+00  7.87728204e+01  3.33073653e-01 
 7.96850891e+01  9.96282650e+00  7.96850891e+01  3.28686101e-01 
 8.06079229e+01  9.96283027e+00  8.06079229e+01  3.24342121e-01 
 8.15414439e+01  9.96283396e+00  8.15414439e+01  3.20041138e-01 
 8.24857761e+01  9.96283756e+00  8.24857761e+01  3.15782580e-01 
 8.34410446e+01  9.96284108e+00  8.34410446e+01  3.11565884e-01 
 8.44073761e+01  9.96284452e+00  8.44073761e+01  3.07390490e-01 
 8.53848987e+01  9.96284788e+00  8.53848987e+01  3.03255846e-01 
 8.63737419e+01  9.96285117e+00  8.63737419e+01  2.99161403e-01 
 8.73740370e+01  9.96285437e+00  8.73740370e+01  2.95106618e-01 
 8.83859165e+01  9.96285751e+00  8.83859165e+01  2.91090955e-01 
 8.94095146e+01  9.96286057e+00  8.94095146e+01  2.87113881e-01 
 9.04449670e+01  9.96286356e+00  9.04449670e+01  2.83174869e-01 
 9.14924110e+01  9.96286648e+00  9.14924110e+01  2.79273396e-01 
 9.25519854e+01  9.96286933e+00  9.25519854e+01  2.75408946e-01 
 9.36238307e+01  9.96287212e+00  9.36238307e+01  2.71581006e-01 
 9.47080892e+01  9.96287484e+00  9.47080892e+01  2.67789070e-01 
 9.58049044e+01  9.96287750e+00  9.58049044e+01  2.64032633e-01 
 9.69144218e+01  9.96288009e+00  9.69144218e+01  2.60311200e-01 
 9.80367886e+01  9.96288263e+00  9.80367886e+01  2.56624275e-01 
 9.91721535e+01  9.96288511e+00  9.91721535e+01  2.52971371e-01 
 1.00320667e+02  9.96288753e+00  1.00320667e+02  2.49352003e-01 
 1.01482482e+02  9.96288989e+00  1.01482482e+02  2.45765692e-01 
 1.02657751e+02  9.96289220e+00  1.02657751e+02  2.42211962e-01 
 1.03846632e+02  9.96289445e+00  1.03846632e+02  2.38690343e-01 
 1.05049280e+02  9.96289666e+00  1.05049280e+02  2.35200366e-01 
 1.06265857e+02  9.96289881e+00  1.06265857e+02  2.31741570e-01 
 1.07496523e+02  9.96290091e+00  1.07496523e+02  2.28313497e-01 
 1.08741441e+02  9.96290296e+00  1.08741441e+02  2.24915691e-01 
 1.10000777e+02  9.96290496e+00  1.10000777e+02  2.21547703e-01 
 1.11274697e+02  9.96290691e+00  1.11274697e+02  2.18209086e-01 
 1.12563370e+02  9.96290882e+00  1.12563370e+02  2.14899398e-01 
 1.13866967e+02  9.96291068e+00  1.13866967e+02  2.11618199e-01 
 1.15185661e+02  9.96291250e+00  1.15185661e+02  2.08365054e-01 
 1.16519628e+02  9.96291428e+00  1.16519628e+02  2.05139534e-01 
 1.17869043e+02  9.96291601e+00  1.17869043e+02  2.01941209e-01 
 1.19234085e+02  9.96291770e+00  1.19234085e+02  1.98769656e-01 
 1.20614936e+02  9.96291935e+00  1.20614936e+02  1.95624455e-01 
 1.22011779e+02  9.96292096e+00  1.22011779e+02  1.92505188e-01 
 1.23424798e+02  9.96292254e+00  1.23424798e+02  1.89411443e-01 
 1.24854182e+02  9.96292407e+00  1.24854182e+02  1.86342809e-01 
 1.26300119e+02  9.96292557e+00  1.26300119e+02  1.83298878e-01 
 1.27762802e+02  9.96292703e+00  1.27762802e+02  1.80279249e-01 
 1.29242424e+02  9.96292846e+00  1.29242424e+02  1.77283520e-01 
 1.30739182e+02  9.96292985e+00  1.30739182e+02  1.74311294e-01 
 1.32253273e+02  9.96293121e+00  1.32253273e+02  1.71362178e-01 
 1.33784900e+02  9.96293253e+00  1.33784900e+02  1.68435779e-01 
 1.35334264e+02  9.96293382e+00  1.35334264e+02  1.65531712e-01 
 1.36901571e+02  9.96293508e+00  1.36901571e+02  1.62649589e-01 
 1.38487029e+02  9.96293631e+00  1.38487029e+02  1.59789030e-01 
 1.40090849e+02  9.96293750e+00  1.40090849e+02  1.56949655e-01 
 1.41713242e+02  9.96293867e+00  1.41713242e+02  1.54131088e-01 
 1.43354425e+02  9.96293981e+00  1.43354425e+02  1.51332955e-01 
 1.45014614e+02  9.96294092e+00  1.45014614e+02  1.48554885e-01 
 1.46694029e+02  9.96294200e+00  1.46694029e+02  1.45796510e-01 
 1.48392894e+02  9.96294305e+00  1.48392894e+02  1.43057464e-01 
 1.50111433e+02  9.96294408e+00  1.50111433e+02  1.40337384e-01 
 1.51849875e+02  9.96294508e+00  1.51849875e+02  1.37635909e-01 
 1.53608450e+02  9.96294605e+00  1.53608450e+02  1.34952682e-01 
 1.55387391e+02  9.96294700e+00  1.55387391e+02  1.32287346e-01 
 1.57186933e+02  9.96294792e+00  1.57186933e+02  1.29639548e-01 
 1.59007317e+02  9.96294882e+00  1.59007317e+02  1.27008938e-01 
 1.60848782e+02  9.96294969e+00  1.60848782e+02  1.24395166e-01 
 1.62711573e+02  9.96295054e+00  1.62711573e+02  1.21797886e-01 
 1.64595937e+02  9.96295137e+00  1.64595937e+02  1.19216754e-01 
 1.66502124e+02  9.96295218e+00  1.66502124e+02  1.16651427e-01 
 1.68430387e+02  9.96295296e+00  1.68430387e+02  1.14101566e-01 
 1.70380981e+02  9.96295372e+00  1.70380981e+02  1.11566831e-01 
 1.72354164e+02  9.96295446e+00  1.72354164e+02  1.09046889e-01 
 1.74350199e+02  9.96295518e+00  1.74350199e+02  1.06541403e-01 
 1.76369351e+02  9.96295588e+00  1.76369351e+02  1.04050042e-01 
 1.78411886e+02  9.96295655e+00  1.78411886e+02  1.01572476e-01 
 1.80478075e+02  9.96295721e+00  1.80478075e+02  9.91083763e-02 
 1.82568193e+02  9.96295785e+00  1.82568193e+02  9.66574161e-02 
 1.84682517e+02  9.96295847e+00  1.84682517e+02  9.42192706e-02 
 1.86821327e+02  9.96295907e+00  1.86821327e+02  9.17936165e-02 
 1.88984907e+02  9.96295965e+00  1.88984907e+02  8.93801323e-02 
 1.91173543e+02  9.96296021e+00  1.91173543e+02  8.69784979e-02 
 1.93387525e+02  9.96296076e+00  1.93387525e+02  8.45883949e-02 
 1.95627148e+02  9.96296128e+00  1.95627148e+02  8.22095066e-02 
 1.97892707e+02  9.96296179e+00  1.97892707e+02  7.98415174e-02 
 2.00184505e+02  9.96296229e+00  2.00184505e+02  7.74841135e-02 
 2.02502843e+02  9.96296276e+00  2.02502843e+02  7.51369824e-02 
 2.04848030e+02  9.96296322e+00  2.04848030e+02  7.27998128e-02 
 2.07220377e+02  9.96296366e+00  2.07220377e+02  7.04722949e-02 
 2.09620198e+02  9.96296409e+00  2.09620198e+02  6.81541201e-02 
 2.12047812e+02  9.96296450e+00  2.12047812e+02  6.58449811e-02 
 2.14503539e+02  9.96296490e+00  2.14503539e+02  6.35445718e-02 
 2.16987707e+02  9.96296528e+00  2.16987707e+02  6.12525871e-02 
 2.19500643e+02  9.96296564e+00  2.19500643e+02  5.89687232e-02 
 2.22042682e+02  9.96296599e+00  2.22042682e+02  5.66926773e-02 
 2.24614160e+02  9.96296632e+00  2.24614160e+02  5.44241476e-02 
 2.27215419e+02  9.96296664e+00  2.27215419e+02  5.21628335e-02 
 2.29846803e+02  9.96296695e+00  2.29846803e+02  4.99084350e-02 
 2.32508661e+02  9.96296724e+00  2.32508661e+02  4.76606533e-02 
 2.35201345e+02  9.96296751e+00  2.35201345e+02  4.54191905e-02 
 2.37925214e+02  9.96296777e+00  2.37925214e+02  4.31837492e-02 
 2.40680628e+02  9.96296802e+00  2.40680628e+02  4.09540332e-02 
 2.43467953e+02  9.96296826e+00  2.43467953e+02  3.87297469e-02 
 2.46287557e+02  9.96296848e+00  2.46287557e+02  3.65105952e-02 
 2.49139816e+02  9.96296868e+00  2.49139816e+02  3.42962841e-02 
 2.52025106e+02  9.96296888e+00  2.52025106e+02  3.20865200e-02 
 2.54943811e+02  9.96296906e+00  2.54943811e+02  2.98810098e-02 
 2.57896318e+02  9.96296922e+00  2.57896318e+02  2.76794613e-02 
 2.60883017e+02  9.96296938e+00  2.60883017e+02  2.54815824e-02 
 2.63904306e+02  9.96296952e+00  2.63904306e+02  2.32870818e-02 
 2.66960584e+02  9.96296964e+00  2.66960584e+02  2.10956686e-02 
 2.70052257e+02  9.96296976e+00  2.70052257e+02  1.89070522e-02 
 2.73179734e+02  9.96296986e+00  2.73179734e+02  1.67209425e-02 
 2.76343431e+02  9.96296995e+00  2.76343431e+02  1.45370496e-02 
 2.79543767e+02  9.96297002e+00  2.79543767e+02  1.23550840e-02 
 2.82781166e+02  9.96297008e+00  2.82781166e+02  1.01747563e-02 
 2.86056057e+02  9.96297013e+00  2.86056057e+02  7.99577760e-03 
 2.89368875e+02  9.96297017e+00  2.89368875e+02  5.81785892e-03 
 2.92720058e+02  9.96297020e+00  2.92720058e+02  3.64071153e-03 
 2.96110052e+02  9.96297021e+00  2.96110052e+02  1.46404677e-03 
 2.99539305e+02  9.96297021e+00  2.99539305e+02 -7.12423932e-04 
 3.03008272e+02  9.96297019e+00  3.03008272e+02 -2.88898914e-03 
 3.06517414e+02  9.96297017e+00  3.06517414e+02 -5.06593741e-03 
 3.10067195e+02  9.96297013e+00  3.10067195e+02 -7.24355738e-03 
 3.13658086e+02  9.96297008e+00  3.13658086e+02 -9.42213775e-03 
 3.17290563e+02  9.96297001e+00  3.17290563e+02 -1.16019674e-02 
 3.20965108e+02  9.96296993e+00  3.20965108e+02 -1.37833352e-02 
 3.24682207e+02  9.96296984e+00  3.24682207e+02 -1.59665305e-02 
 3.28442355e+02  9.96296974e+00  3.28442355e+02 -1.81518427e-02 
 3.32246049e+02  9.96296962e+00  3.32246049e+02 -2.03395616e-02 
 3.36093793e+02  9.96296950e+00  3.36093793e+02 -2.25299771e-02 
 3.39986099e+02  9.96296935e+00  3.39986099e+02 -2.47233797e-02 
 3.43923481e+02  9.96296920e+00  3.43923481e+02 -2.69200601e-02 
 3.47906461e+02  9.96296903e+00  3.47906461e+02 -2.91203097e-02 
 3.51935569e+02  9.96296885e+00  3.51935569e+02 -3.13244202e-02 
 3.56011338e+02  9.96296865e+00  3.56011338e+02 -3.35326837e-02 
 3.60134309e+02  9.96296844e+00  3.60134309e+02 -3.57453930e-02 
 3.64305027e+02  9.96296822e+00  3.64305027e+02 -3.79628415e-02 
 3.68524047e+02  9.96296798e+00  3.68524047e+02 -4.01853232e-02 
 3.72791927e+02  9.96296773e+00  3.72791927e+02 -4.24131327e-02 
 3.77109234e+02  9.96296747e+00  3.77109234e+02 -4.46465654e-02 
 3.81476539e+02  9.96296719e+00  3.81476539e+02 -4.68859175e-02 
 3.85894423e+02  9.96296690e+00  3.85894423e+02 -4.91314857e-02 
 3.90363469e+02  9.96296659e+00  3.90363469e+02 -5.13835679e-02 
 3.94884272e+02  9.96296627e+00  3.94884272e+02 -5.36424625e-02 
 3.99457430e+02  9.96296593e+00  3.99457430e+02 -5.59084692e-02 
 4.04083550e+02  9.96296558e+00  4.04083550e+02 -5.81818883e-02 
 4.08763246e+02  9.96296522e+00  4.08763246e+02 -6.04630211e-02 
 4.13497136e+02  9.96296483e+00  4.13497136e+02 -6.27521703e-02 
 4.18285850e+02  9.96296444e+00  4.18285850e+02 -6.50496392e-02 
 4.23130023e+02  9.96296402e+00  4.23130023e+02 -6.73557324e-02 
 4.28030295e+02  9.96296359e+00  4.28030295e+02 -6.96707557e-02 
 4.32987318e+02  9.96296315e+00  4.32987318e+02 -7.19950160e-02 
 4.38001748e+02  9.96296269e+00  4.38001748e+02 -7.43288215e-02 
 4.43074250e+02  9.96296221e+00  4.43074250e+02 -7.66724816e-02 
 4.48205497e+02  9.96296171e+00  4.48205497e+02 -7.90263069e-02 
 4.53396168e+02  9.96296120e+00  4.53396168e+02 -8.13906096e-02 
 4.58646954e+02  9.96296067e+00  4.58646954e+02 -8.37657032e-02 
 4.63958548e+02  9.96296012e+00  4.63958548e+02 -8.61519024e-02 
 4.69331656e+02  9.96295956e+00  4.69331656e+02 -8.85495237e-02 
 4.74766990e+02  9.96295897e+00  4.74766990e+02 -9.09588849e-02 
 4.80265271e+02  9.96295837e+00  4.80265271e+02 -9.33803055e-02 
 4.85827227e+02  9.96295775e+00  4.85827227e+02 -9.58141065e-02 
 4.91453597e+02  9.96295711e+00  4.91453597e+02 -9.82606106e-02 
 4.97145125e+02  9.96295645e+00  4.97145125e+02 -1.00720142e-01 
 5.02902567e+02  9.96295576e+00  5.02902567e+02 -1.03193027e-01 
 5.08726686e+02  9.96295506e+00  5.08726686e+02 -1.05679593e-01 
 5.14618255e+02  9.96295434e+00  5.14618255e+02 -1.08180171e-01 
 5.20578053e+02  9.96295360e+00  5.20578053e+02 -1.10695090e-01 
 5.26606872e+02  9.96295283e+00  5.26606872e+02 -1.13224686e-01 
 5.32705511e+02  9.96295205e+00  5.32705511e+02 -1.15769293e-01 
 5.38874778e+02  9.96295124e+00  5.38874778e+02 -1.18329249e-01 
 5.45115492e+02  9.96295041e+00  5.45115492e+02 -1.20904893e-01 
 5.51428479e+02  9.96294955e+00  5.51428479e+02 -1.23496566e-01 
 5.57814577e+02  9.96294867e+00  5.57814577e+02 -1.26104612e-01 
 5.64274633e+02  9.96294777e+00  5.64274633e+02 -1.28729378e-01 
 5.70809503e+02  9.96294684e+00  5.70809503e+02 -1.31371210e-01 
 5.77420053e+02  9.96294589e+00  5.77420053e+02 -1.34030459e-01 
 5.84107159e+02  9.96294491e+00  5.84107159e+02 -1.36707478e-01 
 5.90871709e+02  9.96294391e+00  5.90871709e+02 -1.39402621e-01 
 5.97714600e+02  9.96294288e+00  5.97714600e+02 -1.42116247e-01 
 6.04636738e+02  9.96294182e+00  6.04636738e+02 -1.44848713e-01 
 6.11639042e+02  9.96294074e+00  6.11639042e+02 -1.47600384e-01 
 6.18722439e+02  9.96293962e+00  6.18722439e+02 -1.50371624e-01 
 6.25887869e+02  9.96293848e+00  6.25887869e+02 -1.53162799e-01 
 6.33136282e+02  9.96293731e+00  6.33136282e+02 -1.55974281e-01 
 6.40468639e+02  9.96293610e+00  6.40468639e+02 -1.58806441e-01 
 6.47885912e+02  9.96293487e+00  6.47885912e+02 -1.61659656e-01 
 6.55389084e+02  9.96293361e+00  6.55389084e+02 -1.64534303e-01 
 6.62979151e+02  9.96293231e+00  6.62979151e+02 -1.67430764e-01 
 6.70657118e+02  9.96293098e+00  6.70657118e+02 -1.70349423e-01 
 6.78424004e+02  9.96292962e+00  6.78424004e+02 -1.73290666e-01 
 6.86280839e+02  9.96292822e+00  6.86280839e+02 -1.76254884e-01 
 6.94228663e+02  9.96292679e+00  6.94228663e+02 -1.79242469e-01 
 7.02268532e+02  9.96292532e+00  7.02268532e+02 -1.82253817e-01 
 7.10401510e+02  9.96292382e+00  7.10401510e+02 -1.85289329e-01 
 7.18628676e+02  9.96292227e+00  7.18628676e+02 -1.88349405e-01 
 7.26951121e+02  9.96292069e+00  7.26951121e+02 -1.91434452e-01 
 7.35369948e+02  9.96291907e+00  7.35369948e+02 -1.94544879e-01 
 7.43886274e+02  9.96291742e+00  7.43886274e+02 -1.97681099e-01 
 7.52501228e+02  9.96291572e+00  7.52501228e+02 -2.00843526e-01 
 7.61215951e+02  9.96291398e+00  7.61215951e+02 -2.04032580e-01 
 7.70031600e+02  9.96291219e+00  7.70031600e+02 -2.07248684e-01 
 7.78949343e+02  9.96291036e+00  7.78949343e+02 -2.10492265e-01 
 7.87970362e+02  9.96290849e+00  7.87970362e+02 -2.13763751e-01 
 7.97095854e+02  9.96290658e+00  7.97095854e+02 -2.17063578e-01 
 8.06327028e+02  9.96290461e+00  8.06327028e+02 -2.20392182e-01 
 8.15665108e+02  9.96290260e+00  8.15665108e+02 -2.23750005e-01 
 8.25111333e+02  9.96290054e+00  8.25111333e+02 -2.27137491e-01 
 8.34666955e+02  9.96289843e+00  8.34666955e+02 -2.30555090e-01 
 8.44333240e+02  9.96289627e+00  8.44333240e+02 -2.34003255e-01 
 8.54111471e+02  9.96289406e+00  8.54111471e+02 -2.37482443e-01 
 8.64002944e+02  9.96289180e+00  8.64002944e+02 -2.40993115e-01 
 8.74008970e+02  9.96288948e+00  8.74008970e+02 -2.44535737e-01 
 8.84130875e+02  9.96288710e+00  8.84130875e+02 -2.48110778e-01 
 8.94370003e+02  9.96288467e+00  8.94370003e+02 -2.51718712e-01 
 9.04727710e+02  9.96288218e+00  9.04727710e+02 -2.55360017e-01 
 9.15205369e+02  9.96287964e+00  9.15205369e+02 -2.59035176e-01 
 9.25804371e+02  9.96287703e+00  9.25804371e+02 -2.62744677e-01 
 9.36526119e+02  9.96287435e+00  9.36526119e+02 -2.66489010e-01 
 9.47372037e+02  9.96287162e+00  9.47372037e+02 -2.70268673e-01 
 9.58343561e+02  9.96286882e+00  9.58343561e+02 -2.74084166e-01 
 9.69442146e+02  9.96286595e+00  9.69442146e+02 -2.77935994e-01 
 9.80669264e+02  9.96286302e+00  9.80669264e+02 -2.81824670e-01 
 9.92026404e+02  9.96286001e+00  9.92026404e+02 -2.85750707e-01 
 1.00351507e+03  9.96285694e+00  1.00351507e+03 -2.89714627e-01 
 1.01513679e+03  9.96285379e+00  1.01513679e+03 -2.93716955e-01 
 1.02689310e+03  9.96285057e+00  1.02689310e+03 -2.97758222e-01 
 1.03878555e+03  9.96284727e+00  1.03878555e+03 -3.01838962e-01 
 1.05081574e+03  9.96284389e+00  1.05081574e+03 -3.05959718e-01 
 1.06298524e+03  9.96284044e+00  1.06298524e+03 -3.10121034e-01 
 1.07529569e+03  9.96283690e+00  1.07529569e+03 -3.14323464e-01 
 1.08774869e+03  9.96283328e+00  1.08774869e+03 -3.18567563e-01 
 1.10034592e+03  9.96282957e+00  1.10034592e+03 -3.22853894e-01 
 1.11308904e+03  9.96282578e+00  1.11308904e+03 -3.27183026e-01 
 1.12597973e+03  9.96282190e+00  1.12597973e+03 -3.31555533e-01 
 1.13901971e+03  9.96281792e+00  1.13901971e+03 -3.35971993e-01 
 1.15221071e+03  9.96281385e+00  1.15221071e+03 -3.40432992e-01 
 1.16555447e+03  9.96280969e+00  1.16555447e+03 -3.44939122e-01 
 1.17905277e+03  9.96280543e+00  1.17905277e+03 -3.49490979e-01 
 1.19270739e+03  9.96280107e+00  1.19270739e+03 -3.54089167e-01 
 1.20652015e+03  9.96279660e+00  1.20652015e+03 -3.58734296e-01 
 1.22049287e+03  9.96279204e+00  1.22049287e+03 -3.63426981e-01 
 1.23462740e+03  9.96278736e+00  1.23462740e+03 -3.68167844e-01 
 1.24892564e+03  9.96278257e+00  1.24892564e+03 -3.72957514e-01 
 1.26338945e+03  9.96277768e+00  1.26338945e+03 -3.77796624e-01 
 1.27802078e+03  9.96277267e+00  1.27802078e+03 -3.82685817e-01 
 1.29282155e+03  9.96276754e+00  1.29282155e+03 -3.87625740e-01 
 1.30779373e+03  9.96276229e+00  1.30779373e+03 -3.92617049e-01 
 1.32293930e+03  9.96275691e+00  1.32293930e+03 -3.97660404e-01 
 1.33826027e+03  9.96275141e+00  1.33826027e+03 -4.02756475e-01 
 1.35375867e+03  9.96274579e+00  1.35375867e+03 -4.07905935e-01 
 1.36943656e+03  9.96274003e+00  1.36943656e+03 -4.13109469e-01 
 1.38529602e+03  9.96273413e+00  1.38529602e+03 -4.18367764e-01 
 1.40133915e+03  9.96272810e+00  1.40133915e+03 -4.23681519e-01 
 1.41756807e+03  9.96272193e+00  1.41756807e+03 -4.29051438e-01 
 1.43398494e+03  9.96271561e+00  1.43398494e+03 -4.34478231e-01 
 1.45059193e+03  9.96270915e+00  1.45059193e+03 -4.39962619e-01 
 1.46739125e+03  9.96270253e+00  1.46739125e+03 -4.45505328e-01 
 1.48438512e+03  9.96269576e+00  1.48438512e+03 -4.51107092e-01 
 1.50157580e+03  9.96268883e+00  1.50157580e+03 -4.56768653e-01 
 1.51896556e+03  9.96268174e+00  1.51896556e+03 -4.62490763e-01 
 1.53655671e+03  9.96267448e+00  1.53655671e+03 -4.68274179e-01 
 1.55435159e+03  9.96266706e+00  1.55435159e+03 -4.74119667e-01 
 1.57235255e+03  9.96265946e+00  1.57235255e+03 -4.80028002e-01 
 1.59056198e+03  9.96265168e+00  1.59056198e+03 -4.85999967e-01 
 1.60898229e+03  9.96264372e+00  1.60898229e+03 -4.92036354e-01 
 1.62761593e+03  9.96263558e+00  1.62761593e+03 -4.98137961e-01 
 1.64646536e+03  9.96262724e+00  1.64646536e+03 -5.04305598e-01 
 1.66553309e+03  9.96261871e+00  1.66553309e+03 -5.10540081e-01 
 1.68482165e+03  9.96260999e+00  1.68482165e+03 -5.16842237e-01 
 1.70433358e+03  9.96260105e+00  1.70433358e+03 -5.23212900e-01 
 1.72407148e+03  9.96259191e+00  1.72407148e+03 -5.29652916e-01 
 1.74403797e+03  9.96258256e+00  1.74403797e+03 -5.36163136e-01 
 1.76423569e+03  9.96257299e+00  1.76423569e+03 -5.42744423e-01 
 1.78466732e+03  9.96256319e+00  1.78466732e+03 -5.49397649e-01 
 1.80533557e+03  9.96255317e+00  1.80533557e+03 -5.56123697e-01 
 1.82624317e+03  9.96254291e+00  1.82624317e+03 -5.62923455e-01 
 1.84739291e+03  9.96253241e+00  1.84739291e+03 -5.69797827e-01 
 1.86878759e+03  9.96252167e+00  1.86878759e+03 -5.76747721e-01 
 1.89043003e+03  9.96251068e+00  1.89043003e+03 -5.83774059e-01 
 1.91232312e+03  9.96249943e+00  1.91232312e+03 -5.90877772e-01 
 1.93446975e+03  9.96248792e+00  1.93446975e+03 -5.98059800e-01 
 1.95687286e+03  9.96247614e+00  1.95687286e+03 -6.05321094e-01 
 1.97953542e+03  9.96246409e+00  1.97953542e+03 -6.12662617e-01 
 2.00246044e+03  9.96245175e+00  2.00246044e+03 -6.20085342e-01 
 2.02565095e+03  9.96243913e+00  2.02565095e+03 -6.27590250e-01 
 2.04911003e+03  9.96242621e+00  2.04911003e+03 -6.35178336e-01 
 2.07284080e+03  9.96241299e+00  2.07284080e+03 -6.42850605e-01 
 2.09684638e+03  9.96239947e+00  2.09684638e+03 -6.50608074e-01 
 2.12112998e+03  9.96238563e+00  2.12112998e+03 -6.58451769e-01 
 2.14569480e+03  9.96237146e+00  2.14569480e+03 -6.66382729e-01 
 2.17054412e+03  9.96235697e+00  2.17054412e+03 -6.74402005e-01 
 2.19568121e+03  9.96234214e+00  2.19568121e+03 -6.82510659e-01 
 2.22110941e+03  9.96232696e+00  2.22110941e+03 -6.90709764e-01 
 2.24683210e+03  9.96231143e+00  2.24683210e+03 -6.99000406e-01 
 2.27285268e+03  9.96229553e+00  2.27285268e+03 -7.07383682e-01 
 2.29917461e+03  9.96227927e+00  2.29917461e+03 -7.15860704e-01 
 2.32580137e+03  9.96226262e+00  2.32580137e+03 -7.24432592e-01 
 2.35273649e+03  9.96224559e+00  2.35273649e+03 -7.33100483e-01 
 2.37998356e+03  9.96222816e+00  2.37998356e+03 -7.41865524e-01 
 2.40754617e+03  9.96221033e+00  2.40754617e+03 -7.50728875e-01 
 2.43542798e+03  9.96219208e+00  2.43542798e+03 -7.59691709e-01 
 2.46363269e+03  9.96217341e+00  2.46363269e+03 -7.68755214e-01 
 2.49216405e+03  9.96215430e+00  2.49216405e+03 -7.77920588e-01 
 2.52102582e+03  9.96213474e+00  2.52102582e+03 -7.87189046e-01 
 2.55022184e+03  9.96211473e+00  2.55022184e+03 -7.96561813e-01 
 2.57975598e+03  9.96209425e+00  2.57975598e+03 -8.06040132e-01 
 2.60963216e+03  9.96207330e+00  2.60963216e+03 -8.15625255e-01 
 2.63985434e+03  9.96205185e+00  2.63985434e+03 -8.25318453e-01 
 2.67042651e+03  9.96202991e+00  2.67042651e+03 -8.35121007e-01 
 2.70135274e+03  9.96200746e+00  2.70135274e+03 -8.45034215e-01 
 2.73263713e+03  9.96198448e+00  2.73263713e+03 -8.55059389e-01 
 2.76428383e+03  9.96196097e+00  2.76428383e+03 -8.65197855e-01 
 2.79629703e+03  9.96193691e+00  2.79629703e+03 -8.75450955e-01 
 2.82868097e+03  9.96191229e+00  2.82868097e+03 -8.85820046e-01 
 2.86143995e+03  9.96188710e+00  2.86143995e+03 -8.96306500e-01 
 2.89457831e+03  9.96186132e+00  2.89457831e+03 -9.06911704e-01 
 2.92810044e+03  9.96183494e+00  2.92810044e+03 -9.17637061e-01 
 2.96201080e+03  9.96180794e+00  2.96201080e+03 -9.28483990e-01 
 2.99631387e+03  9.96178032e+00  2.99631387e+03 -9.39453926e-01 
 3.03101421e+03  9.96175205e+00  3.03101421e+03 -9.50548320e-01 
 3.06611641e+03  9.96172312e+00  3.06611641e+03 -9.61768640e-01 
 3.10162514e+03  9.96169352e+00  3.10162514e+03 -9.73116369e-01 
 3.13754508e+03  9.96166323e+00  3.13754508e+03 -9.84593008e-01 
 3.17388102e+03  9.96163224e+00  3.17388102e+03 -9.96200076e-01 
 3.21063777e+03  9.96160052e+00  3.21063777e+03 -1.00793911e+00 
 3.24782019e+03  9.96156806e+00  3.24782019e+03 -1.01981165e+00 
 3.28543323e+03  9.96153485e+00  3.28543323e+03 -1.03181928e+00 
 3.32348186e+03  9.96150087e+00  3.32348186e+03 -1.04396359e+00 
 3.36197113e+03  9.96146609e+00  3.36197113e+03 -1.05624617e+00 
 3.40090615e+03  9.96143050e+00  3.40090615e+03 -1.06866865e+00 
 3.44029207e+03  9.96139409e+00  3.44029207e+03 -1.08123268e+00 
 3.48013412e+03  9.96135682e+00  3.48013412e+03 -1.09393992e+00 
 3.52043759e+03  9.96131869e+00  3.52043759e+03 -1.10679203e+00 
 3.56120781e+03  9.96127967e+00  3.56120781e+03 -1.11979073e+00 
 3.60245019e+03  9.96123974e+00  3.60245019e+03 -1.13293774e+00 
 3.64417019e+03  9.96119889e+00  3.64417019e+03 -1.14623478e+00 
 3.68637336e+03  9.96115708e+00  3.68637336e+03 -1.15968361e+00 
 3.72906528e+03  9.96111429e+00  3.72906528e+03 -1.17328602e+00 
 3.77225162e+03  9.96107051e+00  3.77225162e+03 -1.18704379e+00 
 3.81593810e+03  9.96102571e+00  3.81593810e+03 -1.20095875e+00 
 3.86013052e+03  9.96097987e+00  3.86013052e+03 -1.21503274e+00 
 3.90483472e+03  9.96093296e+00  3.90483472e+03 -1.22926761e+00 
 3.95005665e+03  9.96088496e+00  3.95005665e+03 -1.24366524e+00 
 3.99580229e+03  9.96083584e+00  3.99580229e+03 -1.25822754e+00 
 4.04207771e+03  9.96078558e+00  4.04207771e+03 -1.27295642e+00 
 4.08888905e+03  9.96073414e+00  4.08888905e+03 -1.28785383e+00 
 4.13624251e+03  9.96068151e+00  4.13624251e+03 -1.30292175e+00 
 4.18414437e+03  9.96062765e+00  4.18414437e+03 -1.31816215e+00 
 4.23260098e+03  9.96057254e+00  4.23260098e+03 -1.33357705e+00 
 4.28161877e+03  9.96051615e+00  4.28161877e+03 -1.34916848e+00 
 4.33120424e+03  9.96045844e+00  4.33120424e+03 -1.36493850e+00 
 4.38136395e+03  9.96039939e+00  4.38136395e+03 -1.38088919e+00 
 4.43210457e+03  9.96033896e+00  4.43210457e+03 -1.39702266e+00 
 4.48343281e+03  9.96027713e+00  4.48343281e+03 -1.41334103e+00 
 4.53535548e+03  9.96021386e+00  4.53535548e+03 -1.42984646e+00 
 4.58787948e+03  9.96014912e+00  4.58787948e+03 -1.44654112e+00 
 4.64101175e+03  9.96008286e+00  4.64101175e+03 -1.46342721e+00 
 4.69475935e+03  9.96001507e+00  4.69475935e+03 -1.48050697e+00 
 4.74912940e+03  9.95994570e+00  4.74912940e+03 -1.49778264e+00 
 4.80412911e+03  9.95987471e+00  4.80412911e+03 -1.51525649e+00 
 4.85976577e+03  9.95980207e+00  4.85976577e+03 -1.53293084e+00 
 4.91604676e+03  9.95972774e+00  4.91604676e+03 -1.55080801e+00 
 4.97297954e+03  9.95965167e+00  4.97297954e+03 -1.56889036e+00 
 5.03057166e+03  9.95957384e+00  5.03057166e+03 -1.58718027e+00 
 5.08883076e+03  9.95949420e+00  5.08883076e+03 -1.60568014e+00 
 5.14776455e+03  9.95941270e+00  5.14776455e+03 -1.62439242e+00 
 5.20738086e+03  9.95932931e+00  5.20738086e+03 -1.64331956e+00 
 5.26768758e+03  9.95924397e+00  5.26768758e+03 -1.66246407e+00 
 5.32869272e+03  9.95915665e+00  5.32869272e+03 -1.68182846e+00 
 5.39040436e+03  9.95906729e+00  5.39040436e+03 -1.70141527e+00 
 5.45283068e+03  9.95897586e+00  5.45283068e+03 -1.72122709e+00 
 5.51597996e+03  9.95888230e+00  5.51597996e+03 -1.74126653e+00 
 5.57986057e+03  9.95878656e+00  5.57986057e+03 -1.76153621e+00 
 5.64448099e+03  9.95868859e+00  5.64448099e+03 -1.78203881e+00 
 5.70984977e+03  9.95858834e+00  5.70984977e+03 -1.80277702e+00 
 5.77597559e+03  9.95848576e+00  5.77597559e+03 -1.82375356e+00 
 5.84286722e+03  9.95838080e+00  5.84286722e+03 -1.84497120e+00 
 5.91053351e+03  9.95827339e+00  5.91053351e+03 -1.86643273e+00 
 5.97898345e+03  9.95816348e+00  5.97898345e+03 -1.88814095e+00 
 6.04822611e+03  9.95805101e+00  6.04822611e+03 -1.91009873e+00 
 6.11827067e+03  9.95793593e+00  6.11827067e+03 -1.93230894e+00 
 6.18912642e+03  9.95781817e+00  6.18912642e+03 -1.95477451e+00 
 6.26080275e+03  9.95769767e+00  6.26080275e+03 -1.97749839e+00 
 6.33330916e+03  9.95757436e+00  6.33330916e+03 -2.00048354e+00 
 6.40665527e+03  9.95744819e+00  6.40665527e+03 -2.02373300e+00 
 6.48085080e+03  9.95731908e+00  6.48085080e+03 -2.04724981e+00 
 6.55590559e+03  9.95718697e+00  6.55590559e+03 -2.07103706e+00 
 6.63182959e+03  9.95705179e+00  6.63182959e+03 -2.09509786e+00 
 6.70863287e+03  9.95691346e+00  6.70863287e+03 -2.11943537e+00 
 6.78632561e+03  9.95677191e+00  6.78632561e+03 -2.14405277e+00 
 6.86491811e+03  9.95662707e+00  6.86491811e+03 -2.16895329e+00 
 6.94442078e+03  9.95647886e+00  6.94442078e+03 -2.19414020e+00 
 7.02484418e+03  9.95632720e+00  7.02484418e+03 -2.21961679e+00 
 7.10619897e+03  9.95617202e+00  7.10619897e+03 -2.24538640e+00 
 7.18849592e+03  9.95601323e+00  7.18849592e+03 -2.27145239e+00 
 7.27174595e+03  9.95585074e+00  7.27174595e+03 -2.29781818e+00 
 7.35596011e+03  9.95568448e+00  7.35596011e+03 -2.32448722e+00 
 7.44114955e+03  9.95551435e+00  7.44114955e+03 -2.35146299e+00 
 7.52732557e+03  9.95534026e+00  7.52732557e+03 -2.37874902e+00 
 7.61449959e+03  9.95516213e+00  7.61449959e+03 -2.40634887e+00 
 7.70268318e+03  9.95497985e+00  7.70268318e+03 -2.43426614e+00 
 7.79188802e+03  9.95479334e+00  7.79188802e+03 -2.46250449e+00 
 7.88212595e+03  9.95460249e+00  7.88212595e+03 -2.49106759e+00 
 7.97340892e+03  9.95440720e+00  7.97340892e+03 -2.51995918e+00 
 8.06574904e+03  9.95420738e+00  8.06574904e+03 -2.54918302e+00 
 8.15915855e+03  9.95400291e+00  8.15915855e+03 -2.57874291e+00 
 8.25364983e+03  9.95379368e+00  8.25364983e+03 -2.60864272e+00 
 8.34923543e+03  9.95357959e+00  8.34923543e+03 -2.63888634e+00 
 8.44592800e+03  9.95336053e+00  8.44592800e+03 -2.66947770e+00 
 8.54374036e+03  9.95313638e+00  8.54374036e+03 -2.70042079e+00 
 8.64268550e+03  9.95290701e+00  8.64268550e+03 -2.73171962e+00 
 8.74277651e+03  9.95267232e+00  8.74277651e+03 -2.76337828e+00 
 8.84402669e+03  9.95243217e+00  8.84402669e+03 -2.79540087e+00 
 8.94644944e+03  9.95218645e+00  8.94644944e+03 -2.82779156e+00 
 9.05005835e+03  9.95193501e+00  9.05005835e+03 -2.86055455e+00 
 9.15486716e+03  9.95167774e+00  9.15486716e+03 -2.89369409e+00 
 9.26088975e+03  9.95141448e+00  9.26088975e+03 -2.92721448e+00 
 9.36814020e+03  9.95114511e+00  9.36814020e+03 -2.96112007e+00 
 9.47663271e+03  9.95086949e+00  9.47663271e+03 -2.99541526e+00 
 9.58638168e+03  9.95058746e+00  9.58638168e+03 -3.03010447e+00 
 9.69740165e+03  9.95029888e+00  9.69740165e+03 -3.06519221e+00 
 9.80970735e+03  9.95000360e+00  9.80970735e+03 -3.10068301e+00 
 9.92331366e+03  9.94970147e+00  9.92331366e+03 -3.13658147e+00 
 1.00382356e+04  9.94939232e+00  1.00382356e+04 -3.17289221e+00 
 1.01544885e+04  9.94907599e+00  1.01544885e+04 -3.20961993e+00 
 1.02720878e+04  9.94875231e+00  1.02720878e+04 -3.24676937e+00 
 1.03910489e+04  9.94842113e+00  1.03910489e+04 -3.28434533e+00 
 1.05113877e+04  9.94808225e+00  1.05113877e+04 -3.32235264e+00 
 1.06331202e+04  9.94773551e+00  1.06331202e+04 -3.36079619e+00 
 1.07562625e+04  9.94738073e+00  1.07562625e+04 -3.39968095e+00 
 1.08808308e+04  9.94701771e+00  1.08808308e+04 -3.43901191e+00 
 1.10068418e+04  9.94664627e+00  1.10068418e+04 -3.47879412e+00 
 1.11343122e+04  9.94626620e+00  1.11343122e+04 -3.51903270e+00 
 1.12632587e+04  9.94587733e+00  1.12632587e+04 -3.55973281e+00 
 1.13936986e+04  9.94547943e+00  1.13936986e+04 -3.60089967e+00 
 1.15256492e+04  9.94507230e+00  1.15256492e+04 -3.64253856e+00 
 1.16591278e+04  9.94465573e+00  1.16591278e+04 -3.68465481e+00 
 1.17941523e+04  9.94422950e+00  1.17941523e+04 -3.72725381e+00 
 1.19307404e+04  9.94379338e+00  1.19307404e+04 -3.77034100e+00 
 1.20689105e+04  9.94334716e+00  1.20689105e+04 -3.81392189e+00 
 1.22086806e+04  9.94289058e+00  1.22086806e+04 -3.85800203e+00 
 1.23500695e+04  9.94242343e+00  1.23500695e+04 -3.90258706e+00 
 1.24930957e+04  9.94194545e+00  1.24930957e+04 -3.94768264e+00 
 1.26377784e+04  9.94145639e+00  1.26377784e+04 -3.99329452e+00 
 1.27841366e+04  9.94095600e+00  1.27841366e+04 -4.03942850e+00 
 1.29321898e+04  9.94044401e+00  1.29321898e+04 -4.08609044e+00 
 1.30819576e+04  9.93992017e+00  1.30819576e+04 -4.13328626e+00 
 1.32334599e+04  9.93938419e+00  1.32334599e+04 -4.18102193e+00 
 1.33867167e+04  9.93883580e+00  1.33867167e+04 -4.22930352e+00 
 1.35417484e+04  9.93827470e+00  1.35417484e+04 -4.27813711e+00 
 1.36985755e+04  9.93770062e+00  1.36985755e+04 -4.32752889e+00 
 1.38572188e+04  9.93711325e+00  1.38572188e+04 -4.37748508e+00 
 1.40176994e+04  9.93651228e+00  1.40176994e+04 -4.42801199e+00 
 1.41800385e+04  9.93589740e+00  1.41800385e+04 -4.47911597e+00 
 1.43442576e+04  9.93526830e+00  1.43442576e+04 -4.53080346e+00 
 1.45103786e+04  9.93462464e+00  1.45103786e+04 -4.58308094e+00 
 1.46784234e+04  9.93396609e+00  1.46784234e+04 -4.63595496e+00 
 1.48484144e+04  9.93329231e+00  1.48484144e+04 -4.68943217e+00 
 1.50203740e+04  9.93260294e+00  1.50203740e+04 -4.74351924e+00 
 1.51943251e+04  9.93189764e+00  1.51943251e+04 -4.79822293e+00 
 1.53702907e+04  9.93117604e+00  1.53702907e+04 -4.85355007e+00 
 1.55482942e+04  9.93043776e+00  1.55482942e+04 -4.90950754e+00 
 1.57283591e+04  9.92968241e+00  1.57283591e+04 -4.96610232e+00 
 1.59105094e+04  9.92890962e+00  1.59105094e+04 -5.02334142e+00 
 1.60947691e+04  9.92811897e+00  1.60947691e+04 -5.08123196e+00 
 1.62811628e+04  9.92731006e+00  1.62811628e+04 -5.13978108e+00 
 1.64697151e+04  9.92648248e+00  1.64697151e+04 -5.19899604e+00 
 1.66604510e+04  9.92563578e+00  1.66604510e+04 -5.25888414e+00 
 1.68533958e+04  9.92476955e+00  1.68533958e+04 -5.31945276e+00 
 1.70485751e+04  9.92388333e+00  1.70485751e+04 -5.38070935e+00 
 1.72460148e+04  9.92297666e+00  1.72460148e+04 -5.44266143e+00 
 1.74457411e+04  9.92204908e+00  1.74457411e+04 -5.50531658e+00 
 1.76477804e+04  9.92110011e+00  1.76477804e+04 -5.56868248e+00 
 1.78521595e+04  9.92012926e+00  1.78521595e+04 -5.63276685e+00 
 1.80589055e+04  9.91913603e+00  1.80589055e+04 -5.69757751e+00 
 1.82680458e+04  9.91811992e+00  1.82680458e+04 -5.76312234e+00 
 1.84796082e+04  9.91708039e+00  1.84796082e+04 -5.82940929e+00 
 1.86936208e+04  9.91601693e+00  1.86936208e+04 -5.89644638e+00 
 1.89101117e+04  9.91492898e+00  1.89101117e+04 -5.96424172e+00 
 1.91291099e+04  9.91381598e+00  1.91291099e+04 -6.03280348e+00 
 1.93506443e+04  9.91267737e+00  1.93506443e+04 -6.10213990e+00 
 1.95747443e+04  9.91151256e+00  1.95747443e+04 -6.17225931e+00 
 1.98014396e+04  9.91032096e+00  1.98014396e+04 -6.24317009e+00 
 2.00307602e+04  9.90910197e+00  2.00307602e+04 -6.31488073e+00 
 2.02627366e+04  9.90785495e+00  2.02627366e+04 -6.38739975e+00 
 2.04973996e+04  9.90657928e+00  2.04973996e+04 -6.46073578e+00 
 2.07347801e+04  9.90527431e+00  2.07347801e+04 -6.53489751e+00 
 2.09749098e+04  9.90393937e+00  2.09749098e+04 -6.60989370e+00 
 2.12178204e+04  9.90257378e+00  2.12178204e+04 -6.68573319e+00 
 2.14635442e+04  9.90117685e+00  2.14635442e+04 -6.76242490e+00 
 2.17121137e+04  9.89974787e+00  2.17121137e+04 -6.83997780e+00 
 2.19635619e+04  9.89828613e+00  2.19635619e+04 -6.91840097e+00 
 2.22179221e+04  9.89679088e+00  2.22179221e+04 -6.99770353e+00 
 2.24752280e+04  9.89526136e+00  2.24752280e+04 -7.07789470e+00 
 2.27355138e+04  9.89369680e+00  2.27355138e+04 -7.15898375e+00 
 2.29988140e+04  9.89209642e+00  2.29988140e+04 -7.24098005e+00 
 2.32651635e+04  9.89045940e+00  2.32651635e+04 -7.32389301e+00 
 2.35345976e+04  9.88878494e+00  2.35345976e+04 -7.40773215e+00 
 2.38071520e+04  9.88707217e+00  2.38071520e+04 -7.49250702e+00 
 2.40828628e+04  9.88532025e+00  2.40828628e+04 -7.57822728e+00 
 2.43617666e+04  9.88352830e+00  2.43617666e+04 -7.66490264e+00 
 2.46439005e+04  9.88169542e+00  2.46439005e+04 -7.75254289e+00 
 2.49293017e+04  9.87982070e+00  2.49293017e+04 -7.84115788e+00 
 2.52180082e+04  9.87790320e+00  2.52180082e+04 -7.93075755e+00 
 2.55100581e+04  9.87594196e+00  2.55100581e+04 -8.02135188e+00 
 2.58054904e+04  9.87393601e+00  2.58054904e+04 -8.11295093e+00 
 2.61043440e+04  9.87188435e+00  2.61043440e+04 -8.20556485e+00 
 2.64066586e+04  9.86978597e+00  2.64066586e+04 -8.29920383e+00 
 2.67124744e+04  9.86763982e+00  2.67124744e+04 -8.39387812e+00 
 2.70218318e+04  9.86544485e+00  2.70218318e+04 -8.48959807e+00 
 2.73347718e+04  9.86319997e+00  2.73347718e+04 -8.58637407e+00 
 2.76513361e+04  9.86090407e+00  2.76513361e+04 -8.68421657e+00 
 2.79715664e+04  9.85855603e+00  2.79715664e+04 -8.78313608e+00 
 2.82955054e+04  9.85615469e+00  2.82955054e+04 -8.88314320e+00 
 2.86231959e+04  9.85369888e+00  2.86231959e+04 -8.98424855e+00 
 2.89546814e+04  9.85118739e+00  2.89546814e+04 -9.08646283e+00 
 2.92900058e+04  9.84861899e+00  2.92900058e+04 -9.18979680e+00 
 2.96292136e+04  9.84599245e+00  2.96292136e+04 -9.29426127e+00 
 2.99723498e+04  9.84330646e+00  2.99723498e+04 -9.39986710e+00 
 3.03194599e+04  9.84055974e+00  3.03194599e+04 -9.50662520e+00 
 3.06705898e+04  9.83775096e+00  3.06705898e+04 -9.61454654e+00 
 3.10257862e+04  9.83487874e+00  3.10257862e+04 -9.72364213e+00 
 3.13850961e+04  9.83194171e+00  3.13850961e+04 -9.83392304e+00 
 3.17485672e+04  9.82893846e+00  3.17485672e+04 -9.94540037e+00 
 3.21162476e+04  9.82586754e+00  3.21162476e+04 -1.00580853e+01 
 3.24881861e+04  9.82272748e+00  3.24881861e+04 -1.01719889e+01 
 3.28644321e+04  9.81951677e+00  3.28644321e+04 -1.02871226e+01 
 3.32450354e+04  9.81623389e+00  3.32450354e+04 -1.04034975e+01 
 3.36300464e+04  9.81287728e+00  3.36300464e+04 -1.05211249e+01 
 3.40195163e+04  9.80944533e+00  3.40195163e+04 -1.06400162e+01 
 3.44134966e+04  9.80593644e+00  3.44134966e+04 -1.07601828e+01 
 3.48120396e+04  9.80234893e+00  3.48120396e+04 -1.08816360e+01 
 3.52151982e+04  9.79868113e+00  3.52151982e+04 -1.10043872e+01 
 3.56230257e+04  9.79493130e+00  3.56230257e+04 -1.11284478e+01 
 3.60355763e+04  9.79109769e+00  3.60355763e+04 -1.12538293e+01 
 3.64529046e+04  9.78717852e+00  3.64529046e+04 -1.13805432e+01 
 3.68750660e+04  9.78317196e+00  3.68750660e+04 -1.15086009e+01 
 3.73021165e+04  9.77907615e+00  3.73021165e+04 -1.16380138e+01 
 3.77341126e+04  9.77488919e+00  3.77341126e+04 -1.17687935e+01 
 3.81711117e+04  9.77060915e+00  3.81711117e+04 -1.19009515e+01 
 3.86131717e+04  9.76623407e+00  3.86131717e+04 -1.20344991e+01 
 3.90603512e+04  9.76176194e+00  3.90603512e+04 -1.21694479e+01 
 3.95127095e+04  9.75719072e+00  3.95127095e+04 -1.23058092e+01 
 3.99703065e+04  9.75251833e+00  3.99703065e+04 -1.24435946e+01 
 4.04332030e+04  9.74774265e+00  4.04332030e+04 -1.25828154e+01 
 4.09014603e+04  9.74286153e+00  4.09014603e+04 -1.27234831e+01 
 4.13751404e+04  9.73787276e+00  4.13751404e+04 -1.28656088e+01 
 4.18543063e+04  9.73277411e+00  4.18543063e+04 -1.30092041e+01 
 4.23390214e+04  9.72756330e+00  4.23390214e+04 -1.31542800e+01 
 4.28293500e+04  9.72223802e+00  4.28293500e+04 -1.33008480e+01 
 4.33253571e+04  9.71679590e+00  4.33253571e+04 -1.34489190e+01 
 4.38271084e+04  9.71123455e+00  4.38271084e+04 -1.35985043e+01 
 4.43346705e+04  9.70555152e+00  4.43346705e+04 -1.37496148e+01 
 4.48481108e+04  9.69974433e+00  4.48481108e+04 -1.39022616e+01 
 4.53674971e+04  9.69381044e+00  4.53674971e+04 -1.40564556e+01 
 4.58928985e+04  9.68774729e+00  4.58928985e+04 -1.42122076e+01 
 4.64243846e+04  9.68155226e+00  4.64243846e+04 -1.43695282e+01 
 4.69620258e+04  9.67522268e+00  4.69620258e+04 -1.45284282e+01 
 4.75058934e+04  9.66875587e+00  4.75058934e+04 -1.46889181e+01 
 4.80560596e+04  9.66214906e+00  4.80560596e+04 -1.48510083e+01 
 4.86125973e+04  9.65539946e+00  4.86125973e+04 -1.50147090e+01 
 4.91755802e+04  9.64850424e+00  4.91755802e+04 -1.51800306e+01 
 4.97450830e+04  9.64146051e+00  4.97450830e+04 -1.53469830e+01 
 5.03211813e+04  9.63426533e+00  5.03211813e+04 -1.55155762e+01 
 5.09039513e+04  9.62691574e+00  5.09039513e+04 -1.56858198e+01 
 5.14934704e+04  9.61940870e+00  5.14934704e+04 -1.58577236e+01 
 5.20898168e+04  9.61174115e+00  5.20898168e+04 -1.60312970e+01 
 5.26930694e+04  9.60390996e+00  5.26930694e+04 -1.62065492e+01 
 5.33033083e+04  9.59591199e+00  5.33033083e+04 -1.63834893e+01 
 5.39206144e+04  9.58774400e+00  5.39206144e+04 -1.65621262e+01 
 5.45450695e+04  9.57940276e+00  5.45450695e+04 -1.67424687e+01 
 5.51767564e+04  9.57088494e+00  5.51767564e+04 -1.69245252e+01 
 5.58157589e+04  9.56218721e+00  5.58157589e+04 -1.71083040e+01 
 5.64621617e+04  9.55330616e+00  5.64621617e+04 -1.72938131e+01 
 5.71160505e+04  9.54423834e+00  5.71160505e+04 -1.74810605e+01 
 5.77775120e+04  9.53498026e+00  5.77775120e+04 -1.76700535e+01 
 5.84466339e+04  9.52552838e+00  5.84466339e+04 -1.78607995e+01 
 5.91235049e+04  9.51587911e+00  5.91235049e+04 -1.80533056e+01 
 5.98082147e+04  9.50602883e+00  5.98082147e+04 -1.82475786e+01 
 6.05008542e+04  9.49597384e+00  6.05008542e+04 -1.84436248e+01 
 6.12015151e+04  9.48571043e+00  6.12015151e+04 -1.86414505e+01 
 6.19102904e+04  9.47523483e+00  6.19102904e+04 -1.88410615e+01 
 6.26272740e+04  9.46454321e+00  6.26272740e+04 -1.90424633e+01 
 6.33525610e+04  9.45363173e+00  6.33525610e+04 -1.92456612e+01 
 6.40862476e+04  9.44249646e+00  6.40862476e+04 -1.94506600e+01 
 6.48284310e+04  9.43113347e+00  6.48284310e+04 -1.96574643e+01 
 6.55792097e+04  9.41953876e+00  6.55792097e+04 -1.98660781e+01 
 6.63386831e+04  9.40770830e+00  6.63386831e+04 -2.00765052e+01 
 6.71069519e+04  9.39563802e+00  6.71069519e+04 -2.02887489e+01 
 6.78841182e+04  9.38332379e+00  6.78841182e+04 -2.05028123e+01 
 6.86702847e+04  9.37076146e+00  6.86702847e+04 -2.07186979e+01 
 6.94655559e+04  9.35794683e+00  6.94655559e+04 -2.09364078e+01 
 7.02700371e+04  9.34487568e+00  7.02700371e+04 -2.11559436e+01 
 7.10838351e+04  9.33154373e+00  7.10838351e+04 -2.13773067e+01 
 7.19070576e+04  9.31794667e+00  7.19070576e+04 -2.16004977e+01 
 7.27398139e+04  9.30408016e+00  7.27398139e+04 -2.18255170e+01 
 7.35822143e+04  9.28993983e+00  7.35822143e+04 -2.20523643e+01 
 7.44343706e+04  9.27552127e+00  7.44343706e+04 -2.22810390e+01 
 7.52963957e+04  9.26082004e+00  7.52963957e+04 -2.25115398e+01 
 7.61684039e+04  9.24583167e+00  7.61684039e+04 -2.27438650e+01 
 7.70505109e+04  9.23055167e+00  7.70505109e+04 -2.29780124e+01 
 7.79428335e+04  9.21497552e+00  7.79428335e+04 -2.32139791e+01 
 7.88454902e+04  9.19909868e+00  7.88454902e+04 -2.34517617e+01 
 7.97586005e+04  9.18291656e+00  7.97586005e+04 -2.36913563e+01 
 8.06822855e+04  9.16642460e+00  8.06822855e+04 -2.39327584e+01 
 8.16166678e+04  9.14961816e+00  8.16166678e+04 -2.41759628e+01 
 8.25618712e+04  9.13249264e+00  8.25618712e+04 -2.44209638e+01 
 8.35180209e+04  9.11504339e+00  8.35180209e+04 -2.46677551e+01 
 8.44852439e+04  9.09726575e+00  8.44852439e+04 -2.49163296e+01 
 8.54636682e+04  9.07915508e+00  8.54636682e+04 -2.51666799e+01 
 8.64534237e+04  9.06070668e+00  8.64534237e+04 -2.54187975e+01 
 8.74546416e+04  9.04191590e+00  8.74546416e+04 -2.56726737e+01 
 8.84674546e+04  9.02277804e+00  8.84674546e+04 -2.59282987e+01 
 8.94919970e+04  9.00328843e+00  8.94919970e+04 -2.61856625e+01 
 9.05284046e+04  8.98344240e+00  9.05284046e+04 -2.64447539e+01 
 9.15768148e+04  8.96323526e+00  9.15768148e+04 -2.67055615e+01 
 9.26373667e+04  8.94266235e+00  9.26373667e+04 -2.69680728e+01 
 9.37102009e+04  8.92171903e+00  9.37102009e+04 -2.72322748e+01 
 9.47954596e+04  8.90040064e+00  9.47954596e+04 -2.74981537e+01 
 9.58932866e+04  8.87870257e+00  9.58932866e+04 -2.77656952e+01 
 9.70038276e+04  8.85662021e+00  9.70038276e+04 -2.80348839e+01 
 9.81272298e+04  8.83414898e+00  9.81272298e+04 -2.83057039e+01 
 9.92636421e+04  8.81128433e+00  9.92636421e+04 -2.85781386e+01 
 1.00413215e+05  8.78802172e+00  1.00413215e+05 -2.88521705e+01 
 1.01576102e+05  8.76435667e+00  1.01576102e+05 -2.91277815e+01 
 1.02752455e+05  8.74028473e+00  1.02752455e+05 -2.94049526e+01 
 1.03942432e+05  8.71580147e+00  1.03942432e+05 -2.96836642e+01 
 1.05146191e+05  8.69090252e+00  1.05146191e+05 -2.99638959e+01 
 1.06363890e+05  8.66558357e+00  1.06363890e+05 -3.02456264e+01 
 1.07595691e+05  8.63984032e+00  1.07595691e+05 -3.05288339e+01 
 1.08841757e+05  8.61366858e+00  1.08841757e+05 -3.08134958e+01 
 1.10102255e+05  8.58706417e+00  1.10102255e+05 -3.10995884e+01 
 1.11377350e+05  8.56002299e+00  1.11377350e+05 -3.13870878e+01 
 1.12667212e+05  8.53254101e+00  1.12667212e+05 -3.16759688e+01 
 1.13972012e+05  8.50461428e+00  1.13972012e+05 -3.19662060e+01 
 1.15291923e+05  8.47623889e+00  1.15291923e+05 -3.22577729e+01 
 1.16627120e+05  8.44741103e+00  1.16627120e+05 -3.25506423e+01 
 1.17977779e+05  8.41812699e+00  1.17977779e+05 -3.28447863e+01 
 1.19344081e+05  8.38838309e+00  1.19344081e+05 -3.31401765e+01 
 1.20726206e+05  8.35817581e+00  1.20726206e+05 -3.34367835e+01 
 1.22124337e+05  8.32750166e+00  1.22124337e+05 -3.37345773e+01 
 1.23538660e+05  8.29635728e+00  1.23538660e+05 -3.40335273e+01 
 1.24969363e+05  8.26473941e+00  1.24969363e+05 -3.43336020e+01 
 1.26416634e+05  8.23264488e+00  1.26416634e+05 -3.46347695e+01 
 1.27880666e+05  8.20007065e+00  1.27880666e+05 -3.49369971e+01 
 1.29361653e+05  8.16701378e+00  1.29361653e+05 -3.52402514e+01 
 1.30859792e+05  8.13347143e+00  1.30859792e+05 -3.55444986e+01 
 1.32375280e+05  8.09944091e+00  1.32375280e+05 -3.58497040e+01 
 1.33908319e+05  8.06491963e+00  1.33908319e+05 -3.61558326e+01 
 1.35459113e+05  8.02990515e+00  1.35459113e+05 -3.64628486e+01 
 1.37027866e+05  7.99439514e+00  1.37027866e+05 -3.67707157e+01 
 1.38614787e+05  7.95838740e+00  1.38614787e+05 -3.70793971e+01 
 1.40220086e+05  7.92187990e+00  1.40220086e+05 -3.73888555e+01 
 1.41843976e+05  7.88487072e+00  1.41843976e+05 -3.76990531e+01 
 1.43486672e+05  7.84735810e+00  1.43486672e+05 -3.80099516e+01 
 1.45148393e+05  7.80934041e+00  1.45148393e+05 -3.83215122e+01 
 1.46829358e+05  7.77081619e+00  1.46829358e+05 -3.86336958e+01 
 1.48529790e+05  7.73178413e+00  1.48529790e+05 -3.89464627e+01 
 1.50249915e+05  7.69224305e+00  1.50249915e+05 -3.92597731e+01 
 1.51989960e+05  7.65219198e+00  1.51989960e+05 -3.95735867e+01 
 1.53750157e+05  7.61163005e+00  1.53750157e+05 -3.98878627e+01 
 1.55530739e+05  7.57055661e+00  1.55530739e+05 -4.02025604e+01 
 1.57331942e+05  7.52897114e+00  1.57331942e+05 -4.05176385e+01 
 1.59154005e+05  7.48687331e+00  1.59154005e+05 -4.08330555e+01 
 1.60997169e+05  7.44426293e+00  1.60997169e+05 -4.11487699e+01 
 1.62861678e+05  7.40114002e+00  1.62861678e+05 -4.14647398e+01 
 1.64747781e+05  7.35750476e+00  1.64747781e+05 -4.17809232e+01 
 1.66655726e+05  7.31335749e+00  1.66655726e+05 -4.20972781e+01 
 1.68585768e+05  7.26869876e+00  1.68585768e+05 -4.24137622e+01 
 1.70538161e+05  7.22352925e+00  1.70538161e+05 -4.27303334e+01 
 1.72513165e+05  7.17784988e+00  1.72513165e+05 -4.30469493e+01 
 1.74511042e+05  7.13166171e+00  1.74511042e+05 -4.33635677e+01 
 1.76532055e+05  7.08496599e+00  1.76532055e+05 -4.36801464e+01 
 1.78576475e+05  7.03776416e+00  1.78576475e+05 -4.39966432e+01 
 1.80644570e+05  6.99005783e+00  1.80644570e+05 -4.43130161e+01 
 1.82736617e+05  6.94184882e+00  1.82736617e+05 -4.46292231e+01 
 1.84852891e+05  6.89313911e+00  1.84852891e+05 -4.49452226e+01 
 1.86993674e+05  6.84393087e+00  1.86993674e+05 -4.52609729e+01 
 1.89159250e+05  6.79422646e+00  1.89159250e+05 -4.55764327e+01 
 1.91349905e+05  6.74402842e+00  1.91349905e+05 -4.58915610e+01 
 1.93565930e+05  6.69333946e+00  1.93565930e+05 -4.62063171e+01 
 1.95807618e+05  6.64216251e+00  1.95807618e+05 -4.65206605e+01 
 1.98075268e+05  6.59050065e+00  1.98075268e+05 -4.68345512e+01 
 2.00369179e+05  6.53835715e+00  2.00369179e+05 -4.71479495e+01 
 2.02689657e+05  6.48573546e+00  2.02689657e+05 -4.74608163e+01 
 2.05037007e+05  6.43263922e+00  2.05037007e+05 -4.77731126e+01 
 2.07411543e+05  6.37907224e+00  2.07411543e+05 -4.80848002e+01 
 2.09813578e+05  6.32503851e+00  2.09813578e+05 -4.83958415e+01 
 2.12243431e+05  6.27054219e+00  2.12243431e+05 -4.87061990e+01 
 2.14701424e+05  6.21558761e+00  2.14701424e+05 -4.90158364e+01 
 2.17187883e+05  6.16017930e+00  2.17187883e+05 -4.93247174e+01 
 2.19703138e+05  6.10432193e+00  2.19703138e+05 -4.96328067e+01 
 2.22247522e+05  6.04802035e+00  2.22247522e+05 -4.99400696e+01 
 2.24821372e+05  5.99127959e+00  2.24821372e+05 -5.02464722e+01 
 2.27425030e+05  5.93410481e+00  2.27425030e+05 -5.05519810e+01 
 2.30058842e+05  5.87650138e+00  2.30058842e+05 -5.08565635e+01 
 2.32723155e+05  5.81847478e+00  2.32723155e+05 -5.11601879e+01 
 2.35418324e+05  5.76003068e+00  2.35418324e+05 -5.14628233e+01 
 2.38144706e+05  5.70117490e+00  2.38144706e+05 -5.17644396e+01 
 2.40902662e+05  5.64191341e+00  2.40902662e+05 -5.20650073e+01 
 2.43692558e+05  5.58225232e+00  2.43692558e+05 -5.23644981e+01 
 2.46514763e+05  5.52219790e+00  2.46514763e+05 -5.26628844e+01 
 2.49369653e+05  5.46175656e+00  2.49369653e+05 -5.29601396e+01 
 2.52257605e+05  5.40093485e+00  2.52257605e+05 -5.32562379e+01 
 2.55179003e+05  5.33973945e+00  2.55179003e+05 -5.35511548e+01 
 2.58134233e+05  5.27817720e+00  2.58134233e+05 -5.38448664e+01 
 2.61123688e+05  5.21625504e+00  2.61123688e+05 -5.41373500e+01 
 2.64147764e+05  5.15398007e+00  2.64147764e+05 -5.44285837e+01 
 2.67206861e+05  5.09135949e+00  2.67206861e+05 -5.47185470e+01 
 2.70301386e+05  5.02840064e+00  2.70301386e+05 -5.50072202e+01 
 2.73431749e+05  4.96511098e+00  2.73431749e+05 -5.52945846e+01 
 2.76598365e+05  4.90149807e+00  2.76598365e+05 -5.55806228e+01 
 2.79801653e+05  4.83756960e+00  2.79801653e+05 -5.58653184e+01 
 2.83042038e+05  4.77333338e+00  2.83042038e+05 -5.61486560e+01 
 2.86319950e+05  4.70879729e+00  2.86319950e+05 -5.64306216e+01 
 2.89635824e+05  4.64396935e+00  2.89635824e+05 -5.67112020e+01 
 2.92990099e+05  4.57885768e+00  2.92990099e+05 -5.69903854e+01 
 2.96383220e+05  4.51347046e+00  2.96383220e+05 -5.72681612e+01 
 2.99815637e+05  4.44781602e+00  2.99815637e+05 -5.75445197e+01 
 3.03287805e+05  4.38190274e+00  3.03287805e+05 -5.78194526e+01 
 3.06800183e+05  4.31573909e+00  3.06800183e+05 -5.80929528e+01 
 3.10353239e+05  4.24933366e+00  3.10353239e+05 -5.83650144e+01 
 3.13947443e+05  4.18269509e+00  3.13947443e+05 -5.86356326e+01 
 3.17583271e+05  4.11583210e+00  3.17583271e+05 -5.89048040e+01 
 3.21261205e+05  4.04875351e+00  3.21261205e+05 -5.91725263e+01 
 3.24981734e+05  3.98146819e+00  3.24981734e+05 -5.94387985e+01 
 3.28745351e+05  3.91398509e+00  3.28745351e+05 -5.97036208e+01 
 3.32552554e+05  3.84631322e+00  3.32552554e+05 -5.99669947e+01 
 3.36403848e+05  3.77846167e+00  3.36403848e+05 -6.02289232e+01 
 3.40299744e+05  3.71043958e+00  3.40299744e+05 -6.04894100e+01 
 3.44240758e+05  3.64225615e+00  3.44240758e+05 -6.07484607e+01 
 3.48227413e+05  3.57392064e+00  3.48227413e+05 -6.10060819e+01 
 3.52260238e+05  3.50544235e+00  3.52260238e+05 -6.12622814e+01 
 3.56339767e+05  3.43683063e+00  3.56339767e+05 -6.15170684e+01 
 3.60466541e+05  3.36809491e+00  3.60466541e+05 -6.17704536e+01 
 3.64641107e+05  3.29924463e+00  3.64641107e+05 -6.20224487e+01 
 3.68864019e+05  3.23028928e+00  3.68864019e+05 -6.22730668e+01 
 3.73135837e+05  3.16123839e+00  3.73135837e+05 -6.25223225e+01 
 3.77457126e+05  3.09210153e+00  3.77457126e+05 -6.27702315e+01 
 3.81828460e+05  3.02288831e+00  3.81828460e+05 -6.30168109e+01 
 3.86250419e+05  2.95360835e+00  3.86250419e+05 -6.32620793e+01 
 3.90723589e+05  2.88427132e+00  3.90723589e+05 -6.35060564e+01 
 3.95248562e+05  2.81488691e+00  3.95248562e+05 -6.37487633e+01 
 3.99825939e+05  2.74546482e+00  3.99825939e+05 -6.39902226e+01 
 4.04456327e+05  2.67601479e+00  4.04456327e+05 -6.42304581e+01 
 4.09140339e+05  2.60654656e+00  4.09140339e+05 -6.44694950e+01 
 4.13878597e+05  2.53706991e+00  4.13878597e+05 -6.47073599e+01 
 4.18671729e+05  2.46759461e+00  4.18671729e+05 -6.49440806e+01 
 4.23520370e+05  2.39813045e+00  4.23520370e+05 -6.51796866e+01 
 4.28425163e+05  2.32868722e+00  4.28425163e+05 -6.54142084e+01 
 4.33386759e+05  2.25927473e+00  4.33386759e+05 -6.56476781e+01 
 4.38405814e+05  2.18990279e+00  4.38405814e+05 -6.58801292e+01 
 4.43482996e+05  2.12058119e+00  4.43482996e+05 -6.61115965e+01 
 4.48618977e+05  2.05131975e+00  4.48618977e+05 -6.63421161e+01 
 4.53814437e+05  1.98212825e+00  4.53814437e+05 -6.65717256e+01 
 4.59070066e+05  1.91301650e+00  4.59070066e+05 -6.68004642e+01 
 4.64386560e+05  1.84399427e+00  4.64386560e+05 -6.70283720e+01 
 4.69764625e+05  1.77507133e+00  4.69764625e+05 -6.72554910e+01 
 4.75204974e+05  1.70625743e+00  4.75204974e+05 -6.74818643e+01 
 4.80708327e+05  1.63756230e+00  4.80708327e+05 -6.77075365e+01 
 4.86275414e+05  1.56899567e+00  4.86275414e+05 -6.79325537e+01 
 4.91906974e+05  1.50056721e+00  4.91906974e+05 -6.81569632e+01 
 4.97603753e+05  1.43228660e+00  4.97603753e+05 -6.83808140e+01 
 5.03366507e+05  1.36416346e+00  5.03366507e+05 -6.86041563e+01 
 5.09195999e+05  1.29620741e+00  5.09195999e+05 -6.88270417e+01 
 5.15093002e+05  1.22842800e+00  5.15093002e+05 -6.90495235e+01 
 5.21058299e+05  1.16083478e+00  5.21058299e+05 -6.92716561e+01 
 5.27092679e+05  1.09343722e+00  5.27092679e+05 -6.94934956e+01 
 5.33196944e+05  1.02624477e+00  5.33196944e+05 -6.97150993e+01 
 5.39371903e+05  9.59266837e-01  5.39371903e+05 -6.99365261e+01 
 5.45618374e+05  8.92512765e-01  5.45618374e+05 -7.01578363e+01 
 5.51937185e+05  8.25991850e-01  5.51937185e+05 -7.03790916e+01 
 5.58329174e+05  7.59713334e-01  5.58329174e+05 -7.06003551e+01 
 5.64795189e+05  6.93686397e-01  5.64795189e+05 -7.08216914e+01 
 5.71336088e+05  6.27920157e-01  5.71336088e+05 -7.10431665e+01 
 5.77952736e+05  5.62423669e-01  5.77952736e+05 -7.12648479e+01 
 5.84646012e+05  4.97205914e-01  5.84646012e+05 -7.14868045e+01 
 5.91416802e+05  4.32275805e-01  5.91416802e+05 -7.17091067e+01 
 5.98266006e+05  3.67642177e-01  5.98266006e+05 -7.19318261e+01 
 6.05194529e+05  3.03313786e-01  6.05194529e+05 -7.21550359e+01 
 6.12203293e+05  2.39299304e-01  6.12203293e+05 -7.23788109e+01 
 6.19293224e+05  1.75607319e-01  6.19293224e+05 -7.26032269e+01 
 6.26465265e+05  1.12246326e-01  6.26465265e+05 -7.28283616e+01 
 6.33720365e+05  4.92247296e-02  6.33720365e+05 -7.30542937e+01 
 6.41059486e+05 -1.34491650e-02  6.41059486e+05 -7.32811036e+01 
 6.48483601e+05 -7.57671531e-02  6.48483601e+05 -7.35088730e+01 
 6.55993696e+05 -1.37721134e-01  6.55993696e+05 -7.37376849e+01 
 6.63590765e+05 -1.99303117e-01  6.63590765e+05 -7.39676239e+01 
 6.71275815e+05 -2.60505223e-01  6.71275815e+05 -7.41987758e+01 
 6.79049866e+05 -3.21319686e-01  6.79049866e+05 -7.44312280e+01 
 6.86913949e+05 -3.81738866e-01  6.86913949e+05 -7.46650690e+01 
 6.94869105e+05 -4.41755240e-01  6.94869105e+05 -7.49003889e+01 
 7.02916391e+05 -5.01361418e-01  7.02916391e+05 -7.51372790e+01 
 7.11056872e+05 -5.60550138e-01  7.11056872e+05 -7.53758320e+01 
 7.19291628e+05 -6.19314275e-01  7.19291628e+05 -7.56161419e+01 
 7.27621750e+05 -6.77646843e-01  7.27621750e+05 -7.58583042e+01 
 7.36048344e+05 -7.35540999e-01  7.36048344e+05 -7.61024154e+01 
 7.44572527e+05 -7.92990049e-01  7.44572527e+05 -7.63485735e+01 
 7.53195428e+05 -8.49987446e-01  7.53195428e+05 -7.65968777e+01 
 7.61918191e+05 -9.06526802e-01  7.61918191e+05 -7.68474286e+01 
 7.70741972e+05 -9.62601887e-01  7.70741972e+05 -7.71003279e+01 
 7.79667942e+05 -1.01820663e+00  7.79667942e+05 -7.73556786e+01 
 7.88697283e+05 -1.07333514e+00  7.88697283e+05 -7.76135848e+01 
 7.97831193e+05 -1.12798168e+00  7.97831193e+05 -7.78741521e+01 
 8.07070883e+05 -1.18214069e+00  8.07070883e+05 -7.81374869e+01 
 8.16417578e+05 -1.23580680e+00  8.16417578e+05 -7.84036971e+01 
 8.25872518e+05 -1.28897482e+00  8.25872518e+05 -7.86728916e+01 
 8.35436955e+05 -1.34163974e+00  8.35436955e+05 -7.89451803e+01 
 8.45112157e+05 -1.39379674e+00  8.45112157e+05 -7.92206745e+01 
 8.54899409e+05 -1.44544120e+00  8.54899409e+05 -7.94994863e+01 
 8.64800006e+05 -1.49656869e+00  8.64800006e+05 -7.97817291e+01 
 8.74815263e+05 -1.54717500e+00  8.74815263e+05 -8.00675172e+01 
 8.84946506e+05 -1.59725610e+00  8.84946506e+05 -8.03569658e+01 
 8.95195080e+05 -1.64680818e+00  8.95195080e+05 -8.06501914e+01 
 9.05562342e+05 -1.69582766e+00  9.05562342e+05 -8.09473113e+01 
 9.16049667e+05 -1.74431115e+00  9.16049667e+05 -8.12484437e+01 
 9.26658447e+05 -1.79225551e+00  9.26658447e+05 -8.15537078e+01 
 9.37390086e+05 -1.83965779e+00  9.37390086e+05 -8.18632238e+01 
 9.48246009e+05 -1.88651530e+00  9.48246009e+05 -8.21771124e+01 
 9.59227655e+05 -1.93282556e+00  9.59227655e+05 -8.24954957e+01 
 9.70336479e+05 -1.97858635e+00  9.70336479e+05 -8.28184962e+01 
 9.81573954e+05 -2.02379565e+00  9.81573954e+05 -8.31462373e+01 
 9.92941571e+05 -2.06845174e+00  9.92941571e+05 -8.34788431e+01 
 1.00444084e+06 -2.11255310e+00  1.00444084e+06 -8.38164388e+01 
 1.01607327e+06 -2.15609848e+00  1.01607327e+06 -8.41591498e+01 
 1.02784043e+06 -2.19908688e+00  1.02784043e+06 -8.45071026e+01 
 1.03974386e+06 -2.24151758e+00  1.03974386e+06 -8.48604241e+01 
 1.05178514e+06 -2.28339009e+00  1.05178514e+06 -8.52192420e+01 
 1.06396587e+06 -2.32470421e+00  1.06396587e+06 -8.55836844e+01 
 1.07628767e+06 -2.36546001e+00  1.07628767e+06 -8.59538803e+01 
 1.08875217e+06 -2.40565784e+00  1.08875217e+06 -8.63299590e+01 
 1.10136102e+06 -2.44529830e+00  1.10136102e+06 -8.67120503e+01 
 1.11411589e+06 -2.48438233e+00  1.11411589e+06 -8.71002847e+01 
 1.12701847e+06 -2.52291110e+00  1.12701847e+06 -8.74947930e+01 
 1.14007049e+06 -2.56088612e+00  1.14007049e+06 -8.78957064e+01 
 1.15327365e+06 -2.59830918e+00  1.15327365e+06 -8.83031568e+01 
 1.16662972e+06 -2.63518238e+00  1.16662972e+06 -8.87172760e+01 
 1.18014047e+06 -2.67150811e+00  1.18014047e+06 -8.91381967e+01 
 1.19380769e+06 -2.70728911e+00  1.19380769e+06 -8.95660514e+01 
 1.20763319e+06 -2.74252841e+00  1.20763319e+06 -9.00009733e+01 
 1.22161880e+06 -2.77722938e+00  1.22161880e+06 -9.04430957e+01 
 1.23576638e+06 -2.81139573e+00  1.23576638e+06 -9.08925521e+01 
 1.25007780e+06 -2.84503149e+00  1.25007780e+06 -9.13494763e+01 
 1.26455496e+06 -2.87814106e+00  1.26455496e+06 -9.18140022e+01 
 1.27919978e+06 -2.91072917e+00  1.27919978e+06 -9.22862638e+01 
 1.29401421e+06 -2.94280092e+00  1.29401421e+06 -9.27663954e+01 
 1.30900020e+06 -2.97436178e+00  1.30900020e+06 -9.32545312e+01 
 1.32415974e+06 -3.00541759e+00  1.32415974e+06 -9.37508056e+01 
 1.33949485e+06 -3.03597458e+00  1.33949485e+06 -9.42553530e+01 
 1.35500755e+06 -3.06603938e+00  1.35500755e+06 -9.47683075e+01 
 1.37069990e+06 -3.09561900e+00  1.37069990e+06 -9.52898037e+01 
 1.38657399e+06 -3.12472087e+00  1.38657399e+06 -9.58199756e+01 
 1.40263192e+06 -3.15335286e+00  1.40263192e+06 -9.63589573e+01 
 1.41887581e+06 -3.18152326e+00  1.41887581e+06 -9.69068829e+01 
 1.43530782e+06 -3.20924079e+00  1.43530782e+06 -9.74638859e+01 
 1.45193013e+06 -3.23651465e+00  1.45193013e+06 -9.80301000e+01 
 1.46874495e+06 -3.26335449e+00  1.46874495e+06 -9.86056583e+01 
 1.48575450e+06 -3.28977044e+00  1.48575450e+06 -9.91906938e+01 
 1.50296103e+06 -3.31577313e+00  1.50296103e+06 -9.97853390e+01 
 1.52036684e+06 -3.34137370e+00  1.52036684e+06 -1.00389726e+02 
 1.53797422e+06 -3.36658381e+00  1.53797422e+06 -1.01003986e+02 
 1.55578551e+06 -3.39141565e+00  1.55578551e+06 -1.01628251e+02 
 1.57380308e+06 -3.41588196e+00  1.57380308e+06 -1.02262651e+02 
 1.59202931e+06 -3.43999606e+00  1.59202931e+06 -1.02907315e+02 
 1.61046661e+06 -3.46377186e+00  1.61046661e+06 -1.03562374e+02 
 1.62911744e+06 -3.48722385e+00  1.62911744e+06 -1.04227955e+02 
 1.64798426e+06 -3.51036717e+00  1.64798426e+06 -1.04904185e+02 
 1.66706959e+06 -3.53321758e+00  1.66706959e+06 -1.05591192e+02 
 1.68637593e+06 -3.55579151e+00  1.68637593e+06 -1.06289101e+02 
 1.70590587e+06 -3.57810608e+00  1.70590587e+06 -1.06998036e+02 
 1.72566198e+06 -3.60017909e+00  1.72566198e+06 -1.07718119e+02 
 1.74564689e+06 -3.62202908e+00  1.74564689e+06 -1.08449474e+02 
 1.76586324e+06 -3.64367534e+00  1.76586324e+06 -1.09192220e+02 
 1.78631372e+06 -3.66513792e+00  1.78631372e+06 -1.09946476e+02 
 1.80700103e+06 -3.68643766e+00  1.80700103e+06 -1.10712358e+02 
 1.82792793e+06 -3.70759624e+00  1.82792793e+06 -1.11489983e+02 
 1.84909717e+06 -3.72863616e+00  1.84909717e+06 -1.12279462e+02 
 1.87051159e+06 -3.74958079e+00  1.87051159e+06 -1.13080907e+02 
 1.89217400e+06 -3.77045441e+00  1.89217400e+06 -1.13894427e+02 
 1.91408728e+06 -3.79128219e+00  1.91408728e+06 -1.14720127e+02 
 1.93625434e+06 -3.81209028e+00  1.93625434e+06 -1.15558110e+02 
 1.95867812e+06 -3.83290577e+00  1.95867812e+06 -1.16408478e+02 
 1.98136159e+06 -3.85375678e+00  1.98136159e+06 -1.17271326e+02 
 2.00430776e+06 -3.87467242e+00  2.00430776e+06 -1.18146749e+02 
 2.02751966e+06 -3.89568288e+00  2.02751966e+06 -1.19034835e+02 
 2.05100039e+06 -3.91681941e+00  2.05100039e+06 -1.19935672e+02 
 2.07475304e+06 -3.93811437e+00  2.07475304e+06 -1.20849340e+02 
 2.09878077e+06 -3.95960126e+00  2.09878077e+06 -1.21775916e+02 
 2.12308677e+06 -3.98131469e+00  2.12308677e+06 -1.22715473e+02 
 2.14767426e+06 -4.00329050e+00  2.14767426e+06 -1.23668076e+02 
 2.17254649e+06 -4.02556568e+00  2.17254649e+06 -1.24633786e+02 
 2.19770677e+06 -4.04817847e+00  2.19770677e+06 -1.25612659e+02 
 2.22315843e+06 -4.07116831e+00  2.22315843e+06 -1.26604741e+02 
 2.24890485e+06 -4.09457592e+00  2.24890485e+06 -1.27610074e+02 
 2.27494944e+06 -4.11844327e+00  2.27494944e+06 -1.28628692e+02 
 2.30129565e+06 -4.14281361e+00  2.30129565e+06 -1.29660619e+02 
 2.32794697e+06 -4.16773145e+00  2.32794697e+06 -1.30705872e+02 
 2.35490695e+06 -4.19324260e+00  2.35490695e+06 -1.31764460e+02 
 2.38217915e+06 -4.21939416e+00  2.38217915e+06 -1.32836379e+02 
 2.40976718e+06 -4.24623448e+00  2.40976718e+06 -1.33921617e+02 
 2.43767472e+06 -4.27381320e+00  2.43767472e+06 -1.35020151e+02 
 2.46590545e+06 -4.30218118e+00  2.46590545e+06 -1.36131945e+02 
 2.49446313e+06 -4.33139052e+00  2.49446313e+06 -1.37256951e+02 
 2.52335153e+06 -4.36149451e+00  2.52335153e+06 -1.38395110e+02 
 2.55257448e+06 -4.39254757e+00  2.55257448e+06 -1.39546345e+02 
 2.58213587e+06 -4.42460526e+00  2.58213587e+06 -1.40710569e+02 
 2.61203961e+06 -4.45772416e+00  2.61203961e+06 -1.41887676e+02 
 2.64228966e+06 -4.49196182e+00  2.64228966e+06 -1.43077546e+02 
 2.67289004e+06 -4.52737673e+00  2.67289004e+06 -1.44280041e+02 
 2.70384481e+06 -4.56402816e+00  2.70384481e+06 -1.45495006e+02 
 2.73515806e+06 -4.60197610e+00  2.73515806e+06 -1.46722267e+02 
 2.76683395e+06 -4.64128115e+00  2.76683395e+06 -1.47961630e+02 
 2.79887667e+06 -4.68200438e+00  2.79887667e+06 -1.49212882e+02 
 2.83129049e+06 -4.72420719e+00  2.83129049e+06 -1.50475789e+02 
 2.86407969e+06 -4.76795115e+00  2.86407969e+06 -1.51750095e+02 
 2.89724862e+06 -4.81329786e+00  2.89724862e+06 -1.53035522e+02 
 2.93080168e+06 -4.86030874e+00  2.93080168e+06 -1.54331769e+02 
 2.96474332e+06 -4.90904484e+00  2.96474332e+06 -1.55638513e+02 
 2.99907804e+06 -4.95956662e+00  2.99907804e+06 -1.56955404e+02 
 3.03381039e+06 -5.01193374e+00  3.03381039e+06 -1.58282071e+02 
 3.06894498e+06 -5.06620480e+00  3.06894498e+06 -1.59618116e+02 
 3.10448646e+06 -5.12243711e+00  3.10448646e+06 -1.60963116e+02 
 3.14043954e+06 -5.18068640e+00  3.14043954e+06 -1.62316626e+02 
 3.17680900e+06 -5.24100654e+00  3.17680900e+06 -1.63678173e+02 
 3.21359965e+06 -5.30344928e+00  3.21359965e+06 -1.65047260e+02 
 3.25081638e+06 -5.36806393e+00  3.25081638e+06 -1.66423367e+02 
 3.28846411e+06 -5.43489705e+00  3.28846411e+06 -1.67805949e+02 
 3.32654785e+06 -5.50399218e+00  3.32654785e+06 -1.69194437e+02 
 3.36507263e+06 -5.57538950e+00  3.36507263e+06 -1.70588241e+02 
 3.40404356e+06 -5.64912554e+00  3.40404356e+06 -1.71986751e+02 
 3.44346582e+06 -5.72523287e+00  3.44346582e+06 -1.73389334e+02 
 3.48334463e+06 -5.80373981e+00  3.48334463e+06 -1.74795342e+02 
 3.52368527e+06 -5.88467015e+00  3.52368527e+06 -1.76204108e+02 
 3.56449310e+06 -5.96804290e+00  3.56449310e+06 -1.77614950e+02 
 3.60577353e+06 -6.05387201e+00  3.60577353e+06 -1.79027176e+02 
 3.64753203e+06 -6.14216616e+00  3.64753203e+06  1.79559919e+02 
 3.68977413e+06 -6.23292857e+00  3.68977413e+06  1.78147047e+02 
 3.73250543e+06 -6.32615683e+00  3.73250543e+06  1.76734925e+02 
 3.77573161e+06 -6.42184275e+00  3.77573161e+06  1.75324272e+02 
 3.81945839e+06 -6.51997227e+00  3.81945839e+06  1.73915807e+02 
 3.86369158e+06 -6.62052540e+00  3.86369158e+06  1.72510247e+02 
 3.90843702e+06 -6.72347622e+00  3.90843702e+06  1.71108299e+02 
 3.95370067e+06 -6.82879286e+00  3.95370067e+06  1.69710662e+02 
 3.99948851e+06 -6.93643761e+00  3.99948851e+06  1.68318024e+02 
 4.04580662e+06 -7.04636705e+00  4.04580662e+06  1.66931053e+02 
 4.09266114e+06 -7.15853214e+00  4.09266114e+06  1.65550400e+02 
 4.14005829e+06 -7.27287853e+00  4.14005829e+06  1.64176695e+02 
 4.18800434e+06 -7.38934670e+00  4.18800434e+06  1.62810540e+02 
 4.23650566e+06 -7.50787236e+00  4.23650566e+06  1.61452511e+02 
 4.28556866e+06 -7.62838670e+00  4.28556866e+06  1.60103153e+02 
 4.33519987e+06 -7.75081683e+00  4.33519987e+06  1.58762979e+02 
 4.38540586e+06 -7.87508611e+00  4.38540586e+06  1.57432466e+02 
 4.43619329e+06 -8.00111464e+00  4.43619329e+06  1.56112056e+02 
 4.48756888e+06 -8.12881970e+00  4.48756888e+06  1.54802151e+02 
 4.53953946e+06 -8.25811622e+00  4.53953946e+06  1.53503115e+02 
 4.59211190e+06 -8.38891724e+00  4.59211190e+06  1.52215272e+02 
 4.64529319e+06 -8.52113447e+00  4.64529319e+06  1.50938903e+02 
 4.69909037e+06 -8.65467871e+00  4.69909037e+06  1.49674251e+02 
 4.75351058e+06 -8.78946042e+00  4.75351058e+06  1.48421515e+02 
 4.80856103e+06 -8.92539014e+00  4.80856103e+06  1.47180854e+02 
 4.86424902e+06 -9.06237901e+00  4.86424902e+06  1.45952390e+02 
 4.92058193e+06 -9.20033919e+00  4.92058193e+06  1.44736202e+02 
 4.97756723e+06 -9.33918431e+00  4.97756723e+06  1.43532333e+02 
 5.03521248e+06 -9.47882986e+00  5.03521248e+06  1.42340789e+02 
 5.09352532e+06 -9.61919357e+00  5.09352532e+06  1.41161542e+02 
 5.15251348e+06 -9.76019577e+00  5.15251348e+06  1.39994531e+02 
 5.21218479e+06 -9.90175964e+00  5.21218479e+06  1.38839665e+02 
 5.27254715e+06 -1.00438115e+01  5.27254715e+06  1.37696823e+02 
 5.33360856e+06 -1.01862812e+01  5.33360856e+06  1.36565858e+02 
 5.39537713e+06 -1.03291019e+01  5.39537713e+06  1.35446601e+02 
 5.45786104e+06 -1.04722106e+01  5.45786104e+06  1.34338860e+02 
 5.52106858e+06 -1.06155482e+01  5.52106858e+06  1.33242423e+02 
 5.58500812e+06 -1.07590595e+01  5.58500812e+06  1.32157063e+02 
 5.64968815e+06 -1.09026932e+01  5.64968815e+06  1.31082539e+02 
 5.71511724e+06 -1.10464019e+01  5.71511724e+06  1.30018597e+02 
 5.78130406e+06 -1.11901423e+01  5.78130406e+06  1.28964973e+02 
 5.84825740e+06 -1.13338748e+01  5.84825740e+06  1.27921397e+02 
 5.91598612e+06 -1.14775638e+01  5.91598612e+06  1.26887591e+02 
 5.98449920e+06 -1.16211773e+01  5.98449920e+06  1.25863277e+02 
 6.05380574e+06 -1.17646869e+01  6.05380574e+06  1.24848172e+02 
 6.12391492e+06 -1.19080676e+01  6.12391492e+06  1.23841995e+02 
 6.19483603e+06 -1.20512977e+01  6.19483603e+06  1.22844464e+02 
 6.26657849e+06 -1.21943589e+01  6.26657849e+06  1.21855301e+02 
 6.33915179e+06 -1.23372354e+01  6.33915179e+06  1.20874233e+02 
 6.41256556e+06 -1.24799144e+01  6.41256556e+06  1.19900991e+02 
 6.48682954e+06 -1.26223859e+01  6.48682954e+06  1.18935310e+02 
 6.56195357e+06 -1.27646419e+01  6.56195357e+06  1.17976934e+02 
 6.63794761e+06 -1.29066768e+01  6.63794761e+06  1.17025614e+02 
 6.71482174e+06 -1.30484871e+01  6.71482174e+06  1.16081108e+02 
 6.79258615e+06 -1.31900711e+01  6.79258615e+06  1.15143183e+02 
 6.87125115e+06 -1.33314287e+01  6.87125115e+06  1.14211614e+02 
 6.95082717e+06 -1.34725613e+01  6.95082717e+06  1.13286184e+02 
 7.03132476e+06 -1.36134717e+01  7.03132476e+06  1.12366687e+02 
 7.11275460e+06 -1.37541638e+01  7.11275460e+06  1.11452924e+02 
 7.19512747e+06 -1.38946426e+01  7.19512747e+06  1.10544705e+02 
 7.27845431e+06 -1.40349138e+01  7.27845431e+06  1.09641849e+02 
 7.36274615e+06 -1.41749842e+01  7.36274615e+06  1.08744183e+02 
 7.44801418e+06 -1.43148608e+01  7.44801418e+06  1.07851544e+02 
 7.53426970e+06 -1.44545513e+01  7.53426970e+06  1.06963775e+02 
 7.62152414e+06 -1.45940639e+01  7.62152414e+06  1.06080728e+02 
 7.70978908e+06 -1.47334071e+01  7.70978908e+06  1.05202261e+02 
 7.79907622e+06 -1.48725894e+01  7.79907622e+06  1.04328241e+02 
 7.88939739e+06 -1.50116196e+01  7.88939739e+06  1.03458539e+02 
 7.98076457e+06 -1.51505066e+01  7.98076457e+06  1.02593036e+02 
 8.07318988e+06 -1.52892593e+01  8.07318988e+06  1.01731615e+02 
 8.16668556e+06 -1.54278865e+01  8.16668556e+06  1.00874168e+02 
 8.26126402e+06 -1.55663969e+01  8.26126402e+06  1.00020590e+02 
 8.35693779e+06 -1.57047991e+01  8.35693779e+06  9.91707801e+01 
 8.45371956e+06 -1.58431015e+01  8.45371956e+06  9.83246445e+01 
 8.55162216e+06 -1.59813124e+01  8.55162216e+06  9.74820914e+01 
 8.65065857e+06 -1.61194398e+01  8.65065857e+06  9.66430333e+01 
 8.75084193e+06 -1.62574914e+01  8.75084193e+06  9.58073860e+01 
 8.85218551e+06 -1.63954747e+01  8.85218551e+06  9.49750682e+01 
 8.95470275e+06 -1.65333970e+01  8.95470275e+06  9.41460014e+01 
 9.05840724e+06 -1.66712651e+01  9.05840724e+06  9.33201094e+01 
 9.16331273e+06 -1.68090859e+01  9.16331273e+06  9.24973183e+01 
 9.26943314e+06 -1.69468656e+01  9.26943314e+06  9.16775559e+01 
 9.37678253e+06 -1.70846104e+01  9.37678253e+06  9.08607515e+01 
 9.48537513e+06 -1.72223260e+01  9.48537513e+06  9.00468360e+01 
 9.59522534e+06 -1.73600181e+01  9.59522534e+06  8.92357413e+01 
 9.70634773e+06 -1.74976920e+01  9.70634773e+06  8.84274002e+01 
 9.81875703e+06 -1.76353526e+01  9.81875703e+06  8.76217465e+01 
 9.93246814e+06 -1.77730047e+01  9.93246814e+06  8.68187142e+01 
 1.00474961e+07 -1.79106530e+01  1.00474961e+07  8.60182381e+01 
 1.01638563e+07 -1.80483017e+01  1.01638563e+07  8.52202532e+01 
 1.02815640e+07 -1.81859550e+01  1.02815640e+07  8.44246944e+01 
 1.04006349e+07 -1.83236168e+01  1.04006349e+07  8.36314970e+01 
 1.05210847e+07 -1.84612908e+01  1.05210847e+07  8.28405962e+01 
 1.06429295e+07 -1.85989807e+01  1.06429295e+07  8.20519268e+01 
 1.07661854e+07 -1.87366899e+01  1.07661854e+07  8.12654238e+01 
 1.08908687e+07 -1.88744216e+01  1.08908687e+07  8.04810216e+01 
 1.10169959e+07 -1.90121791e+01  1.10169959e+07  7.96986543e+01 
 1.11445838e+07 -1.91499655e+01  1.11445838e+07  7.89182559e+01 
 1.12736493e+07 -1.92877836e+01  1.12736493e+07  7.81397598e+01 
 1.14042096e+07 -1.94256365e+01  1.14042096e+07  7.73630988e+01 
 1.15362818e+07 -1.95635269e+01  1.15362818e+07  7.65882057e+01 
 1.16698836e+07 -1.97014576e+01  1.16698836e+07  7.58150124e+01 
 1.18050326e+07 -1.98394315e+01  1.18050326e+07  7.50434506e+01 
 1.19417468e+07 -1.99774512e+01  1.19417468e+07  7.42734516e+01 
 1.20800443e+07 -2.01155194e+01  1.20800443e+07  7.35049459e+01 
 1.22199434e+07 -2.02536389e+01  1.22199434e+07  7.27378640e+01 
 1.23614627e+07 -2.03918124e+01  1.23614627e+07  7.19721358e+01 
 1.25046209e+07 -2.05300427e+01  1.25046209e+07  7.12076907e+01 
 1.26494370e+07 -2.06683325e+01  1.26494370e+07  7.04444582e+01 
 1.27959303e+07 -2.08066847e+01  1.27959303e+07  6.96823669e+01 
 1.29441200e+07 -2.09451021e+01  1.29441200e+07  6.89213456e+01 
 1.30940260e+07 -2.10835878e+01  1.30940260e+07  6.81613228e+01 
 1.32456680e+07 -2.12221447e+01  1.32456680e+07  6.74022266e+01 
 1.33990662e+07 -2.13607759e+01  1.33990662e+07  6.66439852e+01 
 1.35542409e+07 -2.14994846e+01  1.35542409e+07  6.58865267e+01 
 1.37112127e+07 -2.16382741e+01  1.37112127e+07  6.51297792e+01 
 1.38700024e+07 -2.17771477e+01  1.38700024e+07  6.43736708e+01 
 1.40306310e+07 -2.19161090e+01  1.40306310e+07  6.36181297e+01 
 1.41931199e+07 -2.20551615e+01  1.41931199e+07  6.28630842e+01 
 1.43574905e+07 -2.21943088e+01  1.43574905e+07  6.21084632e+01 
 1.45237648e+07 -2.23335549e+01  1.45237648e+07  6.13541954e+01 
 1.46919646e+07 -2.24729036e+01  1.46919646e+07  6.06002102e+01 
 1.48621124e+07 -2.26123591e+01  1.48621124e+07  5.98464374e+01 
 1.50342306e+07 -2.27519253e+01  1.50342306e+07  5.90928071e+01 
 1.52083422e+07 -2.28916068e+01  1.52083422e+07  5.83392502e+01 
 1.53844701e+07 -2.30314079e+01  1.53844701e+07  5.75856982e+01 
 1.55626378e+07 -2.31713331e+01  1.55626378e+07  5.68320831e+01 
 1.57428689e+07 -2.33113872e+01  1.57428689e+07  5.60783380e+01 
 1.59251872e+07 -2.34515750e+01  1.59251872e+07  5.53243966e+01 
 1.61096169e+07 -2.35919014e+01  1.61096169e+07  5.45701936e+01 
 1.62961825e+07 -2.37323715e+01  1.62961825e+07  5.38156647e+01 
 1.64849088e+07 -2.38729905e+01  1.64849088e+07  5.30607467e+01 
 1.66758206e+07 -2.40137638e+01  1.66758206e+07  5.23053773e+01 
 1.68689435e+07 -2.41546968e+01  1.68689435e+07  5.15494958e+01 
 1.70643029e+07 -2.42957951e+01  1.70643029e+07  5.07930423e+01 
 1.72619247e+07 -2.44370643e+01  1.72619247e+07  5.00359585e+01 
 1.74618352e+07 -2.45785103e+01  1.74618352e+07  4.92781876e+01 
 1.76640609e+07 -2.47201389e+01  1.76640609e+07  4.85196739e+01 
 1.78686285e+07 -2.48619563e+01  1.78686285e+07  4.77603635e+01 
 1.80755653e+07 -2.50039685e+01  1.80755653e+07  4.70002041e+01 
 1.82848985e+07 -2.51461818e+01  1.82848985e+07  4.62391448e+01 
 1.84966561e+07 -2.52886024e+01  1.84966561e+07  4.54771368e+01 
 1.87108661e+07 -2.54312368e+01  1.87108661e+07  4.47141328e+01 
 1.89275568e+07 -2.55740915e+01  1.89275568e+07  4.39500873e+01 
 1.91467570e+07 -2.57171731e+01  1.91467570e+07  4.31849569e+01 
 1.93684957e+07 -2.58604881e+01  1.93684957e+07  4.24187001e+01 
 1.95928024e+07 -2.60040432e+01  1.95928024e+07  4.16512774e+01 
 1.98197069e+07 -2.61478453e+01  1.98197069e+07  4.08826513e+01 
 2.00492391e+07 -2.62919011e+01  2.00492391e+07  4.01127864e+01 
 2.02814295e+07 -2.64362175e+01  2.02814295e+07  3.93416498e+01 
 2.05163089e+07 -2.65808014e+01  2.05163089e+07  3.85692103e+01 
 2.07539085e+07 -2.67256597e+01  2.07539085e+07  3.77954395e+01 
 2.09942597e+07 -2.68707994e+01  2.09942597e+07  3.70203111e+01 
 2.12373944e+07 -2.70162273e+01  2.12373944e+07  3.62438010e+01 
 2.14833448e+07 -2.71619505e+01  2.14833448e+07  3.54658879e+01 
 2.17321436e+07 -2.73079759e+01  2.17321436e+07  3.46865528e+01 
 2.19838238e+07 -2.74543105e+01  2.19838238e+07  3.39057791e+01 
 2.22384186e+07 -2.76009611e+01  2.22384186e+07  3.31235529e+01 
 2.24959620e+07 -2.77479348e+01  2.24959620e+07  3.23398629e+01 
 2.27564879e+07 -2.78952383e+01  2.27564879e+07  3.15547004e+01 
 2.30200310e+07 -2.80428786e+01  2.30200310e+07  3.07680594e+01 
 2.32866262e+07 -2.81908622e+01  2.32866262e+07  2.99799366e+01 
 2.35563088e+07 -2.83391960e+01  2.35563088e+07  2.91903315e+01 
 2.38291146e+07 -2.84878866e+01  2.38291146e+07  2.83992463e+01 
 2.41050798e+07 -2.86369405e+01  2.41050798e+07  2.76066860e+01 
 2.43842409e+07 -2.87863641e+01  2.43842409e+07  2.68126586e+01 
 2.46666350e+07 -2.89361639e+01  2.46666350e+07  2.60171748e+01 
 2.49522996e+07 -2.90863459e+01  2.49522996e+07  2.52202482e+01 
 2.52412724e+07 -2.92369165e+01  2.52412724e+07  2.44218955e+01 
 2.55335918e+07 -2.93878814e+01  2.55335918e+07  2.36221362e+01 
 2.58292965e+07 -2.95392466e+01  2.58292965e+07  2.28209926e+01 
 2.61284258e+07 -2.96910178e+01  2.61284258e+07  2.20184904e+01 
 2.64310194e+07 -2.98432004e+01  2.64310194e+07  2.12146580e+01 
 2.67371172e+07 -2.99957998e+01  2.67371172e+07  2.04095268e+01 
 2.70467600e+07 -3.01488211e+01  2.70467600e+07  1.96031313e+01 
 2.73599888e+07 -3.03022694e+01  2.73599888e+07  1.87955091e+01 
 2.76768451e+07 -3.04561493e+01  2.76768451e+07  1.79867006e+01 
 2.79973709e+07 -3.06104655e+01  2.79973709e+07  1.71767496e+01 
 2.83216087e+07 -3.07652221e+01  2.83216087e+07  1.63657026e+01 
 2.86496015e+07 -3.09204233e+01  2.86496015e+07  1.55536093e+01 
 2.89813928e+07 -3.10760730e+01  2.89813928e+07  1.47405225e+01 
 2.93170265e+07 -3.12321746e+01  2.93170265e+07  1.39264980e+01 
 2.96565473e+07 -3.13887314e+01  2.96565473e+07  1.31115944e+01 
 3.00000000e+07 -3.15457466e+01  3.00000000e+07  1.22958738e+01 
