 2.00000000e-01 -5.44686332e+00  2.00000000e-01  6.78862333e+01 
 2.02316202e-01 -5.36116390e+00  2.02316202e-01  6.76551998e+01 
 2.04659228e-01 -5.27574926e+00  2.04659228e-01  6.74222675e+01 
 2.07029388e-01 -5.19062408e+00  2.07029388e-01  6.71874360e+01 
 2.09426997e-01 -5.10579309e+00  2.09426997e-01  6.69507060e+01 
 2.11852373e-01 -5.02126104e+00  2.11852373e-01  6.67120782e+01 
 2.14305837e-01 -4.93703272e+00  2.14305837e-01  6.64715543e+01 
 2.16787715e-01 -4.85311295e+00  2.16787715e-01  6.62291362e+01 
 2.19298335e-01 -4.76950660e+00  2.19298335e-01  6.59848265e+01 
 2.21838031e-01 -4.68621854e+00  2.21838031e-01  6.57386284e+01 
 2.24407140e-01 -4.60325370e+00  2.24407140e-01  6.54905455e+01 
 2.27006001e-01 -4.52061702e+00  2.27006001e-01  6.52405823e+01 
 2.29634959e-01 -4.43831346e+00  2.29634959e-01  6.49887435e+01 
 2.32294364e-01 -4.35634802e+00  2.32294364e-01  6.47350348e+01 
 2.34984567e-01 -4.27472571e+00  2.34984567e-01  6.44794623e+01 
 2.37705925e-01 -4.19345156e+00  2.37705925e-01  6.42220328e+01 
 2.40458800e-01 -4.11253063e+00  2.40458800e-01  6.39627538e+01 
 2.43243555e-01 -4.03196797e+00  2.43243555e-01  6.37016333e+01 
 2.46060561e-01 -3.95176866e+00  2.46060561e-01  6.34386801e+01 
 2.48910190e-01 -3.87193779e+00  2.48910190e-01  6.31739037e+01 
 2.51792821e-01 -3.79248046e+00  2.51792821e-01  6.29073142e+01 
 2.54708836e-01 -3.71340177e+00  2.54708836e-01  6.26389225e+01 
 2.57658622e-01 -3.63470681e+00  2.57658622e-01  6.23687400e+01 
 2.60642568e-01 -3.55640069e+00  2.60642568e-01  6.20967790e+01 
 2.63661072e-01 -3.47848852e+00  2.63661072e-01  6.18230524e+01 
 2.66714534e-01 -3.40097538e+00  2.66714534e-01  6.15475740e+01 
 2.69803357e-01 -3.32386637e+00  2.69803357e-01  6.12703582e+01 
 2.72927952e-01 -3.24716655e+00  2.72927952e-01  6.09914201e+01 
 2.76088733e-01 -3.17088100e+00  2.76088733e-01  6.07107757e+01 
 2.79286119e-01 -3.09501475e+00  2.79286119e-01  6.04284416e+01 
 2.82520534e-01 -3.01957282e+00  2.82520534e-01  6.01444352e+01 
 2.85792407e-01 -2.94456022e+00  2.85792407e-01  5.98587747e+01 
 2.89102171e-01 -2.86998192e+00  2.89102171e-01  5.95714790e+01 
 2.92450266e-01 -2.79584286e+00  2.92450266e-01  5.92825678e+01 
 2.95837135e-01 -2.72214795e+00  2.95837135e-01  5.89920616e+01 
 2.99263228e-01 -2.64890205e+00  2.99263228e-01  5.86999816e+01 
 3.02728998e-01 -2.57611001e+00  3.02728998e-01  5.84063498e+01 
 3.06234905e-01 -2.50377661e+00  3.06234905e-01  5.81111890e+01 
 3.09781414e-01 -2.43190658e+00  3.09781414e-01  5.78145227e+01 
 3.13368996e-01 -2.36050462e+00  3.13368996e-01  5.75163752e+01 
 3.16998125e-01 -2.28957536e+00  3.16998125e-01  5.72167716e+01 
 3.20669283e-01 -2.21912338e+00  3.20669283e-01  5.69157376e+01 
 3.24382957e-01 -2.14915319e+00  3.24382957e-01  5.66132999e+01 
 3.28139639e-01 -2.07966924e+00  3.28139639e-01  5.63094857e+01 
 3.31939827e-01 -2.01067591e+00  3.31939827e-01  5.60043232e+01 
 3.35784025e-01 -1.94217751e+00  3.35784025e-01  5.56978410e+01 
 3.39672743e-01 -1.87417828e+00  3.39672743e-01  5.53900688e+01 
 3.43606496e-01 -1.80668236e+00  3.43606496e-01  5.50810367e+01 
 3.47585805e-01 -1.73969383e+00  3.47585805e-01  5.47707758e+01 
 3.51611200e-01 -1.67321667e+00  3.51611200e-01  5.44593176e+01 
 3.55683212e-01 -1.60725477e+00  3.55683212e-01  5.41466945e+01 
 3.59802383e-01 -1.54181193e+00  3.59802383e-01  5.38329395e+01 
 3.63969257e-01 -1.47689186e+00  3.63969257e-01  5.35180862e+01 
 3.68184388e-01 -1.41249815e+00  3.68184388e-01  5.32021691e+01 
 3.72448335e-01 -1.34863431e+00  3.72448335e-01  5.28852230e+01 
 3.76761663e-01 -1.28530373e+00  3.76761663e-01  5.25672835e+01 
 3.81124943e-01 -1.22250969e+00  3.81124943e-01  5.22483867e+01 
 3.85538754e-01 -1.16025536e+00  3.85538754e-01  5.19285695e+01 
 3.90003682e-01 -1.09854378e+00  3.90003682e-01  5.16078691e+01 
 3.94520318e-01 -1.03737791e+00  3.94520318e-01  5.12863234e+01 
 3.99089261e-01 -9.76760533e-01  3.99089261e-01  5.09639707e+01 
 4.03711118e-01 -9.16694353e-01  4.03711118e-01  5.06408500e+01 
 4.08386500e-01 -8.57181925e-01  4.08386500e-01  5.03170007e+01 
 4.13116027e-01 -7.98225677e-01  4.13116027e-01  4.99924625e+01 
 4.17900328e-01 -7.39827907e-01  4.17900328e-01  4.96672757e+01 
 4.22740035e-01 -6.81990777e-01  4.22740035e-01  4.93414810e+01 
 4.27635791e-01 -6.24716311e-01  4.27635791e-01  4.90151195e+01 
 4.32588245e-01 -5.68006397e-01  4.32588245e-01  4.86882326e+01 
 4.37598053e-01 -5.11862780e-01  4.37598053e-01  4.83608621e+01 
 4.42665880e-01 -4.56287062e-01  4.42665880e-01  4.80330502e+01 
 4.47792398e-01 -4.01280701e-01  4.47792398e-01  4.77048391e+01 
 4.52978286e-01 -3.46845009e-01  4.52978286e-01  4.73762715e+01 
 4.58224231e-01 -2.92981153e-01  4.58224231e-01  4.70473903e+01 
 4.63530930e-01 -2.39690148e-01  4.63530930e-01  4.67182385e+01 
 4.68899086e-01 -1.86972861e-01  4.68899086e-01  4.63888596e+01 
 4.74329410e-01 -1.34830010e-01  4.74329410e-01  4.60592967e+01 
 4.79822623e-01 -8.32621584e-02  4.79822623e-01  4.57295935e+01 
 4.85379453e-01 -3.22697208e-02  4.85379453e-01  4.53997936e+01 
 4.91000637e-01  1.81470416e-02  4.91000637e-01  4.50699408e+01 
 4.96686920e-01  6.79880203e-02  4.96686920e-01  4.47400786e+01 
 5.02439056e-01  1.17253259e-01  5.02439056e-01  4.44102508e+01 
 5.08257807e-01  1.65942954e-01  5.08257807e-01  4.40805012e+01 
 5.14143945e-01  2.14057455e-01  5.14143945e-01  4.37508734e+01 
 5.20098251e-01  2.61597263e-01  5.20098251e-01  4.34214110e+01 
 5.26121513e-01  3.08563030e-01  5.26121513e-01  4.30921574e+01 
 5.32214531e-01  3.54955559e-01  5.32214531e-01  4.27631560e+01 
 5.38378112e-01  4.00775803e-01  5.38378112e-01  4.24344500e+01 
 5.44613074e-01  4.46024865e-01  5.44613074e-01  4.21060822e+01 
 5.50920243e-01  4.90703995e-01  5.50920243e-01  4.17780954e+01 
 5.57300455e-01  5.34814589e-01  5.57300455e-01  4.14505322e+01 
 5.63754556e-01  5.78358188e-01  5.63754556e-01  4.11234347e+01 
 5.70283403e-01  6.21336478e-01  5.70283403e-01  4.07968449e+01 
 5.76887860e-01  6.63751286e-01  5.76887860e-01  4.04708044e+01 
 5.83568804e-01  7.05604577e-01  5.83568804e-01  4.01453543e+01 
 5.90327119e-01  7.46898457e-01  5.90327119e-01  3.98205356e+01 
 5.97163703e-01  7.87635164e-01  5.97163703e-01  3.94963887e+01 
 6.04079461e-01  8.27817072e-01  6.04079461e-01  3.91729536e+01 
 6.11075310e-01  8.67446687e-01  6.11075310e-01  3.88502698e+01 
 6.18152179e-01  9.06526640e-01  6.18152179e-01  3.85283765e+01 
 6.25311005e-01  9.45059690e-01  6.25311005e-01  3.82073123e+01 
 6.32552737e-01  9.83048719e-01  6.32552737e-01  3.78871152e+01 
 6.39878336e-01  1.02049673e+00  6.39878336e-01  3.75678228e+01 
 6.47288773e-01  1.05740684e+00  6.47288773e-01  3.72494722e+01 
 6.54785030e-01  1.09378229e+00  6.54785030e-01  3.69320996e+01 
 6.62368101e-01  1.12962642e+00  6.62368101e-01  3.66157409e+01 
 6.70038992e-01  1.16494268e+00  6.70038992e-01  3.63004314e+01 
 6.77798719e-01  1.19973464e+00  6.77798719e-01  3.59862056e+01 
 6.85648312e-01  1.23400595e+00  6.85648312e-01  3.56730975e+01 
 6.93588812e-01  1.26776037e+00  6.93588812e-01  3.53611403e+01 
 7.01621270e-01  1.30100176e+00  7.01621270e-01  3.50503667e+01 
 7.09746752e-01  1.33373407e+00  7.09746752e-01  3.47408087e+01 
 7.17966335e-01  1.36596132e+00  7.17966335e-01  3.44324974e+01 
 7.26281110e-01  1.39768763e+00  7.26281110e-01  3.41254634e+01 
 7.34692178e-01  1.42891721e+00  7.34692178e-01  3.38197365e+01 
 7.43200655e-01  1.45965433e+00  7.43200655e-01  3.35153459e+01 
 7.51807668e-01  1.48990334e+00  7.51807668e-01  3.32123199e+01 
 7.60514359e-01  1.51966866e+00  7.60514359e-01  3.29106861e+01 
 7.69321883e-01  1.54895477e+00  7.69321883e-01  3.26104715e+01 
 7.78231406e-01  1.57776624e+00  7.78231406e-01  3.23117021e+01 
 7.87244111e-01  1.60610767e+00  7.87244111e-01  3.20144034e+01 
 7.96361192e-01  1.63398372e+00  7.96361192e-01  3.17185999e+01 
 8.05583858e-01  1.66139912e+00  8.05583858e-01  3.14243155e+01 
 8.14913332e-01  1.68835863e+00  8.14913332e-01  3.11315733e+01 
 8.24350851e-01  1.71486706e+00  8.24350851e-01  3.08403956e+01 
 8.33897665e-01  1.74092928e+00  8.33897665e-01  3.05508041e+01 
 8.43555041e-01  1.76655016e+00  8.43555041e-01  3.02628193e+01 
 8.53324260e-01  1.79173465e+00  8.53324260e-01  2.99764615e+01 
 8.63206616e-01  1.81648769e+00  8.63206616e-01  2.96917499e+01 
 8.73203419e-01  1.84081429e+00  8.73203419e-01  2.94087028e+01 
 8.83315996e-01  1.86471944e+00  8.83315996e-01  2.91273382e+01 
 8.93545686e-01  1.88820820e+00  8.93545686e-01  2.88476729e+01 
 9.03893847e-01  1.91128560e+00  9.03893847e-01  2.85697232e+01 
 9.14361849e-01  1.93395673e+00  9.14361849e-01  2.82935045e+01 
 9.24951082e-01  1.95622665e+00  9.24951082e-01  2.80190317e+01 
 9.35662949e-01  1.97810048e+00  9.35662949e-01  2.77463186e+01 
 9.46498870e-01  1.99958329e+00  9.46498870e-01  2.74753786e+01 
 9.57460281e-01  2.02068020e+00  9.57460281e-01  2.72062242e+01 
 9.68548637e-01  2.04139631e+00  9.68548637e-01  2.69388672e+01 
 9.79765408e-01  2.06173672e+00  9.79765408e-01  2.66733188e+01 
 9.91112080e-01  2.08170653e+00  9.91112080e-01  2.64095894e+01 
 1.00259016e+00  2.10131082e+00  1.00259016e+00  2.61476888e+01 
 1.01420116e+00  2.12055469e+00  1.01420116e+00  2.58876259e+01 
 1.02594664e+00  2.13944320e+00  1.02594664e+00  2.56294092e+01 
 1.03782813e+00  2.15798140e+00  1.03782813e+00  2.53730464e+01 
 1.04984723e+00  2.17617434e+00  1.04984723e+00  2.51185445e+01 
 1.06200552e+00  2.19402704e+00  1.06200552e+00  2.48659100e+01 
 1.07430462e+00  2.21154450e+00  1.07430462e+00  2.46151488e+01 
 1.08674615e+00  2.22873169e+00  1.08674615e+00  2.43662658e+01 
 1.09933176e+00  2.24559357e+00  1.09933176e+00  2.41192659e+01 
 1.11206313e+00  2.26213508e+00  1.11206313e+00  2.38741528e+01 
 1.12494195e+00  2.27836109e+00  1.12494195e+00  2.36309301e+01 
 1.13796991e+00  2.29427650e+00  1.13796991e+00  2.33896004e+01 
 1.15114875e+00  2.30988613e+00  1.15114875e+00  2.31501662e+01 
 1.16448021e+00  2.32519479e+00  1.16448021e+00  2.29126290e+01 
 1.17796607e+00  2.34020726e+00  1.17796607e+00  2.26769901e+01 
 1.19160810e+00  2.35492826e+00  1.19160810e+00  2.24432501e+01 
 1.20540813e+00  2.36936249e+00  1.20540813e+00  2.22114092e+01 
 1.21936797e+00  2.38351462e+00  1.21936797e+00  2.19814669e+01 
 1.23348948e+00  2.39738926e+00  1.23348948e+00  2.17534224e+01 
 1.24777453e+00  2.41099099e+00  1.24777453e+00  2.15272743e+01 
 1.26222502e+00  2.42432436e+00  1.26222502e+00  2.13030210e+01 
 1.27684286e+00  2.43739384e+00  1.27684286e+00  2.10806600e+01 
 1.29162999e+00  2.45020390e+00  1.29162999e+00  2.08601888e+01 
 1.30658837e+00  2.46275894e+00  1.30658837e+00  2.06416043e+01 
 1.32171998e+00  2.47506332e+00  1.32171998e+00  2.04249028e+01 
 1.33702683e+00  2.48712135e+00  1.33702683e+00  2.02100805e+01 
 1.35251095e+00  2.49893731e+00  1.35251095e+00  1.99971330e+01 
 1.36817439e+00  2.51051541e+00  1.36817439e+00  1.97860557e+01 
 1.38401923e+00  2.52185982e+00  1.38401923e+00  1.95768434e+01 
 1.40004757e+00  2.53297467e+00  1.40004757e+00  1.93694908e+01 
 1.41626153e+00  2.54386404e+00  1.41626153e+00  1.91639921e+01 
 1.43266327e+00  2.55453194e+00  1.43266327e+00  1.89603412e+01 
 1.44925496e+00  2.56498236e+00  1.44925496e+00  1.87585316e+01 
 1.46603879e+00  2.57521922e+00  1.46603879e+00  1.85585567e+01 
 1.48301700e+00  2.58524639e+00  1.48301700e+00  1.83604094e+01 
 1.50019183e+00  2.59506771e+00  1.50019183e+00  1.81640824e+01 
 1.51756557e+00  2.60468694e+00  1.51756557e+00  1.79695682e+01 
 1.53514051e+00  2.61410781e+00  1.53514051e+00  1.77768588e+01 
 1.55291899e+00  2.62333399e+00  1.55291899e+00  1.75859462e+01 
 1.57090335e+00  2.63236911e+00  1.57090335e+00  1.73968220e+01 
 1.58909600e+00  2.64121673e+00  1.58909600e+00  1.72094776e+01 
 1.60749933e+00  2.64988038e+00  1.60749933e+00  1.70239042e+01 
 1.62611580e+00  2.65836353e+00  1.62611580e+00  1.68400928e+01 
 1.64494786e+00  2.66666958e+00  1.64494786e+00  1.66580341e+01 
 1.66399802e+00  2.67480192e+00  1.66399802e+00  1.64777187e+01 
 1.68326879e+00  2.68276387e+00  1.68326879e+00  1.62991370e+01 
 1.70276274e+00  2.69055867e+00  1.70276274e+00  1.61222792e+01 
 1.72248245e+00  2.69818957e+00  1.72248245e+00  1.59471353e+01 
 1.74243054e+00  2.70565971e+00  1.74243054e+00  1.57736952e+01 
 1.76260964e+00  2.71297223e+00  1.76260964e+00  1.56019487e+01 
 1.78302244e+00  2.72013019e+00  1.78302244e+00  1.54318852e+01 
 1.80367164e+00  2.72713661e+00  1.80367164e+00  1.52634942e+01 
 1.82455997e+00  2.73399446e+00  1.82455997e+00  1.50967651e+01 
 1.84569022e+00  2.74070666e+00  1.84569022e+00  1.49316870e+01 
 1.86706517e+00  2.74727609e+00  1.86706517e+00  1.47682490e+01 
 1.88868767e+00  2.75370558e+00  1.88868767e+00  1.46064401e+01 
 1.91056058e+00  2.75999790e+00  1.91056058e+00  1.44462491e+01 
 1.93268680e+00  2.76615580e+00  1.93268680e+00  1.42876649e+01 
 1.95506926e+00  2.77218195e+00  1.95506926e+00  1.41306761e+01 
 1.97771094e+00  2.77807901e+00  1.97771094e+00  1.39752713e+01 
 2.00061483e+00  2.78384956e+00  2.00061483e+00  1.38214391e+01 
 2.02378396e+00  2.78949615e+00  2.02378396e+00  1.36691679e+01 
 2.04722142e+00  2.79502130e+00  2.04722142e+00  1.35184462e+01 
 2.07093031e+00  2.80042746e+00  2.07093031e+00  1.33692624e+01 
 2.09491378e+00  2.80571706e+00  2.09491378e+00  1.32216047e+01 
 2.11917499e+00  2.81089247e+00  2.11917499e+00  1.30754613e+01 
 2.14371718e+00  2.81595602e+00  2.14371718e+00  1.29308207e+01 
 2.16854358e+00  2.82091000e+00  2.16854358e+00  1.27876708e+01 
 2.19365751e+00  2.82575667e+00  2.19365751e+00  1.26460000e+01 
 2.21906227e+00  2.83049823e+00  2.21906227e+00  1.25057963e+01 
 2.24476125e+00  2.83513686e+00  2.24476125e+00  1.23670479e+01 
 2.27075785e+00  2.83967467e+00  2.27075785e+00  1.22297429e+01 
 2.29705552e+00  2.84411376e+00  2.29705552e+00  1.20938694e+01 
 2.32365774e+00  2.84845618e+00  2.32365774e+00  1.19594155e+01 
 2.35056804e+00  2.85270394e+00  2.35056804e+00  1.18263693e+01 
 2.37778999e+00  2.85685902e+00  2.37778999e+00  1.16947189e+01 
 2.40532720e+00  2.86092335e+00  2.40532720e+00  1.15644524e+01 
 2.43318331e+00  2.86489882e+00  2.43318331e+00  1.14355579e+01 
 2.46136203e+00  2.86878731e+00  2.46136203e+00  1.13080235e+01 
 2.48986709e+00  2.87259064e+00  2.48986709e+00  1.11818374e+01 
 2.51870226e+00  2.87631061e+00  2.51870226e+00  1.10569878e+01 
 2.54787137e+00  2.87994897e+00  2.54787137e+00  1.09334629e+01 
 2.57737829e+00  2.88350745e+00  2.57737829e+00  1.08112508e+01 
 2.60722693e+00  2.88698774e+00  2.60722693e+00  1.06903398e+01 
 2.63742125e+00  2.89039149e+00  2.63742125e+00  1.05707181e+01 
 2.66796525e+00  2.89372033e+00  2.66796525e+00  1.04523742e+01 
 2.69886298e+00  2.89697585e+00  2.69886298e+00  1.03352963e+01 
 2.73011854e+00  2.90015962e+00  2.73011854e+00  1.02194729e+01 
 2.76173606e+00  2.90327317e+00  2.76173606e+00  1.01048923e+01 
 2.79371975e+00  2.90631799e+00  2.79371975e+00  9.99154307e+00 
 2.82607385e+00  2.90929555e+00  2.82607385e+00  9.87941368e+00 
 2.85880263e+00  2.91220731e+00  2.85880263e+00  9.76849272e+00 
 2.89191045e+00  2.91505466e+00  2.89191045e+00  9.65876880e+00 
 2.92540169e+00  2.91783899e+00  2.92540169e+00  9.55023060e+00 
 2.95928080e+00  2.92056167e+00  2.95928080e+00  9.44286685e+00 
 2.99355225e+00  2.92322401e+00  2.99355225e+00  9.33666631e+00 
 3.02822061e+00  2.92582731e+00  3.02822061e+00  9.23161784e+00 
 3.06329046e+00  2.92837286e+00  3.06329046e+00  9.12771033e+00 
 3.09876645e+00  2.93086190e+00  3.09876645e+00  9.02493273e+00 
 3.13465329e+00  2.93329566e+00  3.13465329e+00  8.92327408e+00 
 3.17095574e+00  2.93567533e+00  3.17095574e+00  8.82272343e+00 
 3.20767861e+00  2.93800208e+00  3.20767861e+00  8.72326995e+00 
 3.24482676e+00  2.94027707e+00  3.24482676e+00  8.62490285e+00 
 3.28240513e+00  2.94250141e+00  3.28240513e+00  8.52761140e+00 
 3.32041869e+00  2.94467622e+00  3.32041869e+00  8.43138494e+00 
 3.35887249e+00  2.94680257e+00  3.35887249e+00  8.33621290e+00 
 3.39777162e+00  2.94888152e+00  3.39777162e+00  8.24208474e+00 
 3.43712125e+00  2.95091410e+00  3.43712125e+00  8.14899004e+00 
 3.47692658e+00  2.95290133e+00  3.47692658e+00  8.05691840e+00 
 3.51719290e+00  2.95484420e+00  3.51719290e+00  7.96585952e+00 
 3.55792554e+00  2.95674368e+00  3.55792554e+00  7.87580317e+00 
 3.59912991e+00  2.95860071e+00  3.59912991e+00  7.78673919e+00 
 3.64081146e+00  2.96041624e+00  3.64081146e+00  7.69865750e+00 
 3.68297573e+00  2.96219117e+00  3.68297573e+00  7.61154807e+00 
 3.72562831e+00  2.96392639e+00  3.72562831e+00  7.52540097e+00 
 3.76877484e+00  2.96562278e+00  3.76877484e+00  7.44020634e+00 
 3.81242106e+00  2.96728119e+00  3.81242106e+00  7.35595439e+00 
 3.85657274e+00  2.96890245e+00  3.85657274e+00  7.27263541e+00 
 3.90123574e+00  2.97048739e+00  3.90123574e+00  7.19023975e+00 
 3.94641599e+00  2.97203681e+00  3.94641599e+00  7.10875786e+00 
 3.99211947e+00  2.97355149e+00  3.99211947e+00  7.02818025e+00 
 4.03835224e+00  2.97503220e+00  4.03835224e+00  6.94849751e+00 
 4.08512043e+00  2.97647969e+00  4.08512043e+00  6.86970031e+00 
 4.13243025e+00  2.97789469e+00  4.13243025e+00  6.79177940e+00 
 4.18028796e+00  2.97927792e+00  4.18028796e+00  6.71472560e+00 
 4.22869991e+00  2.98063008e+00  4.22869991e+00  6.63852980e+00 
 4.27767252e+00  2.98195187e+00  4.27767252e+00  6.56318298e+00 
 4.32721228e+00  2.98324396e+00  4.32721228e+00  6.48867620e+00 
 4.37732577e+00  2.98450701e+00  4.37732577e+00  6.41500058e+00 
 4.42801962e+00  2.98574165e+00  4.42801962e+00  6.34214734e+00 
 4.47930055e+00  2.98694853e+00  4.47930055e+00  6.27010774e+00 
 4.53117537e+00  2.98812825e+00  4.53117537e+00  6.19887316e+00 
 4.58365095e+00  2.98928143e+00  4.58365095e+00  6.12843502e+00 
 4.63673425e+00  2.99040865e+00  4.63673425e+00  6.05878485e+00 
 4.69043232e+00  2.99151049e+00  4.69043232e+00  5.98991422e+00 
 4.74475225e+00  2.99258752e+00  4.74475225e+00  5.92181481e+00 
 4.79970127e+00  2.99364029e+00  4.79970127e+00  5.85447836e+00 
 4.85528665e+00  2.99466934e+00  4.85528665e+00  5.78789667e+00 
 4.91151577e+00  2.99567519e+00  4.91151577e+00  5.72206165e+00 
 4.96839608e+00  2.99665837e+00  4.96839608e+00  5.65696526e+00 
 5.02593512e+00  2.99761939e+00  5.02593512e+00  5.59259954e+00 
 5.08414052e+00  2.99855873e+00  5.08414052e+00  5.52895660e+00 
 5.14302000e+00  2.99947688e+00  5.14302000e+00  5.46602865e+00 
 5.20258136e+00  3.00037432e+00  5.20258136e+00  5.40380793e+00 
 5.26283250e+00  3.00125151e+00  5.26283250e+00  5.34228678e+00 
 5.32378141e+00  3.00210889e+00  5.32378141e+00  5.28145763e+00 
 5.38543617e+00  3.00294693e+00  5.38543617e+00  5.22131295e+00 
 5.44780495e+00  3.00376604e+00  5.44780495e+00  5.16184529e+00 
 5.51089603e+00  3.00456665e+00  5.51089603e+00  5.10304729e+00 
 5.57471776e+00  3.00534918e+00  5.57471776e+00  5.04491165e+00 
 5.63927862e+00  3.00611403e+00  5.63927862e+00  4.98743113e+00 
 5.70458716e+00  3.00686160e+00  5.70458716e+00  4.93059857e+00 
 5.77065203e+00  3.00759227e+00  5.77065203e+00  4.87440690e+00 
 5.83748200e+00  3.00830643e+00  5.83748200e+00  4.81884909e+00 
 5.90508593e+00  3.00900445e+00  5.90508593e+00  4.76391819e+00 
 5.97347279e+00  3.00968668e+00  5.97347279e+00  4.70960732e+00 
 6.04265163e+00  3.01035348e+00  6.04265163e+00  4.65590968e+00 
 6.11263163e+00  3.01100521e+00  6.11263163e+00  4.60281851e+00 
 6.18342207e+00  3.01164219e+00  6.18342207e+00  4.55032716e+00 
 6.25503234e+00  3.01226476e+00  6.25503234e+00  4.49842900e+00 
 6.32747192e+00  3.01287324e+00  6.32747192e+00  4.44711750e+00 
 6.40075043e+00  3.01346795e+00  6.40075043e+00  4.39638618e+00 
 6.47487758e+00  3.01404921e+00  6.47487758e+00  4.34622864e+00 
 6.54986319e+00  3.01461730e+00  6.54986319e+00  4.29663854e+00 
 6.62571722e+00  3.01517254e+00  6.62571722e+00  4.24760959e+00 
 6.70244971e+00  3.01571520e+00  6.70244971e+00  4.19913558e+00 
 6.78007084e+00  3.01624557e+00  6.78007084e+00  4.15121037e+00 
 6.85859090e+00  3.01676394e+00  6.85859090e+00  4.10382786e+00 
 6.93802030e+00  3.01727056e+00  6.93802030e+00  4.05698204e+00 
 7.01836957e+00  3.01776571e+00  7.01836957e+00  4.01066694e+00 
 7.09964937e+00  3.01824964e+00  7.09964937e+00  3.96487666e+00 
 7.18187048e+00  3.01872260e+00  7.18187048e+00  3.91960538e+00 
 7.26504378e+00  3.01918485e+00  7.26504378e+00  3.87484730e+00 
 7.34918032e+00  3.01963662e+00  7.34918032e+00  3.83059672e+00 
 7.43429124e+00  3.02007815e+00  7.43429124e+00  3.78684797e+00 
 7.52038784e+00  3.02050968e+00  7.52038784e+00  3.74359547e+00 
 7.60748151e+00  3.02093142e+00  7.60748151e+00  3.70083368e+00 
 7.69558382e+00  3.02134360e+00  7.69558382e+00  3.65855711e+00 
 7.78470645e+00  3.02174643e+00  7.78470645e+00  3.61676034e+00 
 7.87486120e+00  3.02214013e+00  7.87486120e+00  3.57543802e+00 
 7.96606004e+00  3.02252491e+00  7.96606004e+00  3.53458483e+00 
 8.05831505e+00  3.02290095e+00  8.05831505e+00  3.49419552e+00 
 8.15163847e+00  3.02326847e+00  8.15163847e+00  3.45426490e+00 
 8.24604267e+00  3.02362765e+00  8.24604267e+00  3.41478783e+00 
 8.34154016e+00  3.02397868e+00  8.34154016e+00  3.37575923e+00 
 8.43814361e+00  3.02432175e+00  8.43814361e+00  3.33717406e+00 
 8.53586583e+00  3.02465704e+00  8.53586583e+00  3.29902735e+00 
 8.63471977e+00  3.02498472e+00  8.63471977e+00  3.26131418e+00 
 8.73471853e+00  3.02530496e+00  8.73471853e+00  3.22402968e+00 
 8.83587539e+00  3.02561794e+00  8.83587539e+00  3.18716903e+00 
 8.93820374e+00  3.02592381e+00  8.93820374e+00  3.15072746e+00 
 9.04171716e+00  3.02622274e+00  9.04171716e+00  3.11470026e+00 
 9.14642936e+00  3.02651488e+00  9.14642936e+00  3.07908278e+00 
 9.25235424e+00  3.02680040e+00  9.25235424e+00  3.04387038e+00 
 9.35950584e+00  3.02707943e+00  9.35950584e+00  3.00905853e+00 
 9.46789836e+00  3.02735213e+00  9.46789836e+00  2.97464269e+00 
 9.57754617e+00  3.02761864e+00  9.57754617e+00  2.94061841e+00 
 9.68846382e+00  3.02787909e+00  9.68846382e+00  2.90698127e+00 
 9.80066601e+00  3.02813363e+00  9.80066601e+00  2.87372691e+00 
 9.91416761e+00  3.02838240e+00  9.91416761e+00  2.84085100e+00 
 1.00289837e+01  3.02862551e+00  1.00289837e+01  2.80834927e+00 
 1.01451294e+01  3.02886310e+00  1.01451294e+01  2.77621751e+00 
 1.02626203e+01  3.02909530e+00  1.02626203e+01  2.74445152e+00 
 1.03814717e+01  3.02932222e+00  1.03814717e+01  2.71304717e+00 
 1.05016997e+01  3.02954399e+00  1.05016997e+01  2.68200038e+00 
 1.06233199e+01  3.02976072e+00  1.06233199e+01  2.65130710e+00 
 1.07463487e+01  3.02997253e+00  1.07463487e+01  2.62096333e+00 
 1.08708023e+01  3.03017953e+00  1.08708023e+01  2.59096512e+00 
 1.09966971e+01  3.03038182e+00  1.09966971e+01  2.56130856e+00 
 1.11240500e+01  3.03057952e+00  1.11240500e+01  2.53198978e+00 
 1.12528777e+01  3.03077273e+00  1.12528777e+01  2.50300494e+00 
 1.13831974e+01  3.03096154e+00  1.13831974e+01  2.47435028e+00 
 1.15150263e+01  3.03114607e+00  1.15150263e+01  2.44602204e+00 
 1.16483819e+01  3.03132641e+00  1.16483819e+01  2.41801653e+00 
 1.17832819e+01  3.03150265e+00  1.17832819e+01  2.39033008e+00 
 1.19197442e+01  3.03167488e+00  1.19197442e+01  2.36295907e+00 
 1.20577869e+01  3.03184320e+00  1.20577869e+01  2.33589994e+00 
 1.21974282e+01  3.03200769e+00  1.21974282e+01  2.30914913e+00 
 1.23386867e+01  3.03216845e+00  1.23386867e+01  2.28270315e+00 
 1.24815812e+01  3.03232555e+00  1.24815812e+01  2.25655854e+00 
 1.26261305e+01  3.03247908e+00  1.26261305e+01  2.23071187e+00 
 1.27723538e+01  3.03262913e+00  1.27723538e+01  2.20515976e+00 
 1.29202705e+01  3.03277576e+00  1.29202705e+01  2.17989885e+00 
 1.30699003e+01  3.03291906e+00  1.30699003e+01  2.15492585e+00 
 1.32212629e+01  3.03305910e+00  1.32212629e+01  2.13023748e+00 
 1.33743785e+01  3.03319596e+00  1.33743785e+01  2.10583050e+00 
 1.35292673e+01  3.03332971e+00  1.35292673e+01  2.08170171e+00 
 1.36859499e+01  3.03346042e+00  1.36859499e+01  2.05784794e+00 
 1.38444470e+01  3.03358816e+00  1.38444470e+01  2.03426607e+00 
 1.40047796e+01  3.03371299e+00  1.40047796e+01  2.01095300e+00 
 1.41669691e+01  3.03383499e+00  1.41669691e+01  1.98790567e+00 
 1.43310369e+01  3.03395421e+00  1.43310369e+01  1.96512106e+00 
 1.44970048e+01  3.03407073e+00  1.44970048e+01  1.94259617e+00 
 1.46648947e+01  3.03418459e+00  1.46648947e+01  1.92032804e+00 
 1.48347290e+01  3.03429587e+00  1.48347290e+01  1.89831375e+00 
 1.50065301e+01  3.03440461e+00  1.50065301e+01  1.87655040e+00 
 1.51803209e+01  3.03451089e+00  1.51803209e+01  1.85503514e+00 
 1.53561243e+01  3.03461474e+00  1.53561243e+01  1.83376514e+00 
 1.55339637e+01  3.03471624e+00  1.55339637e+01  1.81273759e+00 
 1.57138627e+01  3.03481543e+00  1.57138627e+01  1.79194974e+00 
 1.58958451e+01  3.03491236e+00  1.58958451e+01  1.77139885e+00 
 1.60799350e+01  3.03500709e+00  1.60799350e+01  1.75108221e+00 
 1.62661569e+01  3.03509967e+00  1.62661569e+01  1.73099716e+00 
 1.64545354e+01  3.03519014e+00  1.64545354e+01  1.71114105e+00 
 1.66450955e+01  3.03527855e+00  1.66450955e+01  1.69151126e+00 
 1.68378625e+01  3.03536496e+00  1.68378625e+01  1.67210521e+00 
 1.70328619e+01  3.03544940e+00  1.70328619e+01  1.65292035e+00 
 1.72301197e+01  3.03553192e+00  1.72301197e+01  1.63395415e+00 
 1.74296618e+01  3.03561256e+00  1.74296618e+01  1.61520411e+00 
 1.76315149e+01  3.03569137e+00  1.76315149e+01  1.59666777e+00 
 1.78357056e+01  3.03576839e+00  1.78357056e+01  1.57834267e+00 
 1.80422611e+01  3.03584365e+00  1.80422611e+01  1.56022640e+00 
 1.82512087e+01  3.03591721e+00  1.82512087e+01  1.54231659e+00 
 1.84625761e+01  3.03598909e+00  1.84625761e+01  1.52461086e+00 
 1.86763914e+01  3.03605934e+00  1.86763914e+01  1.50710688e+00 
 1.88926828e+01  3.03612799e+00  1.88926828e+01  1.48980234e+00 
 1.91114791e+01  3.03619508e+00  1.91114791e+01  1.47269497e+00 
 1.93328093e+01  3.03626065e+00  1.93328093e+01  1.45578251e+00 
 1.95567028e+01  3.03632472e+00  1.95567028e+01  1.43906272e+00 
 1.97831891e+01  3.03638734e+00  1.97831891e+01  1.42253340e+00 
 2.00122984e+01  3.03644853e+00  2.00122984e+01  1.40619237e+00 
 2.02440610e+01  3.03650833e+00  2.02440610e+01  1.39003747e+00 
 2.04785077e+01  3.03656677e+00  2.04785077e+01  1.37406658e+00 
 2.07156695e+01  3.03662388e+00  2.07156695e+01  1.35827758e+00 
 2.09555778e+01  3.03667970e+00  2.09555778e+01  1.34266839e+00 
 2.11982645e+01  3.03673424e+00  2.11982645e+01  1.32723695e+00 
 2.14437618e+01  3.03678755e+00  2.14437618e+01  1.31198123e+00 
 2.16921022e+01  3.03683964e+00  2.16921022e+01  1.29689920e+00 
 2.19433187e+01  3.03689055e+00  2.19433187e+01  1.28198888e+00 
 2.21974444e+01  3.03694030e+00  2.21974444e+01  1.26724830e+00 
 2.24545132e+01  3.03698892e+00  2.24545132e+01  1.25267551e+00 
 2.27145591e+01  3.03703643e+00  2.27145591e+01  1.23826859e+00 
 2.29776167e+01  3.03708286e+00  2.29776167e+01  1.22402563e+00 
 2.32437206e+01  3.03712824e+00  2.32437206e+01  1.20994476e+00 
 2.35129064e+01  3.03717259e+00  2.35129064e+01  1.19602411e+00 
 2.37852095e+01  3.03721593e+00  2.37852095e+01  1.18226184e+00 
 2.40606663e+01  3.03725828e+00  2.40606663e+01  1.16865614e+00 
 2.43393131e+01  3.03729967e+00  2.43393131e+01  1.15520520e+00 
 2.46211869e+01  3.03734011e+00  2.46211869e+01  1.14190726e+00 
 2.49063250e+01  3.03737964e+00  2.49063250e+01  1.12876054e+00 
 2.51947654e+01  3.03741827e+00  2.51947654e+01  1.11576333e+00 
 2.54865462e+01  3.03745602e+00  2.54865462e+01  1.10291389e+00 
 2.57817061e+01  3.03749292e+00  2.57817061e+01  1.09021052e+00 
 2.60802843e+01  3.03752897e+00  2.60802843e+01  1.07765156e+00 
 2.63823203e+01  3.03756420e+00  2.63823203e+01  1.06523534e+00 
 2.66878542e+01  3.03759864e+00  2.66878542e+01  1.05296021e+00 
 2.69969265e+01  3.03763229e+00  2.69969265e+01  1.04082456e+00 
 2.73095781e+01  3.03766517e+00  2.73095781e+01  1.02882677e+00 
 2.76258506e+01  3.03769731e+00  2.76258506e+01  1.01696527e+00 
 2.79457858e+01  3.03772871e+00  2.79457858e+01  1.00523849e+00 
 2.82694262e+01  3.03775941e+00  2.82694262e+01  9.93644863e-01 
 2.85968147e+01  3.03778940e+00  2.85968147e+01  9.82182870e-01 
 2.89279946e+01  3.03781871e+00  2.89279946e+01  9.70850991e-01 
 2.92630100e+01  3.03784736e+00  2.92630100e+01  9.59647727e-01 
 2.96019052e+01  3.03787535e+00  2.96019052e+01  9.48571596e-01 
 2.99447251e+01  3.03790271e+00  2.99447251e+01  9.37621133e-01 
 3.02915152e+01  3.03792945e+00  3.02915152e+01  9.26794889e-01 
 3.06423215e+01  3.03795558e+00  3.06423215e+01  9.16091432e-01 
 3.09971905e+01  3.03798111e+00  3.09971905e+01  9.05509346e-01 
 3.13561693e+01  3.03800606e+00  3.13561693e+01  8.95047230e-01 
 3.17193054e+01  3.03803045e+00  3.17193054e+01  8.84703701e-01 
 3.20866469e+01  3.03805428e+00  3.20866469e+01  8.74477389e-01 
 3.24582427e+01  3.03807757e+00  3.24582427e+01  8.64366941e-01 
 3.28341419e+01  3.03810033e+00  3.28341419e+01  8.54371020e-01 
 3.32143943e+01  3.03812257e+00  3.32143943e+01  8.44488302e-01 
 3.35990505e+01  3.03814431e+00  3.35990505e+01  8.34717479e-01 
 3.39881614e+01  3.03816555e+00  3.39881614e+01  8.25057259e-01 
 3.43817786e+01  3.03818631e+00  3.43817786e+01  8.15506362e-01 
 3.47799543e+01  3.03820660e+00  3.47799543e+01  8.06063525e-01 
 3.51827413e+01  3.03822643e+00  3.51827413e+01  7.96727497e-01 
 3.55901929e+01  3.03824580e+00  3.55901929e+01  7.87497044e-01 
 3.60023633e+01  3.03826474e+00  3.60023633e+01  7.78370942e-01 
 3.64193070e+01  3.03828324e+00  3.64193070e+01  7.69347984e-01 
 3.68410793e+01  3.03830132e+00  3.68410793e+01  7.60426975e-01 
 3.72677361e+01  3.03831900e+00  3.72677361e+01  7.51606734e-01 
 3.76993341e+01  3.03833627e+00  3.76993341e+01  7.42886094e-01 
 3.81359304e+01  3.03835315e+00  3.81359304e+01  7.34263899e-01 
 3.85775830e+01  3.03836964e+00  3.85775830e+01  7.25739009e-01 
 3.90243503e+01  3.03838576e+00  3.90243503e+01  7.17310294e-01 
 3.94762917e+01  3.03840151e+00  3.94762917e+01  7.08976639e-01 
 3.99334670e+01  3.03841690e+00  3.99334670e+01  7.00736940e-01 
 4.03959368e+01  3.03843195e+00  4.03959368e+01  6.92590106e-01 
 4.08637625e+01  3.03844665e+00  4.08637625e+01  6.84535058e-01 
 4.13370061e+01  3.03846102e+00  4.13370061e+01  6.76570729e-01 
 4.18157303e+01  3.03847506e+00  4.18157303e+01  6.68696066e-01 
 4.22999987e+01  3.03848878e+00  4.22999987e+01  6.60910024e-01 
 4.27898753e+01  3.03850219e+00  4.27898753e+01  6.53211572e-01 
 4.32854253e+01  3.03851529e+00  4.32854253e+01  6.45599692e-01 
 4.37867142e+01  3.03852810e+00  4.37867142e+01  6.38073376e-01 
 4.42938085e+01  3.03854062e+00  4.42938085e+01  6.30631625e-01 
 4.48067755e+01  3.03855285e+00  4.48067755e+01  6.23273455e-01 
 4.53256831e+01  3.03856480e+00  4.53256831e+01  6.15997891e-01 
 4.58506003e+01  3.03857648e+00  4.58506003e+01  6.08803970e-01 
 4.63815965e+01  3.03858789e+00  4.63815965e+01  6.01690738e-01 
 4.69187422e+01  3.03859905e+00  4.69187422e+01  5.94657254e-01 
 4.74621085e+01  3.03860995e+00  4.74621085e+01  5.87702585e-01 
 4.80117676e+01  3.03862060e+00  4.80117676e+01  5.80825811e-01 
 4.85677923e+01  3.03863102e+00  4.85677923e+01  5.74026020e-01 
 4.91302564e+01  3.03864119e+00  4.91302564e+01  5.67302312e-01 
 4.96992343e+01  3.03865113e+00  4.96992343e+01  5.60653797e-01 
 5.02748016e+01  3.03866085e+00  5.02748016e+01  5.54079592e-01 
 5.08570345e+01  3.03867035e+00  5.08570345e+01  5.47578828e-01 
 5.14460103e+01  3.03867962e+00  5.14460103e+01  5.41150643e-01 
 5.20418070e+01  3.03868869e+00  5.20418070e+01  5.34794186e-01 
 5.26445036e+01  3.03869756e+00  5.26445036e+01  5.28508615e-01 
 5.32541801e+01  3.03870622e+00  5.32541801e+01  5.22293096e-01 
 5.38709172e+01  3.03871468e+00  5.38709172e+01  5.16146807e-01 
 5.44947968e+01  3.03872295e+00  5.44947968e+01  5.10068932e-01 
 5.51259015e+01  3.03873103e+00  5.51259015e+01  5.04058668e-01 
 5.57643151e+01  3.03873893e+00  5.57643151e+01  4.98115216e-01 
 5.64101221e+01  3.03874665e+00  5.64101221e+01  4.92237791e-01 
 5.70634082e+01  3.03875419e+00  5.70634082e+01  4.86425613e-01 
 5.77242601e+01  3.03876157e+00  5.77242601e+01  4.80677913e-01 
 5.83927652e+01  3.03876877e+00  5.83927652e+01  4.74993927e-01 
 5.90690124e+01  3.03877581e+00  5.90690124e+01  4.69372905e-01 
 5.97530911e+01  3.03878269e+00  5.97530911e+01  4.63814100e-01 
 6.04450922e+01  3.03878941e+00  6.04450922e+01  4.58316776e-01 
 6.11451073e+01  3.03879598e+00  6.11451073e+01  4.52880205e-01 
 6.18532294e+01  3.03880240e+00  6.18532294e+01  4.47503666e-01 
 6.25695522e+01  3.03880868e+00  6.25695522e+01  4.42186447e-01 
 6.32941707e+01  3.03881481e+00  6.32941707e+01  4.36927843e-01 
 6.40271811e+01  3.03882080e+00  6.40271811e+01  4.31727157e-01 
 6.47686804e+01  3.03882665e+00  6.47686804e+01  4.26583701e-01 
 6.55187671e+01  3.03883238e+00  6.55187671e+01  4.21496793e-01 
 6.62775405e+01  3.03883797e+00  6.62775405e+01  4.16465758e-01 
 6.70451013e+01  3.03884343e+00  6.70451013e+01  4.11489930e-01 
 6.78215512e+01  3.03884877e+00  6.78215512e+01  4.06568649e-01 
 6.86069932e+01  3.03885399e+00  6.86069932e+01  4.01701264e-01 
 6.94015314e+01  3.03885909e+00  6.94015314e+01  3.96887129e-01 
 7.02052711e+01  3.03886407e+00  7.02052711e+01  3.92125606e-01 
 7.10183190e+01  3.03886894e+00  7.10183190e+01  3.87416065e-01 
 7.18407828e+01  3.03887370e+00  7.18407828e+01  3.82757881e-01 
 7.26727715e+01  3.03887835e+00  7.26727715e+01  3.78150436e-01 
 7.35143955e+01  3.03888290e+00  7.35143955e+01  3.73593121e-01 
 7.43657664e+01  3.03888734e+00  7.43657664e+01  3.69085331e-01 
 7.52269970e+01  3.03889168e+00  7.52269970e+01  3.64626468e-01 
 7.60982015e+01  3.03889592e+00  7.60982015e+01  3.60215943e-01 
 7.69794955e+01  3.03890006e+00  7.69794955e+01  3.55853170e-01 
 7.78709957e+01  3.03890411e+00  7.78709957e+01  3.51537570e-01 
 7.87728204e+01  3.03890807e+00  7.87728204e+01  3.47268573e-01 
 7.96850891e+01  3.03891193e+00  7.96850891e+01  3.43045613e-01 
 8.06079229e+01  3.03891571e+00  8.06079229e+01  3.38868128e-01 
 8.15414439e+01  3.03891940e+00  8.15414439e+01  3.34735567e-01 
 8.24857761e+01  3.03892301e+00  8.24857761e+01  3.30647381e-01 
 8.34410446e+01  3.03892654e+00  8.34410446e+01  3.26603028e-01 
 8.44073761e+01  3.03892998e+00  8.44073761e+01  3.22601973e-01 
 8.53848987e+01  3.03893335e+00  8.53848987e+01  3.18643685e-01 
 8.63737419e+01  3.03893664e+00  8.63737419e+01  3.14727638e-01 
 8.73740370e+01  3.03893985e+00  8.73740370e+01  3.10853316e-01 
 8.83859165e+01  3.03894299e+00  8.83859165e+01  3.07020203e-01 
 8.94095146e+01  3.03894606e+00  8.94095146e+01  3.03227791e-01 
 9.04449670e+01  3.03894906e+00  9.04449670e+01  2.99475579e-01 
 9.14924110e+01  3.03895199e+00  9.14924110e+01  2.95763069e-01 
 9.25519854e+01  3.03895486e+00  9.25519854e+01  2.92089768e-01 
 9.36238307e+01  3.03895765e+00  9.36238307e+01  2.88455190e-01 
 9.47080892e+01  3.03896039e+00  9.47080892e+01  2.84858852e-01 
 9.58049044e+01  3.03896306e+00  9.58049044e+01  2.81300279e-01 
 9.69144218e+01  3.03896567e+00  9.69144218e+01  2.77778999e-01 
 9.80367886e+01  3.03896822e+00  9.80367886e+01  2.74294544e-01 
 9.91721535e+01  3.03897071e+00  9.91721535e+01  2.70846454e-01 
 1.00320667e+02  3.03897315e+00  1.00320667e+02  2.67434270e-01 
 1.01482482e+02  3.03897553e+00  1.01482482e+02  2.64057541e-01 
 1.02657751e+02  3.03897785e+00  1.02657751e+02  2.60715819e-01 
 1.03846632e+02  3.03898013e+00  1.03846632e+02  2.57408660e-01 
 1.05049280e+02  3.03898235e+00  1.05049280e+02  2.54135628e-01 
 1.06265857e+02  3.03898451e+00  1.06265857e+02  2.50896287e-01 
 1.07496523e+02  3.03898663e+00  1.07496523e+02  2.47690209e-01 
 1.08741441e+02  3.03898870e+00  1.08741441e+02  2.44516967e-01 
 1.10000777e+02  3.03899073e+00  1.10000777e+02  2.41376143e-01 
 1.11274697e+02  3.03899270e+00  1.11274697e+02  2.38267319e-01 
 1.12563370e+02  3.03899463e+00  1.12563370e+02  2.35190084e-01 
 1.13866967e+02  3.03899652e+00  1.13866967e+02  2.32144028e-01 
 1.15185661e+02  3.03899836e+00  1.15185661e+02  2.29128750e-01 
 1.16519628e+02  3.03900016e+00  1.16519628e+02  2.26143848e-01 
 1.17869043e+02  3.03900192e+00  1.17869043e+02  2.23188927e-01 
 1.19234085e+02  3.03900364e+00  1.19234085e+02  2.20263596e-01 
 1.20614936e+02  3.03900532e+00  1.20614936e+02  2.17367467e-01 
 1.22011779e+02  3.03900696e+00  1.22011779e+02  2.14500155e-01 
 1.23424798e+02  3.03900856e+00  1.23424798e+02  2.11661281e-01 
 1.24854182e+02  3.03901013e+00  1.24854182e+02  2.08850468e-01 
 1.26300119e+02  3.03901165e+00  1.26300119e+02  2.06067344e-01 
 1.27762802e+02  3.03901315e+00  1.27762802e+02  2.03311540e-01 
 1.29242424e+02  3.03901461e+00  1.29242424e+02  2.00582690e-01 
 1.30739182e+02  3.03901603e+00  1.30739182e+02  1.97880433e-01 
 1.32253273e+02  3.03901742e+00  1.32253273e+02  1.95204410e-01 
 1.33784900e+02  3.03901878e+00  1.33784900e+02  1.92554267e-01 
 1.35334264e+02  3.03902011e+00  1.35334264e+02  1.89929653e-01 
 1.36901571e+02  3.03902141e+00  1.36901571e+02  1.87330219e-01 
 1.38487029e+02  3.03902268e+00  1.38487029e+02  1.84755620e-01 
 1.40090849e+02  3.03902391e+00  1.40090849e+02  1.82205517e-01 
 1.41713242e+02  3.03902512e+00  1.41713242e+02  1.79679569e-01 
 1.43354425e+02  3.03902630e+00  1.43354425e+02  1.77177444e-01 
 1.45014614e+02  3.03902745e+00  1.45014614e+02  1.74698808e-01 
 1.46694029e+02  3.03902858e+00  1.46694029e+02  1.72243333e-01 
 1.48392894e+02  3.03902968e+00  1.48392894e+02  1.69810695e-01 
 1.50111433e+02  3.03903075e+00  1.50111433e+02  1.67400569e-01 
 1.51849875e+02  3.03903180e+00  1.51849875e+02  1.65012638e-01 
 1.53608450e+02  3.03903282e+00  1.53608450e+02  1.62646583e-01 
 1.55387391e+02  3.03903382e+00  1.55387391e+02  1.60302092e-01 
 1.57186933e+02  3.03903480e+00  1.57186933e+02  1.57978854e-01 
 1.59007317e+02  3.03903575e+00  1.59007317e+02  1.55676561e-01 
 1.60848782e+02  3.03903668e+00  1.60848782e+02  1.53394907e-01 
 1.62711573e+02  3.03903759e+00  1.62711573e+02  1.51133590e-01 
 1.64595937e+02  3.03903847e+00  1.64595937e+02  1.48892310e-01 
 1.66502124e+02  3.03903934e+00  1.66502124e+02  1.46670770e-01 
 1.68430387e+02  3.03904018e+00  1.68430387e+02  1.44468676e-01 
 1.70380981e+02  3.03904101e+00  1.70380981e+02  1.42285736e-01 
 1.72354164e+02  3.03904181e+00  1.72354164e+02  1.40121660e-01 
 1.74350199e+02  3.03904259e+00  1.74350199e+02  1.37976161e-01 
 1.76369351e+02  3.03904336e+00  1.76369351e+02  1.35848955e-01 
 1.78411886e+02  3.03904411e+00  1.78411886e+02  1.33739759e-01 
 1.80478075e+02  3.03904483e+00  1.80478075e+02  1.31648296e-01 
 1.82568193e+02  3.03904555e+00  1.82568193e+02  1.29574286e-01 
 1.84682517e+02  3.03904624e+00  1.84682517e+02  1.27517455e-01 
 1.86821327e+02  3.03904692e+00  1.86821327e+02  1.25477530e-01 
 1.88984907e+02  3.03904757e+00  1.88984907e+02  1.23454241e-01 
 1.91173543e+02  3.03904822e+00  1.91173543e+02  1.21447320e-01 
 1.93387525e+02  3.03904885e+00  1.93387525e+02  1.19456501e-01 
 1.95627148e+02  3.03904946e+00  1.95627148e+02  1.17481519e-01 
 1.97892707e+02  3.03905005e+00  1.97892707e+02  1.15522113e-01 
 2.00184505e+02  3.03905063e+00  2.00184505e+02  1.13578023e-01 
 2.02502843e+02  3.03905120e+00  2.02502843e+02  1.11648991e-01 
 2.04848030e+02  3.03905175e+00  2.04848030e+02  1.09734762e-01 
 2.07220377e+02  3.03905229e+00  2.07220377e+02  1.07835081e-01 
 2.09620198e+02  3.03905281e+00  2.09620198e+02  1.05949697e-01 
 2.12047812e+02  3.03905333e+00  2.12047812e+02  1.04078361e-01 
 2.14503539e+02  3.03905382e+00  2.14503539e+02  1.02220823e-01 
 2.16987707e+02  3.03905431e+00  2.16987707e+02  1.00376837e-01 
 2.19500643e+02  3.03905478e+00  2.19500643e+02  9.85461603e-02 
 2.22042682e+02  3.03905524e+00  2.22042682e+02  9.67285484e-02 
 2.24614160e+02  3.03905568e+00  2.24614160e+02  9.49237610e-02 
 2.27215419e+02  3.03905612e+00  2.27215419e+02  9.31315587e-02 
 2.29846803e+02  3.03905654e+00  2.29846803e+02  9.13517040e-02 
 2.32508661e+02  3.03905695e+00  2.32508661e+02  8.95839607e-02 
 2.35201345e+02  3.03905735e+00  2.35201345e+02  8.78280947e-02 
 2.37925214e+02  3.03905774e+00  2.37925214e+02  8.60838731e-02 
 2.40680628e+02  3.03905812e+00  2.40680628e+02  8.43510646e-02 
 2.43467953e+02  3.03905848e+00  2.43467953e+02  8.26294395e-02 
 2.46287557e+02  3.03905884e+00  2.46287557e+02  8.09187696e-02 
 2.49139816e+02  3.03905918e+00  2.49139816e+02  7.92188280e-02 
 2.52025106e+02  3.03905952e+00  2.52025106e+02  7.75293894e-02 
 2.54943811e+02  3.03905985e+00  2.54943811e+02  7.58502298e-02 
 2.57896318e+02  3.03906016e+00  2.57896318e+02  7.41811266e-02 
 2.60883017e+02  3.03906047e+00  2.60883017e+02  7.25218585e-02 
 2.63904306e+02  3.03906076e+00  2.63904306e+02  7.08722055e-02 
 2.66960584e+02  3.03906105e+00  2.66960584e+02  6.92319488e-02 
 2.70052257e+02  3.03906133e+00  2.70052257e+02  6.76008711e-02 
 2.73179734e+02  3.03906160e+00  2.73179734e+02  6.59787560e-02 
 2.76343431e+02  3.03906186e+00  2.76343431e+02  6.43653885e-02 
 2.79543767e+02  3.03906211e+00  2.79543767e+02  6.27605548e-02 
 2.82781166e+02  3.03906235e+00  2.82781166e+02  6.11640420e-02 
 2.86056057e+02  3.03906258e+00  2.86056057e+02  5.95756384e-02 
 2.89368875e+02  3.03906281e+00  2.89368875e+02  5.79951335e-02 
 2.92720058e+02  3.03906303e+00  2.92720058e+02  5.64223178e-02 
 2.96110052e+02  3.03906324e+00  2.96110052e+02  5.48569827e-02 
 2.99539305e+02  3.03906344e+00  2.99539305e+02  5.32989206e-02 
 3.03008272e+02  3.03906363e+00  3.03008272e+02  5.17479250e-02 
 3.06517414e+02  3.03906381e+00  3.06517414e+02  5.02037903e-02 
 3.10067195e+02  3.03906399e+00  3.10067195e+02  4.86663118e-02 
 3.13658086e+02  3.03906416e+00  3.13658086e+02  4.71352856e-02 
 3.17290563e+02  3.03906432e+00  3.17290563e+02  4.56105086e-02 
 3.20965108e+02  3.03906448e+00  3.20965108e+02  4.40917789e-02 
 3.24682207e+02  3.03906463e+00  3.24682207e+02  4.25788949e-02 
 3.28442355e+02  3.03906477e+00  3.28442355e+02  4.10716562e-02 
 3.32246049e+02  3.03906490e+00  3.32246049e+02  3.95698629e-02 
 3.36093793e+02  3.03906502e+00  3.36093793e+02  3.80733158e-02 
 3.39986099e+02  3.03906514e+00  3.39986099e+02  3.65818166e-02 
 3.43923481e+02  3.03906525e+00  3.43923481e+02  3.50951676e-02 
 3.47906461e+02  3.03906536e+00  3.47906461e+02  3.36131715e-02 
 3.51935569e+02  3.03906546e+00  3.51935569e+02  3.21356320e-02 
 3.56011338e+02  3.03906555e+00  3.56011338e+02  3.06623531e-02 
 3.60134309e+02  3.03906563e+00  3.60134309e+02  2.91931396e-02 
 3.64305027e+02  3.03906571e+00  3.64305027e+02  2.77277965e-02 
 3.68524047e+02  3.03906578e+00  3.68524047e+02  2.62661297e-02 
 3.72791927e+02  3.03906584e+00  3.72791927e+02  2.48079454e-02 
 3.77109234e+02  3.03906590e+00  3.77109234e+02  2.33530502e-02 
 3.81476539e+02  3.03906595e+00  3.81476539e+02  2.19012512e-02 
 3.85894423e+02  3.03906599e+00  3.85894423e+02  2.04523559e-02 
 3.90363469e+02  3.03906603e+00  3.90363469e+02  1.90061723e-02 
 3.94884272e+02  3.03906606e+00  3.94884272e+02  1.75625086e-02 
 3.99457430e+02  3.03906608e+00  3.99457430e+02  1.61211734e-02 
 4.04083550e+02  3.03906610e+00  4.04083550e+02  1.46819756e-02 
 4.08763246e+02  3.03906611e+00  4.08763246e+02  1.32447244e-02 
 4.13497136e+02  3.03906612e+00  4.13497136e+02  1.18092293e-02 
 4.18285850e+02  3.03906611e+00  4.18285850e+02  1.03752999e-02 
 4.23130023e+02  3.03906611e+00  4.23130023e+02  8.94274607e-03 
 4.28030295e+02  3.03906609e+00  4.28030295e+02  7.51137795e-03 
 4.32987318e+02  3.03906607e+00  4.32987318e+02  6.08100574e-03 
 4.38001748e+02  3.03906604e+00  4.38001748e+02  4.65143979e-03 
 4.43074250e+02  3.03906600e+00  4.43074250e+02  3.22249057e-03 
 4.48205497e+02  3.03906596e+00  4.48205497e+02  1.79396863e-03 
 4.53396168e+02  3.03906592e+00  4.53396168e+02  3.65684574e-04 
 4.58646954e+02  3.03906586e+00  4.58646954e+02 -1.06255097e-03 
 4.63958548e+02  3.03906580e+00  4.63958548e+02 -2.49092735e-03 
 4.69331656e+02  3.03906573e+00  4.69331656e+02 -3.91963394e-03 
 4.74766990e+02  3.03906566e+00  4.74766990e+02 -5.34886018e-03 
 4.80265271e+02  3.03906557e+00  4.80265271e+02 -6.77879554e-03 
 4.85827227e+02  3.03906549e+00  4.85827227e+02 -8.20962961e-03 
 4.91453597e+02  3.03906539e+00  4.91453597e+02 -9.64155210e-03 
 4.97145125e+02  3.03906529e+00  4.97145125e+02 -1.10747528e-02 
 5.02902567e+02  3.03906518e+00  5.02902567e+02 -1.25094219e-02 
 5.08726686e+02  3.03906506e+00  5.08726686e+02 -1.39457494e-02 
 5.14618255e+02  3.03906494e+00  5.14618255e+02 -1.53839258e-02 
 5.20578053e+02  3.03906481e+00  5.20578053e+02 -1.68241418e-02 
 5.26606872e+02  3.03906467e+00  5.26606872e+02 -1.82665884e-02 
 5.32705511e+02  3.03906453e+00  5.32705511e+02 -1.97114567e-02 
 5.38874778e+02  3.03906437e+00  5.38874778e+02 -2.11589384e-02 
 5.45115492e+02  3.03906421e+00  5.45115492e+02 -2.26092253e-02 
 5.51428479e+02  3.03906405e+00  5.51428479e+02 -2.40625097e-02 
 5.57814577e+02  3.03906387e+00  5.57814577e+02 -2.55189844e-02 
 5.64274633e+02  3.03906369e+00  5.64274633e+02 -2.69788424e-02 
 5.70809503e+02  3.03906350e+00  5.70809503e+02 -2.84422772e-02 
 5.77420053e+02  3.03906330e+00  5.77420053e+02 -2.99094829e-02 
 5.84107159e+02  3.03906309e+00  5.84107159e+02 -3.13806540e-02 
 5.90871709e+02  3.03906288e+00  5.90871709e+02 -3.28559856e-02 
 5.97714600e+02  3.03906266e+00  5.97714600e+02 -3.43356732e-02 
 6.04636738e+02  3.03906242e+00  6.04636738e+02 -3.58199131e-02 
 6.11639042e+02  3.03906219e+00  6.11639042e+02 -3.73089020e-02 
 6.18722439e+02  3.03906194e+00  6.18722439e+02 -3.88028373e-02 
 6.25887869e+02  3.03906168e+00  6.25887869e+02 -4.03019170e-02 
 6.33136282e+02  3.03906141e+00  6.33136282e+02 -4.18063401e-02 
 6.40468639e+02  3.03906114e+00  6.40468639e+02 -4.33163058e-02 
 6.47885912e+02  3.03906086e+00  6.47885912e+02 -4.48320144e-02 
 6.55389084e+02  3.03906056e+00  6.55389084e+02 -4.63536668e-02 
 6.62979151e+02  3.03906026e+00  6.62979151e+02 -4.78814648e-02 
 6.70657118e+02  3.03905995e+00  6.70657118e+02 -4.94156110e-02 
 6.78424004e+02  3.03905962e+00  6.78424004e+02 -5.09563086e-02 
 6.86280839e+02  3.03905929e+00  6.86280839e+02 -5.25037621e-02 
 6.94228663e+02  3.03905895e+00  6.94228663e+02 -5.40581765e-02 
 7.02268532e+02  3.03905860e+00  7.02268532e+02 -5.56197579e-02 
 7.10401510e+02  3.03905823e+00  7.10401510e+02 -5.71887135e-02 
 7.18628676e+02  3.03905786e+00  7.18628676e+02 -5.87652510e-02 
 7.26951121e+02  3.03905747e+00  7.26951121e+02 -6.03495797e-02 
 7.35369948e+02  3.03905708e+00  7.35369948e+02 -6.19419095e-02 
 7.43886274e+02  3.03905667e+00  7.43886274e+02 -6.35424516e-02 
 7.52501228e+02  3.03905625e+00  7.52501228e+02 -6.51514181e-02 
 7.61215951e+02  3.03905582e+00  7.61215951e+02 -6.67690223e-02 
 7.70031600e+02  3.03905538e+00  7.70031600e+02 -6.83954788e-02 
 7.78949343e+02  3.03905492e+00  7.78949343e+02 -7.00310031e-02 
 7.87970362e+02  3.03905446e+00  7.87970362e+02 -7.16758121e-02 
 7.97095854e+02  3.03905398e+00  7.97095854e+02 -7.33301238e-02 
 8.06327028e+02  3.03905348e+00  8.06327028e+02 -7.49941576e-02 
 8.15665108e+02  3.03905298e+00  8.15665108e+02 -7.66681341e-02 
 8.25111333e+02  3.03905246e+00  8.25111333e+02 -7.83522752e-02 
 8.34666955e+02  3.03905192e+00  8.34666955e+02 -8.00468041e-02 
 8.44333240e+02  3.03905138e+00  8.44333240e+02 -8.17519456e-02 
 8.54111471e+02  3.03905081e+00  8.54111471e+02 -8.34679257e-02 
 8.64002944e+02  3.03905024e+00  8.64002944e+02 -8.51949719e-02 
 8.74008970e+02  3.03904965e+00  8.74008970e+02 -8.69333131e-02 
 8.84130875e+02  3.03904904e+00  8.84130875e+02 -8.86831798e-02 
 8.94370003e+02  3.03904842e+00  8.94370003e+02 -9.04448041e-02 
 9.04727710e+02  3.03904778e+00  9.04727710e+02 -9.22184194e-02 
 9.15205369e+02  3.03904712e+00  9.15205369e+02 -9.40042608e-02 
 9.25804371e+02  3.03904645e+00  9.25804371e+02 -9.58025652e-02 
 9.36526119e+02  3.03904577e+00  9.36526119e+02 -9.76135710e-02 
 9.47372037e+02  3.03904506e+00  9.47372037e+02 -9.94375182e-02 
 9.58343561e+02  3.03904434e+00  9.58343561e+02 -1.01274649e-01 
 9.69442146e+02  3.03904360e+00  9.69442146e+02 -1.03125206e-01 
 9.80669264e+02  3.03904284e+00  9.80669264e+02 -1.04989435e-01 
 9.92026404e+02  3.03904206e+00  9.92026404e+02 -1.06867584e-01 
 1.00351507e+03  3.03904126e+00  1.00351507e+03 -1.08759901e-01 
 1.01513679e+03  3.03904044e+00  1.01513679e+03 -1.10666637e-01 
 1.02689310e+03  3.03903960e+00  1.02689310e+03 -1.12588045e-01 
 1.03878555e+03  3.03903875e+00  1.03878555e+03 -1.14524379e-01 
 1.05081574e+03  3.03903787e+00  1.05081574e+03 -1.16475897e-01 
 1.06298524e+03  3.03903697e+00  1.06298524e+03 -1.18442857e-01 
 1.07529569e+03  3.03903604e+00  1.07529569e+03 -1.20425520e-01 
 1.08774869e+03  3.03903510e+00  1.08774869e+03 -1.22424148e-01 
 1.10034592e+03  3.03903413e+00  1.10034592e+03 -1.24439007e-01 
 1.11308904e+03  3.03903314e+00  1.11308904e+03 -1.26470364e-01 
 1.12597973e+03  3.03903212e+00  1.12597973e+03 -1.28518487e-01 
 1.13901971e+03  3.03903108e+00  1.13901971e+03 -1.30583650e-01 
 1.15221071e+03  3.03903002e+00  1.15221071e+03 -1.32666124e-01 
 1.16555447e+03  3.03902893e+00  1.16555447e+03 -1.34766187e-01 
 1.17905277e+03  3.03902781e+00  1.17905277e+03 -1.36884116e-01 
 1.19270739e+03  3.03902666e+00  1.19270739e+03 -1.39020193e-01 
 1.20652015e+03  3.03902549e+00  1.20652015e+03 -1.41174701e-01 
 1.22049287e+03  3.03902429e+00  1.22049287e+03 -1.43347925e-01 
 1.23462740e+03  3.03902306e+00  1.23462740e+03 -1.45540153e-01 
 1.24892564e+03  3.03902181e+00  1.24892564e+03 -1.47751677e-01 
 1.26338945e+03  3.03902052e+00  1.26338945e+03 -1.49982788e-01 
 1.27802078e+03  3.03901920e+00  1.27802078e+03 -1.52233783e-01 
 1.29282155e+03  3.03901785e+00  1.29282155e+03 -1.54504961e-01 
 1.30779373e+03  3.03901647e+00  1.30779373e+03 -1.56796622e-01 
 1.32293930e+03  3.03901505e+00  1.32293930e+03 -1.59109070e-01 
 1.33826027e+03  3.03901361e+00  1.33826027e+03 -1.61442612e-01 
 1.35375867e+03  3.03901212e+00  1.35375867e+03 -1.63797557e-01 
 1.36943656e+03  3.03901060e+00  1.36943656e+03 -1.66174217e-01 
 1.38529602e+03  3.03900905e+00  1.38529602e+03 -1.68572907e-01 
 1.40133915e+03  3.03900746e+00  1.40133915e+03 -1.70993946e-01 
 1.41756807e+03  3.03900583e+00  1.41756807e+03 -1.73437654e-01 
 1.43398494e+03  3.03900416e+00  1.43398494e+03 -1.75904354e-01 
 1.45059193e+03  3.03900246e+00  1.45059193e+03 -1.78394375e-01 
 1.46739125e+03  3.03900071e+00  1.46739125e+03 -1.80908046e-01 
 1.48438512e+03  3.03899892e+00  1.48438512e+03 -1.83445700e-01 
 1.50157580e+03  3.03899709e+00  1.50157580e+03 -1.86007674e-01 
 1.51896556e+03  3.03899522e+00  1.51896556e+03 -1.88594307e-01 
 1.53655671e+03  3.03899330e+00  1.53655671e+03 -1.91205942e-01 
 1.55435159e+03  3.03899134e+00  1.55435159e+03 -1.93842925e-01 
 1.57235255e+03  3.03898933e+00  1.57235255e+03 -1.96505606e-01 
 1.59056198e+03  3.03898728e+00  1.59056198e+03 -1.99194338e-01 
 1.60898229e+03  3.03898517e+00  1.60898229e+03 -2.01909477e-01 
 1.62761593e+03  3.03898302e+00  1.62761593e+03 -2.04651383e-01 
 1.64646536e+03  3.03898081e+00  1.64646536e+03 -2.07420420e-01 
 1.66553309e+03  3.03897856e+00  1.66553309e+03 -2.10216954e-01 
 1.68482165e+03  3.03897625e+00  1.68482165e+03 -2.13041356e-01 
 1.70433358e+03  3.03897389e+00  1.70433358e+03 -2.15894001e-01 
 1.72407148e+03  3.03897147e+00  1.72407148e+03 -2.18775266e-01 
 1.74403797e+03  3.03896899e+00  1.74403797e+03 -2.21685534e-01 
 1.76423569e+03  3.03896646e+00  1.76423569e+03 -2.24625189e-01 
 1.78466732e+03  3.03896387e+00  1.78466732e+03 -2.27594623e-01 
 1.80533557e+03  3.03896121e+00  1.80533557e+03 -2.30594228e-01 
 1.82624317e+03  3.03895850e+00  1.82624317e+03 -2.33624402e-01 
 1.84739291e+03  3.03895572e+00  1.84739291e+03 -2.36685546e-01 
 1.86878759e+03  3.03895287e+00  1.86878759e+03 -2.39778067e-01 
 1.89043003e+03  3.03894996e+00  1.89043003e+03 -2.42902374e-01 
 1.91232312e+03  3.03894698e+00  1.91232312e+03 -2.46058881e-01 
 1.93446975e+03  3.03894394e+00  1.93446975e+03 -2.49248006e-01 
 1.95687286e+03  3.03894082e+00  1.95687286e+03 -2.52470173e-01 
 1.97953542e+03  3.03893762e+00  1.97953542e+03 -2.55725807e-01 
 2.00246044e+03  3.03893435e+00  2.00246044e+03 -2.59015342e-01 
 2.02565095e+03  3.03893101e+00  2.02565095e+03 -2.62339211e-01 
 2.04911003e+03  3.03892759e+00  2.04911003e+03 -2.65697857e-01 
 2.07284080e+03  3.03892409e+00  2.07284080e+03 -2.69091724e-01 
 2.09684638e+03  3.03892050e+00  2.09684638e+03 -2.72521262e-01 
 2.12112998e+03  3.03891683e+00  2.12112998e+03 -2.75986926e-01 
 2.14569480e+03  3.03891308e+00  2.14569480e+03 -2.79489174e-01 
 2.17054412e+03  3.03890924e+00  2.17054412e+03 -2.83028470e-01 
 2.19568121e+03  3.03890531e+00  2.19568121e+03 -2.86605285e-01 
 2.22110941e+03  3.03890129e+00  2.22110941e+03 -2.90220091e-01 
 2.24683210e+03  3.03889717e+00  2.24683210e+03 -2.93873368e-01 
 2.27285268e+03  3.03889296e+00  2.27285268e+03 -2.97565599e-01 
 2.29917461e+03  3.03888865e+00  2.29917461e+03 -3.01297275e-01 
 2.32580137e+03  3.03888423e+00  2.32580137e+03 -3.05068889e-01 
 2.35273649e+03  3.03887972e+00  2.35273649e+03 -3.08880942e-01 
 2.37998356e+03  3.03887510e+00  2.37998356e+03 -3.12733937e-01 
 2.40754617e+03  3.03887037e+00  2.40754617e+03 -3.16628387e-01 
 2.43542798e+03  3.03886553e+00  2.43542798e+03 -3.20564806e-01 
 2.46363269e+03  3.03886058e+00  2.46363269e+03 -3.24543717e-01 
 2.49216405e+03  3.03885552e+00  2.49216405e+03 -3.28565647e-01 
 2.52102582e+03  3.03885033e+00  2.52102582e+03 -3.32631128e-01 
 2.55022184e+03  3.03884503e+00  2.55022184e+03 -3.36740699e-01 
 2.57975598e+03  3.03883960e+00  2.57975598e+03 -3.40894904e-01 
 2.60963216e+03  3.03883404e+00  2.60963216e+03 -3.45094294e-01 
 2.63985434e+03  3.03882835e+00  2.63985434e+03 -3.49339426e-01 
 2.67042651e+03  3.03882254e+00  2.67042651e+03 -3.53630861e-01 
 2.70135274e+03  3.03881658e+00  2.70135274e+03 -3.57969169e-01 
 2.73263713e+03  3.03881049e+00  2.73263713e+03 -3.62354923e-01 
 2.76428383e+03  3.03880425e+00  2.76428383e+03 -3.66788705e-01 
 2.79629703e+03  3.03879787e+00  2.79629703e+03 -3.71271102e-01 
 2.82868097e+03  3.03879134e+00  2.82868097e+03 -3.75802708e-01 
 2.86143995e+03  3.03878466e+00  2.86143995e+03 -3.80384123e-01 
 2.89457831e+03  3.03877783e+00  2.89457831e+03 -3.85015955e-01 
 2.92810044e+03  3.03877083e+00  2.92810044e+03 -3.89698815e-01 
 2.96201080e+03  3.03876367e+00  2.96201080e+03 -3.94433326e-01 
 2.99631387e+03  3.03875634e+00  2.99631387e+03 -3.99220113e-01 
 3.03101421e+03  3.03874885e+00  3.03101421e+03 -4.04059812e-01 
 3.06611641e+03  3.03874117e+00  3.06611641e+03 -4.08953062e-01 
 3.10162514e+03  3.03873332e+00  3.10162514e+03 -4.13900512e-01 
 3.13754508e+03  3.03872529e+00  3.13754508e+03 -4.18902817e-01 
 3.17388102e+03  3.03871707e+00  3.17388102e+03 -4.23960640e-01 
 3.21063777e+03  3.03870866e+00  3.21063777e+03 -4.29074650e-01 
 3.24782019e+03  3.03870005e+00  3.24782019e+03 -4.34245525e-01 
 3.28543323e+03  3.03869124e+00  3.28543323e+03 -4.39473949e-01 
 3.32348186e+03  3.03868222e+00  3.32348186e+03 -4.44760615e-01 
 3.36197113e+03  3.03867300e+00  3.36197113e+03 -4.50106222e-01 
 3.40090615e+03  3.03866356e+00  3.40090615e+03 -4.55511479e-01 
 3.44029207e+03  3.03865390e+00  3.44029207e+03 -4.60977101e-01 
 3.48013412e+03  3.03864401e+00  3.48013412e+03 -4.66503813e-01 
 3.52043759e+03  3.03863390e+00  3.52043759e+03 -4.72092344e-01 
 3.56120781e+03  3.03862355e+00  3.56120781e+03 -4.77743437e-01 
 3.60245019e+03  3.03861296e+00  3.60245019e+03 -4.83457837e-01 
 3.64417019e+03  3.03860212e+00  3.64417019e+03 -4.89236303e-01 
 3.68637336e+03  3.03859103e+00  3.68637336e+03 -4.95079599e-01 
 3.72906528e+03  3.03857968e+00  3.72906528e+03 -5.00988499e-01 
 3.77225162e+03  3.03856806e+00  3.77225162e+03 -5.06963784e-01 
 3.81593810e+03  3.03855618e+00  3.81593810e+03 -5.13006246e-01 
 3.86013052e+03  3.03854402e+00  3.86013052e+03 -5.19116684e-01 
 3.90483472e+03  3.03853157e+00  3.90483472e+03 -5.25295908e-01 
 3.95005665e+03  3.03851884e+00  3.95005665e+03 -5.31544734e-01 
 3.99580229e+03  3.03850581e+00  3.99580229e+03 -5.37863990e-01 
 4.04207771e+03  3.03849247e+00  4.04207771e+03 -5.44254513e-01 
 4.08888905e+03  3.03847883e+00  4.08888905e+03 -5.50717147e-01 
 4.13624251e+03  3.03846486e+00  4.13624251e+03 -5.57252748e-01 
 4.18414437e+03  3.03845057e+00  4.18414437e+03 -5.63862181e-01 
 4.23260098e+03  3.03843595e+00  4.23260098e+03 -5.70546320e-01 
 4.28161877e+03  3.03842099e+00  4.28161877e+03 -5.77306050e-01 
 4.33120424e+03  3.03840568e+00  4.33120424e+03 -5.84142265e-01 
 4.38136395e+03  3.03839001e+00  4.38136395e+03 -5.91055869e-01 
 4.43210457e+03  3.03837398e+00  4.43210457e+03 -5.98047777e-01 
 4.48343281e+03  3.03835758e+00  4.48343281e+03 -6.05118914e-01 
 4.53535548e+03  3.03834079e+00  4.53535548e+03 -6.12270215e-01 
 4.58787948e+03  3.03832361e+00  4.58787948e+03 -6.19502626e-01 
 4.64101175e+03  3.03830603e+00  4.64101175e+03 -6.26817104e-01 
 4.69475935e+03  3.03828804e+00  4.69475935e+03 -6.34214615e-01 
 4.74912940e+03  3.03826964e+00  4.74912940e+03 -6.41696138e-01 
 4.80412911e+03  3.03825080e+00  4.80412911e+03 -6.49262663e-01 
 4.85976577e+03  3.03823153e+00  4.85976577e+03 -6.56915190e-01 
 4.91604676e+03  3.03821180e+00  4.91604676e+03 -6.64654730e-01 
 4.97297954e+03  3.03819162e+00  4.97297954e+03 -6.72482307e-01 
 5.03057166e+03  3.03817097e+00  5.03057166e+03 -6.80398956e-01 
 5.08883076e+03  3.03814983e+00  5.08883076e+03 -6.88405722e-01 
 5.14776455e+03  3.03812821e+00  5.14776455e+03 -6.96503666e-01 
 5.20738086e+03  3.03810608e+00  5.20738086e+03 -7.04693856e-01 
 5.26768758e+03  3.03808343e+00  5.26768758e+03 -7.12977375e-01 
 5.32869272e+03  3.03806026e+00  5.32869272e+03 -7.21355319e-01 
 5.39040436e+03  3.03803655e+00  5.39040436e+03 -7.29828793e-01 
 5.45283068e+03  3.03801229e+00  5.45283068e+03 -7.38398918e-01 
 5.51597996e+03  3.03798746e+00  5.51597996e+03 -7.47066826e-01 
 5.57986057e+03  3.03796205e+00  5.57986057e+03 -7.55833662e-01 
 5.64448099e+03  3.03793605e+00  5.64448099e+03 -7.64700584e-01 
 5.70984977e+03  3.03790945e+00  5.70984977e+03 -7.73668763e-01 
 5.77597559e+03  3.03788223e+00  5.77597559e+03 -7.82739384e-01 
 5.84286722e+03  3.03785437e+00  5.84286722e+03 -7.91913644e-01 
 5.91053351e+03  3.03782586e+00  5.91053351e+03 -8.01192756e-01 
 5.97898345e+03  3.03779669e+00  5.97898345e+03 -8.10577944e-01 
 6.04822611e+03  3.03776685e+00  6.04822611e+03 -8.20070447e-01 
 6.11827067e+03  3.03773630e+00  6.11827067e+03 -8.29671519e-01 
 6.18912642e+03  3.03770505e+00  6.18912642e+03 -8.39382427e-01 
 6.26080275e+03  3.03767306e+00  6.26080275e+03 -8.49204452e-01 
 6.33330916e+03  3.03764034e+00  6.33330916e+03 -8.59138892e-01 
 6.40665527e+03  3.03760685e+00  6.40665527e+03 -8.69187055e-01 
 6.48085080e+03  3.03757258e+00  6.48085080e+03 -8.79350270e-01 
 6.55590559e+03  3.03753752e+00  6.55590559e+03 -8.89629875e-01 
 6.63182959e+03  3.03750163e+00  6.63182959e+03 -9.00027228e-01 
 6.70863287e+03  3.03746492e+00  6.70863287e+03 -9.10543700e-01 
 6.78632561e+03  3.03742734e+00  6.78632561e+03 -9.21180677e-01 
 6.86491811e+03  3.03738890e+00  6.86491811e+03 -9.31939562e-01 
 6.94442078e+03  3.03734955e+00  6.94442078e+03 -9.42821775e-01 
 7.02484418e+03  3.03730930e+00  7.02484418e+03 -9.53828748e-01 
 7.10619897e+03  3.03726810e+00  7.10619897e+03 -9.64961934e-01 
 7.18849592e+03  3.03722595e+00  7.18849592e+03 -9.76222799e-01 
 7.27174595e+03  3.03718281e+00  7.27174595e+03 -9.87612828e-01 
 7.35596011e+03  3.03713868e+00  7.35596011e+03 -9.99133521e-01 
 7.44114955e+03  3.03709351e+00  7.44114955e+03 -1.01078640e+00 
 7.52732557e+03  3.03704729e+00  7.52732557e+03 -1.02257299e+00 
 7.61449959e+03  3.03700000e+00  7.61449959e+03 -1.03449485e+00 
 7.70268318e+03  3.03695161e+00  7.70268318e+03 -1.04655355e+00 
 7.79188802e+03  3.03690209e+00  7.79188802e+03 -1.05875067e+00 
 7.88212595e+03  3.03685141e+00  7.88212595e+03 -1.07108783e+00 
 7.97340892e+03  3.03679956e+00  7.97340892e+03 -1.08356664e+00 
 8.06574904e+03  3.03674651e+00  8.06574904e+03 -1.09618875e+00 
 8.15915855e+03  3.03669221e+00  8.15915855e+03 -1.10895582e+00 
 8.25364983e+03  3.03663666e+00  8.25364983e+03 -1.12186953e+00 
 8.34923543e+03  3.03657981e+00  8.34923543e+03 -1.13493157e+00 
 8.44592800e+03  3.03652164e+00  8.44592800e+03 -1.14814367e+00 
 8.54374036e+03  3.03646211e+00  8.54374036e+03 -1.16150756e+00 
 8.64268550e+03  3.03640120e+00  8.64268550e+03 -1.17502499e+00 
 8.74277651e+03  3.03633888e+00  8.74277651e+03 -1.18869775e+00 
 8.84402669e+03  3.03627510e+00  8.84402669e+03 -1.20252763e+00 
 8.94644944e+03  3.03620984e+00  8.94644944e+03 -1.21651645e+00 
 9.05005835e+03  3.03614306e+00  9.05005835e+03 -1.23066604e+00 
 9.15486716e+03  3.03607473e+00  9.15486716e+03 -1.24497826e+00 
 9.26088975e+03  3.03600481e+00  9.26088975e+03 -1.25945499e+00 
 9.36814020e+03  3.03593326e+00  9.36814020e+03 -1.27409813e+00 
 9.47663271e+03  3.03586005e+00  9.47663271e+03 -1.28890961e+00 
 9.58638168e+03  3.03578513e+00  9.58638168e+03 -1.30389136e+00 
 9.69740165e+03  3.03570848e+00  9.69740165e+03 -1.31904535e+00 
 9.80970735e+03  3.03563004e+00  9.80970735e+03 -1.33437356e+00 
 9.92331366e+03  3.03554977e+00  9.92331366e+03 -1.34987801e+00 
 1.00382356e+04  3.03546764e+00  1.00382356e+04 -1.36556073e+00 
 1.01544885e+04  3.03538360e+00  1.01544885e+04 -1.38142377e+00 
 1.02720878e+04  3.03529761e+00  1.02720878e+04 -1.39746921e+00 
 1.03910489e+04  3.03520961e+00  1.03910489e+04 -1.41369915e+00 
 1.05113877e+04  3.03511957e+00  1.05113877e+04 -1.43011572e+00 
 1.06331202e+04  3.03502743e+00  1.06331202e+04 -1.44672106e+00 
 1.07562625e+04  3.03493316e+00  1.07562625e+04 -1.46351734e+00 
 1.08808308e+04  3.03483669e+00  1.08808308e+04 -1.48050677e+00 
 1.10068418e+04  3.03473798e+00  1.10068418e+04 -1.49769156e+00 
 1.11343122e+04  3.03463697e+00  1.11343122e+04 -1.51507396e+00 
 1.12632587e+04  3.03453362e+00  1.12632587e+04 -1.53265623e+00 
 1.13936986e+04  3.03442786e+00  1.13936986e+04 -1.55044069e+00 
 1.15256492e+04  3.03431965e+00  1.15256492e+04 -1.56842964e+00 
 1.16591278e+04  3.03420892e+00  1.16591278e+04 -1.58662543e+00 
 1.17941523e+04  3.03409562e+00  1.17941523e+04 -1.60503045e+00 
 1.19307404e+04  3.03397968e+00  1.19307404e+04 -1.62364708e+00 
 1.20689105e+04  3.03386105e+00  1.20689105e+04 -1.64247776e+00 
 1.22086806e+04  3.03373967e+00  1.22086806e+04 -1.66152495e+00 
 1.23500695e+04  3.03361546e+00  1.23500695e+04 -1.68079111e+00 
 1.24930957e+04  3.03348837e+00  1.24930957e+04 -1.70027876e+00 
 1.26377784e+04  3.03335832e+00  1.26377784e+04 -1.71999043e+00 
 1.27841366e+04  3.03322526e+00  1.27841366e+04 -1.73992870e+00 
 1.29321898e+04  3.03308910e+00  1.29321898e+04 -1.76009615e+00 
 1.30819576e+04  3.03294978e+00  1.30819576e+04 -1.78049540e+00 
 1.32334599e+04  3.03280723e+00  1.32334599e+04 -1.80112910e+00 
 1.33867167e+04  3.03266136e+00  1.33867167e+04 -1.82199994e+00 
 1.35417484e+04  3.03251211e+00  1.35417484e+04 -1.84311062e+00 
 1.36985755e+04  3.03235939e+00  1.36985755e+04 -1.86446388e+00 
 1.38572188e+04  3.03220313e+00  1.38572188e+04 -1.88606248e+00 
 1.40176994e+04  3.03204323e+00  1.40176994e+04 -1.90790924e+00 
 1.41800385e+04  3.03187963e+00  1.41800385e+04 -1.93000697e+00 
 1.43442576e+04  3.03171223e+00  1.43442576e+04 -1.95235854e+00 
 1.45103786e+04  3.03154094e+00  1.45103786e+04 -1.97496683e+00 
 1.46784234e+04  3.03136567e+00  1.46784234e+04 -1.99783478e+00 
 1.48484144e+04  3.03118634e+00  1.48484144e+04 -2.02096533e+00 
 1.50203740e+04  3.03100285e+00  1.50203740e+04 -2.04436148e+00 
 1.51943251e+04  3.03081510e+00  1.51943251e+04 -2.06802624e+00 
 1.53702907e+04  3.03062299e+00  1.53702907e+04 -2.09196267e+00 
 1.55482942e+04  3.03042643e+00  1.55482942e+04 -2.11617385e+00 
 1.57283591e+04  3.03022531e+00  1.57283591e+04 -2.14066290e+00 
 1.59105094e+04  3.03001952e+00  1.59105094e+04 -2.16543297e+00 
 1.60947691e+04  3.02980896e+00  1.60947691e+04 -2.19048725e+00 
 1.62811628e+04  3.02959352e+00  1.62811628e+04 -2.21582896e+00 
 1.64697151e+04  3.02937308e+00  1.64697151e+04 -2.24146135e+00 
 1.66604510e+04  3.02914753e+00  1.66604510e+04 -2.26738772e+00 
 1.68533958e+04  3.02891675e+00  1.68533958e+04 -2.29361139e+00 
 1.70485751e+04  3.02868063e+00  1.70485751e+04 -2.32013572e+00 
 1.72460148e+04  3.02843903e+00  1.72460148e+04 -2.34696410e+00 
 1.74457411e+04  3.02819183e+00  1.74457411e+04 -2.37409997e+00 
 1.76477804e+04  3.02793890e+00  1.76477804e+04 -2.40154681e+00 
 1.78521595e+04  3.02768012e+00  1.78521595e+04 -2.42930811e+00 
 1.80589055e+04  3.02741534e+00  1.80589055e+04 -2.45738741e+00 
 1.82680458e+04  3.02714442e+00  1.82680458e+04 -2.48578830e+00 
 1.84796082e+04  3.02686723e+00  1.84796082e+04 -2.51451440e+00 
 1.86936208e+04  3.02658363e+00  1.86936208e+04 -2.54356937e+00 
 1.89101117e+04  3.02629345e+00  1.89101117e+04 -2.57295688e+00 
 1.91291099e+04  3.02599656e+00  1.91291099e+04 -2.60268069e+00 
 1.93506443e+04  3.02569280e+00  1.93506443e+04 -2.63274456e+00 
 1.95747443e+04  3.02538201e+00  1.95747443e+04 -2.66315230e+00 
 1.98014396e+04  3.02506403e+00  1.98014396e+04 -2.69390777e+00 
 2.00307602e+04  3.02473869e+00  2.00307602e+04 -2.72501484e+00 
 2.02627366e+04  3.02440582e+00  2.02627366e+04 -2.75647746e+00 
 2.04973996e+04  3.02406526e+00  2.04973996e+04 -2.78829960e+00 
 2.07347801e+04  3.02371682e+00  2.07347801e+04 -2.82048526e+00 
 2.09749098e+04  3.02336033e+00  2.09749098e+04 -2.85303850e+00 
 2.12178204e+04  3.02299559e+00  2.12178204e+04 -2.88596341e+00 
 2.14635442e+04  3.02262243e+00  2.14635442e+04 -2.91926413e+00 
 2.17121137e+04  3.02224064e+00  2.17121137e+04 -2.95294484e+00 
 2.19635619e+04  3.02185004e+00  2.19635619e+04 -2.98700975e+00 
 2.22179221e+04  3.02145041e+00  2.22179221e+04 -3.02146312e+00 
 2.24752280e+04  3.02104155e+00  2.24752280e+04 -3.05630927e+00 
 2.27355138e+04  3.02062325e+00  2.27355138e+04 -3.09155254e+00 
 2.29988140e+04  3.02019530e+00  2.29988140e+04 -3.12719732e+00 
 2.32651635e+04  3.01975746e+00  2.32651635e+04 -3.16324804e+00 
 2.35345976e+04  3.01930953e+00  2.35345976e+04 -3.19970918e+00 
 2.38071520e+04  3.01885126e+00  2.38071520e+04 -3.23658527e+00 
 2.40828628e+04  3.01838242e+00  2.40828628e+04 -3.27388087e+00 
 2.43617666e+04  3.01790278e+00  2.43617666e+04 -3.31160059e+00 
 2.46439005e+04  3.01741207e+00  2.46439005e+04 -3.34974909e+00 
 2.49293017e+04  3.01691006e+00  2.49293017e+04 -3.38833106e+00 
 2.52180082e+04  3.01639648e+00  2.52180082e+04 -3.42735125e+00 
 2.55100581e+04  3.01587106e+00  2.55100581e+04 -3.46681446e+00 
 2.58054904e+04  3.01533355e+00  2.58054904e+04 -3.50672552e+00 
 2.61043440e+04  3.01478366e+00  2.61043440e+04 -3.54708931e+00 
 2.64066586e+04  3.01422112e+00  2.64066586e+04 -3.58791076e+00 
 2.67124744e+04  3.01364563e+00  2.67124744e+04 -3.62919485e+00 
 2.70218318e+04  3.01305690e+00  2.70218318e+04 -3.67094659e+00 
 2.73347718e+04  3.01245463e+00  2.73347718e+04 -3.71317105e+00 
 2.76513361e+04  3.01183852e+00  2.76513361e+04 -3.75587334e+00 
 2.79715664e+04  3.01120825e+00  2.79715664e+04 -3.79905864e+00 
 2.82955054e+04  3.01056349e+00  2.82955054e+04 -3.84273213e+00 
 2.86231959e+04  3.00990393e+00  2.86231959e+04 -3.88689908e+00 
 2.89546814e+04  3.00922922e+00  2.89546814e+04 -3.93156479e+00 
 2.92900058e+04  3.00853902e+00  2.92900058e+04 -3.97673461e+00 
 2.96292136e+04  3.00783299e+00  2.96292136e+04 -4.02241393e+00 
 2.99723498e+04  3.00711076e+00  2.99723498e+04 -4.06860819e+00 
 3.03194599e+04  3.00637197e+00  3.03194599e+04 -4.11532288e+00 
 3.06705898e+04  3.00561625e+00  3.06705898e+04 -4.16256355e+00 
 3.10257862e+04  3.00484321e+00  3.10257862e+04 -4.21033578e+00 
 3.13850961e+04  3.00405247e+00  3.13850961e+04 -4.25864519e+00 
 3.17485672e+04  3.00324362e+00  3.17485672e+04 -4.30749747e+00 
 3.21162476e+04  3.00241627e+00  3.21162476e+04 -4.35689835e+00 
 3.24881861e+04  3.00156998e+00  3.24881861e+04 -4.40685359e+00 
 3.28644321e+04  3.00070435e+00  3.28644321e+04 -4.45736902e+00 
 3.32450354e+04  2.99981893e+00  3.32450354e+04 -4.50845051e+00 
 3.36300464e+04  2.99891328e+00  3.36300464e+04 -4.56010398e+00 
 3.40195163e+04  2.99798695e+00  3.40195163e+04 -4.61233537e+00 
 3.44134966e+04  2.99703948e+00  3.44134966e+04 -4.66515071e+00 
 3.48120396e+04  2.99607039e+00  3.48120396e+04 -4.71855604e+00 
 3.52151982e+04  2.99507921e+00  3.52151982e+04 -4.77255747e+00 
 3.56230257e+04  2.99406543e+00  3.56230257e+04 -4.82716115e+00 
 3.60355763e+04  2.99302856e+00  3.60355763e+04 -4.88237326e+00 
 3.64529046e+04  2.99196808e+00  3.64529046e+04 -4.93820004e+00 
 3.68750660e+04  2.99088347e+00  3.68750660e+04 -4.99464778e+00 
 3.73021165e+04  2.98977418e+00  3.73021165e+04 -5.05172280e+00 
 3.77341126e+04  2.98863969e+00  3.77341126e+04 -5.10943148e+00 
 3.81711117e+04  2.98747942e+00  3.81711117e+04 -5.16778023e+00 
 3.86131717e+04  2.98629280e+00  3.86131717e+04 -5.22677550e+00 
 3.90603512e+04  2.98507926e+00  3.90603512e+04 -5.28642380e+00 
 3.95127095e+04  2.98383820e+00  3.95127095e+04 -5.34673168e+00 
 3.99703065e+04  2.98256901e+00  3.99703065e+04 -5.40770572e+00 
 4.04332030e+04  2.98127108e+00  4.04332030e+04 -5.46935254e+00 
 4.09014603e+04  2.97994377e+00  4.09014603e+04 -5.53167881e+00 
 4.13751404e+04  2.97858643e+00  4.13751404e+04 -5.59469125e+00 
 4.18543063e+04  2.97719842e+00  4.18543063e+04 -5.65839659e+00 
 4.23390214e+04  2.97577905e+00  4.23390214e+04 -5.72280163e+00 
 4.28293500e+04  2.97432764e+00  4.28293500e+04 -5.78791317e+00 
 4.33253571e+04  2.97284349e+00  4.33253571e+04 -5.85373810e+00 
 4.38271084e+04  2.97132590e+00  4.38271084e+04 -5.92028329e+00 
 4.43346705e+04  2.96977413e+00  4.43346705e+04 -5.98755567e+00 
 4.48481108e+04  2.96818743e+00  4.48481108e+04 -6.05556222e+00 
 4.53674971e+04  2.96656506e+00  4.53674971e+04 -6.12430993e+00 
 4.58928985e+04  2.96490624e+00  4.58928985e+04 -6.19380582e+00 
 4.64243846e+04  2.96321018e+00  4.64243846e+04 -6.26405696e+00 
 4.69620258e+04  2.96147608e+00  4.69620258e+04 -6.33507044e+00 
 4.75058934e+04  2.95970312e+00  4.75058934e+04 -6.40685336e+00 
 4.80560596e+04  2.95789046e+00  4.80560596e+04 -6.47941288e+00 
 4.86125973e+04  2.95603726e+00  4.86125973e+04 -6.55275615e+00 
 4.91755802e+04  2.95414264e+00  4.91755802e+04 -6.62689039e+00 
 4.97450830e+04  2.95220572e+00  4.97450830e+04 -6.70182279e+00 
 5.03211813e+04  2.95022561e+00  5.03211813e+04 -6.77756059e+00 
 5.09039513e+04  2.94820136e+00  5.09039513e+04 -6.85411106e+00 
 5.14934704e+04  2.94613207e+00  5.14934704e+04 -6.93148146e+00 
 5.20898168e+04  2.94401676e+00  5.20898168e+04 -7.00967908e+00 
 5.26930694e+04  2.94185446e+00  5.26930694e+04 -7.08871122e+00 
 5.33033083e+04  2.93964419e+00  5.33033083e+04 -7.16858520e+00 
 5.39206144e+04  2.93738494e+00  5.39206144e+04 -7.24930835e+00 
 5.45450695e+04  2.93507567e+00  5.45450695e+04 -7.33088798e+00 
 5.51767564e+04  2.93271534e+00  5.51767564e+04 -7.41333145e+00 
 5.58157589e+04  2.93030289e+00  5.58157589e+04 -7.49664610e+00 
 5.64621617e+04  2.92783723e+00  5.64621617e+04 -7.58083926e+00 
 5.71160505e+04  2.92531725e+00  5.71160505e+04 -7.66591828e+00 
 5.77775120e+04  2.92274183e+00  5.77775120e+04 -7.75189050e+00 
 5.84466339e+04  2.92010983e+00  5.84466339e+04 -7.83876325e+00 
 5.91235049e+04  2.91742007e+00  5.91235049e+04 -7.92654385e+00 
 5.98082147e+04  2.91467138e+00  5.98082147e+04 -8.01523961e+00 
 6.05008542e+04  2.91186254e+00  6.05008542e+04 -8.10485784e+00 
 6.12015151e+04  2.90899234e+00  6.12015151e+04 -8.19540581e+00 
 6.19102904e+04  2.90605951e+00  6.19102904e+04 -8.28689079e+00 
 6.26272740e+04  2.90306280e+00  6.26272740e+04 -8.37932000e+00 
 6.33525610e+04  2.90000091e+00  6.33525610e+04 -8.47270067e+00 
 6.40862476e+04  2.89687253e+00  6.40862476e+04 -8.56703996e+00 
 6.48284310e+04  2.89367632e+00  6.48284310e+04 -8.66234504e+00 
 6.55792097e+04  2.89041093e+00  6.55792097e+04 -8.75862300e+00 
 6.63386831e+04  2.88707498e+00  6.63386831e+04 -8.85588093e+00 
 6.71069519e+04  2.88366707e+00  6.71069519e+04 -8.95412584e+00 
 6.78841182e+04  2.88018578e+00  6.78841182e+04 -9.05336472e+00 
 6.86702847e+04  2.87662967e+00  6.86702847e+04 -9.15360450e+00 
 6.94655559e+04  2.87299726e+00  6.94655559e+04 -9.25485205e+00 
 7.02700371e+04  2.86928707e+00  7.02700371e+04 -9.35711418e+00 
 7.10838351e+04  2.86549758e+00  7.10838351e+04 -9.46039765e+00 
 7.19070576e+04  2.86162726e+00  7.19070576e+04 -9.56470913e+00 
 7.27398139e+04  2.85767456e+00  7.27398139e+04 -9.67005523e+00 
 7.35822143e+04  2.85363790e+00  7.35822143e+04 -9.77644249e+00 
 7.44343706e+04  2.84951566e+00  7.44343706e+04 -9.88387736e+00 
 7.52963957e+04  2.84530623e+00  7.52963957e+04 -9.99236622e+00 
 7.61684039e+04  2.84100796e+00  7.61684039e+04 -1.01019153e+01 
 7.70505109e+04  2.83661918e+00  7.70505109e+04 -1.02125309e+01 
 7.79428335e+04  2.83213820e+00  7.79428335e+04 -1.03242189e+01 
 7.88454902e+04  2.82756331e+00  7.88454902e+04 -1.04369854e+01 
 7.97586005e+04  2.82289276e+00  7.97586005e+04 -1.05508363e+01 
 8.06822855e+04  2.81812479e+00  8.06822855e+04 -1.06657773e+01 
 8.16166678e+04  2.81325764e+00  8.16166678e+04 -1.07818140e+01 
 8.25618712e+04  2.80828949e+00  8.25618712e+04 -1.08989520e+01 
 8.35180209e+04  2.80321853e+00  8.35180209e+04 -1.10171965e+01 
 8.44852439e+04  2.79804290e+00  8.44852439e+04 -1.11365529e+01 
 8.54636682e+04  2.79276075e+00  8.54636682e+04 -1.12570262e+01 
 8.64534237e+04  2.78737019e+00  8.64534237e+04 -1.13786214e+01 
 8.74546416e+04  2.78186931e+00  8.74546416e+04 -1.15013432e+01 
 8.84674546e+04  2.77625618e+00  8.84674546e+04 -1.16251963e+01 
 8.94919970e+04  2.77052887e+00  8.94919970e+04 -1.17501852e+01 
 9.05284046e+04  2.76468542e+00  9.05284046e+04 -1.18763140e+01 
 9.15768148e+04  2.75872383e+00  9.15768148e+04 -1.20035870e+01 
 9.26373667e+04  2.75264210e+00  9.26373667e+04 -1.21320081e+01 
 9.37102009e+04  2.74643824e+00  9.37102009e+04 -1.22615810e+01 
 9.47954596e+04  2.74011019e+00  9.47954596e+04 -1.23923092e+01 
 9.58932866e+04  2.73365591e+00  9.58932866e+04 -1.25241961e+01 
 9.70038276e+04  2.72707334e+00  9.70038276e+04 -1.26572448e+01 
 9.81272298e+04  2.72036039e+00  9.81272298e+04 -1.27914583e+01 
 9.92636421e+04  2.71351498e+00  9.92636421e+04 -1.29268392e+01 
 1.00413215e+05  2.70653500e+00  1.00413215e+05 -1.30633900e+01 
 1.01576102e+05  2.69941832e+00  1.01576102e+05 -1.32011130e+01 
 1.02752455e+05  2.69216284e+00  1.02752455e+05 -1.33400102e+01 
 1.03942432e+05  2.68476639e+00  1.03942432e+05 -1.34800832e+01 
 1.05146191e+05  2.67722684e+00  1.05146191e+05 -1.36213338e+01 
 1.06363890e+05  2.66954203e+00  1.06363890e+05 -1.37637630e+01 
 1.07595691e+05  2.66170979e+00  1.07595691e+05 -1.39073719e+01 
 1.08841757e+05  2.65372796e+00  1.08841757e+05 -1.40521612e+01 
 1.10102255e+05  2.64559436e+00  1.10102255e+05 -1.41981314e+01 
 1.11377350e+05  2.63730682e+00  1.11377350e+05 -1.43452827e+01 
 1.12667212e+05  2.62886315e+00  1.12667212e+05 -1.44936150e+01 
 1.13972012e+05  2.62026118e+00  1.13972012e+05 -1.46431278e+01 
 1.15291923e+05  2.61149872e+00  1.15291923e+05 -1.47938206e+01 
 1.16627120e+05  2.60257360e+00  1.16627120e+05 -1.49456923e+01 
 1.17977779e+05  2.59348365e+00  1.17977779e+05 -1.50987417e+01 
 1.19344081e+05  2.58422670e+00  1.19344081e+05 -1.52529671e+01 
 1.20726206e+05  2.57480058e+00  1.20726206e+05 -1.54083668e+01 
 1.22124337e+05  2.56520315e+00  1.22124337e+05 -1.55649385e+01 
 1.23538660e+05  2.55543225e+00  1.23538660e+05 -1.57226797e+01 
 1.24969363e+05  2.54548577e+00  1.24969363e+05 -1.58815875e+01 
 1.26416634e+05  2.53536158e+00  1.26416634e+05 -1.60416589e+01 
 1.27880666e+05  2.52505759e+00  1.27880666e+05 -1.62028904e+01 
 1.29361653e+05  2.51457171e+00  1.29361653e+05 -1.63652781e+01 
 1.30859792e+05  2.50390187e+00  1.30859792e+05 -1.65288179e+01 
 1.32375280e+05  2.49304605e+00  1.32375280e+05 -1.66935054e+01 
 1.33908319e+05  2.48200221e+00  1.33908319e+05 -1.68593358e+01 
 1.35459113e+05  2.47076838e+00  1.35459113e+05 -1.70263040e+01 
 1.37027866e+05  2.45934258e+00  1.37027866e+05 -1.71944045e+01 
 1.38614787e+05  2.44772289e+00  1.38614787e+05 -1.73636317e+01 
 1.40220086e+05  2.43590740e+00  1.40220086e+05 -1.75339794e+01 
 1.41843976e+05  2.42389425e+00  1.41843976e+05 -1.77054411e+01 
 1.43486672e+05  2.41168161e+00  1.43486672e+05 -1.78780102e+01 
 1.45148393e+05  2.39926770e+00  1.45148393e+05 -1.80516797e+01 
 1.46829358e+05  2.38665076e+00  1.46829358e+05 -1.82264420e+01 
 1.48529790e+05  2.37382911e+00  1.48529790e+05 -1.84022896e+01 
 1.50249915e+05  2.36080108e+00  1.50249915e+05 -1.85792145e+01 
 1.51989960e+05  2.34756507e+00  1.51989960e+05 -1.87572084e+01 
 1.53750157e+05  2.33411952e+00  1.53750157e+05 -1.89362626e+01 
 1.55530739e+05  2.32046294e+00  1.55530739e+05 -1.91163684e+01 
 1.57331942e+05  2.30659389e+00  1.57331942e+05 -1.92975166e+01 
 1.59154005e+05  2.29251098e+00  1.59154005e+05 -1.94796977e+01 
 1.60997169e+05  2.27821289e+00  1.60997169e+05 -1.96629020e+01 
 1.62861678e+05  2.26369837e+00  1.62861678e+05 -1.98471197e+01 
 1.64747781e+05  2.24896623e+00  1.64747781e+05 -2.00323405e+01 
 1.66655726e+05  2.23401535e+00  1.66655726e+05 -2.02185541e+01 
 1.68585768e+05  2.21884467e+00  1.68585768e+05 -2.04057497e+01 
 1.70538161e+05  2.20345323e+00  1.70538161e+05 -2.05939165e+01 
 1.72513165e+05  2.18784013e+00  1.72513165e+05 -2.07830436e+01 
 1.74511042e+05  2.17200454e+00  1.74511042e+05 -2.09731196e+01 
 1.76532055e+05  2.15594574e+00  1.76532055e+05 -2.11641332e+01 
 1.78576475e+05  2.13966307e+00  1.78576475e+05 -2.13560729e+01 
 1.80644570e+05  2.12315596e+00  1.80644570e+05 -2.15489271e+01 
 1.82736617e+05  2.10642393e+00  1.82736617e+05 -2.17426839e+01 
 1.84852891e+05  2.08946658e+00  1.84852891e+05 -2.19373315e+01 
 1.86993674e+05  2.07228363e+00  1.86993674e+05 -2.21328579e+01 
 1.89159250e+05  2.05487487e+00  1.89159250e+05 -2.23292513e+01 
 1.91349905e+05  2.03724018e+00  1.91349905e+05 -2.25264995e+01 
 1.93565930e+05  2.01937957e+00  1.93565930e+05 -2.27245905e+01 
 1.95807618e+05  2.00129310e+00  1.95807618e+05 -2.29235122e+01 
 1.98075268e+05  1.98298098e+00  1.98075268e+05 -2.31232528e+01 
 2.00369179e+05  1.96444350e+00  2.00369179e+05 -2.33238002e+01 
 2.02689657e+05  1.94568104e+00  2.02689657e+05 -2.35251427e+01 
 2.05037007e+05  1.92669411e+00  2.05037007e+05 -2.37272684e+01 
 2.07411543e+05  1.90748331e+00  2.07411543e+05 -2.39301658e+01 
 2.09813578e+05  1.88804935e+00  2.09813578e+05 -2.41338234e+01 
 2.12243431e+05  1.86839304e+00  2.12243431e+05 -2.43382300e+01 
 2.14701424e+05  1.84851532e+00  2.14701424e+05 -2.45433745e+01 
 2.17187883e+05  1.82841722e+00  2.17187883e+05 -2.47492461e+01 
 2.19703138e+05  1.80809987e+00  2.19703138e+05 -2.49558342e+01 
 2.22247522e+05  1.78756454e+00  2.22247522e+05 -2.51631287e+01 
 2.24821372e+05  1.76681257e+00  2.24821372e+05 -2.53711197e+01 
 2.27425030e+05  1.74584544e+00  2.27425030e+05 -2.55797975e+01 
 2.30058842e+05  1.72466472e+00  2.30058842e+05 -2.57891532e+01 
 2.32723155e+05  1.70327209e+00  2.32723155e+05 -2.59991778e+01 
 2.35418324e+05  1.68166934e+00  2.35418324e+05 -2.62098632e+01 
 2.38144706e+05  1.65985837e+00  2.38144706e+05 -2.64212015e+01 
 2.40902662e+05  1.63784118e+00  2.40902662e+05 -2.66331855e+01 
 2.43692558e+05  1.61561987e+00  2.43692558e+05 -2.68458084e+01 
 2.46514763e+05  1.59319664e+00  2.46514763e+05 -2.70590639e+01 
 2.49369653e+05  1.57057379e+00  2.49369653e+05 -2.72729467e+01 
 2.52257605e+05  1.54775373e+00  2.52257605e+05 -2.74874516e+01 
 2.55179003e+05  1.52473895e+00  2.55179003e+05 -2.77025745e+01 
 2.58134233e+05  1.50153203e+00  2.58134233e+05 -2.79183117e+01 
 2.61123688e+05  1.47813567e+00  2.61123688e+05 -2.81346603e+01 
 2.64147764e+05  1.45455262e+00  2.64147764e+05 -2.83516183e+01 
 2.67206861e+05  1.43078574e+00  2.67206861e+05 -2.85691842e+01 
 2.70301386e+05  1.40683795e+00  2.70301386e+05 -2.87873576e+01 
 2.73431749e+05  1.38271228e+00  2.73431749e+05 -2.90061387e+01 
 2.76598365e+05  1.35841181e+00  2.76598365e+05 -2.92255286e+01 
 2.79801653e+05  1.33393968e+00  2.79801653e+05 -2.94455294e+01 
 2.83042038e+05  1.30929913e+00  2.83042038e+05 -2.96661440e+01 
 2.86319950e+05  1.28449344e+00  2.86319950e+05 -2.98873763e+01 
 2.89635824e+05  1.25952596e+00  2.89635824e+05 -3.01092310e+01 
 2.92990099e+05  1.23440008e+00  2.92990099e+05 -3.03317140e+01 
 2.96383220e+05  1.20911925e+00  2.96383220e+05 -3.05548319e+01 
 2.99815637e+05  1.18368696e+00  2.99815637e+05 -3.07785927e+01 
 3.03287805e+05  1.15810674e+00  3.03287805e+05 -3.10030050e+01 
 3.06800183e+05  1.13238216e+00  3.06800183e+05 -3.12280788e+01 
 3.10353239e+05  1.10651682e+00  3.10353239e+05 -3.14538249e+01 
 3.13947443e+05  1.08051433e+00  3.13947443e+05 -3.16802554e+01 
 3.17583271e+05  1.05437833e+00  3.17583271e+05 -3.19073833e+01 
 3.21261205e+05  1.02811248e+00  3.21261205e+05 -3.21352228e+01 
 3.24981734e+05  1.00172043e+00  3.24981734e+05 -3.23637892e+01 
 3.28745351e+05  9.75205846e-01  3.28745351e+05 -3.25930988e+01 
 3.32552554e+05  9.48572384e-01  3.32552554e+05 -3.28231693e+01 
 3.36403848e+05  9.21823692e-01  3.36403848e+05 -3.30540191e+01 
 3.40299744e+05  8.94963404e-01  3.40299744e+05 -3.32856681e+01 
 3.44240758e+05  8.67995131e-01  3.44240758e+05 -3.35181372e+01 
 3.48227413e+05  8.40922458e-01  3.48227413e+05 -3.37514484e+01 
 3.52260238e+05  8.13748937e-01  3.52260238e+05 -3.39856249e+01 
 3.56339767e+05  7.86478080e-01  3.56339767e+05 -3.42206909e+01 
 3.60466541e+05  7.59113356e-01  3.60466541e+05 -3.44566718e+01 
 3.64641107e+05  7.31658182e-01  3.64641107e+05 -3.46935942e+01 
 3.68864019e+05  7.04115921e-01  3.68864019e+05 -3.49314856e+01 
 3.73135837e+05  6.76489871e-01  3.73135837e+05 -3.51703748e+01 
 3.77457126e+05  6.48783264e-01  3.77457126e+05 -3.54102915e+01 
 3.81828460e+05  6.20999258e-01  3.81828460e+05 -3.56512666e+01 
 3.86250419e+05  5.93140934e-01  3.86250419e+05 -3.58933321e+01 
 3.90723589e+05  5.65211285e-01  3.90723589e+05 -3.61365207e+01 
 3.95248562e+05  5.37213217e-01  3.95248562e+05 -3.63808666e+01 
 3.99825939e+05  5.09149540e-01  3.99825939e+05 -3.66264047e+01 
 4.04456327e+05  4.81022966e-01  4.04456327e+05 -3.68731709e+01 
 4.09140339e+05  4.52836099e-01  4.09140339e+05 -3.71212021e+01 
 4.13878597e+05  4.24591437e-01  4.13878597e+05 -3.73705361e+01 
 4.18671729e+05  3.96291359e-01  4.18671729e+05 -3.76212117e+01 
 4.23520370e+05  3.67938130e-01  4.23520370e+05 -3.78732685e+01 
 4.28425163e+05  3.39533889e-01  4.28425163e+05 -3.81267469e+01 
 4.33386759e+05  3.11080649e-01  4.33386759e+05 -3.83816883e+01 
 4.38405814e+05  2.82580291e-01  4.38405814e+05 -3.86381346e+01 
 4.43482996e+05  2.54034562e-01  4.43482996e+05 -3.88961288e+01 
 4.48618977e+05  2.25445071e-01  4.48618977e+05 -3.91557144e+01 
 4.53814437e+05  1.96813285e-01  4.53814437e+05 -3.94169357e+01 
 4.59070066e+05  1.68140527e-01  4.59070066e+05 -3.96798376e+01 
 4.64386560e+05  1.39427970e-01  4.64386560e+05 -3.99444656e+01 
 4.69764625e+05  1.10676640e-01  4.69764625e+05 -4.02108660e+01 
 4.75204974e+05  8.18874092e-02  4.75204974e+05 -4.04790853e+01 
 4.80708327e+05  5.30609950e-02  4.80708327e+05 -4.07491709e+01 
 4.86275414e+05  2.41979586e-02  4.86275414e+05 -4.10211704e+01 
 4.91906974e+05 -4.70129733e-03  4.91906974e+05 -4.12951321e+01 
 4.97603753e+05 -3.36365295e-02  4.97603753e+05 -4.15711043e+01 
 5.03366507e+05 -6.26076557e-02  5.03366507e+05 -4.18491361e+01 
 5.09195999e+05 -9.16147553e-02  5.09195999e+05 -4.21292767e+01 
 5.15093002e+05 -1.20658070e-01  5.15093002e+05 -4.24115757e+01 
 5.21058299e+05 -1.49738005e-01  5.21058299e+05 -4.26960827e+01 
 5.27092679e+05 -1.78855128e-01  5.27092679e+05 -4.29828479e+01 
 5.33196944e+05 -2.08010170e-01  5.33196944e+05 -4.32719214e+01 
 5.39371903e+05 -2.37204024e-01  5.39371903e+05 -4.35633534e+01 
 5.45618374e+05 -2.66437747e-01  5.45618374e+05 -4.38571945e+01 
 5.51937185e+05 -2.95712555e-01  5.51937185e+05 -4.41534950e+01 
 5.58329174e+05 -3.25029825e-01  5.58329174e+05 -4.44523053e+01 
 5.64795189e+05 -3.54391095e-01  5.64795189e+05 -4.47536760e+01 
 5.71336088e+05 -3.83798059e-01  5.71336088e+05 -4.50576574e+01 
 5.77952736e+05 -4.13252567e-01  5.77952736e+05 -4.53642998e+01 
 5.84646012e+05 -4.42756622e-01  5.84646012e+05 -4.56736534e+01 
 5.91416802e+05 -4.72312380e-01  5.91416802e+05 -4.59857680e+01 
 5.98266006e+05 -5.01922147e-01  5.98266006e+05 -4.63006936e+01 
 6.05194529e+05 -5.31588374e-01  6.05194529e+05 -4.66184795e+01 
 6.12203293e+05 -5.61313656e-01  6.12203293e+05 -4.69391752e+01 
 6.19293224e+05 -5.91100729e-01  6.19293224e+05 -4.72628294e+01 
 6.26465265e+05 -6.20952469e-01  6.26465265e+05 -4.75894909e+01 
 6.33720365e+05 -6.50871883e-01  6.33720365e+05 -4.79192078e+01 
 6.41059486e+05 -6.80862109e-01  6.41059486e+05 -4.82520279e+01 
 6.48483601e+05 -7.10926415e-01  6.48483601e+05 -4.85879987e+01 
 6.55993696e+05 -7.41068187e-01  6.55993696e+05 -4.89271670e+01 
 6.63590765e+05 -7.71290933e-01  6.63590765e+05 -4.92695793e+01 
 6.71275815e+05 -8.01598275e-01  6.71275815e+05 -4.96152814e+01 
 6.79049866e+05 -8.31993943e-01  6.79049866e+05 -4.99643188e+01 
 6.86913949e+05 -8.62481776e-01  6.86913949e+05 -5.03167362e+01 
 6.94869105e+05 -8.93065709e-01  6.94869105e+05 -5.06725778e+01 
 7.02916391e+05 -9.23749777e-01  7.02916391e+05 -5.10318871e+01 
 7.11056872e+05 -9.54538102e-01  7.11056872e+05 -5.13947071e+01 
 7.19291628e+05 -9.85434892e-01  7.19291628e+05 -5.17610801e+01 
 7.27621750e+05 -1.01644444e+00  7.27621750e+05 -5.21310476e+01 
 7.36048344e+05 -1.04757110e+00  7.36048344e+05 -5.25046505e+01 
 7.44572527e+05 -1.07881932e+00  7.44572527e+05 -5.28819289e+01 
 7.53195428e+05 -1.11019358e+00  7.53195428e+05 -5.32629224e+01 
 7.61918191e+05 -1.14169845e+00  7.61918191e+05 -5.36476697e+01 
 7.70741972e+05 -1.17333853e+00  7.70741972e+05 -5.40362086e+01 
 7.79667942e+05 -1.20511847e+00  7.79667942e+05 -5.44285763e+01 
 7.88697283e+05 -1.23704296e+00  7.88697283e+05 -5.48248093e+01 
 7.97831193e+05 -1.26911673e+00  7.97831193e+05 -5.52249431e+01 
 8.07070883e+05 -1.30134454e+00  8.07070883e+05 -5.56290126e+01 
 8.16417578e+05 -1.33373116e+00  8.16417578e+05 -5.60370517e+01 
 8.25872518e+05 -1.36628139e+00  8.25872518e+05 -5.64490938e+01 
 8.35436955e+05 -1.39900002e+00  8.35436955e+05 -5.68651711e+01 
 8.45112157e+05 -1.43189187e+00  8.45112157e+05 -5.72853154e+01 
 8.54899409e+05 -1.46496174e+00  8.54899409e+05 -5.77095574e+01 
 8.64800006e+05 -1.49821441e+00  8.64800006e+05 -5.81379270e+01 
 8.74815263e+05 -1.53165467e+00  8.74815263e+05 -5.85704535e+01 
 8.84946506e+05 -1.56528727e+00  8.84946506e+05 -5.90071654e+01 
 8.95195080e+05 -1.59911695e+00  8.95195080e+05 -5.94480900e+01 
 9.05562342e+05 -1.63314838e+00  9.05562342e+05 -5.98932544e+01 
 9.16049667e+05 -1.66738622e+00  9.16049667e+05 -6.03426846e+01 
 9.26658447e+05 -1.70183508e+00  9.26658447e+05 -6.07964057e+01 
 9.37390086e+05 -1.73649950e+00  9.37390086e+05 -6.12544425e+01 
 9.48246009e+05 -1.77138399e+00  9.48246009e+05 -6.17168186e+01 
 9.59227655e+05 -1.80649295e+00  9.59227655e+05 -6.21835572e+01 
 9.70336479e+05 -1.84183075e+00  9.70336479e+05 -6.26546806e+01 
 9.81573954e+05 -1.87740165e+00  9.81573954e+05 -6.31302106e+01 
 9.92941571e+05 -1.91320986e+00  9.92941571e+05 -6.36101681e+01 
 1.00444084e+06 -1.94925946e+00  1.00444084e+06 -6.40945736e+01 
 1.01607327e+06 -1.98555446e+00  1.01607327e+06 -6.45834468e+01 
 1.02784043e+06 -2.02209878e+00  1.02784043e+06 -6.50768070e+01 
 1.03974386e+06 -2.05889619e+00  1.03974386e+06 -6.55746727e+01 
 1.05178514e+06 -2.09595039e+00  1.05178514e+06 -6.60770621e+01 
 1.06396587e+06 -2.13326495e+00  1.06396587e+06 -6.65839928e+01 
 1.07628767e+06 -2.17084329e+00  1.07628767e+06 -6.70954817e+01 
 1.08875217e+06 -2.20868875e+00  1.08875217e+06 -6.76115457e+01 
 1.10136102e+06 -2.24680450e+00  1.10136102e+06 -6.81322010e+01 
 1.11411589e+06 -2.28519359e+00  1.11411589e+06 -6.86574635e+01 
 1.12701847e+06 -2.32385891e+00  1.12701847e+06 -6.91873488e+01 
 1.14007049e+06 -2.36280323e+00  1.14007049e+06 -6.97218721e+01 
 1.15327365e+06 -2.40202914e+00  1.15327365e+06 -7.02610486e+01 
 1.16662972e+06 -2.44153910e+00  1.16662972e+06 -7.08048929e+01 
 1.18014047e+06 -2.48133540e+00  1.18014047e+06 -7.13534199e+01 
 1.19380769e+06 -2.52142018e+00  1.19380769e+06 -7.19066441e+01 
 1.20763319e+06 -2.56179538e+00  1.20763319e+06 -7.24645800e+01 
 1.22161880e+06 -2.60246283e+00  1.22161880e+06 -7.30272420e+01 
 1.23576638e+06 -2.64342413e+00  1.23576638e+06 -7.35946448e+01 
 1.25007780e+06 -2.68468075e+00  1.25007780e+06 -7.41668028e+01 
 1.26455496e+06 -2.72623396e+00  1.26455496e+06 -7.47437310e+01 
 1.27919978e+06 -2.76808488e+00  1.27919978e+06 -7.53254443e+01 
 1.29401421e+06 -2.81023442e+00  1.29401421e+06 -7.59119578e+01 
 1.30900020e+06 -2.85268334e+00  1.30900020e+06 -7.65032872e+01 
 1.32415974e+06 -2.89543220e+00  1.32415974e+06 -7.70994483e+01 
 1.33949485e+06 -2.93848140e+00  1.33949485e+06 -7.77004576e+01 
 1.35500755e+06 -2.98183114e+00  1.35500755e+06 -7.83063319e+01 
 1.37069990e+06 -3.02548147e+00  1.37069990e+06 -7.89170886e+01 
 1.38657399e+06 -3.06943222e+00  1.38657399e+06 -7.95327458e+01 
 1.40263192e+06 -3.11368310e+00  1.40263192e+06 -8.01533223e+01 
 1.41887581e+06 -3.15823360e+00  1.41887581e+06 -8.07788376e+01 
 1.43530782e+06 -3.20308306e+00  1.43530782e+06 -8.14093122e+01 
 1.45193013e+06 -3.24823065e+00  1.45193013e+06 -8.20447673e+01 
 1.46874495e+06 -3.29367539e+00  1.46874495e+06 -8.26852253e+01 
 1.48575450e+06 -3.33941612e+00  1.48575450e+06 -8.33307094e+01 
 1.50296103e+06 -3.38545155e+00  1.50296103e+06 -8.39812442e+01 
 1.52036684e+06 -3.43178021e+00  1.52036684e+06 -8.46368554e+01 
 1.53797422e+06 -3.47840052e+00  1.53797422e+06 -8.52975700e+01 
 1.55578551e+06 -3.52531075e+00  1.55578551e+06 -8.59634163e+01 
 1.57380308e+06 -3.57250907e+00  1.57380308e+06 -8.66344241e+01 
 1.59202931e+06 -3.61999350e+00  1.59202931e+06 -8.73106247e+01 
 1.61046661e+06 -3.66776197e+00  1.61046661e+06 -8.79920511e+01 
 1.62911744e+06 -3.71581232e+00  1.62911744e+06 -8.86787379e+01 
 1.64798426e+06 -3.76414230e+00  1.64798426e+06 -8.93707214e+01 
 1.66706959e+06 -3.81274960e+00  1.66706959e+06 -9.00680399e+01 
 1.68637593e+06 -3.86163184e+00  1.68637593e+06 -9.07707334e+01 
 1.70590587e+06 -3.91078660e+00  1.70590587e+06 -9.14788440e+01 
 1.72566198e+06 -3.96021145e+00  1.72566198e+06 -9.21924160e+01 
 1.74564689e+06 -4.00990394e+00  1.74564689e+06 -9.29114957e+01 
 1.76586324e+06 -4.05986164e+00  1.76586324e+06 -9.36361316e+01 
 1.78631372e+06 -4.11008214e+00  1.78631372e+06 -9.43663746e+01 
 1.80700103e+06 -4.16056310e+00  1.80700103e+06 -9.51022780e+01 
 1.82792793e+06 -4.21130224e+00  1.82792793e+06 -9.58438974e+01 
 1.84909717e+06 -4.26229740e+00  1.84909717e+06 -9.65912909e+01 
 1.87051159e+06 -4.31354654e+00  1.87051159e+06 -9.73445193e+01 
 1.89217400e+06 -4.36504776e+00  1.89217400e+06 -9.81036459e+01 
 1.91408728e+06 -4.41679938e+00  1.91408728e+06 -9.88687367e+01 
 1.93625434e+06 -4.46879992e+00  1.93625434e+06 -9.96398604e+01 
 1.95867812e+06 -4.52104815e+00  1.95867812e+06 -1.00417088e+02 
 1.98136159e+06 -4.57354312e+00  1.98136159e+06 -1.01200495e+02 
 2.00430776e+06 -4.62628424e+00  2.00430776e+06 -1.01990157e+02 
 2.02751966e+06 -4.67927125e+00  2.02751966e+06 -1.02786154e+02 
 2.05100039e+06 -4.73250431e+00  2.05100039e+06 -1.03588569e+02 
 2.07475304e+06 -4.78598403e+00  2.07475304e+06 -1.04397487e+02 
 2.09878077e+06 -4.83971153e+00  2.09878077e+06 -1.05212996e+02 
 2.12308677e+06 -4.89368846e+00  2.12308677e+06 -1.06035187e+02 
 2.14767426e+06 -4.94791708e+00  2.14767426e+06 -1.06864153e+02 
 2.17254649e+06 -5.00240028e+00  2.17254649e+06 -1.07699989e+02 
 2.19770677e+06 -5.05714169e+00  2.19770677e+06 -1.08542795e+02 
 2.22315843e+06 -5.11214566e+00  2.22315843e+06 -1.09392671e+02 
 2.24890485e+06 -5.16741739e+00  2.24890485e+06 -1.10249718e+02 
 2.27494944e+06 -5.22296295e+00  2.27494944e+06 -1.11114042e+02 
 2.30129565e+06 -5.27878936e+00  2.30129565e+06 -1.11985749e+02 
 2.32794697e+06 -5.33490463e+00  2.32794697e+06 -1.12864945e+02 
 2.35490695e+06 -5.39131785e+00  2.35490695e+06 -1.13751739e+02 
 2.38217915e+06 -5.44803926e+00  2.38217915e+06 -1.14646241e+02 
 2.40976718e+06 -5.50508026e+00  2.40976718e+06 -1.15548560e+02 
 2.43767472e+06 -5.56245355e+00  2.43767472e+06 -1.16458806e+02 
 2.46590545e+06 -5.62017314e+00  2.46590545e+06 -1.17377086e+02 
 2.49446313e+06 -5.67825443e+00  2.49446313e+06 -1.18303510e+02 
 2.52335153e+06 -5.73671427e+00  2.52335153e+06 -1.19238181e+02 
 2.55257448e+06 -5.79557101e+00  2.55257448e+06 -1.20181205e+02 
 2.58213587e+06 -5.85484455e+00  2.58213587e+06 -1.21132680e+02 
 2.61203961e+06 -5.91455640e+00  2.61203961e+06 -1.22092704e+02 
 2.64228966e+06 -5.97472972e+00  2.64228966e+06 -1.23061367e+02 
 2.67289004e+06 -6.03538931e+00  2.67289004e+06 -1.24038755e+02 
 2.70384481e+06 -6.09656170e+00  2.70384481e+06 -1.25024948e+02 
 2.73515806e+06 -6.15827511e+00  2.73515806e+06 -1.26020016e+02 
 2.76683395e+06 -6.22055949e+00  2.76683395e+06 -1.27024023e+02 
 2.79887667e+06 -6.28344645e+00  2.79887667e+06 -1.28037020e+02 
 2.83129049e+06 -6.34696931e+00  2.83129049e+06 -1.29059050e+02 
 2.86407969e+06 -6.41116298e+00  2.86407969e+06 -1.30090141e+02 
 2.89724862e+06 -6.47606396e+00  2.89724862e+06 -1.31130309e+02 
 2.93080168e+06 -6.54171019e+00  2.93080168e+06 -1.32179554e+02 
 2.96474332e+06 -6.60814103e+00  2.96474332e+06 -1.33237862e+02 
 2.99907804e+06 -6.67539704e+00  2.99907804e+06 -1.34305198e+02 
 3.03381039e+06 -6.74351991e+00  3.03381039e+06 -1.35381512e+02 
 3.06894498e+06 -6.81255223e+00  3.06894498e+06 -1.36466732e+02 
 3.10448646e+06 -6.88253732e+00  3.10448646e+06 -1.37560765e+02 
 3.14043954e+06 -6.95351900e+00  3.14043954e+06 -1.38663498e+02 
 3.17680900e+06 -7.02554133e+00  3.17680900e+06 -1.39774791e+02 
 3.21359965e+06 -7.09864835e+00  3.21359965e+06 -1.40894484e+02 
 3.25081638e+06 -7.17288377e+00  3.25081638e+06 -1.42022391e+02 
 3.28846411e+06 -7.24829066e+00  3.28846411e+06 -1.43158301e+02 
 3.32654785e+06 -7.32491113e+00  3.32654785e+06 -1.44301977e+02 
 3.36507263e+06 -7.40278595e+00  3.36507263e+06 -1.45453159e+02 
 3.40404356e+06 -7.48195423e+00  3.40404356e+06 -1.46611560e+02 
 3.44346582e+06 -7.56245300e+00  3.44346582e+06 -1.47776869e+02 
 3.48334463e+06 -7.64431690e+00  3.48334463e+06 -1.48948751e+02 
 3.52368527e+06 -7.72757777e+00  3.52368527e+06 -1.50126849e+02 
 3.56449310e+06 -7.81226432e+00  3.56449310e+06 -1.51310784e+02 
 3.60577353e+06 -7.89840177e+00  3.60577353e+06 -1.52500157e+02 
 3.64753203e+06 -7.98601157e+00  3.64753203e+06 -1.53694553e+02 
 3.68977413e+06 -8.07511106e+00  3.68977413e+06 -1.54893539e+02 
 3.73250543e+06 -8.16571328e+00  3.73250543e+06 -1.56096670e+02 
 3.77573161e+06 -8.25782670e+00  3.77573161e+06 -1.57303492e+02 
 3.81945839e+06 -8.35145507e+00  3.81945839e+06 -1.58513540e+02 
 3.86369158e+06 -8.44659732e+00  3.86369158e+06 -1.59726349e+02 
 3.90843702e+06 -8.54324748e+00  3.90843702e+06 -1.60941450e+02 
 3.95370067e+06 -8.64139469e+00  3.95370067e+06 -1.62158376e+02 
 3.99948851e+06 -8.74102320e+00  3.99948851e+06 -1.63376666e+02 
 4.04580662e+06 -8.84211255e+00  4.04580662e+06 -1.64595866e+02 
 4.09266114e+06 -8.94463768e+00  4.09266114e+06 -1.65815537e+02 
 4.14005829e+06 -9.04856916e+00  4.14005829e+06 -1.67035249e+02 
 4.18800434e+06 -9.15387349e+00  4.18800434e+06 -1.68254594e+02 
 4.23650566e+06 -9.26051336e+00  4.23650566e+06 -1.69473182e+02 
 4.28556866e+06 -9.36844808e+00  4.28556866e+06 -1.70690644e+02 
 4.33519987e+06 -9.47763389e+00  4.33519987e+06 -1.71906637e+02 
 4.38540586e+06 -9.58802444e+00  4.38540586e+06 -1.73120842e+02 
 4.43619329e+06 -9.69957123e+00  4.43619329e+06 -1.74332967e+02 
 4.48756888e+06 -9.81222403e+00  4.48756888e+06 -1.75542749e+02 
 4.53953946e+06 -9.92593135e+00  4.53953946e+06 -1.76749953e+02 
 4.59211190e+06 -1.00406409e+01  4.59211190e+06 -1.77954372e+02 
 4.64529319e+06 -1.01563001e+01  4.64529319e+06 -1.79155826e+02 
 4.69909037e+06 -1.02728564e+01  4.69909037e+06  1.79645834e+02 
 4.75351058e+06 -1.03902576e+01  4.75351058e+06  1.78450731e+02 
 4.80856103e+06 -1.05084528e+01  4.80856103e+06  1.77258964e+02 
 4.86424902e+06 -1.06273919e+01  4.86424902e+06  1.76070604e+02 
 4.92058193e+06 -1.07470265e+01  4.92058193e+06  1.74885700e+02 
 4.97756723e+06 -1.08673102e+01  4.97756723e+06  1.73704280e+02 
 5.03521248e+06 -1.09881984e+01  5.03521248e+06  1.72526353e+02 
 5.09352532e+06 -1.11096490e+01  5.09352532e+06  1.71351906e+02 
 5.15251348e+06 -1.12316223e+01  5.15251348e+06  1.70180915e+02 
 5.21218479e+06 -1.13540811e+01  5.21218479e+06  1.69013339e+02 
 5.27254715e+06 -1.14769911e+01  5.27254715e+06  1.67849126e+02 
 5.33360856e+06 -1.16003204e+01  5.33360856e+06  1.66688214e+02 
 5.39537713e+06 -1.17240402e+01  5.39537713e+06  1.65530532e+02 
 5.45786104e+06 -1.18481242e+01  5.45786104e+06  1.64376005e+02 
 5.52106858e+06 -1.19725490e+01  5.52106858e+06  1.63224552e+02 
 5.58500812e+06 -1.20972937e+01  5.58500812e+06  1.62076090e+02 
 5.64968815e+06 -1.22223400e+01  5.64968815e+06  1.60930533e+02 
 5.71511724e+06 -1.23476721e+01  5.71511724e+06  1.59787797e+02 
 5.78130406e+06 -1.24732766e+01  5.78130406e+06  1.58647799e+02 
 5.84825740e+06 -1.25991423e+01  5.84825740e+06  1.57510459e+02 
 5.91598612e+06 -1.27252600e+01  5.91598612e+06  1.56375699e+02 
 5.98449920e+06 -1.28516225e+01  5.98449920e+06  1.55243447e+02 
 6.05380574e+06 -1.29782244e+01  6.05380574e+06  1.54113636e+02 
 6.12391492e+06 -1.31050620e+01  6.12391492e+06  1.52986205e+02 
 6.19483603e+06 -1.32321328e+01  6.19483603e+06  1.51861099e+02 
 6.26657849e+06 -1.33594359e+01  6.26657849e+06  1.50738269e+02 
 6.33915179e+06 -1.34869715e+01  6.33915179e+06  1.49617674e+02 
 6.41256556e+06 -1.36147407e+01  6.41256556e+06  1.48499280e+02 
 6.48682954e+06 -1.37427455e+01  6.48682954e+06  1.47383060e+02 
 6.56195357e+06 -1.38709887e+01  6.56195357e+06  1.46268995e+02 
 6.63794761e+06 -1.39994737e+01  6.63794761e+06  1.45157071e+02 
 6.71482174e+06 -1.41282042e+01  6.71482174e+06  1.44047284e+02 
 6.79258615e+06 -1.42571844e+01  6.79258615e+06  1.42939635e+02 
 6.87125115e+06 -1.43864187e+01  6.87125115e+06  1.41834131e+02 
 6.95082717e+06 -1.45159116e+01  6.95082717e+06  1.40730786e+02 
 7.03132476e+06 -1.46456677e+01  7.03132476e+06  1.39629621e+02 
 7.11275460e+06 -1.47756914e+01  7.11275460e+06  1.38530661e+02 
 7.19512747e+06 -1.49059872e+01  7.19512747e+06  1.37433936e+02 
 7.27845431e+06 -1.50365592e+01  7.27845431e+06  1.36339481e+02 
 7.36274615e+06 -1.51674113e+01  7.36274615e+06  1.35247336e+02 
 7.44801418e+06 -1.52985471e+01  7.44801418e+06  1.34157543e+02 
 7.53426970e+06 -1.54299699e+01  7.53426970e+06  1.33070149e+02 
 7.62152414e+06 -1.55616825e+01  7.62152414e+06  1.31985204e+02 
 7.70978908e+06 -1.56936871e+01  7.70978908e+06  1.30902758e+02 
 7.79907622e+06 -1.58259859e+01  7.79907622e+06  1.29822865e+02 
 7.88939739e+06 -1.59585801e+01  7.88939739e+06  1.28745580e+02 
 7.98076457e+06 -1.60914707e+01  7.98076457e+06  1.27670960e+02 
 8.07318988e+06 -1.62246581e+01  8.07318988e+06  1.26599060e+02 
 8.16668556e+06 -1.63581422e+01  8.16668556e+06  1.25529937e+02 
 8.26126402e+06 -1.64919223e+01  8.26126402e+06  1.24463649e+02 
 8.35693779e+06 -1.66259973e+01  8.35693779e+06  1.23400250e+02 
 8.45371956e+06 -1.67603654e+01  8.45371956e+06  1.22339797e+02 
 8.55162216e+06 -1.68950246e+01  8.55162216e+06  1.21282342e+02 
 8.65065857e+06 -1.70299721e+01  8.65065857e+06  1.20227938e+02 
 8.75084193e+06 -1.71652049e+01  8.75084193e+06  1.19176636e+02 
 8.85218551e+06 -1.73007192e+01  8.85218551e+06  1.18128483e+02 
 8.95470275e+06 -1.74365111e+01  8.95470275e+06  1.17083525e+02 
 9.05840724e+06 -1.75725762e+01  9.05840724e+06  1.16041805e+02 
 9.16331273e+06 -1.77089096e+01  9.16331273e+06  1.15003363e+02 
 9.26943314e+06 -1.78455062e+01  9.26943314e+06  1.13968236e+02 
 9.37678253e+06 -1.79823604e+01  9.37678253e+06  1.12936458e+02 
 9.48537513e+06 -1.81194665e+01  9.48537513e+06  1.11908059e+02 
 9.59522534e+06 -1.82568183e+01  9.59522534e+06  1.10883066e+02 
 9.70634773e+06 -1.83944096e+01  9.70634773e+06  1.09861502e+02 
 9.81875703e+06 -1.85322338e+01  9.81875703e+06  1.08843387e+02 
 9.93246814e+06 -1.86702841e+01  9.93246814e+06  1.07828735e+02 
 1.00474961e+07 -1.88085538e+01  1.00474961e+07  1.06817559e+02 
 1.01638563e+07 -1.89470357e+01  1.01638563e+07  1.05809866e+02 
 1.02815640e+07 -1.90857229e+01  1.02815640e+07  1.04805660e+02 
 1.04006349e+07 -1.92246080e+01  1.04006349e+07  1.03804940e+02 
 1.05210847e+07 -1.93636840e+01  1.05210847e+07  1.02807703e+02 
 1.06429295e+07 -1.95029436e+01  1.06429295e+07  1.01813941e+02 
 1.07661854e+07 -1.96423796e+01  1.07661854e+07  1.00823640e+02 
 1.08908687e+07 -1.97819848e+01  1.08908687e+07  9.98367859e+01 
 1.10169959e+07 -1.99217522e+01  1.10169959e+07  9.88533581e+01 
 1.11445838e+07 -2.00616746e+01  1.11445838e+07  9.78733331e+01 
 1.12736493e+07 -2.02017454e+01  1.12736493e+07  9.68966839e+01 
 1.14042096e+07 -2.03419576e+01  1.14042096e+07  9.59233794e+01 
 1.15362818e+07 -2.04823046e+01  1.15362818e+07  9.49533854e+01 
 1.16698836e+07 -2.06227802e+01  1.16698836e+07  9.39866640e+01 
 1.18050326e+07 -2.07633779e+01  1.18050326e+07  9.30231744e+01 
 1.19417468e+07 -2.09040919e+01  1.19417468e+07  9.20628722e+01 
 1.20800443e+07 -2.10449162e+01  1.20800443e+07  9.11057102e+01 
 1.22199434e+07 -2.11858454e+01  1.22199434e+07  9.01516380e+01 
 1.23614627e+07 -2.13268741e+01  1.23614627e+07  8.92006028e+01 
 1.25046209e+07 -2.14679974e+01  1.25046209e+07  8.82525487e+01 
 1.26494370e+07 -2.16092105e+01  1.26494370e+07  8.73074176e+01 
 1.27959303e+07 -2.17505088e+01  1.27959303e+07  8.63651486e+01 
 1.29441200e+07 -2.18918884e+01  1.29441200e+07  8.54256790e+01 
 1.30940260e+07 -2.20333452e+01  1.30940260e+07  8.44889437e+01 
 1.32456680e+07 -2.21748759e+01  1.32456680e+07  8.35548757e+01 
 1.33990662e+07 -2.23164771e+01  1.33990662e+07  8.26234062e+01 
 1.35542409e+07 -2.24581461e+01  1.35542409e+07  8.16944646e+01 
 1.37112127e+07 -2.25998802e+01  1.37112127e+07  8.07679790e+01 
 1.38700024e+07 -2.27416773e+01  1.38700024e+07  7.98438758e+01 
 1.40306310e+07 -2.28835354e+01  1.40306310e+07  7.89220804e+01 
 1.41931199e+07 -2.30254530e+01  1.41931199e+07  7.80025170e+01 
 1.43574905e+07 -2.31674290e+01  1.43574905e+07  7.70851090e+01 
 1.45237648e+07 -2.33094624e+01  1.45237648e+07  7.61697787e+01 
 1.46919646e+07 -2.34515528e+01  1.46919646e+07  7.52564481e+01 
 1.48621124e+07 -2.35937000e+01  1.48621124e+07  7.43450383e+01 
 1.50342306e+07 -2.37359040e+01  1.50342306e+07  7.34354703e+01 
 1.52083422e+07 -2.38781654e+01  1.52083422e+07  7.25276647e+01 
 1.53844701e+07 -2.40204851e+01  1.53844701e+07  7.16215421e+01 
 1.55626378e+07 -2.41628640e+01  1.55626378e+07  7.07170228e+01 
 1.57428689e+07 -2.43053037e+01  1.57428689e+07  6.98140276e+01 
 1.59251872e+07 -2.44478059e+01  1.59251872e+07  6.89124775e+01 
 1.61096169e+07 -2.45903726e+01  1.61096169e+07  6.80122938e+01 
 1.62961825e+07 -2.47330063e+01  1.62961825e+07  6.71133982e+01 
 1.64849088e+07 -2.48757096e+01  1.64849088e+07  6.62157134e+01 
 1.66758206e+07 -2.50184855e+01  1.66758206e+07  6.53191624e+01 
 1.68689435e+07 -2.51613371e+01  1.68689435e+07  6.44236693e+01 
 1.70643029e+07 -2.53042679e+01  1.70643029e+07  6.35291594e+01 
 1.72619247e+07 -2.54472818e+01  1.72619247e+07  6.26355585e+01 
 1.74618352e+07 -2.55903826e+01  1.74618352e+07  6.17427941e+01 
 1.76640609e+07 -2.57335747e+01  1.76640609e+07  6.08507948e+01 
 1.78686285e+07 -2.58768626e+01  1.78686285e+07  5.99594905e+01 
 1.80755653e+07 -2.60202508e+01  1.80755653e+07  5.90688128e+01 
 1.82848985e+07 -2.61637445e+01  1.82848985e+07  5.81786946e+01 
 1.84966561e+07 -2.63073486e+01  1.84966561e+07  5.72890707e+01 
 1.87108661e+07 -2.64510685e+01  1.87108661e+07  5.63998774e+01 
 1.89275568e+07 -2.65949097e+01  1.89275568e+07  5.55110532e+01 
 1.91467570e+07 -2.67388780e+01  1.91467570e+07  5.46225382e+01 
 1.93684957e+07 -2.68829791e+01  1.93684957e+07  5.37342747e+01 
 1.95928024e+07 -2.70272190e+01  1.95928024e+07  5.28462069e+01 
 1.98197069e+07 -2.71716039e+01  1.98197069e+07  5.19582813e+01 
 2.00492391e+07 -2.73161400e+01  2.00492391e+07  5.10704465e+01 
 2.02814295e+07 -2.74608337e+01  2.02814295e+07  5.01826536e+01 
 2.05163089e+07 -2.76056916e+01  2.05163089e+07  4.92948558e+01 
 2.07539085e+07 -2.77507203e+01  2.07539085e+07  4.84070088e+01 
 2.09942597e+07 -2.78959263e+01  2.09942597e+07  4.75190709e+01 
 2.12373944e+07 -2.80413164e+01  2.12373944e+07  4.66310029e+01 
 2.14833448e+07 -2.81868976e+01  2.14833448e+07  4.57427681e+01 
 2.17321436e+07 -2.83326766e+01  2.17321436e+07  4.48543325e+01 
 2.19838238e+07 -2.84786603e+01  2.19838238e+07  4.39656649e+01 
 2.22384186e+07 -2.86248557e+01  2.22384186e+07  4.30767367e+01 
 2.24959620e+07 -2.87712698e+01  2.24959620e+07  4.21875222e+01 
 2.27564879e+07 -2.89179094e+01  2.27564879e+07  4.12979986e+01 
 2.30200310e+07 -2.90647816e+01  2.30200310e+07  4.04081458e+01 
 2.32866262e+07 -2.92118933e+01  2.32866262e+07  3.95179469e+01 
 2.35563088e+07 -2.93592513e+01  2.35563088e+07  3.86273877e+01 
 2.38291146e+07 -2.95068626e+01  2.38291146e+07  3.77364571e+01 
 2.41050798e+07 -2.96547340e+01  2.41050798e+07  3.68451471e+01 
 2.43842409e+07 -2.98028721e+01  2.43842409e+07  3.59534527e+01 
 2.46666350e+07 -2.99512837e+01  2.46666350e+07  3.50613720e+01 
 2.49522996e+07 -3.00999754e+01  2.49522996e+07  3.41689063e+01 
 2.52412724e+07 -3.02489535e+01  2.52412724e+07  3.32760599e+01 
 2.55335918e+07 -3.03982246e+01  2.55335918e+07  3.23828404e+01 
 2.58292965e+07 -3.05477948e+01  2.58292965e+07  3.14892586e+01 
 2.61284258e+07 -3.06976702e+01  2.61284258e+07  3.05953283e+01 
 2.64310194e+07 -3.08478569e+01  2.64310194e+07  2.97010667e+01 
 2.67371172e+07 -3.09983606e+01  2.67371172e+07  2.88064943e+01 
 2.70467600e+07 -3.11491870e+01  2.70467600e+07  2.79116347e+01 
 2.73599888e+07 -3.13003415e+01  2.73599888e+07  2.70165146e+01 
 2.76768451e+07 -3.14518295e+01  2.76768451e+07  2.61211644e+01 
 2.79973709e+07 -3.16036559e+01  2.79973709e+07  2.52256173e+01 
 2.83216087e+07 -3.17558256e+01  2.83216087e+07  2.43299100e+01 
 2.86496015e+07 -3.19083433e+01  2.86496015e+07  2.34340824e+01 
 2.89813928e+07 -3.20612133e+01  2.89813928e+07  2.25381776e+01 
 2.93170265e+07 -3.22144399e+01  2.93170265e+07  2.16422421e+01 
 2.96565473e+07 -3.23680268e+01  2.96565473e+07  2.07463253e+01 
 3.00000000e+07 -3.25219777e+01  3.00000000e+07  1.98504801e+01 
