 2.00000000e-01  1.38991842e+00  2.00000000e-01  6.78861851e+01 
 2.02316202e-01  1.47561783e+00  2.02316202e-01  6.76551512e+01 
 2.04659228e-01  1.56103246e+00  2.04659228e-01  6.74222182e+01 
 2.07029388e-01  1.64615762e+00  2.07029388e-01  6.71873863e+01 
 2.09426997e-01  1.73098860e+00  2.09426997e-01  6.69506557e+01 
 2.11852373e-01  1.81552063e+00  2.11852373e-01  6.67120274e+01 
 2.14305837e-01  1.89974894e+00  2.14305837e-01  6.64715030e+01 
 2.16787715e-01  1.98366869e+00  2.16787715e-01  6.62290843e+01 
 2.19298335e-01  2.06727503e+00  2.19298335e-01  6.59847741e+01 
 2.21838031e-01  2.15056307e+00  2.21838031e-01  6.57385754e+01 
 2.24407140e-01  2.23352789e+00  2.24407140e-01  6.54904919e+01 
 2.27006001e-01  2.31616456e+00  2.27006001e-01  6.52405281e+01 
 2.29634959e-01  2.39846810e+00  2.29634959e-01  6.49886888e+01 
 2.32294364e-01  2.48043352e+00  2.32294364e-01  6.47349795e+01 
 2.34984567e-01  2.56205582e+00  2.34984567e-01  6.44794064e+01 
 2.37705925e-01  2.64332995e+00  2.37705925e-01  6.42219763e+01 
 2.40458800e-01  2.72425086e+00  2.40458800e-01  6.39626967e+01 
 2.43243555e-01  2.80481351e+00  2.43243555e-01  6.37015756e+01 
 2.46060561e-01  2.88501280e+00  2.46060561e-01  6.34386218e+01 
 2.48910190e-01  2.96484364e+00  2.48910190e-01  6.31738448e+01 
 2.51792821e-01  3.04430096e+00  2.51792821e-01  6.29072547e+01 
 2.54708836e-01  3.12337964e+00  2.54708836e-01  6.26388623e+01 
 2.57658622e-01  3.20207458e+00  2.57658622e-01  6.23686791e+01 
 2.60642568e-01  3.28038067e+00  2.60642568e-01  6.20967175e+01 
 2.63661072e-01  3.35829283e+00  2.63661072e-01  6.18229903e+01 
 2.66714534e-01  3.43580595e+00  2.66714534e-01  6.15475113e+01 
 2.69803357e-01  3.51291494e+00  2.69803357e-01  6.12702948e+01 
 2.72927952e-01  3.58961473e+00  2.72927952e-01  6.09913561e+01 
 2.76088733e-01  3.66590027e+00  2.76088733e-01  6.07107110e+01 
 2.79286119e-01  3.74176650e+00  2.79286119e-01  6.04283762e+01 
 2.82520534e-01  3.81720840e+00  2.82520534e-01  6.01443691e+01 
 2.85792407e-01  3.89222098e+00  2.85792407e-01  5.98587079e+01 
 2.89102171e-01  3.96679926e+00  2.89102171e-01  5.95714115e+01 
 2.92450266e-01  4.04093830e+00  2.92450266e-01  5.92824996e+01 
 2.95837135e-01  4.11463319e+00  2.95837135e-01  5.89919927e+01 
 2.99263228e-01  4.18787906e+00  2.99263228e-01  5.86999120e+01 
 3.02728998e-01  4.26067108e+00  3.02728998e-01  5.84062795e+01 
 3.06234905e-01  4.33300447e+00  3.06234905e-01  5.81111180e+01 
 3.09781414e-01  4.40487447e+00  3.09781414e-01  5.78144510e+01 
 3.13368996e-01  4.47627641e+00  3.13368996e-01  5.75163028e+01 
 3.16998125e-01  4.54720564e+00  3.16998125e-01  5.72166984e+01 
 3.20669283e-01  4.61765760e+00  3.20669283e-01  5.69156637e+01 
 3.24382957e-01  4.68762777e+00  3.24382957e-01  5.66132252e+01 
 3.28139639e-01  4.75711169e+00  3.28139639e-01  5.63094103e+01 
 3.31939827e-01  4.82610500e+00  3.31939827e-01  5.60042469e+01 
 3.35784025e-01  4.89460337e+00  3.35784025e-01  5.56977640e+01 
 3.39672743e-01  4.96260258e+00  3.39672743e-01  5.53899910e+01 
 3.43606496e-01  5.03009847e+00  3.43606496e-01  5.50809581e+01 
 3.47585805e-01  5.09708698e+00  3.47585805e-01  5.47706964e+01 
 3.51611200e-01  5.16356411e+00  3.51611200e-01  5.44592374e+01 
 3.55683212e-01  5.22952599e+00  3.55683212e-01  5.41466135e+01 
 3.59802383e-01  5.29496880e+00  3.59802383e-01  5.38328577e+01 
 3.63969257e-01  5.35988885e+00  3.63969257e-01  5.35180036e+01 
 3.68184388e-01  5.42428253e+00  3.68184388e-01  5.32020857e+01 
 3.72448335e-01  5.48814634e+00  3.72448335e-01  5.28851387e+01 
 3.76761663e-01  5.55147690e+00  3.76761663e-01  5.25671983e+01 
 3.81124943e-01  5.61427091e+00  3.81124943e-01  5.22483007e+01 
 3.85538754e-01  5.67652522e+00  3.85538754e-01  5.19284827e+01 
 3.90003682e-01  5.73823677e+00  3.90003682e-01  5.16077814e+01 
 3.94520318e-01  5.79940262e+00  3.94520318e-01  5.12862348e+01 
 3.99089261e-01  5.86001996e+00  3.99089261e-01  5.09638813e+01 
 4.03711118e-01  5.92008612e+00  4.03711118e-01  5.06407597e+01 
 4.08386500e-01  5.97959852e+00  4.08386500e-01  5.03169094e+01 
 4.13116027e-01  6.03855474e+00  4.13116027e-01  4.99923703e+01 
 4.17900328e-01  6.09695248e+00  4.17900328e-01  4.96671826e+01 
 4.22740035e-01  6.15478958e+00  4.22740035e-01  4.93413870e+01 
 4.27635791e-01  6.21206402e+00  4.27635791e-01  4.90150246e+01 
 4.32588245e-01  6.26877391e+00  4.32588245e-01  4.86881368e+01 
 4.37598053e-01  6.32491750e+00  4.37598053e-01  4.83607653e+01 
 4.42665880e-01  6.38049319e+00  4.42665880e-01  4.80329524e+01 
 4.47792398e-01  6.43549952e+00  4.47792398e-01  4.77047403e+01 
 4.52978286e-01  6.48993519e+00  4.52978286e-01  4.73761718e+01 
 4.58224231e-01  6.54379901e+00  4.58224231e-01  4.70472896e+01 
 4.63530930e-01  6.59708999e+00  4.63530930e-01  4.67181369e+01 
 4.68899086e-01  6.64980725e+00  4.68899086e-01  4.63887569e+01 
 4.74329410e-01  6.70195007e+00  4.74329410e-01  4.60591930e+01 
 4.79822623e-01  6.75351790e+00  4.79822623e-01  4.57294888e+01 
 4.85379453e-01  6.80451031e+00  4.85379453e-01  4.53996879e+01 
 4.91000637e-01  6.85492704e+00  4.91000637e-01  4.50698340e+01 
 4.96686920e-01  6.90476799e+00  4.96686920e-01  4.47399707e+01 
 5.02439056e-01  6.95403320e+00  5.02439056e-01  4.44101419e+01 
 5.08257807e-01  7.00272287e+00  5.08257807e-01  4.40803913e+01 
 5.14143945e-01  7.05083734e+00  5.14143945e-01  4.37507624e+01 
 5.20098251e-01  7.09837712e+00  5.20098251e-01  4.34212989e+01 
 5.26121513e-01  7.14534286e+00  5.26121513e-01  4.30920442e+01 
 5.32214531e-01  7.19173536e+00  5.32214531e-01  4.27630417e+01 
 5.38378112e-01  7.23755558e+00  5.38378112e-01  4.24343345e+01 
 5.44613074e-01  7.28280461e+00  5.44613074e-01  4.21059656e+01 
 5.50920243e-01  7.32748371e+00  5.50920243e-01  4.17779777e+01 
 5.57300455e-01  7.37159428e+00  5.57300455e-01  4.14504133e+01 
 5.63754556e-01  7.41513785e+00  5.63754556e-01  4.11233147e+01 
 5.70283403e-01  7.45811612e+00  5.70283403e-01  4.07967237e+01 
 5.76887860e-01  7.50053090e+00  5.76887860e-01  4.04706820e+01 
 5.83568804e-01  7.54238416e+00  5.83568804e-01  4.01452307e+01 
 5.90327119e-01  7.58367801e+00  5.90327119e-01  3.98204108e+01 
 5.97163703e-01  7.62441469e+00  5.97163703e-01  3.94962626e+01 
 6.04079461e-01  7.66459657e+00  6.04079461e-01  3.91728262e+01 
 6.11075310e-01  7.70422616e+00  6.11075310e-01  3.88501412e+01 
 6.18152179e-01  7.74330609e+00  6.18152179e-01  3.85282467e+01 
 6.25311005e-01  7.78183911e+00  6.25311005e-01  3.82071812e+01 
 6.32552737e-01  7.81982811e+00  6.32552737e-01  3.78869828e+01 
 6.39878336e-01  7.85727610e+00  6.39878336e-01  3.75676891e+01 
 6.47288773e-01  7.89418618e+00  6.47288773e-01  3.72493371e+01 
 6.54785030e-01  7.93056160e+00  6.54785030e-01  3.69319632e+01 
 6.62368101e-01  7.96640571e+00  6.62368101e-01  3.66156032e+01 
 6.70038992e-01  8.00172194e+00  6.70038992e-01  3.63002923e+01 
 6.77798719e-01  8.03651388e+00  6.77798719e-01  3.59860651e+01 
 6.85648312e-01  8.07078516e+00  6.85648312e-01  3.56729556e+01 
 6.93588812e-01  8.10453956e+00  6.93588812e-01  3.53609970e+01 
 7.01621270e-01  8.13778093e+00  7.01621270e-01  3.50502220e+01 
 7.09746752e-01  8.17051321e+00  7.09746752e-01  3.47406625e+01 
 7.17966335e-01  8.20274043e+00  7.17966335e-01  3.44323498e+01 
 7.26281110e-01  8.23446672e+00  7.26281110e-01  3.41253143e+01 
 7.34692178e-01  8.26569628e+00  7.34692178e-01  3.38195860e+01 
 7.43200655e-01  8.29643337e+00  7.43200655e-01  3.35151939e+01 
 7.51807668e-01  8.32668235e+00  7.51807668e-01  3.32121663e+01 
 7.60514359e-01  8.35644765e+00  7.60514359e-01  3.29105310e+01 
 7.69321883e-01  8.38573375e+00  7.69321883e-01  3.26103148e+01 
 7.78231406e-01  8.41454519e+00  7.78231406e-01  3.23115438e+01 
 7.87244111e-01  8.44288660e+00  7.87244111e-01  3.20142435e+01 
 7.96361192e-01  8.47076263e+00  7.96361192e-01  3.17184384e+01 
 8.05583858e-01  8.49817800e+00  8.05583858e-01  3.14241524e+01 
 8.14913332e-01  8.52513749e+00  8.14913332e-01  3.11314085e+01 
 8.24350851e-01  8.55164590e+00  8.24350851e-01  3.08402292e+01 
 8.33897665e-01  8.57770809e+00  8.33897665e-01  3.05506360e+01 
 8.43555041e-01  8.60332896e+00  8.43555041e-01  3.02626495e+01 
 8.53324260e-01  8.62851342e+00  8.53324260e-01  2.99762900e+01 
 8.63206616e-01  8.65326645e+00  8.63206616e-01  2.96915766e+01 
 8.73203419e-01  8.67759302e+00  8.73203419e-01  2.94085278e+01 
 8.83315996e-01  8.70149816e+00  8.83315996e-01  2.91271614e+01 
 8.93545686e-01  8.72498689e+00  8.93545686e-01  2.88474943e+01 
 9.03893847e-01  8.74806427e+00  9.03893847e-01  2.85695427e+01 
 9.14361849e-01  8.77073538e+00  9.14361849e-01  2.82933222e+01 
 9.24951082e-01  8.79300529e+00  9.24951082e-01  2.80188475e+01 
 9.35662949e-01  8.81487909e+00  9.35662949e-01  2.77461325e+01 
 9.46498870e-01  8.83636189e+00  9.46498870e-01  2.74751906e+01 
 9.57460281e-01  8.85745878e+00  9.57460281e-01  2.72060343e+01 
 9.68548637e-01  8.87817487e+00  9.68548637e-01  2.69386754e+01 
 9.79765408e-01  8.89851526e+00  9.79765408e-01  2.66731250e+01 
 9.91112080e-01  8.91848505e+00  9.91112080e-01  2.64093936e+01 
 1.00259016e+00  8.93808933e+00  1.00259016e+00  2.61474909e+01 
 1.01420116e+00  8.95733318e+00  1.01420116e+00  2.58874260e+01 
 1.02594664e+00  8.97622167e+00  1.02594664e+00  2.56292072e+01 
 1.03782813e+00  8.99475986e+00  1.03782813e+00  2.53728422e+01 
 1.04984723e+00  9.01295278e+00  1.04984723e+00  2.51183383e+01 
 1.06200552e+00  9.03080546e+00  1.06200552e+00  2.48657016e+01 
 1.07430462e+00  9.04832290e+00  1.07430462e+00  2.46149382e+01 
 1.08674615e+00  9.06551008e+00  1.08674615e+00  2.43660530e+01 
 1.09933176e+00  9.08237195e+00  1.09933176e+00  2.41190508e+01 
 1.11206313e+00  9.09891343e+00  1.11206313e+00  2.38739355e+01 
 1.12494195e+00  9.11513944e+00  1.12494195e+00  2.36307105e+01 
 1.13796991e+00  9.13105483e+00  1.13796991e+00  2.33893786e+01 
 1.15114875e+00  9.14666445e+00  1.15114875e+00  2.31499420e+01 
 1.16448021e+00  9.16197309e+00  1.16448021e+00  2.29124024e+01 
 1.17796607e+00  9.17698554e+00  1.17796607e+00  2.26767611e+01 
 1.19160810e+00  9.19170653e+00  1.19160810e+00  2.24430187e+01 
 1.20540813e+00  9.20614075e+00  1.20540813e+00  2.22111753e+01 
 1.21936797e+00  9.22029286e+00  1.21936797e+00  2.19812305e+01 
 1.23348948e+00  9.23416749e+00  1.23348948e+00  2.17531835e+01 
 1.24777453e+00  9.24776921e+00  1.24777453e+00  2.15270329e+01 
 1.26222502e+00  9.26110256e+00  1.26222502e+00  2.13027770e+01 
 1.27684286e+00  9.27417203e+00  1.27684286e+00  2.10804134e+01 
 1.29162999e+00  9.28698208e+00  1.29162999e+00  2.08599396e+01 
 1.30658837e+00  9.29953711e+00  1.30658837e+00  2.06413524e+01 
 1.32171998e+00  9.31184147e+00  1.32171998e+00  2.04246482e+01 
 1.33702683e+00  9.32389950e+00  1.33702683e+00  2.02098231e+01 
 1.35251095e+00  9.33571544e+00  1.35251095e+00  1.99968729e+01 
 1.36817439e+00  9.34729353e+00  1.36817439e+00  1.97857928e+01 
 1.38401923e+00  9.35863793e+00  1.38401923e+00  1.95765777e+01 
 1.40004757e+00  9.36975277e+00  1.40004757e+00  1.93692222e+01 
 1.41626153e+00  9.38064213e+00  1.41626153e+00  1.91637206e+01 
 1.43266327e+00  9.39131002e+00  1.43266327e+00  1.89600667e+01 
 1.44925496e+00  9.40176043e+00  1.44925496e+00  1.87582542e+01 
 1.46603879e+00  9.41199728e+00  1.46603879e+00  1.85582762e+01 
 1.48301700e+00  9.42202444e+00  1.48301700e+00  1.83601259e+01 
 1.50019183e+00  9.43184575e+00  1.50019183e+00  1.81637959e+01 
 1.51756557e+00  9.44146497e+00  1.51756557e+00  1.79692785e+01 
 1.53514051e+00  9.45088583e+00  1.53514051e+00  1.77765659e+01 
 1.55291899e+00  9.46011200e+00  1.55291899e+00  1.75856501e+01 
 1.57090335e+00  9.46914711e+00  1.57090335e+00  1.73965227e+01 
 1.58909600e+00  9.47799473e+00  1.58909600e+00  1.72091750e+01 
 1.60749933e+00  9.48665837e+00  1.60749933e+00  1.70235983e+01 
 1.62611580e+00  9.49514150e+00  1.62611580e+00  1.68397835e+01 
 1.64494786e+00  9.50344755e+00  1.64494786e+00  1.66577215e+01 
 1.66399802e+00  9.51157989e+00  1.66399802e+00  1.64774026e+01 
 1.68326879e+00  9.51954182e+00  1.68326879e+00  1.62988175e+01 
 1.70276274e+00  9.52733662e+00  1.70276274e+00  1.61219562e+01 
 1.72248245e+00  9.53496751e+00  1.72248245e+00  1.59468087e+01 
 1.74243054e+00  9.54243765e+00  1.74243054e+00  1.57733650e+01 
 1.76260964e+00  9.54975016e+00  1.76260964e+00  1.56016148e+01 
 1.78302244e+00  9.55690811e+00  1.78302244e+00  1.54315476e+01 
 1.80367164e+00  9.56391452e+00  1.80367164e+00  1.52631530e+01 
 1.82455997e+00  9.57077236e+00  1.82455997e+00  1.50964201e+01 
 1.84569022e+00  9.57748456e+00  1.84569022e+00  1.49313381e+01 
 1.86706517e+00  9.58405398e+00  1.86706517e+00  1.47678963e+01 
 1.88868767e+00  9.59048347e+00  1.88868767e+00  1.46060835e+01 
 1.91056058e+00  9.59677578e+00  1.91056058e+00  1.44458885e+01 
 1.93268680e+00  9.60293368e+00  1.93268680e+00  1.42873003e+01 
 1.95506926e+00  9.60895982e+00  1.95506926e+00  1.41303074e+01 
 1.97771094e+00  9.61485687e+00  1.97771094e+00  1.39748985e+01 
 2.00061483e+00  9.62062741e+00  2.00061483e+00  1.38210622e+01 
 2.02378396e+00  9.62627400e+00  2.02378396e+00  1.36687868e+01 
 2.04722142e+00  9.63179915e+00  2.04722142e+00  1.35180609e+01 
 2.07093031e+00  9.63720531e+00  2.07093031e+00  1.33688727e+01 
 2.09491378e+00  9.64249490e+00  2.09491378e+00  1.32212106e+01 
 2.11917499e+00  9.64767030e+00  2.11917499e+00  1.30750629e+01 
 2.14371718e+00  9.65273385e+00  2.14371718e+00  1.29304178e+01 
 2.16854358e+00  9.65768783e+00  2.16854358e+00  1.27872634e+01 
 2.19365751e+00  9.66253449e+00  2.19365751e+00  1.26455880e+01 
 2.21906227e+00  9.66727605e+00  2.21906227e+00  1.25053797e+01 
 2.24476125e+00  9.67191467e+00  2.24476125e+00  1.23666266e+01 
 2.27075785e+00  9.67645248e+00  2.27075785e+00  1.22293169e+01 
 2.29705552e+00  9.68089157e+00  2.29705552e+00  1.20934386e+01 
 2.32365774e+00  9.68523398e+00  2.32365774e+00  1.19589799e+01 
 2.35056804e+00  9.68948174e+00  2.35056804e+00  1.18259288e+01 
 2.37778999e+00  9.69363681e+00  2.37778999e+00  1.16942734e+01 
 2.40532720e+00  9.69770113e+00  2.40532720e+00  1.15640018e+01 
 2.43318331e+00  9.70167661e+00  2.43318331e+00  1.14351023e+01 
 2.46136203e+00  9.70556509e+00  2.46136203e+00  1.13075628e+01 
 2.48986709e+00  9.70936842e+00  2.48986709e+00  1.11813715e+01 
 2.51870226e+00  9.71308839e+00  2.51870226e+00  1.10565166e+01 
 2.54787137e+00  9.71672675e+00  2.54787137e+00  1.09329863e+01 
 2.57737829e+00  9.72028522e+00  2.57737829e+00  1.08107688e+01 
 2.60722693e+00  9.72376550e+00  2.60722693e+00  1.06898524e+01 
 2.63742125e+00  9.72716925e+00  2.63742125e+00  1.05702253e+01 
 2.66796525e+00  9.73049809e+00  2.66796525e+00  1.04518758e+01 
 2.69886298e+00  9.73375361e+00  2.69886298e+00  1.03347922e+01 
 2.73011854e+00  9.73693738e+00  2.73011854e+00  1.02189631e+01 
 2.76173606e+00  9.74005092e+00  2.76173606e+00  1.01043767e+01 
 2.79371975e+00  9.74309574e+00  2.79371975e+00  9.99102163e+00 
 2.82607385e+00  9.74607331e+00  2.82607385e+00  9.87888632e+00 
 2.85880263e+00  9.74898506e+00  2.85880263e+00  9.76795937e+00 
 2.89191045e+00  9.75183241e+00  2.89191045e+00  9.65822940e+00 
 2.92540169e+00  9.75461674e+00  2.92540169e+00  9.54968507e+00 
 2.95928080e+00  9.75733941e+00  2.95928080e+00  9.44231511e+00 
 2.99355225e+00  9.76000175e+00  2.99355225e+00  9.33610831e+00 
 3.02822061e+00  9.76260506e+00  3.02822061e+00  9.23105349e+00 
 3.06329046e+00  9.76515061e+00  3.06329046e+00  9.12713955e+00 
 3.09876645e+00  9.76763965e+00  3.09876645e+00  9.02435546e+00 
 3.13465329e+00  9.77007340e+00  3.13465329e+00  8.92269023e+00 
 3.17095574e+00  9.77245306e+00  3.17095574e+00  8.82213293e+00 
 3.20767861e+00  9.77477982e+00  3.20767861e+00  8.72267272e+00 
 3.24482676e+00  9.77705480e+00  3.24482676e+00  8.62429881e+00 
 3.28240513e+00  9.77927915e+00  3.28240513e+00  8.52700047e+00 
 3.32041869e+00  9.78145396e+00  3.32041869e+00  8.43076704e+00 
 3.35887249e+00  9.78358031e+00  3.35887249e+00  8.33558794e+00 
 3.39777162e+00  9.78565926e+00  3.39777162e+00  8.24145266e+00 
 3.43712125e+00  9.78769184e+00  3.43712125e+00  8.14835073e+00 
 3.47692658e+00  9.78967907e+00  3.47692658e+00  8.05627179e+00 
 3.51719290e+00  9.79162193e+00  3.51719290e+00  7.96520552e+00 
 3.55792554e+00  9.79352141e+00  3.55792554e+00  7.87514169e+00 
 3.59912991e+00  9.79537845e+00  3.59912991e+00  7.78607015e+00 
 3.64081146e+00  9.79719397e+00  3.64081146e+00  7.69798080e+00 
 3.68297573e+00  9.79896890e+00  3.68297573e+00  7.61086364e+00 
 3.72562831e+00  9.80070412e+00  3.72562831e+00  7.52470871e+00 
 3.76877484e+00  9.80240051e+00  3.76877484e+00  7.43950615e+00 
 3.81242106e+00  9.80405892e+00  3.81242106e+00  7.35524618e+00 
 3.85657274e+00  9.80568019e+00  3.85657274e+00  7.27191909e+00 
 3.90123574e+00  9.80726513e+00  3.90123574e+00  7.18951522e+00 
 3.94641599e+00  9.80881455e+00  3.94641599e+00  7.10802503e+00 
 3.99211947e+00  9.81032923e+00  3.99211947e+00  7.02743902e+00 
 4.03835224e+00  9.81180994e+00  4.03835224e+00  6.94774778e+00 
 4.08512043e+00  9.81325743e+00  4.08512043e+00  6.86894199e+00 
 4.13243025e+00  9.81467243e+00  4.13243025e+00  6.79101238e+00 
 4.18028796e+00  9.81605566e+00  4.18028796e+00  6.71394977e+00 
 4.22869991e+00  9.81740783e+00  4.22869991e+00  6.63774507e+00 
 4.27767252e+00  9.81872962e+00  4.27767252e+00  6.56238925e+00 
 4.32721228e+00  9.82002171e+00  4.32721228e+00  6.48787336e+00 
 4.37732577e+00  9.82128476e+00  4.37732577e+00  6.41418852e+00 
 4.42801962e+00  9.82251940e+00  4.42801962e+00  6.34132594e+00 
 4.47930055e+00  9.82372628e+00  4.47930055e+00  6.26927691e+00 
 4.53117537e+00  9.82490601e+00  4.53117537e+00  6.19803278e+00 
 4.58365095e+00  9.82605919e+00  4.58365095e+00  6.12758499e+00 
 4.63673425e+00  9.82718641e+00  4.63673425e+00  6.05792505e+00 
 4.69043232e+00  9.82828826e+00  4.69043232e+00  5.98904454e+00 
 4.74475225e+00  9.82936529e+00  4.74475225e+00  5.92093513e+00 
 4.79970127e+00  9.83041806e+00  4.79970127e+00  5.85358856e+00 
 4.85528665e+00  9.83144711e+00  4.85528665e+00  5.78699664e+00 
 4.91151577e+00  9.83245296e+00  4.91151577e+00  5.72115126e+00 
 4.96839608e+00  9.83343615e+00  4.96839608e+00  5.65604439e+00 
 5.02593512e+00  9.83439717e+00  5.02593512e+00  5.59166807e+00 
 5.08414052e+00  9.83533651e+00  5.08414052e+00  5.52801442e+00 
 5.14302000e+00  9.83625467e+00  5.14302000e+00  5.46507561e+00 
 5.20258136e+00  9.83715211e+00  5.20258136e+00  5.40284392e+00 
 5.26283250e+00  9.83802930e+00  5.26283250e+00  5.34131168e+00 
 5.32378141e+00  9.83888669e+00  5.32378141e+00  5.28047129e+00 
 5.38543617e+00  9.83972473e+00  5.38543617e+00  5.22031525e+00 
 5.44780495e+00  9.84054384e+00  5.44780495e+00  5.16083610e+00 
 5.51089603e+00  9.84134446e+00  5.51089603e+00  5.10202647e+00 
 5.57471776e+00  9.84212699e+00  5.57471776e+00  5.04387906e+00 
 5.63927862e+00  9.84289185e+00  5.63927862e+00  4.98638664e+00 
 5.70458716e+00  9.84363942e+00  5.70458716e+00  4.92954205e+00 
 5.77065203e+00  9.84437010e+00  5.77065203e+00  4.87333819e+00 
 5.83748200e+00  9.84508426e+00  5.83748200e+00  4.81776806e+00 
 5.90508593e+00  9.84578228e+00  5.90508593e+00  4.76282469e+00 
 5.97347279e+00  9.84646452e+00  5.97347279e+00  4.70850121e+00 
 6.04265163e+00  9.84713132e+00  6.04265163e+00  4.65479081e+00 
 6.11263163e+00  9.84778305e+00  6.11263163e+00  4.60168674e+00 
 6.18342207e+00  9.84842004e+00  6.18342207e+00  4.54918232e+00 
 6.25503234e+00  9.84904261e+00  6.25503234e+00  4.49727096e+00 
 6.32747192e+00  9.84965110e+00  6.32747192e+00  4.44594609e+00 
 6.40075043e+00  9.85024582e+00  6.40075043e+00  4.39520126e+00 
 6.47487758e+00  9.85082708e+00  6.47487758e+00  4.34503004e+00 
 6.54986319e+00  9.85139518e+00  6.54986319e+00  4.29542610e+00 
 6.62571722e+00  9.85195042e+00  6.62571722e+00  4.24638316e+00 
 6.70244971e+00  9.85249309e+00  6.70244971e+00  4.19789499e+00 
 6.78007084e+00  9.85302347e+00  6.78007084e+00  4.14995545e+00 
 6.85859090e+00  9.85354184e+00  6.85859090e+00  4.10255845e+00 
 6.93802030e+00  9.85404847e+00  6.93802030e+00  4.05569797e+00 
 7.01836957e+00  9.85454363e+00  7.01836957e+00  4.00936803e+00 
 7.09964937e+00  9.85502756e+00  7.09964937e+00  3.96356275e+00 
 7.18187048e+00  9.85550053e+00  7.18187048e+00  3.91827628e+00 
 7.26504378e+00  9.85596279e+00  7.26504378e+00  3.87350285e+00 
 7.34918032e+00  9.85641457e+00  7.34918032e+00  3.82923673e+00 
 7.43429124e+00  9.85685611e+00  7.43429124e+00  3.78547227e+00 
 7.52038784e+00  9.85728764e+00  7.52038784e+00  3.74220387e+00 
 7.60748151e+00  9.85770939e+00  7.60748151e+00  3.69942599e+00 
 7.69558382e+00  9.85812158e+00  7.69558382e+00  3.65713315e+00 
 7.78470645e+00  9.85852442e+00  7.78470645e+00  3.61531992e+00 
 7.87486120e+00  9.85891813e+00  7.87486120e+00  3.57398095e+00 
 7.96606004e+00  9.85930291e+00  7.96606004e+00  3.53311091e+00 
 8.05831505e+00  9.85967897e+00  8.05831505e+00  3.49270456e+00 
 8.15163847e+00  9.86004649e+00  8.15163847e+00  3.45275670e+00 
 8.24604267e+00  9.86040568e+00  8.24604267e+00  3.41326219e+00 
 8.34154016e+00  9.86075672e+00  8.34154016e+00  3.37421594e+00 
 8.43814361e+00  9.86109980e+00  8.43814361e+00  3.33561292e+00 
 8.53586583e+00  9.86143510e+00  8.53586583e+00  3.29744815e+00 
 8.63471977e+00  9.86176279e+00  8.63471977e+00  3.25971671e+00 
 8.73471853e+00  9.86208304e+00  8.73471853e+00  3.22241373e+00 
 8.83587539e+00  9.86239603e+00  8.83587539e+00  3.18553438e+00 
 8.93820374e+00  9.86270191e+00  8.93820374e+00  3.14907390e+00 
 9.04171716e+00  9.86300085e+00  9.04171716e+00  3.11302757e+00 
 9.14642936e+00  9.86329301e+00  9.14642936e+00  3.07739072e+00 
 9.25235424e+00  9.86357853e+00  9.25235424e+00  3.04215874e+00 
 9.35950584e+00  9.86385758e+00  9.35950584e+00  3.00732708e+00 
 9.46789836e+00  9.86413028e+00  9.46789836e+00  2.97289120e+00 
 9.57754617e+00  9.86439680e+00  9.57754617e+00  2.93884664e+00 
 9.68846382e+00  9.86465727e+00  9.68846382e+00  2.90518899e+00 
 9.80066601e+00  9.86491183e+00  9.80066601e+00  2.87191388e+00 
 9.91416761e+00  9.86516060e+00  9.91416761e+00  2.83901698e+00 
 1.00289837e+01  9.86540373e+00  1.00289837e+01  2.80649401e+00 
 1.01451294e+01  9.86564133e+00  1.01451294e+01  2.77434076e+00 
 1.02626203e+01  9.86587354e+00  1.02626203e+01  2.74255304e+00 
 1.03814717e+01  9.86610048e+00  1.03814717e+01  2.71112670e+00 
 1.05016997e+01  9.86632226e+00  1.05016997e+01  2.68005767e+00 
 1.06233199e+01  9.86653900e+00  1.06233199e+01  2.64934189e+00 
 1.07463487e+01  9.86675083e+00  1.07463487e+01  2.61897536e+00 
 1.08708023e+01  9.86695784e+00  1.08708023e+01  2.58895412e+00 
 1.09966971e+01  9.86716015e+00  1.09966971e+01  2.55927426e+00 
 1.11240500e+01  9.86735786e+00  1.11240500e+01  2.52993190e+00 
 1.12528777e+01  9.86755108e+00  1.12528777e+01  2.50092323e+00 
 1.13831974e+01  9.86773992e+00  1.13831974e+01  2.47224444e+00 
 1.15150263e+01  9.86792446e+00  1.15150263e+01  2.44389180e+00 
 1.16483819e+01  9.86810481e+00  1.16483819e+01  2.41586160e+00 
 1.17832819e+01  9.86828107e+00  1.17832819e+01  2.38815017e+00 
 1.19197442e+01  9.86845332e+00  1.19197442e+01  2.36075391e+00 
 1.20577869e+01  9.86862165e+00  1.20577869e+01  2.33366921e+00 
 1.21974282e+01  9.86878616e+00  1.21974282e+01  2.30689255e+00 
 1.23386867e+01  9.86894694e+00  1.23386867e+01  2.28042041e+00 
 1.24815812e+01  9.86910406e+00  1.24815812e+01  2.25424933e+00 
 1.26261305e+01  9.86925761e+00  1.26261305e+01  2.22837589e+00 
 1.27723538e+01  9.86940767e+00  1.27723538e+01  2.20279669e+00 
 1.29202705e+01  9.86955432e+00  1.29202705e+01  2.17750839e+00 
 1.30699003e+01  9.86969764e+00  1.30699003e+01  2.15250767e+00 
 1.32212629e+01  9.86983770e+00  1.32212629e+01  2.12779126e+00 
 1.33743785e+01  9.86997458e+00  1.33743785e+01  2.10335591e+00 
 1.35292673e+01  9.87010835e+00  1.35292673e+01  2.07919842e+00 
 1.36859499e+01  9.87023907e+00  1.36859499e+01  2.05531562e+00 
 1.38444470e+01  9.87036683e+00  1.38444470e+01  2.03170438e+00 
 1.40047796e+01  9.87049169e+00  1.40047796e+01  2.00836160e+00 
 1.41669691e+01  9.87061370e+00  1.41669691e+01  1.98528421e+00 
 1.43310369e+01  9.87073295e+00  1.43310369e+01  1.96246919e+00 
 1.44970048e+01  9.87084948e+00  1.44970048e+01  1.93991353e+00 
 1.46648947e+01  9.87096337e+00  1.46648947e+01  1.91761428e+00 
 1.48347290e+01  9.87107466e+00  1.48347290e+01  1.89556851e+00 
 1.50065301e+01  9.87118343e+00  1.50065301e+01  1.87377331e+00 
 1.51803209e+01  9.87128973e+00  1.51803209e+01  1.85222583e+00 
 1.53561243e+01  9.87139361e+00  1.53561243e+01  1.83092322e+00 
 1.55339637e+01  9.87149512e+00  1.55339637e+01  1.80986270e+00 
 1.57138627e+01  9.87159434e+00  1.57138627e+01  1.78904149e+00 
 1.58958451e+01  9.87169129e+00  1.58958451e+01  1.76845685e+00 
 1.60799350e+01  9.87178604e+00  1.60799350e+01  1.74810607e+00 
 1.62661569e+01  9.87187864e+00  1.62661569e+01  1.72798647e+00 
 1.64545354e+01  9.87196914e+00  1.64545354e+01  1.70809542e+00 
 1.66450955e+01  9.87205758e+00  1.66450955e+01  1.68843028e+00 
 1.68378625e+01  9.87214400e+00  1.68378625e+01  1.66898847e+00 
 1.70328619e+01  9.87222847e+00  1.70328619e+01  1.64976743e+00 
 1.72301197e+01  9.87231101e+00  1.72301197e+01  1.63076463e+00 
 1.74296618e+01  9.87239168e+00  1.74296618e+01  1.61197756e+00 
 1.76315149e+01  9.87247051e+00  1.76315149e+01  1.59340375e+00 
 1.78357056e+01  9.87254756e+00  1.78357056e+01  1.57504076e+00 
 1.80422611e+01  9.87262285e+00  1.80422611e+01  1.55688616e+00 
 1.82512087e+01  9.87269643e+00  1.82512087e+01  1.53893756e+00 
 1.84625761e+01  9.87276834e+00  1.84625761e+01  1.52119259e+00 
 1.86763914e+01  9.87283861e+00  1.86763914e+01  1.50364892e+00 
 1.88926828e+01  9.87290729e+00  1.88926828e+01  1.48630424e+00 
 1.91114791e+01  9.87297440e+00  1.91114791e+01  1.46915624e+00 
 1.93328093e+01  9.87304000e+00  1.93328093e+01  1.45220268e+00 
 1.95567028e+01  9.87310410e+00  1.95567028e+01  1.43544132e+00 
 1.97831891e+01  9.87316674e+00  1.97831891e+01  1.41886994e+00 
 2.00122984e+01  9.87322796e+00  2.00122984e+01  1.40248637e+00 
 2.02440610e+01  9.87328779e+00  2.02440610e+01  1.38628843e+00 
 2.04785077e+01  9.87334626e+00  2.04785077e+01  1.37027399e+00 
 2.07156695e+01  9.87340340e+00  2.07156695e+01  1.35444094e+00 
 2.09555778e+01  9.87345924e+00  2.09555778e+01  1.33878719e+00 
 2.11982645e+01  9.87351381e+00  2.11982645e+01  1.32331067e+00 
 2.14437618e+01  9.87356714e+00  2.14437618e+01  1.30800934e+00 
 2.16921022e+01  9.87361926e+00  2.16921022e+01  1.29288117e+00 
 2.19433187e+01  9.87367020e+00  2.19433187e+01  1.27792418e+00 
 2.21974444e+01  9.87371998e+00  2.21974444e+01  1.26313638e+00 
 2.24545132e+01  9.87376862e+00  2.24545132e+01  1.24851582e+00 
 2.27145591e+01  9.87381617e+00  2.27145591e+01  1.23406058e+00 
 2.29776167e+01  9.87386263e+00  2.29776167e+01  1.21976873e+00 
 2.32437206e+01  9.87390803e+00  2.32437206e+01  1.20563840e+00 
 2.35129064e+01  9.87395241e+00  2.35129064e+01  1.19166772e+00 
 2.37852095e+01  9.87399577e+00  2.37852095e+01  1.17785484e+00 
 2.40606663e+01  9.87403816e+00  2.40606663e+01  1.16419794e+00 
 2.43393131e+01  9.87407957e+00  2.43393131e+01  1.15069521e+00 
 2.46211869e+01  9.87412005e+00  2.46211869e+01  1.13734486e+00 
 2.49063250e+01  9.87415961e+00  2.49063250e+01  1.12414514e+00 
 2.51947654e+01  9.87419826e+00  2.51947654e+01  1.11109430e+00 
 2.54865462e+01  9.87423604e+00  2.54865462e+01  1.09819061e+00 
 2.57817061e+01  9.87427297e+00  2.57817061e+01  1.08543237e+00 
 2.60802843e+01  9.87430905e+00  2.60802843e+01  1.07281788e+00 
 2.63823203e+01  9.87434431e+00  2.63823203e+01  1.06034550e+00 
 2.66878542e+01  9.87437877e+00  2.66878542e+01  1.04801355e+00 
 2.69969265e+01  9.87441245e+00  2.69969265e+01  1.03582042e+00 
 2.73095781e+01  9.87444536e+00  2.73095781e+01  1.02376449e+00 
 2.76258506e+01  9.87447753e+00  2.76258506e+01  1.01184417e+00 
 2.79457858e+01  9.87450896e+00  2.79457858e+01  1.00005788e+00 
 2.82694262e+01  9.87453969e+00  2.82694262e+01  9.88404064e-01 
 2.85968147e+01  9.87456971e+00  2.85968147e+01  9.76881176e-01 
 2.89279946e+01  9.87459905e+00  2.89279946e+01  9.65487694e-01 
 2.92630100e+01  9.87462772e+00  2.92630100e+01  9.54222112e-01 
 2.96019052e+01  9.87465575e+00  2.96019052e+01  9.43082939e-01 
 2.99447251e+01  9.87468313e+00  2.99447251e+01  9.32068702e-01 
 3.02915152e+01  9.87470990e+00  3.02915152e+01  9.21177943e-01 
 3.06423215e+01  9.87473605e+00  3.06423215e+01  9.10409221e-01 
 3.09971905e+01  9.87476161e+00  3.09971905e+01  8.99761113e-01 
 3.13561693e+01  9.87478659e+00  3.13561693e+01  8.89232208e-01 
 3.17193054e+01  9.87481101e+00  3.17193054e+01  8.78821114e-01 
 3.20866469e+01  9.87483487e+00  3.20866469e+01  8.68526454e-01 
 3.24582427e+01  9.87485818e+00  3.24582427e+01  8.58346864e-01 
 3.28341419e+01  9.87488097e+00  3.28341419e+01  8.48280998e-01 
 3.32143943e+01  9.87490324e+00  3.32143943e+01  8.38327523e-01 
 3.35990505e+01  9.87492500e+00  3.35990505e+01  8.28485123e-01 
 3.39881614e+01  9.87494627e+00  3.39881614e+01  8.18752495e-01 
 3.43817786e+01  9.87496706e+00  3.43817786e+01  8.09128350e-01 
 3.47799543e+01  9.87498737e+00  3.47799543e+01  7.99611415e-01 
 3.51827413e+01  9.87500722e+00  3.51827413e+01  7.90200429e-01 
 3.55901929e+01  9.87502662e+00  3.55901929e+01  7.80894148e-01 
 3.60023633e+01  9.87504558e+00  3.60023633e+01  7.71691340e-01 
 3.64193070e+01  9.87506411e+00  3.64193070e+01  7.62590785e-01 
 3.68410793e+01  9.87508222e+00  3.68410793e+01  7.53591280e-01 
 3.72677361e+01  9.87509992e+00  3.72677361e+01  7.44691632e-01 
 3.76993341e+01  9.87511721e+00  3.76993341e+01  7.35890664e-01 
 3.81359304e+01  9.87513411e+00  3.81359304e+01  7.27187211e-01 
 3.85775830e+01  9.87515063e+00  3.85775830e+01  7.18580120e-01 
 3.90243503e+01  9.87516677e+00  3.90243503e+01  7.10068251e-01 
 3.94762917e+01  9.87518255e+00  3.94762917e+01  7.01650478e-01 
 3.99334670e+01  9.87519796e+00  3.99334670e+01  6.93325686e-01 
 4.03959368e+01  9.87521303e+00  4.03959368e+01  6.85092773e-01 
 4.08637625e+01  9.87522775e+00  4.08637625e+01  6.76950648e-01 
 4.13370061e+01  9.87524214e+00  4.13370061e+01  6.68898233e-01 
 4.18157303e+01  9.87525620e+00  4.18157303e+01  6.60934462e-01 
 4.22999987e+01  9.87526995e+00  4.22999987e+01  6.53058281e-01 
 4.27898753e+01  9.87528338e+00  4.27898753e+01  6.45268646e-01 
 4.32854253e+01  9.87529650e+00  4.32854253e+01  6.37564526e-01 
 4.37867142e+01  9.87530933e+00  4.37867142e+01  6.29944900e-01 
 4.42938085e+01  9.87532186e+00  4.42938085e+01  6.22408759e-01 
 4.48067755e+01  9.87533411e+00  4.48067755e+01  6.14955106e-01 
 4.53256831e+01  9.87534608e+00  4.53256831e+01  6.07582953e-01 
 4.58506003e+01  9.87535778e+00  4.58506003e+01  6.00291323e-01 
 4.63815965e+01  9.87536921e+00  4.63815965e+01  5.93079251e-01 
 4.69187422e+01  9.87538039e+00  4.69187422e+01  5.85945782e-01 
 4.74621085e+01  9.87539130e+00  4.74621085e+01  5.78889970e-01 
 4.80117676e+01  9.87540197e+00  4.80117676e+01  5.71910882e-01 
 4.85677923e+01  9.87541240e+00  4.85677923e+01  5.65007592e-01 
 4.91302564e+01  9.87542259e+00  4.91302564e+01  5.58179187e-01 
 4.96992343e+01  9.87543255e+00  4.96992343e+01  5.51424761e-01 
 5.02748016e+01  9.87544228e+00  5.02748016e+01  5.44743421e-01 
 5.08570345e+01  9.87545179e+00  5.08570345e+01  5.38134280e-01 
 5.14460103e+01  9.87546109e+00  5.14460103e+01  5.31596464e-01 
 5.20418070e+01  9.87547017e+00  5.20418070e+01  5.25129106e-01 
 5.26445036e+01  9.87547905e+00  5.26445036e+01  5.18731350e-01 
 5.32541801e+01  9.87548772e+00  5.32541801e+01  5.12402348e-01 
 5.38709172e+01  9.87549619e+00  5.38709172e+01  5.06141261e-01 
 5.44947968e+01  9.87550448e+00  5.44947968e+01  4.99947260e-01 
 5.51259015e+01  9.87551257e+00  5.51259015e+01  4.93819525e-01 
 5.57643151e+01  9.87552048e+00  5.57643151e+01  4.87757244e-01 
 5.64101221e+01  9.87552821e+00  5.64101221e+01  4.81759613e-01 
 5.70634082e+01  9.87553577e+00  5.70634082e+01  4.75825838e-01 
 5.77242601e+01  9.87554315e+00  5.77242601e+01  4.69955132e-01 
 5.83927652e+01  9.87555036e+00  5.83927652e+01  4.64146718e-01 
 5.90690124e+01  9.87555741e+00  5.90690124e+01  4.58399827e-01 
 5.97530911e+01  9.87556430e+00  5.97530911e+01  4.52713697e-01 
 6.04450922e+01  9.87557103e+00  6.04450922e+01  4.47087573e-01 
 6.11451073e+01  9.87557761e+00  6.11451073e+01  4.41520712e-01 
 6.18532294e+01  9.87558404e+00  6.18532294e+01  4.36012375e-01 
 6.25695522e+01  9.87559032e+00  6.25695522e+01  4.30561833e-01 
 6.32941707e+01  9.87559645e+00  6.32941707e+01  4.25168363e-01 
 6.40271811e+01  9.87560245e+00  6.40271811e+01  4.19831250e-01 
 6.47686804e+01  9.87560831e+00  6.47686804e+01  4.14549788e-01 
 6.55187671e+01  9.87561404e+00  6.55187671e+01  4.09323277e-01 
 6.62775405e+01  9.87561964e+00  6.62775405e+01  4.04151023e-01 
 6.70451013e+01  9.87562510e+00  6.70451013e+01  3.99032342e-01 
 6.78215512e+01  9.87563045e+00  6.78215512e+01  3.93966555e-01 
 6.86069932e+01  9.87563567e+00  6.86069932e+01  3.88952991e-01 
 6.94015314e+01  9.87564077e+00  6.94015314e+01  3.83990986e-01 
 7.02052711e+01  9.87564576e+00  7.02052711e+01  3.79079881e-01 
 7.10183190e+01  9.87565063e+00  7.10183190e+01  3.74219027e-01 
 7.18407828e+01  9.87565539e+00  7.18407828e+01  3.69407779e-01 
 7.26727715e+01  9.87566004e+00  7.26727715e+01  3.64645500e-01 
 7.35143955e+01  9.87566458e+00  7.35143955e+01  3.59931558e-01 
 7.43657664e+01  9.87566902e+00  7.43657664e+01  3.55265328e-01 
 7.52269970e+01  9.87567336e+00  7.52269970e+01  3.50646193e-01 
 7.60982015e+01  9.87567760e+00  7.60982015e+01  3.46073540e-01 
 7.69794955e+01  9.87568174e+00  7.69794955e+01  3.41546763e-01 
 7.78709957e+01  9.87568579e+00  7.78709957e+01  3.37065262e-01 
 7.87728204e+01  9.87568974e+00  7.87728204e+01  3.32628443e-01 
 7.96850891e+01  9.87569360e+00  7.96850891e+01  3.28235718e-01 
 8.06079229e+01  9.87569738e+00  8.06079229e+01  3.23886506e-01 
 8.15414439e+01  9.87570107e+00  8.15414439e+01  3.19580229e-01 
 8.24857761e+01  9.87570467e+00  8.24857761e+01  3.15316317e-01 
 8.34410446e+01  9.87570819e+00  8.34410446e+01  3.11094204e-01 
 8.44073761e+01  9.87571163e+00  8.44073761e+01  3.06913332e-01 
 8.53848987e+01  9.87571499e+00  8.53848987e+01  3.02773146e-01 
 8.63737419e+01  9.87571827e+00  8.63737419e+01  2.98673097e-01 
 8.73740370e+01  9.87572147e+00  8.73740370e+01  2.94612642e-01 
 8.83859165e+01  9.87572461e+00  8.83859165e+01  2.90591242e-01 
 8.94095146e+01  9.87572767e+00  8.94095146e+01  2.86608366e-01 
 9.04449670e+01  9.87573065e+00  9.04449670e+01  2.82663484e-01 
 9.14924110e+01  9.87573357e+00  9.14924110e+01  2.78756074e-01 
 9.25519854e+01  9.87573643e+00  9.25519854e+01  2.74885618e-01 
 9.36238307e+01  9.87573921e+00  9.36238307e+01  2.71051603e-01 
 9.47080892e+01  9.87574193e+00  9.47080892e+01  2.67253521e-01 
 9.58049044e+01  9.87574459e+00  9.58049044e+01  2.63490868e-01 
 9.69144218e+01  9.87574719e+00  9.69144218e+01  2.59763146e-01 
 9.80367886e+01  9.87574972e+00  9.80367886e+01  2.56069861e-01 
 9.91721535e+01  9.87575220e+00  9.91721535e+01  2.52410522e-01 
 1.00320667e+02  9.87575462e+00  1.00320667e+02  2.48784646e-01 
 1.01482482e+02  9.87575698e+00  1.01482482e+02  2.45191751e-01 
 1.02657751e+02  9.87575929e+00  1.02657751e+02  2.41631361e-01 
 1.03846632e+02  9.87576154e+00  1.03846632e+02  2.38103004e-01 
 1.05049280e+02  9.87576374e+00  1.05049280e+02  2.34606212e-01 
 1.06265857e+02  9.87576589e+00  1.06265857e+02  2.31140523e-01 
 1.07496523e+02  9.87576799e+00  1.07496523e+02  2.27705476e-01 
 1.08741441e+02  9.87577004e+00  1.08741441e+02  2.24300616e-01 
 1.10000777e+02  9.87577204e+00  1.10000777e+02  2.20925493e-01 
 1.11274697e+02  9.87577399e+00  1.11274697e+02  2.17579658e-01 
 1.12563370e+02  9.87577590e+00  1.12563370e+02  2.14262667e-01 
 1.13866967e+02  9.87577776e+00  1.13866967e+02  2.10974082e-01 
 1.15185661e+02  9.87577958e+00  1.15185661e+02  2.07713467e-01 
 1.16519628e+02  9.87578135e+00  1.16519628e+02  2.04480388e-01 
 1.17869043e+02  9.87578309e+00  1.17869043e+02  2.01274419e-01 
 1.19234085e+02  9.87578478e+00  1.19234085e+02  1.98095132e-01 
 1.20614936e+02  9.87578643e+00  1.20614936e+02  1.94942108e-01 
 1.22011779e+02  9.87578804e+00  1.22011779e+02  1.91814928e-01 
 1.23424798e+02  9.87578961e+00  1.23424798e+02  1.88713178e-01 
 1.24854182e+02  9.87579114e+00  1.24854182e+02  1.85636446e-01 
 1.26300119e+02  9.87579264e+00  1.26300119e+02  1.82584325e-01 
 1.27762802e+02  9.87579410e+00  1.27762802e+02  1.79556409e-01 
 1.29242424e+02  9.87579552e+00  1.29242424e+02  1.76552298e-01 
 1.30739182e+02  9.87579691e+00  1.30739182e+02  1.73571594e-01 
 1.32253273e+02  9.87579827e+00  1.32253273e+02  1.70613901e-01 
 1.33784900e+02  9.87579959e+00  1.33784900e+02  1.67678827e-01 
 1.35334264e+02  9.87580088e+00  1.35334264e+02  1.64765982e-01 
 1.36901571e+02  9.87580213e+00  1.36901571e+02  1.61874982e-01 
 1.38487029e+02  9.87580336e+00  1.38487029e+02  1.59005443e-01 
 1.40090849e+02  9.87580455e+00  1.40090849e+02  1.56156983e-01 
 1.41713242e+02  9.87580572e+00  1.41713242e+02  1.53329227e-01 
 1.43354425e+02  9.87580685e+00  1.43354425e+02  1.50521798e-01 
 1.45014614e+02  9.87580796e+00  1.45014614e+02  1.47734324e-01 
 1.46694029e+02  9.87580904e+00  1.46694029e+02  1.44966437e-01 
 1.48392894e+02  9.87581009e+00  1.48392894e+02  1.42217769e-01 
 1.50111433e+02  9.87581111e+00  1.50111433e+02  1.39487955e-01 
 1.51849875e+02  9.87581211e+00  1.51849875e+02  1.36776634e-01 
 1.53608450e+02  9.87581308e+00  1.53608450e+02  1.34083447e-01 
 1.55387391e+02  9.87581403e+00  1.55387391e+02  1.31408036e-01 
 1.57186933e+02  9.87581495e+00  1.57186933e+02  1.28750046e-01 
 1.59007317e+02  9.87581584e+00  1.59007317e+02  1.26109126e-01 
 1.60848782e+02  9.87581671e+00  1.60848782e+02  1.23484925e-01 
 1.62711573e+02  9.87581756e+00  1.62711573e+02  1.20877095e-01 
 1.64595937e+02  9.87581839e+00  1.64595937e+02  1.18285291e-01 
 1.66502124e+02  9.87581919e+00  1.66502124e+02  1.15709169e-01 
 1.68430387e+02  9.87581997e+00  1.68430387e+02  1.13148387e-01 
 1.70380981e+02  9.87582073e+00  1.70380981e+02  1.10602606e-01 
 1.72354164e+02  9.87582146e+00  1.72354164e+02  1.08071489e-01 
 1.74350199e+02  9.87582218e+00  1.74350199e+02  1.05554699e-01 
 1.76369351e+02  9.87582287e+00  1.76369351e+02  1.03051904e-01 
 1.78411886e+02  9.87582355e+00  1.78411886e+02  1.00562771e-01 
 1.80478075e+02  9.87582420e+00  1.80478075e+02  9.80869702e-02 
 1.82568193e+02  9.87582483e+00  1.82568193e+02  9.56241737e-02 
 1.84682517e+02  9.87582545e+00  1.84682517e+02  9.31740549e-02 
 1.86821327e+02  9.87582604e+00  1.86821327e+02  9.07362890e-02 
 1.88984907e+02  9.87582662e+00  1.88984907e+02  8.83105526e-02 
 1.91173543e+02  9.87582718e+00  1.91173543e+02  8.58965244e-02 
 1.93387525e+02  9.87582772e+00  1.93387525e+02  8.34938841e-02 
 1.95627148e+02  9.87582824e+00  1.95627148e+02  8.11023134e-02 
 1.97892707e+02  9.87582875e+00  1.97892707e+02  7.87214950e-02 
 2.00184505e+02  9.87582924e+00  2.00184505e+02  7.63511134e-02 
 2.02502843e+02  9.87582971e+00  2.02502843e+02  7.39908544e-02 
 2.04848030e+02  9.87583016e+00  2.04848030e+02  7.16404049e-02 
 2.07220377e+02  9.87583060e+00  2.07220377e+02  6.92994534e-02 
 2.09620198e+02  9.87583102e+00  2.09620198e+02  6.69676895e-02 
 2.12047812e+02  9.87583143e+00  2.12047812e+02  6.46448042e-02 
 2.14503539e+02  9.87583182e+00  2.14503539e+02  6.23304893e-02 
 2.16987707e+02  9.87583219e+00  2.16987707e+02  6.00244381e-02 
 2.19500643e+02  9.87583255e+00  2.19500643e+02  5.77263449e-02 
 2.22042682e+02  9.87583290e+00  2.22042682e+02  5.54359050e-02 
 2.24614160e+02  9.87583322e+00  2.24614160e+02  5.31528147e-02 
 2.27215419e+02  9.87583354e+00  2.27215419e+02  5.08767713e-02 
 2.29846803e+02  9.87583384e+00  2.29846803e+02  4.86074731e-02 
 2.32508661e+02  9.87583412e+00  2.32508661e+02  4.63446193e-02 
 2.35201345e+02  9.87583439e+00  2.35201345e+02  4.40879097e-02 
 2.37925214e+02  9.87583465e+00  2.37925214e+02  4.18370453e-02 
 2.40680628e+02  9.87583489e+00  2.40680628e+02  3.95917275e-02 
 2.43467953e+02  9.87583511e+00  2.43467953e+02  3.73516588e-02 
 2.46287557e+02  9.87583533e+00  2.46287557e+02  3.51165421e-02 
 2.49139816e+02  9.87583553e+00  2.49139816e+02  3.28860811e-02 
 2.52025106e+02  9.87583571e+00  2.52025106e+02  3.06599801e-02 
 2.54943811e+02  9.87583589e+00  2.54943811e+02  2.84379440e-02 
 2.57896318e+02  9.87583605e+00  2.57896318e+02  2.62196781e-02 
 2.60883017e+02  9.87583619e+00  2.60883017e+02  2.40048884e-02 
 2.63904306e+02  9.87583632e+00  2.63904306e+02  2.17932812e-02 
 2.66960584e+02  9.87583644e+00  2.66960584e+02  1.95845633e-02 
 2.70052257e+02  9.87583655e+00  2.70052257e+02  1.73784419e-02 
 2.73179734e+02  9.87583664e+00  2.73179734e+02  1.51746244e-02 
 2.76343431e+02  9.87583672e+00  2.76343431e+02  1.29728188e-02 
 2.79543767e+02  9.87583679e+00  2.79543767e+02  1.07727331e-02 
 2.82781166e+02  9.87583684e+00  2.82781166e+02  8.57407552e-03 
 2.86056057e+02  9.87583688e+00  2.86056057e+02  6.37655469e-03 
 2.89368875e+02  9.87583691e+00  2.89368875e+02  4.17987922e-03 
 2.92720058e+02  9.87583693e+00  2.92720058e+02  1.98375786e-03 
 2.96110052e+02  9.87583693e+00  2.96110052e+02 -2.12100532e-04 
 2.99539305e+02  9.87583692e+00  2.99539305e+02 -2.40798710e-03 
 3.03008272e+02  9.87583689e+00  3.03008272e+02 -4.60419297e-03 
 3.06517414e+02  9.87583686e+00  3.06517414e+02 -6.80100931e-03 
 3.10067195e+02  9.87583681e+00  3.10067195e+02 -8.99872739e-03 
 3.13658086e+02  9.87583674e+00  3.13658086e+02 -1.11976386e-02 
 3.17290563e+02  9.87583667e+00  3.17290563e+02 -1.33980344e-02 
 3.20965108e+02  9.87583658e+00  3.20965108e+02 -1.56002066e-02 
 3.24682207e+02  9.87583648e+00  3.24682207e+02 -1.78044471e-02 
 3.28442355e+02  9.87583636e+00  3.28442355e+02 -2.00110482e-02 
 3.32246049e+02  9.87583623e+00  3.32246049e+02 -2.22203024e-02 
 3.36093793e+02  9.87583609e+00  3.36093793e+02 -2.44325026e-02 
 3.39986099e+02  9.87583594e+00  3.39986099e+02 -2.66479422e-02 
 3.43923481e+02  9.87583577e+00  3.43923481e+02 -2.88669148e-02 
 3.47906461e+02  9.87583558e+00  3.47906461e+02 -3.10897147e-02 
 3.51935569e+02  9.87583539e+00  3.51935569e+02 -3.33166364e-02 
 3.56011338e+02  9.87583518e+00  3.56011338e+02 -3.55479754e-02 
 3.60134309e+02  9.87583496e+00  3.60134309e+02 -3.77840274e-02 
 3.64305027e+02  9.87583472e+00  3.64305027e+02 -4.00250889e-02 
 3.68524047e+02  9.87583447e+00  3.68524047e+02 -4.22714569e-02 
 3.72791927e+02  9.87583420e+00  3.72791927e+02 -4.45234294e-02 
 3.77109234e+02  9.87583392e+00  3.77109234e+02 -4.67813048e-02 
 3.81476539e+02  9.87583363e+00  3.81476539e+02 -4.90453826e-02 
 3.85894423e+02  9.87583332e+00  3.85894423e+02 -5.13159629e-02 
 3.90363469e+02  9.87583299e+00  3.90363469e+02 -5.35933467e-02 
 3.94884272e+02  9.87583266e+00  3.94884272e+02 -5.58778360e-02 
 3.99457430e+02  9.87583230e+00  3.99457430e+02 -5.81697337e-02 
 4.04083550e+02  9.87583193e+00  4.04083550e+02 -6.04693436e-02 
 4.08763246e+02  9.87583155e+00  4.08763246e+02 -6.27769705e-02 
 4.13497136e+02  9.87583115e+00  4.13497136e+02 -6.50929205e-02 
 4.18285850e+02  9.87583073e+00  4.18285850e+02 -6.74175006e-02 
 4.23130023e+02  9.87583030e+00  4.23130023e+02 -6.97510189e-02 
 4.28030295e+02  9.87582985e+00  4.28030295e+02 -7.20937849e-02 
 4.32987318e+02  9.87582938e+00  4.32987318e+02 -7.44461091e-02 
 4.38001748e+02  9.87582890e+00  4.38001748e+02 -7.68083035e-02 
 4.43074250e+02  9.87582840e+00  4.43074250e+02 -7.91806812e-02 
 4.48205497e+02  9.87582788e+00  4.48205497e+02 -8.15635566e-02 
 4.53396168e+02  9.87582734e+00  4.53396168e+02 -8.39572459e-02 
 4.58646954e+02  9.87582679e+00  4.58646954e+02 -8.63620662e-02 
 4.63958548e+02  9.87582622e+00  4.63958548e+02 -8.87783365e-02 
 4.69331656e+02  9.87582563e+00  4.69331656e+02 -9.12063770e-02 
 4.74766990e+02  9.87582502e+00  4.74766990e+02 -9.36465097e-02 
 4.80265271e+02  9.87582439e+00  4.80265271e+02 -9.60990581e-02 
 4.85827227e+02  9.87582374e+00  4.85827227e+02 -9.85643473e-02 
 4.91453597e+02  9.87582307e+00  4.91453597e+02 -1.01042704e-01 
 4.97145125e+02  9.87582238e+00  4.97145125e+02 -1.03534457e-01 
 5.02902567e+02  9.87582167e+00  5.02902567e+02 -1.06039937e-01 
 5.08726686e+02  9.87582094e+00  5.08726686e+02 -1.08559476e-01 
 5.14618255e+02  9.87582019e+00  5.14618255e+02 -1.11093407e-01 
 5.20578053e+02  9.87581942e+00  5.20578053e+02 -1.13642067e-01 
 5.26606872e+02  9.87581862e+00  5.26606872e+02 -1.16205794e-01 
 5.32705511e+02  9.87581781e+00  5.32705511e+02 -1.18784927e-01 
 5.38874778e+02  9.87581696e+00  5.38874778e+02 -1.21379809e-01 
 5.45115492e+02  9.87581610e+00  5.45115492e+02 -1.23990783e-01 
 5.51428479e+02  9.87581521e+00  5.51428479e+02 -1.26618196e-01 
 5.57814577e+02  9.87581430e+00  5.57814577e+02 -1.29262395e-01 
 5.64274633e+02  9.87581336e+00  5.64274633e+02 -1.31923733e-01 
 5.70809503e+02  9.87581240e+00  5.70809503e+02 -1.34602560e-01 
 5.77420053e+02  9.87581141e+00  5.77420053e+02 -1.37299233e-01 
 5.84107159e+02  9.87581039e+00  5.84107159e+02 -1.40014110e-01 
 5.90871709e+02  9.87580935e+00  5.90871709e+02 -1.42747549e-01 
 5.97714600e+02  9.87580828e+00  5.97714600e+02 -1.45499913e-01 
 6.04636738e+02  9.87580718e+00  6.04636738e+02 -1.48271568e-01 
 6.11639042e+02  9.87580605e+00  6.11639042e+02 -1.51062880e-01 
 6.18722439e+02  9.87580490e+00  6.18722439e+02 -1.53874220e-01 
 6.25887869e+02  9.87580371e+00  6.25887869e+02 -1.56705960e-01 
 6.33136282e+02  9.87580249e+00  6.33136282e+02 -1.59558476e-01 
 6.40468639e+02  9.87580124e+00  6.40468639e+02 -1.62432146e-01 
 6.47885912e+02  9.87579996e+00  6.47885912e+02 -1.65327351e-01 
 6.55389084e+02  9.87579865e+00  6.55389084e+02 -1.68244475e-01 
 6.62979151e+02  9.87579731e+00  6.62979151e+02 -1.71183905e-01 
 6.70657118e+02  9.87579593e+00  6.70657118e+02 -1.74146029e-01 
 6.78424004e+02  9.87579451e+00  6.78424004e+02 -1.77131242e-01 
 6.86280839e+02  9.87579306e+00  6.86280839e+02 -1.80139938e-01 
 6.94228663e+02  9.87579158e+00  6.94228663e+02 -1.83172516e-01 
 7.02268532e+02  9.87579005e+00  7.02268532e+02 -1.86229379e-01 
 7.10401510e+02  9.87578849e+00  7.10401510e+02 -1.89310932e-01 
 7.18628676e+02  9.87578689e+00  7.18628676e+02 -1.92417584e-01 
 7.26951121e+02  9.87578525e+00  7.26951121e+02 -1.95549745e-01 
 7.35369948e+02  9.87578357e+00  7.35369948e+02 -1.98707832e-01 
 7.43886274e+02  9.87578185e+00  7.43886274e+02 -2.01892262e-01 
 7.52501228e+02  9.87578009e+00  7.52501228e+02 -2.05103459e-01 
 7.61215951e+02  9.87577829e+00  7.61215951e+02 -2.08341848e-01 
 7.70031600e+02  9.87577644e+00  7.70031600e+02 -2.11607858e-01 
 7.78949343e+02  9.87577454e+00  7.78949343e+02 -2.14901922e-01 
 7.87970362e+02  9.87577260e+00  7.87970362e+02 -2.18224476e-01 
 7.97095854e+02  9.87577061e+00  7.97095854e+02 -2.21575963e-01 
 8.06327028e+02  9.87576858e+00  8.06327028e+02 -2.24956824e-01 
 8.15665108e+02  9.87576649e+00  8.15665108e+02 -2.28367510e-01 
 8.25111333e+02  9.87576436e+00  8.25111333e+02 -2.31808471e-01 
 8.34666955e+02  9.87576217e+00  8.34666955e+02 -2.35280164e-01 
 8.44333240e+02  9.87575993e+00  8.44333240e+02 -2.38783050e-01 
 8.54111471e+02  9.87575764e+00  8.54111471e+02 -2.42317592e-01 
 8.64002944e+02  9.87575529e+00  8.64002944e+02 -2.45884259e-01 
 8.74008970e+02  9.87575289e+00  8.74008970e+02 -2.49483524e-01 
 8.84130875e+02  9.87575042e+00  8.84130875e+02 -2.53115864e-01 
 8.94370003e+02  9.87574790e+00  8.94370003e+02 -2.56781761e-01 
 9.04727710e+02  9.87574532e+00  9.04727710e+02 -2.60481700e-01 
 9.15205369e+02  9.87574268e+00  9.15205369e+02 -2.64216172e-01 
 9.25804371e+02  9.87573997e+00  9.25804371e+02 -2.67985672e-01 
 9.36526119e+02  9.87573721e+00  9.36526119e+02 -2.71790700e-01 
 9.47372037e+02  9.87573437e+00  9.47372037e+02 -2.75631759e-01 
 9.58343561e+02  9.87573147e+00  9.58343561e+02 -2.79509360e-01 
 9.69442146e+02  9.87572850e+00  9.69442146e+02 -2.83424016e-01 
 9.80669264e+02  9.87572545e+00  9.80669264e+02 -2.87376246e-01 
 9.92026404e+02  9.87572234e+00  9.92026404e+02 -2.91366574e-01 
 1.00351507e+03  9.87571915e+00  1.00351507e+03 -2.95395529e-01 
 1.01513679e+03  9.87571589e+00  1.01513679e+03 -2.99463645e-01 
 1.02689310e+03  9.87571255e+00  1.02689310e+03 -3.03571461e-01 
 1.03878555e+03  9.87570913e+00  1.03878555e+03 -3.07719522e-01 
 1.05081574e+03  9.87570563e+00  1.05081574e+03 -3.11908377e-01 
 1.06298524e+03  9.87570205e+00  1.06298524e+03 -3.16138582e-01 
 1.07529569e+03  9.87569838e+00  1.07529569e+03 -3.20410697e-01 
 1.08774869e+03  9.87569463e+00  1.08774869e+03 -3.24725289e-01 
 1.10034592e+03  9.87569079e+00  1.10034592e+03 -3.29082930e-01 
 1.11308904e+03  9.87568686e+00  1.11308904e+03 -3.33484196e-01 
 1.12597973e+03  9.87568283e+00  1.12597973e+03 -3.37929672e-01 
 1.13901971e+03  9.87567871e+00  1.13901971e+03 -3.42419947e-01 
 1.15221071e+03  9.87567450e+00  1.15221071e+03 -3.46955615e-01 
 1.16555447e+03  9.87567018e+00  1.16555447e+03 -3.51537279e-01 
 1.17905277e+03  9.87566577e+00  1.17905277e+03 -3.56165544e-01 
 1.19270739e+03  9.87566125e+00  1.19270739e+03 -3.60841026e-01 
 1.20652015e+03  9.87565662e+00  1.20652015e+03 -3.65564342e-01 
 1.22049287e+03  9.87565188e+00  1.22049287e+03 -3.70336120e-01 
 1.23462740e+03  9.87564704e+00  1.23462740e+03 -3.75156992e-01 
 1.24892564e+03  9.87564208e+00  1.24892564e+03 -3.80027597e-01 
 1.26338945e+03  9.87563700e+00  1.26338945e+03 -3.84948579e-01 
 1.27802078e+03  9.87563181e+00  1.27802078e+03 -3.89920592e-01 
 1.29282155e+03  9.87562649e+00  1.29282155e+03 -3.94944295e-01 
 1.30779373e+03  9.87562105e+00  1.30779373e+03 -4.00020352e-01 
 1.32293930e+03  9.87561548e+00  1.32293930e+03 -4.05149437e-01 
 1.33826027e+03  9.87560979e+00  1.33826027e+03 -4.10332230e-01 
 1.35375867e+03  9.87560395e+00  1.35375867e+03 -4.15569417e-01 
 1.36943656e+03  9.87559799e+00  1.36943656e+03 -4.20861693e-01 
 1.38529602e+03  9.87559188e+00  1.38529602e+03 -4.26209758e-01 
 1.40133915e+03  9.87558563e+00  1.40133915e+03 -4.31614322e-01 
 1.41756807e+03  9.87557923e+00  1.41756807e+03 -4.37076100e-01 
 1.43398494e+03  9.87557268e+00  1.43398494e+03 -4.42595817e-01 
 1.45059193e+03  9.87556598e+00  1.45059193e+03 -4.48174204e-01 
 1.46739125e+03  9.87555913e+00  1.46739125e+03 -4.53812000e-01 
 1.48438512e+03  9.87555211e+00  1.48438512e+03 -4.59509953e-01 
 1.50157580e+03  9.87554493e+00  1.50157580e+03 -4.65268816e-01 
 1.51896556e+03  9.87553758e+00  1.51896556e+03 -4.71089354e-01 
 1.53655671e+03  9.87553006e+00  1.53655671e+03 -4.76972337e-01 
 1.55435159e+03  9.87552237e+00  1.55435159e+03 -4.82918545e-01 
 1.57235255e+03  9.87551449e+00  1.57235255e+03 -4.88928767e-01 
 1.59056198e+03  9.87550643e+00  1.59056198e+03 -4.95003797e-01 
 1.60898229e+03  9.87549818e+00  1.60898229e+03 -5.01144442e-01 
 1.62761593e+03  9.87548974e+00  1.62761593e+03 -5.07351515e-01 
 1.64646536e+03  9.87548111e+00  1.64646536e+03 -5.13625838e-01 
 1.66553309e+03  9.87547227e+00  1.66553309e+03 -5.19968243e-01 
 1.68482165e+03  9.87546322e+00  1.68482165e+03 -5.26379569e-01 
 1.70433358e+03  9.87545397e+00  1.70433358e+03 -5.32860667e-01 
 1.72407148e+03  9.87544450e+00  1.72407148e+03 -5.39412394e-01 
 1.74403797e+03  9.87543480e+00  1.74403797e+03 -5.46035619e-01 
 1.76423569e+03  9.87542488e+00  1.76423569e+03 -5.52731220e-01 
 1.78466732e+03  9.87541473e+00  1.78466732e+03 -5.59500083e-01 
 1.80533557e+03  9.87540435e+00  1.80533557e+03 -5.66343105e-01 
 1.82624317e+03  9.87539372e+00  1.82624317e+03 -5.73261193e-01 
 1.84739291e+03  9.87538284e+00  1.84739291e+03 -5.80255263e-01 
 1.86878759e+03  9.87537171e+00  1.86878759e+03 -5.87326241e-01 
 1.89043003e+03  9.87536032e+00  1.89043003e+03 -5.94475064e-01 
 1.91232312e+03  9.87534866e+00  1.91232312e+03 -6.01702679e-01 
 1.93446975e+03  9.87533673e+00  1.93446975e+03 -6.09010044e-01 
 1.95687286e+03  9.87532452e+00  1.95687286e+03 -6.16398126e-01 
 1.97953542e+03  9.87531203e+00  1.97953542e+03 -6.23867904e-01 
 2.00246044e+03  9.87529925e+00  2.00246044e+03 -6.31420367e-01 
 2.02565095e+03  9.87528617e+00  2.02565095e+03 -6.39056516e-01 
 2.04911003e+03  9.87527279e+00  2.04911003e+03 -6.46777361e-01 
 2.07284080e+03  9.87525909e+00  2.07284080e+03 -6.54583926e-01 
 2.09684638e+03  9.87524507e+00  2.09684638e+03 -6.62477244e-01 
 2.12112998e+03  9.87523073e+00  2.12112998e+03 -6.70458361e-01 
 2.14569480e+03  9.87521605e+00  2.14569480e+03 -6.78528333e-01 
 2.17054412e+03  9.87520103e+00  2.17054412e+03 -6.86688229e-01 
 2.19568121e+03  9.87518566e+00  2.19568121e+03 -6.94939130e-01 
 2.22110941e+03  9.87516993e+00  2.22110941e+03 -7.03282129e-01 
 2.24683210e+03  9.87515384e+00  2.24683210e+03 -7.11718329e-01 
 2.27285268e+03  9.87513737e+00  2.27285268e+03 -7.20248849e-01 
 2.29917461e+03  9.87512051e+00  2.29917461e+03 -7.28874816e-01 
 2.32580137e+03  9.87510327e+00  2.32580137e+03 -7.37597375e-01 
 2.35273649e+03  9.87508562e+00  2.35273649e+03 -7.46417679e-01 
 2.37998356e+03  9.87506756e+00  2.37998356e+03 -7.55336896e-01 
 2.40754617e+03  9.87504908e+00  2.40754617e+03 -7.64356207e-01 
 2.43542798e+03  9.87503016e+00  2.43542798e+03 -7.73476805e-01 
 2.46363269e+03  9.87501081e+00  2.46363269e+03 -7.82699899e-01 
 2.49216405e+03  9.87499101e+00  2.49216405e+03 -7.92026710e-01 
 2.52102582e+03  9.87497075e+00  2.52102582e+03 -8.01458471e-01 
 2.55022184e+03  9.87495001e+00  2.55022184e+03 -8.10996431e-01 
 2.57975598e+03  9.87492879e+00  2.57975598e+03 -8.20641852e-01 
 2.60963216e+03  9.87490707e+00  2.60963216e+03 -8.30396012e-01 
 2.63985434e+03  9.87488485e+00  2.63985434e+03 -8.40260201e-01 
 2.67042651e+03  9.87486212e+00  2.67042651e+03 -8.50235724e-01 
 2.70135274e+03  9.87483885e+00  2.70135274e+03 -8.60323902e-01 
 2.73263713e+03  9.87481504e+00  2.73263713e+03 -8.70526070e-01 
 2.76428383e+03  9.87479068e+00  2.76428383e+03 -8.80843577e-01 
 2.79629703e+03  9.87476574e+00  2.79629703e+03 -8.91277788e-01 
 2.82868097e+03  9.87474023e+00  2.82868097e+03 -9.01830086e-01 
 2.86143995e+03  9.87471413e+00  2.86143995e+03 -9.12501864e-01 
 2.89457831e+03  9.87468741e+00  2.89457831e+03 -9.23294536e-01 
 2.92810044e+03  9.87466007e+00  2.92810044e+03 -9.34209528e-01 
 2.96201080e+03  9.87463210e+00  2.96201080e+03 -9.45248286e-01 
 2.99631387e+03  9.87460347e+00  2.99631387e+03 -9.56412269e-01 
 3.03101421e+03  9.87457418e+00  3.03101421e+03 -9.67702953e-01 
 3.06611641e+03  9.87454421e+00  3.06611641e+03 -9.79121832e-01 
 3.10162514e+03  9.87451353e+00  3.10162514e+03 -9.90670417e-01 
 3.13754508e+03  9.87448215e+00  3.13754508e+03 -1.00235023e+00 
 3.17388102e+03  9.87445003e+00  3.17388102e+03 -1.01416283e+00 
 3.21063777e+03  9.87441716e+00  3.21063777e+03 -1.02610976e+00 
 3.24782019e+03  9.87438353e+00  3.24782019e+03 -1.03819261e+00 
 3.28543323e+03  9.87434911e+00  3.28543323e+03 -1.05041298e+00 
 3.32348186e+03  9.87431390e+00  3.32348186e+03 -1.06277248e+00 
 3.36197113e+03  9.87427786e+00  3.36197113e+03 -1.07527275e+00 
 3.40090615e+03  9.87424098e+00  3.40090615e+03 -1.08791543e+00 
 3.44029207e+03  9.87420325e+00  3.44029207e+03 -1.10070220e+00 
 3.48013412e+03  9.87416463e+00  3.48013412e+03 -1.11363475e+00 
 3.52043759e+03  9.87412512e+00  3.52043759e+03 -1.12671479e+00 
 3.56120781e+03  9.87408469e+00  3.56120781e+03 -1.13994405e+00 
 3.60245019e+03  9.87404331e+00  3.60245019e+03 -1.15332427e+00 
 3.64417019e+03  9.87400097e+00  3.64417019e+03 -1.16685723e+00 
 3.68637336e+03  9.87395765e+00  3.68637336e+03 -1.18054470e+00 
 3.72906528e+03  9.87391331e+00  3.72906528e+03 -1.19438851e+00 
 3.77225162e+03  9.87386795e+00  3.77225162e+03 -1.20839047e+00 
 3.81593810e+03  9.87382152e+00  3.81593810e+03 -1.22255244e+00 
 3.86013052e+03  9.87377402e+00  3.86013052e+03 -1.23687628e+00 
 3.90483472e+03  9.87372541e+00  3.90483472e+03 -1.25136390e+00 
 3.95005665e+03  9.87367567e+00  3.95005665e+03 -1.26601720e+00 
 3.99580229e+03  9.87362477e+00  3.99580229e+03 -1.28083811e+00 
 4.04207771e+03  9.87357268e+00  4.04207771e+03 -1.29582860e+00 
 4.08888905e+03  9.87351939e+00  4.08888905e+03 -1.31099064e+00 
 4.13624251e+03  9.87346485e+00  4.13624251e+03 -1.32632623e+00 
 4.18414437e+03  9.87340904e+00  4.18414437e+03 -1.34183741e+00 
 4.23260098e+03  9.87335193e+00  4.23260098e+03 -1.35752620e+00 
 4.28161877e+03  9.87329349e+00  4.28161877e+03 -1.37339469e+00 
 4.33120424e+03  9.87323370e+00  4.33120424e+03 -1.38944497e+00 
 4.38136395e+03  9.87317251e+00  4.38136395e+03 -1.40567916e+00 
 4.43210457e+03  9.87310989e+00  4.43210457e+03 -1.42209939e+00 
 4.48343281e+03  9.87304582e+00  4.48343281e+03 -1.43870784e+00 
 4.53535548e+03  9.87298025e+00  4.53535548e+03 -1.45550669e+00 
 4.58787948e+03  9.87291316e+00  4.58787948e+03 -1.47249816e+00 
 4.64101175e+03  9.87284451e+00  4.64101175e+03 -1.48968449e+00 
 4.69475935e+03  9.87277426e+00  4.69475935e+03 -1.50706794e+00 
 4.74912940e+03  9.87270237e+00  4.74912940e+03 -1.52465081e+00 
 4.80412911e+03  9.87262881e+00  4.80412911e+03 -1.54243541e+00 
 4.85976577e+03  9.87255354e+00  4.85976577e+03 -1.56042408e+00 
 4.91604676e+03  9.87247652e+00  4.91604676e+03 -1.57861921e+00 
 4.97297954e+03  9.87239770e+00  4.97297954e+03 -1.59702317e+00 
 5.03057166e+03  9.87231705e+00  5.03057166e+03 -1.61563841e+00 
 5.08883076e+03  9.87223452e+00  5.08883076e+03 -1.63446736e+00 
 5.14776455e+03  9.87215007e+00  5.14776455e+03 -1.65351251e+00 
 5.20738086e+03  9.87206365e+00  5.20738086e+03 -1.67277636e+00 
 5.26768758e+03  9.87197523e+00  5.26768758e+03 -1.69226146e+00 
 5.32869272e+03  9.87188474e+00  5.32869272e+03 -1.71197036e+00 
 5.39040436e+03  9.87179215e+00  5.39040436e+03 -1.73190566e+00 
 5.45283068e+03  9.87169740e+00  5.45283068e+03 -1.75206998e+00 
 5.51597996e+03  9.87160045e+00  5.51597996e+03 -1.77246598e+00 
 5.57986057e+03  9.87150125e+00  5.57986057e+03 -1.79309633e+00 
 5.64448099e+03  9.87139973e+00  5.64448099e+03 -1.81396375e+00 
 5.70984977e+03  9.87129585e+00  5.70984977e+03 -1.83507098e+00 
 5.77597559e+03  9.87118956e+00  5.77597559e+03 -1.85642080e+00 
 5.84286722e+03  9.87108079e+00  5.84286722e+03 -1.87801601e+00 
 5.91053351e+03  9.87096949e+00  5.91053351e+03 -1.89985945e+00 
 5.97898345e+03  9.87085560e+00  5.97898345e+03 -1.92195398e+00 
 6.04822611e+03  9.87073906e+00  6.04822611e+03 -1.94430252e+00 
 6.11827067e+03  9.87061981e+00  6.11827067e+03 -1.96690799e+00 
 6.18912642e+03  9.87049778e+00  6.18912642e+03 -1.98977336e+00 
 6.26080275e+03  9.87037292e+00  6.26080275e+03 -2.01290163e+00 
 6.33330916e+03  9.87024515e+00  6.33330916e+03 -2.03629584e+00 
 6.40665527e+03  9.87011440e+00  6.40665527e+03 -2.05995905e+00 
 6.48085080e+03  9.86998062e+00  6.48085080e+03 -2.08389438e+00 
 6.55590559e+03  9.86984373e+00  6.55590559e+03 -2.10810494e+00 
 6.63182959e+03  9.86970365e+00  6.63182959e+03 -2.13259393e+00 
 6.70863287e+03  9.86956031e+00  6.70863287e+03 -2.15736454e+00 
 6.78632561e+03  9.86941363e+00  6.78632561e+03 -2.18242003e+00 
 6.86491811e+03  9.86926355e+00  6.86491811e+03 -2.20776367e+00 
 6.94442078e+03  9.86910997e+00  6.94442078e+03 -2.23339879e+00 
 7.02484418e+03  9.86895283e+00  7.02484418e+03 -2.25932873e+00 
 7.10619897e+03  9.86879203e+00  7.10619897e+03 -2.28555689e+00 
 7.18849592e+03  9.86862749e+00  7.18849592e+03 -2.31208671e+00 
 7.27174595e+03  9.86845912e+00  7.27174595e+03 -2.33892164e+00 
 7.35596011e+03  9.86828684e+00  7.35596011e+03 -2.36606520e+00 
 7.44114955e+03  9.86811055e+00  7.44114955e+03 -2.39352094e+00 
 7.52732557e+03  9.86793016e+00  7.52732557e+03 -2.42129244e+00 
 7.61449959e+03  9.86774558e+00  7.61449959e+03 -2.44938333e+00 
 7.70268318e+03  9.86755670e+00  7.70268318e+03 -2.47779727e+00 
 7.79188802e+03  9.86736344e+00  7.79188802e+03 -2.50653797e+00 
 7.88212595e+03  9.86716568e+00  7.88212595e+03 -2.53560919e+00 
 7.97340892e+03  9.86696333e+00  7.97340892e+03 -2.56501471e+00 
 8.06574904e+03  9.86675627e+00  8.06574904e+03 -2.59475837e+00 
 8.15915855e+03  9.86654440e+00  8.15915855e+03 -2.62484404e+00 
 8.25364983e+03  9.86632760e+00  8.25364983e+03 -2.65527564e+00 
 8.34923543e+03  9.86610577e+00  8.34923543e+03 -2.68605713e+00 
 8.44592800e+03  9.86587878e+00  8.44592800e+03 -2.71719251e+00 
 8.54374036e+03  9.86564651e+00  8.54374036e+03 -2.74868584e+00 
 8.64268550e+03  9.86540885e+00  8.64268550e+03 -2.78054122e+00 
 8.74277651e+03  9.86516567e+00  8.74277651e+03 -2.81276277e+00 
 8.84402669e+03  9.86491683e+00  8.84402669e+03 -2.84535469e+00 
 8.94644944e+03  9.86466222e+00  8.94644944e+03 -2.87832121e+00 
 9.05005835e+03  9.86440168e+00  9.05005835e+03 -2.91166661e+00 
 9.15486716e+03  9.86413510e+00  9.15486716e+03 -2.94539520e+00 
 9.26088975e+03  9.86386232e+00  9.26088975e+03 -2.97951137e+00 
 9.36814020e+03  9.86358321e+00  9.36814020e+03 -3.01401953e+00 
 9.47663271e+03  9.86329762e+00  9.47663271e+03 -3.04892415e+00 
 9.58638168e+03  9.86300539e+00  9.58638168e+03 -3.08422976e+00 
 9.69740165e+03  9.86270638e+00  9.69740165e+03 -3.11994090e+00 
 9.80970735e+03  9.86240042e+00  9.80970735e+03 -3.15606222e+00 
 9.92331366e+03  9.86208736e+00  9.92331366e+03 -3.19259836e+00 
 1.00382356e+04  9.86176703e+00  1.00382356e+04 -3.22955404e+00 
 1.01544885e+04  9.86143926e+00  1.01544885e+04 -3.26693405e+00 
 1.02720878e+04  9.86110389e+00  1.02720878e+04 -3.30474319e+00 
 1.03910489e+04  9.86076073e+00  1.03910489e+04 -3.34298634e+00 
 1.05113877e+04  9.86040960e+00  1.05113877e+04 -3.38166842e+00 
 1.06331202e+04  9.86005033e+00  1.06331202e+04 -3.42079442e+00 
 1.07562625e+04  9.85968272e+00  1.07562625e+04 -3.46036936e+00 
 1.08808308e+04  9.85930658e+00  1.08808308e+04 -3.50039834e+00 
 1.10068418e+04  9.85892171e+00  1.10068418e+04 -3.54088648e+00 
 1.11343122e+04  9.85852791e+00  1.11343122e+04 -3.58183899e+00 
 1.12632587e+04  9.85812498e+00  1.12632587e+04 -3.62326112e+00 
 1.13936986e+04  9.85771271e+00  1.13936986e+04 -3.66515818e+00 
 1.15256492e+04  9.85729087e+00  1.15256492e+04 -3.70753553e+00 
 1.16591278e+04  9.85685925e+00  1.16591278e+04 -3.75039859e+00 
 1.17941523e+04  9.85641762e+00  1.17941523e+04 -3.79375283e+00 
 1.19307404e+04  9.85596575e+00  1.19307404e+04 -3.83760381e+00 
 1.20689105e+04  9.85550341e+00  1.20689105e+04 -3.88195710e+00 
 1.22086806e+04  9.85503035e+00  1.22086806e+04 -3.92681837e+00 
 1.23500695e+04  9.85454632e+00  1.23500695e+04 -3.97219333e+00 
 1.24930957e+04  9.85405108e+00  1.24930957e+04 -4.01808775e+00 
 1.26377784e+04  9.85354436e+00  1.26377784e+04 -4.06450747e+00 
 1.27841366e+04  9.85302591e+00  1.27841366e+04 -4.11145837e+00 
 1.29321898e+04  9.85249544e+00  1.29321898e+04 -4.15894643e+00 
 1.30819576e+04  9.85195269e+00  1.30819576e+04 -4.20697764e+00 
 1.32334599e+04  9.85139736e+00  1.32334599e+04 -4.25555811e+00 
 1.33867167e+04  9.85082918e+00  1.33867167e+04 -4.30469396e+00 
 1.35417484e+04  9.85024784e+00  1.35417484e+04 -4.35439140e+00 
 1.36985755e+04  9.84965304e+00  1.36985755e+04 -4.40465671e+00 
 1.38572188e+04  9.84904448e+00  1.38572188e+04 -4.45549622e+00 
 1.40176994e+04  9.84842183e+00  1.40176994e+04 -4.50691632e+00 
 1.41800385e+04  9.84778478e+00  1.41800385e+04 -4.55892349e+00 
 1.43442576e+04  9.84713298e+00  1.43442576e+04 -4.61152425e+00 
 1.45103786e+04  9.84646611e+00  1.45103786e+04 -4.66472520e+00 
 1.46784234e+04  9.84578382e+00  1.46784234e+04 -4.71853300e+00 
 1.48484144e+04  9.84508575e+00  1.48484144e+04 -4.77295437e+00 
 1.50203740e+04  9.84437153e+00  1.50203740e+04 -4.82799613e+00 
 1.51943251e+04  9.84364081e+00  1.51943251e+04 -4.88366512e+00 
 1.53702907e+04  9.84289320e+00  1.53702907e+04 -4.93996829e+00 
 1.55482942e+04  9.84212831e+00  1.55482942e+04 -4.99691263e+00 
 1.57283591e+04  9.84134576e+00  1.57283591e+04 -5.05450521e+00 
 1.59105094e+04  9.84054512e+00  1.59105094e+04 -5.11275318e+00 
 1.60947691e+04  9.83972600e+00  1.60947691e+04 -5.17166374e+00 
 1.62811628e+04  9.83888796e+00  1.62811628e+04 -5.23124417e+00 
 1.64697151e+04  9.83803058e+00  1.64697151e+04 -5.29150182e+00 
 1.66604510e+04  9.83715340e+00  1.66604510e+04 -5.35244411e+00 
 1.68533958e+04  9.83625599e+00  1.68533958e+04 -5.41407853e+00 
 1.70485751e+04  9.83533787e+00  1.70485751e+04 -5.47641265e+00 
 1.72460148e+04  9.83439858e+00  1.72460148e+04 -5.53945410e+00 
 1.74457411e+04  9.83343763e+00  1.74457411e+04 -5.60321059e+00 
 1.76477804e+04  9.83245452e+00  1.76477804e+04 -5.66768990e+00 
 1.78521595e+04  9.83144875e+00  1.78521595e+04 -5.73289987e+00 
 1.80589055e+04  9.83041981e+00  1.80589055e+04 -5.79884844e+00 
 1.82680458e+04  9.82936716e+00  1.82680458e+04 -5.86554360e+00 
 1.84796082e+04  9.82829028e+00  1.84796082e+04 -5.93299342e+00 
 1.86936208e+04  9.82718859e+00  1.86936208e+04 -6.00120605e+00 
 1.89101117e+04  9.82606155e+00  1.89101117e+04 -6.07018971e+00 
 1.91291099e+04  9.82490857e+00  1.91291099e+04 -6.13995268e+00 
 1.93506443e+04  9.82372906e+00  1.93506443e+04 -6.21050334e+00 
 1.95747443e+04  9.82252243e+00  1.95747443e+04 -6.28185013e+00 
 1.98014396e+04  9.82128805e+00  1.98014396e+04 -6.35400156e+00 
 2.00307602e+04  9.82002531e+00  2.00307602e+04 -6.42696621e+00 
 2.02627366e+04  9.81873354e+00  2.02627366e+04 -6.50075276e+00 
 2.04973996e+04  9.81741211e+00  2.04973996e+04 -6.57536994e+00 
 2.07347801e+04  9.81606033e+00  2.07347801e+04 -6.65082657e+00 
 2.09749098e+04  9.81467751e+00  2.09749098e+04 -6.72713152e+00 
 2.12178204e+04  9.81326297e+00  2.12178204e+04 -6.80429377e+00 
 2.14635442e+04  9.81181598e+00  2.14635442e+04 -6.88232235e+00 
 2.17121137e+04  9.81033580e+00  2.17121137e+04 -6.96122636e+00 
 2.19635619e+04  9.80882169e+00  2.19635619e+04 -7.04101499e+00 
 2.22179221e+04  9.80727289e+00  2.22179221e+04 -7.12169750e+00 
 2.24752280e+04  9.80568861e+00  2.24752280e+04 -7.20328322e+00 
 2.27355138e+04  9.80406806e+00  2.27355138e+04 -7.28578156e+00 
 2.29988140e+04  9.80241042e+00  2.29988140e+04 -7.36920198e+00 
 2.32651635e+04  9.80071485e+00  2.32651635e+04 -7.45355404e+00 
 2.35345976e+04  9.79898050e+00  2.35345976e+04 -7.53884736e+00 
 2.38071520e+04  9.79720651e+00  2.38071520e+04 -7.62509164e+00 
 2.40828628e+04  9.79539198e+00  2.40828628e+04 -7.71229665e+00 
 2.43617666e+04  9.79353602e+00  2.43617666e+04 -7.80047221e+00 
 2.46439005e+04  9.79163768e+00  2.46439005e+04 -7.88962823e+00 
 2.49293017e+04  9.78969603e+00  2.49293017e+04 -7.97977470e+00 
 2.52180082e+04  9.78771009e+00  2.52180082e+04 -8.07092165e+00 
 2.55100581e+04  9.78567888e+00  2.55100581e+04 -8.16307920e+00 
 2.58054904e+04  9.78360140e+00  2.58054904e+04 -8.25625754e+00 
 2.61043440e+04  9.78147660e+00  2.61043440e+04 -8.35046691e+00 
 2.64066586e+04  9.77930344e+00  2.64066586e+04 -8.44571762e+00 
 2.67124744e+04  9.77708084e+00  2.67124744e+04 -8.54202006e+00 
 2.70218318e+04  9.77480772e+00  2.70218318e+04 -8.63938467e+00 
 2.73347718e+04  9.77248293e+00  2.73347718e+04 -8.73782196e+00 
 2.76513361e+04  9.77010536e+00  2.76513361e+04 -8.83734248e+00 
 2.79715664e+04  9.76767381e+00  2.79715664e+04 -8.93795689e+00 
 2.82955054e+04  9.76518711e+00  2.82955054e+04 -9.03967585e+00 
 2.86231959e+04  9.76264404e+00  2.86231959e+04 -9.14251012e+00 
 2.89546814e+04  9.76004336e+00  2.89546814e+04 -9.24647051e+00 
 2.92900058e+04  9.75738379e+00  2.92900058e+04 -9.35156786e+00 
 2.96292136e+04  9.75466405e+00  2.96292136e+04 -9.45781310e+00 
 2.99723498e+04  9.75188281e+00  2.99723498e+04 -9.56521719e+00 
 3.03194599e+04  9.74903873e+00  3.03194599e+04 -9.67379113e+00 
 3.06705898e+04  9.74613043e+00  3.06705898e+04 -9.78354600e+00 
 3.10257862e+04  9.74315651e+00  3.10257862e+04 -9.89449291e+00 
 3.13850961e+04  9.74011554e+00  3.13850961e+04 -1.00066430e+01 
 3.17485672e+04  9.73700606e+00  3.17485672e+04 -1.01200075e+01 
 3.21162476e+04  9.73382658e+00  3.21162476e+04 -1.02345976e+01 
 3.24881861e+04  9.73057557e+00  3.24881861e+04 -1.03504246e+01 
 3.28644321e+04  9.72725149e+00  3.28644321e+04 -1.04674997e+01 
 3.32450354e+04  9.72385276e+00  3.32450354e+04 -1.05858345e+01 
 3.36300464e+04  9.72037776e+00  3.36300464e+04 -1.07054402e+01 
 3.40195163e+04  9.71682485e+00  3.40195163e+04 -1.08263281e+01 
 3.44134966e+04  9.71319236e+00  3.44134966e+04 -1.09485099e+01 
 3.48120396e+04  9.70947856e+00  3.48120396e+04 -1.10719968e+01 
 3.52151982e+04  9.70568173e+00  3.52151982e+04 -1.11968004e+01 
 3.56230257e+04  9.70180008e+00  3.56230257e+04 -1.13229322e+01 
 3.60355763e+04  9.69783180e+00  3.60355763e+04 -1.14504036e+01 
 3.64529046e+04  9.69377505e+00  3.64529046e+04 -1.15792261e+01 
 3.68750660e+04  9.68962793e+00  3.68750660e+04 -1.17094113e+01 
 3.73021165e+04  9.68538854e+00  3.73021165e+04 -1.18409707e+01 
 3.77341126e+04  9.68105492e+00  3.77341126e+04 -1.19739157e+01 
 3.81711117e+04  9.67662508e+00  3.81711117e+04 -1.21082580e+01 
 3.86131717e+04  9.67209699e+00  3.86131717e+04 -1.22440089e+01 
 3.90603512e+04  9.66746859e+00  3.90603512e+04 -1.23811800e+01 
 3.95127095e+04  9.66273776e+00  3.95127095e+04 -1.25197827e+01 
 3.99703065e+04  9.65790236e+00  3.99703065e+04 -1.26598285e+01 
 4.04332030e+04  9.65296021e+00  4.04332030e+04 -1.28013287e+01 
 4.09014603e+04  9.64790909e+00  4.09014603e+04 -1.29442948e+01 
 4.13751404e+04  9.64274674e+00  4.13751404e+04 -1.30887380e+01 
 4.18543063e+04  9.63747084e+00  4.18543063e+04 -1.32346698e+01 
 4.23390214e+04  9.63207905e+00  4.23390214e+04 -1.33821012e+01 
 4.28293500e+04  9.62656899e+00  4.28293500e+04 -1.35310436e+01 
 4.33253571e+04  9.62093823e+00  4.33253571e+04 -1.36815080e+01 
 4.38271084e+04  9.61518429e+00  4.38271084e+04 -1.38335056e+01 
 4.43346705e+04  9.60930465e+00  4.43346705e+04 -1.39870473e+01 
 4.48481108e+04  9.60329676e+00  4.48481108e+04 -1.41421440e+01 
 4.53674971e+04  9.59715802e+00  4.53674971e+04 -1.42988066e+01 
 4.58928985e+04  9.59088578e+00  4.58928985e+04 -1.44570458e+01 
 4.64243846e+04  9.58447734e+00  4.64243846e+04 -1.46168722e+01 
 4.69620258e+04  9.57792998e+00  4.69620258e+04 -1.47782965e+01 
 4.75058934e+04  9.57124090e+00  4.75058934e+04 -1.49413290e+01 
 4.80560596e+04  9.56440728e+00  4.80560596e+04 -1.51059801e+01 
 4.86125973e+04  9.55742626e+00  4.86125973e+04 -1.52722599e+01 
 4.91755802e+04  9.55029490e+00  4.91755802e+04 -1.54401785e+01 
 4.97450830e+04  9.54301024e+00  4.97450830e+04 -1.56097457e+01 
 5.03211813e+04  9.53556928e+00  5.03211813e+04 -1.57809715e+01 
 5.09039513e+04  9.52796895e+00  5.09039513e+04 -1.59538653e+01 
 5.14934704e+04  9.52020613e+00  5.14934704e+04 -1.61284366e+01 
 5.20898168e+04  9.51227769e+00  5.20898168e+04 -1.63046946e+01 
 5.26930694e+04  9.50418042e+00  5.26930694e+04 -1.64826485e+01 
 5.33033083e+04  9.49591107e+00  5.33033083e+04 -1.66623072e+01 
 5.39206144e+04  9.48746634e+00  5.39206144e+04 -1.68436792e+01 
 5.45450695e+04  9.47884289e+00  5.45450695e+04 -1.70267731e+01 
 5.51767564e+04  9.47003733e+00  5.51767564e+04 -1.72115972e+01 
 5.58157589e+04  9.46104621e+00  5.58157589e+04 -1.73981594e+01 
 5.64621617e+04  9.45186606e+00  5.64621617e+04 -1.75864675e+01 
 5.71160505e+04  9.44249333e+00  5.71160505e+04 -1.77765291e+01 
 5.77775120e+04  9.43292445e+00  5.77775120e+04 -1.79683515e+01 
 5.84466339e+04  9.42315578e+00  5.84466339e+04 -1.81619416e+01 
 5.91235049e+04  9.41318365e+00  5.91235049e+04 -1.83573061e+01 
 5.98082147e+04  9.40300434e+00  5.98082147e+04 -1.85544515e+01 
 6.05008542e+04  9.39261407e+00  6.05008542e+04 -1.87533838e+01 
 6.12015151e+04  9.38200904e+00  6.12015151e+04 -1.89541090e+01 
 6.19102904e+04  9.37118538e+00  6.19102904e+04 -1.91566325e+01 
 6.26272740e+04  9.36013918e+00  6.26272740e+04 -1.93609593e+01 
 6.33525610e+04  9.34886650e+00  6.33525610e+04 -1.95670944e+01 
 6.40862476e+04  9.33736333e+00  6.40862476e+04 -1.97750422e+01 
 6.48284310e+04  9.32562565e+00  6.48284310e+04 -1.99848067e+01 
 6.55792097e+04  9.31364936e+00  6.55792097e+04 -2.01963916e+01 
 6.63386831e+04  9.30143035e+00  6.63386831e+04 -2.04098001e+01 
 6.71069519e+04  9.28896445e+00  6.71069519e+04 -2.06250353e+01 
 6.78841182e+04  9.27624745e+00  6.78841182e+04 -2.08420994e+01 
 6.86702847e+04  9.26327512e+00  6.86702847e+04 -2.10609947e+01 
 6.94655559e+04  9.25004316e+00  6.94655559e+04 -2.12817225e+01 
 7.02700371e+04  9.23654725e+00  7.02700371e+04 -2.15042842e+01 
 7.10838351e+04  9.22278305e+00  7.10838351e+04 -2.17286803e+01 
 7.19070576e+04  9.20874614e+00  7.19070576e+04 -2.19549110e+01 
 7.27398139e+04  9.19443212e+00  7.27398139e+04 -2.21829760e+01 
 7.35822143e+04  9.17983651e+00  7.35822143e+04 -2.24128746e+01 
 7.44343706e+04  9.16495483e+00  7.44343706e+04 -2.26446054e+01 
 7.52963957e+04  9.14978256e+00  7.52963957e+04 -2.28781664e+01 
 7.61684039e+04  9.13431515e+00  7.61684039e+04 -2.31135555e+01 
 7.70505109e+04  9.11854801e+00  7.70505109e+04 -2.33507695e+01 
 7.79428335e+04  9.10247656e+00  7.79428335e+04 -2.35898050e+01 
 7.88454902e+04  9.08609617e+00  7.88454902e+04 -2.38306579e+01 
 7.97586005e+04  9.06940219e+00  7.97586005e+04 -2.40733235e+01 
 8.06822855e+04  9.05238996e+00  8.06822855e+04 -2.43177966e+01 
 8.16166678e+04  9.03505480e+00  8.16166678e+04 -2.45640713e+01 
 8.25618712e+04  9.01739200e+00  8.25618712e+04 -2.48121412e+01 
 8.35180209e+04  8.99939687e+00  8.35180209e+04 -2.50619989e+01 
 8.44852439e+04  8.98106468e+00  8.44852439e+04 -2.53136369e+01 
 8.54636682e+04  8.96239070e+00  8.54636682e+04 -2.55670467e+01 
 8.64534237e+04  8.94337020e+00  8.64534237e+04 -2.58222192e+01 
 8.74546416e+04  8.92399844e+00  8.74546416e+04 -2.60791447e+01 
 8.84674546e+04  8.90427067e+00  8.84674546e+04 -2.63378127e+01 
 8.94919970e+04  8.88418217e+00  8.94919970e+04 -2.65982122e+01 
 9.05284046e+04  8.86372819e+00  9.05284046e+04 -2.68603313e+01 
 9.15768148e+04  8.84290402e+00  9.15768148e+04 -2.71241575e+01 
 9.26373667e+04  8.82170493e+00  9.26373667e+04 -2.73896777e+01 
 9.37102009e+04  8.80012623e+00  9.37102009e+04 -2.76568778e+01 
 9.47954596e+04  8.77816322e+00  9.47954596e+04 -2.79257432e+01 
 9.58932866e+04  8.75581125e+00  9.58932866e+04 -2.81962585e+01 
 9.70038276e+04  8.73306566e+00  9.70038276e+04 -2.84684076e+01 
 9.81272298e+04  8.70992185e+00  9.81272298e+04 -2.87421736e+01 
 9.92636421e+04  8.68637521e+00  9.92636421e+04 -2.90175389e+01 
 1.00413215e+05  8.66242119e+00  1.00413215e+05 -2.92944852e+01 
 1.01576102e+05  8.63805528e+00  1.01576102e+05 -2.95729934e+01 
 1.02752455e+05  8.61327299e+00  1.02752455e+05 -2.98530435e+01 
 1.03942432e+05  8.58806987e+00  1.03942432e+05 -3.01346150e+01 
 1.05146191e+05  8.56244155e+00  1.05146191e+05 -3.04176865e+01 
 1.06363890e+05  8.53638367e+00  1.06363890e+05 -3.07022359e+01 
 1.07595691e+05  8.50989195e+00  1.07595691e+05 -3.09882403e+01 
 1.08841757e+05  8.48296216e+00  1.08841757e+05 -3.12756761e+01 
 1.10102255e+05  8.45559013e+00  1.10102255e+05 -3.15645189e+01 
 1.11377350e+05  8.42777176e+00  1.11377350e+05 -3.18547436e+01 
 1.12667212e+05  8.39950301e+00  1.12667212e+05 -3.21463244e+01 
 1.13972012e+05  8.37077991e+00  1.13972012e+05 -3.24392346e+01 
 1.15291923e+05  8.34159858e+00  1.15291923e+05 -3.27334469e+01 
 1.16627120e+05  8.31195522e+00  1.16627120e+05 -3.30289333e+01 
 1.17977779e+05  8.28184611e+00  1.17977779e+05 -3.33256650e+01 
 1.19344081e+05  8.25126761e+00  1.19344081e+05 -3.36236125e+01 
 1.20726206e+05  8.22021618e+00  1.20726206e+05 -3.39227457e+01 
 1.22124337e+05  8.18868838e+00  1.22124337e+05 -3.42230336e+01 
 1.23538660e+05  8.15668086e+00  1.23538660e+05 -3.45244448e+01 
 1.24969363e+05  8.12419038e+00  1.24969363e+05 -3.48269471e+01 
 1.26416634e+05  8.09121380e+00  1.26416634e+05 -3.51305076e+01 
 1.27880666e+05  8.05774811e+00  1.27880666e+05 -3.54350928e+01 
 1.29361653e+05  8.02379039e+00  1.29361653e+05 -3.57406687e+01 
 1.30859792e+05  7.98933784e+00  1.30859792e+05 -3.60472004e+01 
 1.32375280e+05  7.95438781e+00  1.32375280e+05 -3.63546528e+01 
 1.33908319e+05  7.91893775e+00  1.33908319e+05 -3.66629899e+01 
 1.35459113e+05  7.88298525e+00  1.35459113e+05 -3.69721754e+01 
 1.37027866e+05  7.84652801e+00  1.37027866e+05 -3.72821722e+01 
 1.38614787e+05  7.80956390e+00  1.38614787e+05 -3.75929429e+01 
 1.40220086e+05  7.77209091e+00  1.40220086e+05 -3.79044496e+01 
 1.41843976e+05  7.73410716e+00  1.41843976e+05 -3.82166538e+01 
 1.43486672e+05  7.69561095e+00  1.43486672e+05 -3.85295167e+01 
 1.45148393e+05  7.65660069e+00  1.45148393e+05 -3.88429990e+01 
 1.46829358e+05  7.61707496e+00  1.46829358e+05 -3.91570610e+01 
 1.48529790e+05  7.57703250e+00  1.48529790e+05 -3.94716626e+01 
 1.50249915e+05  7.53647218e+00  1.50249915e+05 -3.97867635e+01 
 1.51989960e+05  7.49539306e+00  1.51989960e+05 -4.01023230e+01 
 1.53750157e+05  7.45379435e+00  1.53750157e+05 -4.04183000e+01 
 1.55530739e+05  7.41167541e+00  1.55530739e+05 -4.07346533e+01 
 1.57331942e+05  7.36903577e+00  1.57331942e+05 -4.10513413e+01 
 1.59154005e+05  7.32587514e+00  1.59154005e+05 -4.13683225e+01 
 1.60997169e+05  7.28219339e+00  1.60997169e+05 -4.16855548e+01 
 1.62861678e+05  7.23799056e+00  1.62861678e+05 -4.20029963e+01 
 1.64747781e+05  7.19326687e+00  1.64747781e+05 -4.23206049e+01 
 1.66655726e+05  7.14802269e+00  1.66655726e+05 -4.26383383e+01 
 1.68585768e+05  7.10225860e+00  1.68585768e+05 -4.29561542e+01 
 1.70538161e+05  7.05597534e+00  1.70538161e+05 -4.32740103e+01 
 1.72513165e+05  7.00917381e+00  1.72513165e+05 -4.35918645e+01 
 1.74511042e+05  6.96185511e+00  1.74511042e+05 -4.39096744e+01 
 1.76532055e+05  6.91402051e+00  1.76532055e+05 -4.42273978e+01 
 1.78576475e+05  6.86567146e+00  1.78576475e+05 -4.45449928e+01 
 1.80644570e+05  6.81680959e+00  1.80644570e+05 -4.48624174e+01 
 1.82736617e+05  6.76743671e+00  1.82736617e+05 -4.51796299e+01 
 1.84852891e+05  6.71755480e+00  1.84852891e+05 -4.54965887e+01 
 1.86993674e+05  6.66716602e+00  1.86993674e+05 -4.58132526e+01 
 1.89159250e+05  6.61627273e+00  1.89159250e+05 -4.61295805e+01 
 1.91349905e+05  6.56487744e+00  1.91349905e+05 -4.64455318e+01 
 1.93565930e+05  6.51298284e+00  1.93565930e+05 -4.67610659e+01 
 1.95807618e+05  6.46059183e+00  1.95807618e+05 -4.70761430e+01 
 1.98075268e+05  6.40770744e+00  1.98075268e+05 -4.73907234e+01 
 2.00369179e+05  6.35433290e+00  2.00369179e+05 -4.77047679e+01 
 2.02689657e+05  6.30047162e+00  2.02689657e+05 -4.80182378e+01 
 2.05037007e+05  6.24612716e+00  2.05037007e+05 -4.83310948e+01 
 2.07411543e+05  6.19130326e+00  2.07411543e+05 -4.86433013e+01 
 2.09813578e+05  6.13600383e+00  2.09813578e+05 -4.89548200e+01 
 2.12243431e+05  6.08023295e+00  2.12243431e+05 -4.92656145e+01 
 2.14701424e+05  6.02399486e+00  2.14701424e+05 -4.95756486e+01 
 2.17187883e+05  5.96729396e+00  2.17187883e+05 -4.98848872e+01 
 2.19703138e+05  5.91013482e+00  2.19703138e+05 -5.01932955e+01 
 2.22247522e+05  5.85252217e+00  2.22247522e+05 -5.05008396e+01 
 2.24821372e+05  5.79446088e+00  2.24821372e+05 -5.08074861e+01 
 2.27425030e+05  5.73595599e+00  2.27425030e+05 -5.11132027e+01 
 2.30058842e+05  5.67701269e+00  2.30058842e+05 -5.14179575e+01 
 2.32723155e+05  5.61763630e+00  2.32723155e+05 -5.17217196e+01 
 2.35418324e+05  5.55783231e+00  2.35418324e+05 -5.20244590e+01 
 2.38144706e+05  5.49760635e+00  2.38144706e+05 -5.23261462e+01 
 2.40902662e+05  5.43696417e+00  2.40902662e+05 -5.26267530e+01 
 2.43692558e+05  5.37591168e+00  2.43692558e+05 -5.29262517e+01 
 2.46514763e+05  5.31445492e+00  2.46514763e+05 -5.32246159e+01 
 2.49369653e+05  5.25260004e+00  2.49369653e+05 -5.35218197e+01 
 2.52257605e+05  5.19035336e+00  2.52257605e+05 -5.38178384e+01 
 2.55179003e+05  5.12772128e+00  2.55179003e+05 -5.41126484e+01 
 2.58134233e+05  5.06471036e+00  2.58134233e+05 -5.44062268e+01 
 2.61123688e+05  5.00132725e+00  2.61123688e+05 -5.46985518e+01 
 2.64147764e+05  4.93757873e+00  2.64147764e+05 -5.49896027e+01 
 2.67206861e+05  4.87347170e+00  2.67206861e+05 -5.52793598e+01 
 2.70301386e+05  4.80901314e+00  2.70301386e+05 -5.55678044e+01 
 2.73431749e+05  4.74421018e+00  2.73431749e+05 -5.58549190e+01 
 2.76598365e+05  4.67907000e+00  2.76598365e+05 -5.61406869e+01 
 2.79801653e+05  4.61359992e+00  2.79801653e+05 -5.64250930e+01 
 2.83042038e+05  4.54780734e+00  2.83042038e+05 -5.67081227e+01 
 2.86319950e+05  4.48169975e+00  2.86319950e+05 -5.69897631e+01 
 2.89635824e+05  4.41528474e+00  2.89635824e+05 -5.72700020e+01 
 2.92990099e+05  4.34856998e+00  2.92990099e+05 -5.75488286e+01 
 2.96383220e+05  4.28156321e+00  2.96383220e+05 -5.78262330e+01 
 2.99815637e+05  4.21427227e+00  2.99815637e+05 -5.81022069e+01 
 3.03287805e+05  4.14670506e+00  3.03287805e+05 -5.83767428e+01 
 3.06800183e+05  4.07886956e+00  3.06800183e+05 -5.86498345e+01 
 3.10353239e+05  4.01077381e+00  3.10353239e+05 -5.89214770e+01 
 3.13947443e+05  3.94242594e+00  3.13947443e+05 -5.91916665e+01 
 3.17583271e+05  3.87383410e+00  3.17583271e+05 -5.94604005e+01 
 3.21261205e+05  3.80500655e+00  3.21261205e+05 -5.97276776e+01 
 3.24981734e+05  3.73595157e+00  3.24981734e+05 -5.99934976e+01 
 3.28745351e+05  3.66667750e+00  3.28745351e+05 -6.02578618e+01 
 3.32552554e+05  3.59719275e+00  3.32552554e+05 -6.05207723e+01 
 3.36403848e+05  3.52750574e+00  3.36403848e+05 -6.07822329e+01 
 3.40299744e+05  3.45762496e+00  3.40299744e+05 -6.10422483e+01 
 3.44240758e+05  3.38755895e+00  3.44240758e+05 -6.13008248e+01 
 3.48227413e+05  3.31731625e+00  3.48227413e+05 -6.15579695e+01 
 3.52260238e+05  3.24690548e+00  3.52260238e+05 -6.18136912e+01 
 3.56339767e+05  3.17633525e+00  3.56339767e+05 -6.20679999e+01 
 3.60466541e+05  3.10561423e+00  3.60466541e+05 -6.23209066e+01 
 3.64641107e+05  3.03475110e+00  3.64641107e+05 -6.25724238e+01 
 3.68864019e+05  2.96375456e+00  3.68864019e+05 -6.28225654e+01 
 3.73135837e+05  2.89263335e+00  3.73135837e+05 -6.30713463e+01 
 3.77457126e+05  2.82139620e+00  3.77457126e+05 -6.33187829e+01 
 3.81828460e+05  2.75005186e+00  3.81828460e+05 -6.35648929e+01 
 3.86250419e+05  2.67860912e+00  3.86250419e+05 -6.38096951e+01 
 3.90723589e+05  2.60707674e+00  3.90723589e+05 -6.40532099e+01 
 3.95248562e+05  2.53546351e+00  3.95248562e+05 -6.42954587e+01 
 3.99825939e+05  2.46377821e+00  3.99825939e+05 -6.45364645e+01 
 4.04456327e+05  2.39202963e+00  4.04456327e+05 -6.47762513e+01 
 4.09140339e+05  2.32022655e+00  4.09140339e+05 -6.50148449e+01 
 4.13878597e+05  2.24837775e+00  4.13878597e+05 -6.52522718e+01 
 4.18671729e+05  2.17649199e+00  4.18671729e+05 -6.54885603e+01 
 4.23520370e+05  2.10457804e+00  4.23520370e+05 -6.57237399e+01 
 4.28425163e+05  2.03264463e+00  4.28425163e+05 -6.59578414e+01 
 4.33386759e+05  1.96070049e+00  4.33386759e+05 -6.61908968e+01 
 4.38405814e+05  1.88875434e+00  4.38405814e+05 -6.64229397e+01 
 4.43482996e+05  1.81681485e+00  4.43482996e+05 -6.66540049e+01 
 4.48618977e+05  1.74489068e+00  4.48618977e+05 -6.68841284e+01 
 4.53814437e+05  1.67299047e+00  4.53814437e+05 -6.71133479e+01 
 4.59070066e+05  1.60112281e+00  4.59070066e+05 -6.73417022e+01 
 4.64386560e+05  1.52929627e+00  4.64386560e+05 -6.75692313e+01 
 4.69764625e+05  1.45751939e+00  4.69764625e+05 -6.77959769e+01 
 4.75204974e+05  1.38580064e+00  4.75204974e+05 -6.80219819e+01 
 4.80708327e+05  1.31414849e+00  4.80708327e+05 -6.82472904e+01 
 4.86275414e+05  1.24257132e+00  4.86275414e+05 -6.84719482e+01 
 4.91906974e+05  1.17107750e+00  4.91906974e+05 -6.86960021e+01 
 4.97603753e+05  1.09967532e+00  4.97603753e+05 -6.89195005e+01 
 5.03366507e+05  1.02837304e+00  5.03366507e+05 -6.91424930e+01 
 5.09195999e+05  9.57178830e-01  5.09195999e+05 -6.93650307e+01 
 5.15093002e+05  8.86100831e-01  5.15093002e+05 -6.95871660e+01 
 5.21058299e+05  8.15147102e-01  5.21058299e+05 -6.98089527e+01 
 5.27092679e+05  7.44325639e-01  5.27092679e+05 -7.00304458e+01 
 5.33196944e+05  6.73644367e-01  5.33196944e+05 -7.02517020e+01 
 5.39371903e+05  6.03111137e-01  5.39371903e+05 -7.04727790e+01 
 5.45618374e+05  5.32733722e-01  5.45618374e+05 -7.06937361e+01 
 5.51937185e+05  4.62519815e-01  5.51937185e+05 -7.09146338e+01 
 5.58329174e+05  3.92477024e-01  5.58329174e+05 -7.11355342e+01 
 5.64795189e+05  3.22612870e-01  5.64795189e+05 -7.13565006e+01 
 5.71336088e+05  2.52934782e-01  5.71336088e+05 -7.15775975e+01 
 5.77952736e+05  1.83450095e-01  5.77952736e+05 -7.17988911e+01 
 5.84646012e+05  1.14166046e-01  5.84646012e+05 -7.20204488e+01 
 5.91416802e+05  4.50897687e-02  5.91416802e+05 -7.22423392e+01 
 5.98266006e+05 -2.37717074e-02  5.98266006e+05 -7.24646325e+01 
 6.05194529e+05 -9.24114626e-02  6.05194529e+05 -7.26874001e+01 
 6.12203293e+05 -1.60822690e-01  6.12203293e+05 -7.29107148e+01 
 6.19293224e+05 -2.28998700e-01  6.19293224e+05 -7.31346506e+01 
 6.26465265e+05 -2.96932922e-01  6.26465265e+05 -7.33592830e+01 
 6.33720365e+05 -3.64618910e-01  6.33720365e+05 -7.35846888e+01 
 6.41059486e+05 -4.32050347e-01  6.41059486e+05 -7.38109459e+01 
 6.48483601e+05 -4.99221048e-01  6.48483601e+05 -7.40381338e+01 
 6.55993696e+05 -5.66124960e-01  6.55993696e+05 -7.42663332e+01 
 6.63590765e+05 -6.32756174e-01  6.63590765e+05 -7.44956260e+01 
 6.71275815e+05 -6.99108922e-01  6.71275815e+05 -7.47260954e+01 
 6.79049866e+05 -7.65177584e-01  6.79049866e+05 -7.49578259e+01 
 6.86913949e+05 -8.30956688e-01  6.86913949e+05 -7.51909033e+01 
 6.94869105e+05 -8.96440921e-01  6.94869105e+05 -7.54254146e+01 
 7.02916391e+05 -9.61625126e-01  7.02916391e+05 -7.56614481e+01 
 7.11056872e+05 -1.02650431e+00  7.11056872e+05 -7.58990931e+01 
 7.19291628e+05 -1.09107364e+00  7.19291628e+05 -7.61384404e+01 
 7.27621750e+05 -1.15532847e+00  7.27621750e+05 -7.63795818e+01 
 7.36048344e+05 -1.21926430e+00  7.36048344e+05 -7.66226104e+01 
 7.44572527e+05 -1.28287683e+00  7.44572527e+05 -7.68676202e+01 
 7.53195428e+05 -1.34616194e+00  7.53195428e+05 -7.71147066e+01 
 7.61918191e+05 -1.40911567e+00  7.61918191e+05 -7.73639662e+01 
 7.70741972e+05 -1.47173429e+00  7.70741972e+05 -7.76154963e+01 
 7.79667942e+05 -1.53401422e+00  7.79667942e+05 -7.78693957e+01 
 7.88697283e+05 -1.59595210e+00  7.88697283e+05 -7.81257641e+01 
 7.97831193e+05 -1.65754476e+00  7.97831193e+05 -7.83847021e+01 
 8.07070883e+05 -1.71878924e+00  8.07070883e+05 -7.86463116e+01 
 8.16417578e+05 -1.77968276e+00  8.16417578e+05 -7.89106953e+01 
 8.25872518e+05 -1.84022279e+00  8.25872518e+05 -7.91779569e+01 
 8.35436955e+05 -1.90040696e+00  8.35436955e+05 -7.94482011e+01 
 8.45112157e+05 -1.96023316e+00  8.45112157e+05 -7.97215336e+01 
 8.54899409e+05 -2.01969947e+00  8.54899409e+05 -7.99980608e+01 
 8.64800006e+05 -2.07880421e+00  8.64800006e+05 -8.02778902e+01 
 8.74815263e+05 -2.13754589e+00  8.74815263e+05 -8.05611299e+01 
 8.84946506e+05 -2.19592328e+00  8.84946506e+05 -8.08478891e+01 
 8.95195080e+05 -2.25393535e+00  8.95195080e+05 -8.11382776e+01 
 9.05562342e+05 -2.31158133e+00  9.05562342e+05 -8.14324060e+01 
 9.16049667e+05 -2.36886065e+00  9.16049667e+05 -8.17303857e+01 
 9.26658447e+05 -2.42577299e+00  9.26658447e+05 -8.20323289e+01 
 9.37390086e+05 -2.48231827e+00  9.37390086e+05 -8.23383482e+01 
 9.48246009e+05 -2.53849663e+00  9.48246009e+05 -8.26485572e+01 
 9.59227655e+05 -2.59430848e+00  9.59227655e+05 -8.29630698e+01 
 9.70336479e+05 -2.64975445e+00  9.70336479e+05 -8.32820006e+01 
 9.81573954e+05 -2.70483541e+00  9.81573954e+05 -8.36054651e+01 
 9.92941571e+05 -2.75955248e+00  9.92941571e+05 -8.39335788e+01 
 1.00444084e+06 -2.81390703e+00  1.00444084e+06 -8.42664580e+01 
 1.01607327e+06 -2.86790068e+00  1.01607327e+06 -8.46042196e+01 
 1.02784043e+06 -2.92153528e+00  1.02784043e+06 -8.49469806e+01 
 1.03974386e+06 -2.97481295e+00  1.03974386e+06 -8.52948587e+01 
 1.05178514e+06 -3.02773605e+00  1.05178514e+06 -8.56479718e+01 
 1.06396587e+06 -3.08030719e+00  1.06396587e+06 -8.60064385e+01 
 1.07628767e+06 -3.13252922e+00  1.07628767e+06 -8.63703772e+01 
 1.08875217e+06 -3.18440527e+00  1.08875217e+06 -8.67399071e+01 
 1.10136102e+06 -3.23593870e+00  1.10136102e+06 -8.71151475e+01 
 1.11411589e+06 -3.28713312e+00  1.11411589e+06 -8.74962177e+01 
 1.12701847e+06 -3.33799240e+00  1.12701847e+06 -8.78832376e+01 
 1.14007049e+06 -3.38852068e+00  1.14007049e+06 -8.82763271e+01 
 1.15327365e+06 -3.43872231e+00  1.15327365e+06 -8.86756062e+01 
 1.16662972e+06 -3.48860194e+00  1.16662972e+06 -8.90811954e+01 
 1.18014047e+06 -3.53816445e+00  1.18014047e+06 -8.94932148e+01 
 1.19380769e+06 -3.58741496e+00  1.19380769e+06 -8.99117850e+01 
 1.20763319e+06 -3.63635886e+00  1.20763319e+06 -9.03370264e+01 
 1.22161880e+06 -3.68500180e+00  1.22161880e+06 -9.07690597e+01 
 1.23576638e+06 -3.73334967e+00  1.23576638e+06 -9.12080055e+01 
 1.25007780e+06 -3.78140861e+00  1.25007780e+06 -9.16539843e+01 
 1.26455496e+06 -3.82918502e+00  1.26455496e+06 -9.21071168e+01 
 1.27919978e+06 -3.87668556e+00  1.27919978e+06 -9.25675235e+01 
 1.29401421e+06 -3.92391712e+00  1.29401421e+06 -9.30353249e+01 
 1.30900020e+06 -3.97088688e+00  1.30900020e+06 -9.35106416e+01 
 1.32415974e+06 -4.01760223e+00  1.32415974e+06 -9.39935938e+01 
 1.33949485e+06 -4.06407085e+00  1.33949485e+06 -9.44843020e+01 
 1.35500755e+06 -4.11030065e+00  1.35500755e+06 -9.49828861e+01 
 1.37069990e+06 -4.15629982e+00  1.37069990e+06 -9.54894664e+01 
 1.38657399e+06 -4.20207679e+00  1.38657399e+06 -9.60041628e+01 
 1.40263192e+06 -4.24764025e+00  1.40263192e+06 -9.65270951e+01 
 1.41887581e+06 -4.29299915e+00  1.41887581e+06 -9.70583829e+01 
 1.43530782e+06 -4.33816271e+00  1.43530782e+06 -9.75981457e+01 
 1.45193013e+06 -4.38314041e+00  1.45193013e+06 -9.81465030e+01 
 1.46874495e+06 -4.42794198e+00  1.46874495e+06 -9.87035740e+01 
 1.48575450e+06 -4.47257745e+00  1.48575450e+06 -9.92694777e+01 
 1.50296103e+06 -4.51705710e+00  1.50296103e+06 -9.98443329e+01 
 1.52036684e+06 -4.56139149e+00  1.52036684e+06 -1.00428259e+02 
 1.53797422e+06 -4.60559147e+00  1.53797422e+06 -1.01021373e+02 
 1.55578551e+06 -4.64966817e+00  1.55578551e+06 -1.01623795e+02 
 1.57380308e+06 -4.69363301e+00  1.57380308e+06 -1.02235642e+02 
 1.59202931e+06 -4.73749771e+00  1.59202931e+06 -1.02857033e+02 
 1.61046661e+06 -4.78127431e+00  1.61046661e+06 -1.03488086e+02 
 1.62911744e+06 -4.82497514e+00  1.62911744e+06 -1.04128918e+02 
 1.64798426e+06 -4.86861287e+00  1.64798426e+06 -1.04779647e+02 
 1.66706959e+06 -4.91220048e+00  1.66706959e+06 -1.05440390e+02 
 1.68637593e+06 -4.95575132e+00  1.68637593e+06 -1.06111266e+02 
 1.70590587e+06 -4.99927908e+00  1.70590587e+06 -1.06792390e+02 
 1.72566198e+06 -5.04279781e+00  1.72566198e+06 -1.07483881e+02 
 1.74564689e+06 -5.08632194e+00  1.74564689e+06 -1.08185855e+02 
 1.76586324e+06 -5.12986632e+00  1.76586324e+06 -1.08898428e+02 
 1.78631372e+06 -5.17344618e+00  1.78631372e+06 -1.09621718e+02 
 1.80700103e+06 -5.21707720e+00  1.80700103e+06 -1.10355840e+02 
 1.82792793e+06 -5.26077550e+00  1.82792793e+06 -1.11100912e+02 
 1.84909717e+06 -5.30455766e+00  1.84909717e+06 -1.11857049e+02 
 1.87051159e+06 -5.34844078e+00  1.87051159e+06 -1.12624366e+02 
 1.89217400e+06 -5.39244245e+00  1.89217400e+06 -1.13402979e+02 
 1.91408728e+06 -5.43658080e+00  1.91408728e+06 -1.14193004e+02 
 1.93625434e+06 -5.48087454e+00  1.93625434e+06 -1.14994555e+02 
 1.95867812e+06 -5.52534296e+00  1.95867812e+06 -1.15807747e+02 
 1.98136159e+06 -5.57000601e+00  1.98136159e+06 -1.16632692e+02 
 2.00430776e+06 -5.61488426e+00  2.00430776e+06 -1.17469506e+02 
 2.02751966e+06 -5.65999900e+00  2.02751966e+06 -1.18318299e+02 
 2.05100039e+06 -5.70537224e+00  2.05100039e+06 -1.19179184e+02 
 2.07475304e+06 -5.75102677e+00  2.07475304e+06 -1.20052272e+02 
 2.09878077e+06 -5.79698616e+00  2.09878077e+06 -1.20937672e+02 
 2.12308677e+06 -5.84327485e+00  2.12308677e+06 -1.21835492e+02 
 2.14767426e+06 -5.88991818e+00  2.14767426e+06 -1.22745839e+02 
 2.17254649e+06 -5.93694241e+00  2.17254649e+06 -1.23668818e+02 
 2.19770677e+06 -5.98437478e+00  2.19770677e+06 -1.24604532e+02 
 2.22315843e+06 -6.03224357e+00  2.22315843e+06 -1.25553082e+02 
 2.24890485e+06 -6.08057813e+00  2.24890485e+06 -1.26514566e+02 
 2.27494944e+06 -6.12940893e+00  2.27494944e+06 -1.27489078e+02 
 2.30129565e+06 -6.17876760e+00  2.30129565e+06 -1.28476710e+02 
 2.32794697e+06 -6.22868700e+00  2.32794697e+06 -1.29477550e+02 
 2.35490695e+06 -6.27920124e+00  2.35490695e+06 -1.30491680e+02 
 2.38217915e+06 -6.33034574e+00  2.38217915e+06 -1.31519179e+02 
 2.40976718e+06 -6.38215726e+00  2.40976718e+06 -1.32560119e+02 
 2.43767472e+06 -6.43467396e+00  2.43767472e+06 -1.33614567e+02 
 2.46590545e+06 -6.48793538e+00  2.46590545e+06 -1.34682581e+02 
 2.49446313e+06 -6.54198253e+00  2.49446313e+06 -1.35764213e+02 
 2.52335153e+06 -6.59685789e+00  2.52335153e+06 -1.36859505e+02 
 2.55257448e+06 -6.65260539e+00  2.55257448e+06 -1.37968491e+02 
 2.58213587e+06 -6.70927048e+00  2.58213587e+06 -1.39091194e+02 
 2.61203961e+06 -6.76690006e+00  2.61203961e+06 -1.40227623e+02 
 2.64228966e+06 -6.82554249e+00  2.64228966e+06 -1.41377779e+02 
 2.67289004e+06 -6.88524757e+00  2.67289004e+06 -1.42541646e+02 
 2.70384481e+06 -6.94606649e+00  2.70384481e+06 -1.43719193e+02 
 2.73515806e+06 -7.00805174e+00  2.73515806e+06 -1.44910374e+02 
 2.76683395e+06 -7.07125705e+00  2.76683395e+06 -1.46115126e+02 
 2.79887667e+06 -7.13573731e+00  2.79887667e+06 -1.47333366e+02 
 2.83129049e+06 -7.20154839e+00  2.83129049e+06 -1.48564992e+02 
 2.86407969e+06 -7.26874705e+00  2.86407969e+06 -1.49809881e+02 
 2.89724862e+06 -7.33739073e+00  2.89724862e+06 -1.51067885e+02 
 2.93080168e+06 -7.40753737e+00  2.93080168e+06 -1.52338837e+02 
 2.96474332e+06 -7.47924520e+00  2.96474332e+06 -1.53622542e+02 
 2.99907804e+06 -7.55257247e+00  2.99907804e+06 -1.54918779e+02 
 3.03381039e+06 -7.62757718e+00  3.03381039e+06 -1.56227301e+02 
 3.06894498e+06 -7.70431678e+00  3.06894498e+06 -1.57547834e+02 
 3.10448646e+06 -7.78284786e+00  3.10448646e+06 -1.58880074e+02 
 3.14043954e+06 -7.86322574e+00  3.14043954e+06 -1.60223690e+02 
 3.17680900e+06 -7.94550420e+00  3.17680900e+06 -1.61578321e+02 
 3.21359965e+06 -8.02973499e+00  3.21359965e+06 -1.62943577e+02 
 3.25081638e+06 -8.11596749e+00  3.25081638e+06 -1.64319040e+02 
 3.28846411e+06 -8.20424827e+00  3.28846411e+06 -1.65704261e+02 
 3.32654785e+06 -8.29462066e+00  3.32654785e+06 -1.67098768e+02 
 3.36507263e+06 -8.38712437e+00  3.36507263e+06 -1.68502058e+02 
 3.40404356e+06 -8.48179503e+00  3.40404356e+06 -1.69913607e+02 
 3.44346582e+06 -8.57866384e+00  3.44346582e+06 -1.71332866e+02 
 3.48334463e+06 -8.67775714e+00  3.48334463e+06 -1.72759266e+02 
 3.52368527e+06 -8.77909609e+00  3.52368527e+06 -1.74192219e+02 
 3.56449310e+06 -8.88269636e+00  3.56449310e+06 -1.75631121e+02 
 3.60577353e+06 -8.98856782e+00  3.60577353e+06 -1.77075359e+02 
 3.64753203e+06 -9.09671436e+00  3.64753203e+06 -1.78524306e+02 
 3.68977413e+06 -9.20713368e+00  3.68977413e+06 -1.79977334e+02 
 3.73250543e+06 -9.31981718e+00  3.73250543e+06  1.78566189e+02 
 3.77573161e+06 -9.43474994e+00  3.77573161e+06  1.77106894e+02 
 3.81945839e+06 -9.55191069e+00  3.81945839e+06  1.75645403e+02 
 3.86369158e+06 -9.67127193e+00  3.86369158e+06  1.74182329e+02 
 3.90843702e+06 -9.79280010e+00  3.90843702e+06  1.72718272e+02 
 3.95370067e+06 -9.91645572e+00  3.95370067e+06  1.71253814e+02 
 3.99948851e+06 -1.00421938e+01  3.99948851e+06  1.69789514e+02 
 4.04580662e+06 -1.01699640e+01  4.04580662e+06  1.68325908e+02 
 4.09266114e+06 -1.02997114e+01  4.09266114e+06  1.66863503e+02 
 4.14005829e+06 -1.04313764e+01  4.14005829e+06  1.65402777e+02 
 4.18800434e+06 -1.05648958e+01  4.18800434e+06  1.63944172e+02 
 4.23650566e+06 -1.07002028e+01  4.23650566e+06  1.62488098e+02 
 4.28556866e+06 -1.08372280e+01  4.28556866e+06  1.61034927e+02 
 4.33519987e+06 -1.09758997e+01  4.33519987e+06  1.59584992e+02 
 4.38540586e+06 -1.11161447e+01  4.38540586e+06  1.58138590e+02 
 4.43619329e+06 -1.12578886e+01  4.43619329e+06  1.56695976e+02 
 4.48756888e+06 -1.14010566e+01  4.48756888e+06  1.55257371e+02 
 4.53953946e+06 -1.15455739e+01  4.53953946e+06  1.53822952e+02 
 4.59211190e+06 -1.16913665e+01  4.59211190e+06  1.52392863e+02 
 4.64529319e+06 -1.18383612e+01  4.64529319e+06  1.50967212e+02 
 4.69909037e+06 -1.19864866e+01  4.69909037e+06  1.49546070e+02 
 4.75351058e+06 -1.21356733e+01  4.75351058e+06  1.48129478e+02 
 4.80856103e+06 -1.22858541e+01  4.80856103e+06  1.46717446e+02 
 4.86424902e+06 -1.24369647e+01  4.86424902e+06  1.45309955e+02 
 4.92058193e+06 -1.25889436e+01  4.92058193e+06  1.43906961e+02 
 4.97756723e+06 -1.27417326e+01  4.97756723e+06  1.42508397e+02 
 5.03521248e+06 -1.28952769e+01  5.03521248e+06  1.41114174e+02 
 5.09352532e+06 -1.30495252e+01  5.09352532e+06  1.39724187e+02 
 5.15251348e+06 -1.32044300e+01  5.15251348e+06  1.38338313e+02 
 5.21218479e+06 -1.33599473e+01  5.21218479e+06  1.36956417e+02 
 5.27254715e+06 -1.35160369e+01  5.27254715e+06  1.35578353e+02 
 5.33360856e+06 -1.36726624e+01  5.33360856e+06  1.34203967e+02 
 5.39537713e+06 -1.38297909e+01  5.39537713e+06  1.32833097e+02 
 5.45786104e+06 -1.39873933e+01  5.45786104e+06  1.31465579e+02 
 5.52106858e+06 -1.41454436e+01  5.52106858e+06  1.30101245e+02 
 5.58500812e+06 -1.43039196e+01  5.58500812e+06  1.28739928e+02 
 5.64968815e+06 -1.44628020e+01  5.64968815e+06  1.27381459e+02 
 5.71511724e+06 -1.46220748e+01  5.71511724e+06  1.26025674e+02 
 5.78130406e+06 -1.47817247e+01  5.78130406e+06  1.24672412e+02 
 5.84825740e+06 -1.49417413e+01  5.84825740e+06  1.23321516e+02 
 5.91598612e+06 -1.51021167e+01  5.91598612e+06  1.21972835e+02 
 5.98449920e+06 -1.52628453e+01  5.98449920e+06  1.20626226e+02 
 6.05380574e+06 -1.54239239e+01  6.05380574e+06  1.19281551e+02 
 6.12391492e+06 -1.55853511e+01  6.12391492e+06  1.17938681e+02 
 6.19483603e+06 -1.57471276e+01  6.19483603e+06  1.16597494e+02 
 6.26657849e+06 -1.59092555e+01  6.26657849e+06  1.15257879e+02 
 6.33915179e+06 -1.60717386e+01  6.33915179e+06  1.13919730e+02 
 6.41256556e+06 -1.62345820e+01  6.41256556e+06  1.12582954e+02 
 6.48682954e+06 -1.63977920e+01  6.48682954e+06  1.11247464e+02 
 6.56195357e+06 -1.65613759e+01  6.56195357e+06  1.09913182e+02 
 6.63794761e+06 -1.67253422e+01  6.63794761e+06  1.08580039e+02 
 6.71482174e+06 -1.68896997e+01  6.71482174e+06  1.07247977e+02 
 6.79258615e+06 -1.70544583e+01  6.79258615e+06  1.05916944e+02 
 6.87125115e+06 -1.72196282e+01  6.87125115e+06  1.04586895e+02 
 6.95082717e+06 -1.73852203e+01  6.95082717e+06  1.03257796e+02 
 7.03132476e+06 -1.75512454e+01  7.03132476e+06  1.01929620e+02 
 7.11275460e+06 -1.77177152e+01  7.11275460e+06  1.00602345e+02 
 7.19512747e+06 -1.78846409e+01  7.19512747e+06  9.92759581e+01 
 7.27845431e+06 -1.80520344e+01  7.27845431e+06  9.79504528e+01 
 7.36274615e+06 -1.82199071e+01  7.36274615e+06  9.66258283e+01 
 7.44801418e+06 -1.83882709e+01  7.44801418e+06  9.53020900e+01 
 7.53426970e+06 -1.85571372e+01  7.53426970e+06  9.39792488e+01 
 7.62152414e+06 -1.87265175e+01  7.62152414e+06  9.26573206e+01 
 7.70978908e+06 -1.88964229e+01  7.70978908e+06  9.13363263e+01 
 7.79907622e+06 -1.90668646e+01  7.79907622e+06  9.00162910e+01 
 7.88939739e+06 -1.92378533e+01  7.88939739e+06  8.86972441e+01 
 7.98076457e+06 -1.94093994e+01  7.98076457e+06  8.73792185e+01 
 8.07318988e+06 -1.95815132e+01  8.07318988e+06  8.60622505e+01 
 8.16668556e+06 -1.97542044e+01  8.16668556e+06  8.47463796e+01 
 8.26126402e+06 -1.99274825e+01  8.26126402e+06  8.34316478e+01 
 8.35693779e+06 -2.01013567e+01  8.35693779e+06  8.21180995e+01 
 8.45371956e+06 -2.02758357e+01  8.45371956e+06  8.08057814e+01 
 8.55162216e+06 -2.04509278e+01  8.55162216e+06  7.94947417e+01 
 8.65065857e+06 -2.06266408e+01  8.65065857e+06  7.81850304e+01 
 8.75084193e+06 -2.08029823e+01  8.75084193e+06  7.68766985e+01 
 8.85218551e+06 -2.09799593e+01  8.85218551e+06  7.55697982e+01 
 8.95470275e+06 -2.11575786e+01  8.95470275e+06  7.42643822e+01 
 9.05840724e+06 -2.13358464e+01  9.05840724e+06  7.29605039e+01 
 9.16331273e+06 -2.15147684e+01  9.16331273e+06  7.16582170e+01 
 9.26943314e+06 -2.16943502e+01  9.26943314e+06  7.03575752e+01 
 9.37678253e+06 -2.18745966e+01  9.37678253e+06  6.90586320e+01 
 9.48537513e+06 -2.20555123e+01  9.48537513e+06  6.77614407e+01 
 9.59522534e+06 -2.22371014e+01  9.59522534e+06  6.64660541e+01 
 9.70634773e+06 -2.24193677e+01  9.70634773e+06  6.51725243e+01 
 9.81875703e+06 -2.26023147e+01  9.81875703e+06  6.38809025e+01 
 9.93246814e+06 -2.27859453e+01  9.93246814e+06  6.25912391e+01 
 1.00474961e+07 -2.29702622e+01  1.00474961e+07  6.13035833e+01 
 1.01638563e+07 -2.31552676e+01  1.01638563e+07  6.00179830e+01 
 1.02815640e+07 -2.33409635e+01  1.02815640e+07  5.87344848e+01 
 1.04006349e+07 -2.35273515e+01  1.04006349e+07  5.74531339e+01 
 1.05210847e+07 -2.37144328e+01  1.05210847e+07  5.61739739e+01 
 1.06429295e+07 -2.39022084e+01  1.06429295e+07  5.48970467e+01 
 1.07661854e+07 -2.40906790e+01  1.07661854e+07  5.36223923e+01 
 1.08908687e+07 -2.42798449e+01  1.08908687e+07  5.23500493e+01 
 1.10169959e+07 -2.44697062e+01  1.10169959e+07  5.10800539e+01 
 1.11445838e+07 -2.46602627e+01  1.11445838e+07  4.98124407e+01 
 1.12736493e+07 -2.48515140e+01  1.12736493e+07  4.85472422e+01 
 1.14042096e+07 -2.50434593e+01  1.14042096e+07  4.72844888e+01 
 1.15362818e+07 -2.52360979e+01  1.15362818e+07  4.60242088e+01 
 1.16698836e+07 -2.54294286e+01  1.16698836e+07  4.47664286e+01 
 1.18050326e+07 -2.56234501e+01  1.18050326e+07  4.35111721e+01 
 1.19417468e+07 -2.58181609e+01  1.19417468e+07  4.22584612e+01 
 1.20800443e+07 -2.60135594e+01  1.20800443e+07  4.10083158e+01 
 1.22199434e+07 -2.62096437e+01  1.22199434e+07  3.97607534e+01 
 1.23614627e+07 -2.64064120e+01  1.23614627e+07  3.85157893e+01 
 1.25046209e+07 -2.66038621e+01  1.25046209e+07  3.72734369e+01 
 1.26494370e+07 -2.68019918e+01  1.26494370e+07  3.60337071e+01 
 1.27959303e+07 -2.70007989e+01  1.27959303e+07  3.47966089e+01 
 1.29441200e+07 -2.72002810e+01  1.29441200e+07  3.35621491e+01 
 1.30940260e+07 -2.74004357e+01  1.30940260e+07  3.23303324e+01 
 1.32456680e+07 -2.76012603e+01  1.32456680e+07  3.11011615e+01 
 1.33990662e+07 -2.78027523e+01  1.33990662e+07  2.98746370e+01 
 1.35542409e+07 -2.80049092e+01  1.35542409e+07  2.86507577e+01 
 1.37112127e+07 -2.82077283e+01  1.37112127e+07  2.74295203e+01 
 1.38700024e+07 -2.84112068e+01  1.38700024e+07  2.62109198e+01 
 1.40306310e+07 -2.86153423e+01  1.40306310e+07  2.49949491e+01 
 1.41931199e+07 -2.88201319e+01  1.41931199e+07  2.37815998e+01 
 1.43574905e+07 -2.90255731e+01  1.43574905e+07  2.25708613e+01 
 1.45237648e+07 -2.92316632e+01  1.45237648e+07  2.13627217e+01 
 1.46919646e+07 -2.94383997e+01  1.46919646e+07  2.01571675e+01 
 1.48621124e+07 -2.96457799e+01  1.48621124e+07  1.89541837e+01 
 1.50342306e+07 -2.98538014e+01  1.50342306e+07  1.77537539e+01 
 1.52083422e+07 -3.00624618e+01  1.52083422e+07  1.65558602e+01 
 1.53844701e+07 -3.02717587e+01  1.53844701e+07  1.53604839e+01 
 1.55626378e+07 -3.04816897e+01  1.55626378e+07  1.41676046e+01 
 1.57428689e+07 -3.06922527e+01  1.57428689e+07  1.29772012e+01 
 1.59251872e+07 -3.09034455e+01  1.59251872e+07  1.17892515e+01 
 1.61096169e+07 -3.11152660e+01  1.61096169e+07  1.06037323e+01 
 1.62961825e+07 -3.13277123e+01  1.62961825e+07  9.42061981e+00 
 1.64849088e+07 -3.15407825e+01  1.64849088e+07  8.23988928e+00 
 1.66758206e+07 -3.17544749e+01  1.66758206e+07  7.06151549e+00 
 1.68689435e+07 -3.19687879e+01  1.68689435e+07  5.88547264e+00 
 1.70643029e+07 -3.21837198e+01  1.70643029e+07  4.71173450e+00 
 1.72619247e+07 -3.23992692e+01  1.72619247e+07  3.54027451e+00 
 1.74618352e+07 -3.26154349e+01  1.74618352e+07  2.37106584e+00 
 1.76640609e+07 -3.28322156e+01  1.76640609e+07  1.20408153e+00 
 1.78686285e+07 -3.30496102e+01  1.78686285e+07  3.92945609e-02 
 1.80755653e+07 -3.32676178e+01  1.80755653e+07 -1.12332204e+00 
 1.82848985e+07 -3.34862376e+01  1.82848985e+07 -2.28379510e+00 
 1.84966561e+07 -3.37054687e+01  1.84966561e+07 -3.44215121e+00 
 1.87108661e+07 -3.39253106e+01  1.87108661e+07 -4.59841664e+00 
 1.89275568e+07 -3.41457627e+01  1.89275568e+07 -5.75261722e+00 
 1.91467570e+07 -3.43668247e+01  1.91467570e+07 -6.90477824e+00 
 1.93684957e+07 -3.45884963e+01  1.93684957e+07 -8.05492442e+00 
 1.95928024e+07 -3.48107773e+01  1.95928024e+07 -9.20307970e+00 
 1.98197069e+07 -3.50336677e+01  1.98197069e+07 -1.03492673e+01 
 2.00492391e+07 -3.52571674e+01  2.00492391e+07 -1.14935094e+01 
 2.02814295e+07 -3.54812765e+01  2.02814295e+07 -1.26358274e+01 
 2.05163089e+07 -3.57059954e+01  2.05163089e+07 -1.37762414e+01 
 2.07539085e+07 -3.59313244e+01  2.07539085e+07 -1.49147706e+01 
 2.09942597e+07 -3.61572637e+01  2.09942597e+07 -1.60514326e+01 
 2.12373944e+07 -3.63838139e+01  2.12373944e+07 -1.71862440e+01 
 2.14833448e+07 -3.66109756e+01  2.14833448e+07 -1.83192197e+01 
 2.17321436e+07 -3.68387493e+01  2.17321436e+07 -1.94503734e+01 
 2.19838238e+07 -3.70671357e+01  2.19838238e+07 -2.05797169e+01 
 2.22384186e+07 -3.72961356e+01  2.22384186e+07 -2.17072606e+01 
 2.24959620e+07 -3.75257497e+01  2.24959620e+07 -2.28330129e+01 
 2.27564879e+07 -3.77559788e+01  2.27564879e+07 -2.39569807e+01 
 2.30200310e+07 -3.79868238e+01  2.30200310e+07 -2.50791688e+01 
 2.32866262e+07 -3.82182855e+01  2.32866262e+07 -2.61995800e+01 
 2.35563088e+07 -3.84503648e+01  2.35563088e+07 -2.73182153e+01 
 2.38291146e+07 -3.86830627e+01  2.38291146e+07 -2.84350733e+01 
 2.41050798e+07 -3.89163800e+01  2.41050798e+07 -2.95501508e+01 
 2.43842409e+07 -3.91503175e+01  2.43842409e+07 -3.06634420e+01 
 2.46666350e+07 -3.93848763e+01  2.46666350e+07 -3.17749392e+01 
 2.49522996e+07 -3.96200570e+01  2.49522996e+07 -3.28846321e+01 
 2.52412724e+07 -3.98558605e+01  2.52412724e+07 -3.39925082e+01 
 2.55335918e+07 -4.00922876e+01  2.55335918e+07 -3.50985522e+01 
 2.58292965e+07 -4.03293390e+01  2.58292965e+07 -3.62027468e+01 
 2.61284258e+07 -4.05670152e+01  2.61284258e+07 -3.73050719e+01 
 2.64310194e+07 -4.08053169e+01  2.64310194e+07 -3.84055047e+01 
 2.67371172e+07 -4.10442446e+01  2.67371172e+07 -3.95040201e+01 
 2.70467600e+07 -4.12837985e+01  2.70467600e+07 -4.06005900e+01 
 2.73599888e+07 -4.15239789e+01  2.73599888e+07 -4.16951839e+01 
 2.76768451e+07 -4.17647861e+01  2.76768451e+07 -4.27877683e+01 
 2.79973709e+07 -4.20062200e+01  2.79973709e+07 -4.38783073e+01 
 2.83216087e+07 -4.22482805e+01  2.83216087e+07 -4.49667618e+01 
 2.86496015e+07 -4.24909674e+01  2.86496015e+07 -4.60530902e+01 
 2.89813928e+07 -4.27342801e+01  2.89813928e+07 -4.71372480e+01 
 2.93170265e+07 -4.29782181e+01  2.93170265e+07 -4.82191878e+01 
 2.96565473e+07 -4.32227807e+01  2.96565473e+07 -4.92988594e+01 
 3.00000000e+07 -4.34679667e+01  3.00000000e+07 -5.03762097e+01 
