cella,variante,f_hz,amp,gm,rl,grandezza,uscita,picco_V,t_picco_s,finestra_s,esito,nota
gm0x3_1k_iii_i,l29d2_iii,1000,3.818,0a3,100k,A_ins,MAINJACK,4.033,1.000021,2.000,SOPRA,riferimento g0sempre_1k_iii
gm0x3_1k_iii_i,l29d2_iii,1000,3.818,0a3,100k,A_rel,MAINJACK,4.033,5.000021,2.000,SOPRA,riferimento g0mai_1k_iii
gm0x3_1k_iii_i,l29d2_iii,1000,3.818,0a3,100k,B2,MAINJACK,1.929e-06,4.526948,,sotto,mute da t_ins+t_grad+20 ms a t_rel
gm0x3_1k_iii_i,l29d2_iii,1000,3.818,0a3,100k,C1_ins,MAINJACK,0.004248,1.917979,,SOPRA,"diagnostica, cond 1"
gm0x3_1k_iii_i,l29d2_iii,1000,3.818,0a3,100k,C1_rel,MAINJACK,0.001047,8.292479,,SOPRA,"diagnostica, cond 1"
gm0x3_1k_iii_i,l29d2_iii,1000,3.818,0a3,100k,C2_ins,MAINJACK,0.004248,1.917979,,SOPRA,"riferimento g0sempre_1k_iii, cond 1"
gm0x3_1k_iii_i,l29d2_iii,1000,3.818,0a3,100k,C2_rel,MAINJACK,0.001038,8.292490,,SOPRA,"riferimento g0mai_1k_iii, cond 1"
gm0x3_1k_iii_i,l29d2_iii,1000,3.818,0a3,100k,S_ins,MAINJACK,9.363,3.053000,,sotto,dB in 100 ms sopra -70 dB; pieno 3.813 V da g0mai_1k_iii
gm0x3_1k_iii_i,l29d2_iii,1000,3.818,0a3,100k,S_rel,MAINJACK,8.674,7.853000,,sotto,dB in 100 ms sopra -70 dB; pieno 3.813 V da g0mai_1k_iii
gm0x3_1k_iii_i,l29d2_iii,1000,3.818,0a3,100k,A_ins,FIXJACK1,4.034,1.000021,2.000,SOPRA,riferimento g0sempre_1k_iii
gm0x3_1k_iii_i,l29d2_iii,1000,3.818,0a3,100k,A_rel,FIXJACK1,4.034,5.000021,2.000,SOPRA,riferimento g0mai_1k_iii
gm0x3_1k_iii_i,l29d2_iii,1000,3.818,0a3,100k,B2,FIXJACK1,1.888e-06,4.527073,,sotto,mute da t_ins+t_grad+20 ms a t_rel
gm0x3_1k_iii_i,l29d2_iii,1000,3.818,0a3,100k,C1_ins,FIXJACK1,0.004249,1.917979,,SOPRA,"diagnostica, cond 1"
gm0x3_1k_iii_i,l29d2_iii,1000,3.818,0a3,100k,C1_rel,FIXJACK1,0.0007375,8.292479,,sotto,"diagnostica, cond 1"
gm0x3_1k_iii_i,l29d2_iii,1000,3.818,0a3,100k,C2_ins,FIXJACK1,0.004249,1.917979,,SOPRA,"riferimento g0sempre_1k_iii, cond 1"
gm0x3_1k_iii_i,l29d2_iii,1000,3.818,0a3,100k,C2_rel,FIXJACK1,0.0007288,8.292490,,sotto,"riferimento g0mai_1k_iii, cond 1"
gm0x3_1k_iii_i,l29d2_iii,1000,3.818,0a3,100k,S_ins,FIXJACK1,9.363,3.053000,,sotto,dB in 100 ms sopra -70 dB; pieno 3.814 V da g0mai_1k_iii
gm0x3_1k_iii_i,l29d2_iii,1000,3.818,0a3,100k,S_rel,FIXJACK1,8.674,7.853000,,sotto,dB in 100 ms sopra -70 dB; pieno 3.814 V da g0mai_1k_iii
gm0x3_1k_iii_i,l29d2_iii,1000,3.818,0a3,100k,A_ins,FIXJACK2,4.034,1.000021,2.000,SOPRA,riferimento g0sempre_1k_iii
gm0x3_1k_iii_i,l29d2_iii,1000,3.818,0a3,100k,A_rel,FIXJACK2,4.034,5.000021,2.000,SOPRA,riferimento g0mai_1k_iii
gm0x3_1k_iii_i,l29d2_iii,1000,3.818,0a3,100k,B2,FIXJACK2,1.888e-06,4.527073,,sotto,mute da t_ins+t_grad+20 ms a t_rel
gm0x3_1k_iii_i,l29d2_iii,1000,3.818,0a3,100k,C1_ins,FIXJACK2,0.004249,1.917979,,SOPRA,"diagnostica, cond 1"
gm0x3_1k_iii_i,l29d2_iii,1000,3.818,0a3,100k,C1_rel,FIXJACK2,0.0007375,8.292479,,sotto,"diagnostica, cond 1"
gm0x3_1k_iii_i,l29d2_iii,1000,3.818,0a3,100k,C2_ins,FIXJACK2,0.004249,1.917979,,SOPRA,"riferimento g0sempre_1k_iii, cond 1"
gm0x3_1k_iii_i,l29d2_iii,1000,3.818,0a3,100k,C2_rel,FIXJACK2,0.0007288,8.292490,,sotto,"riferimento g0mai_1k_iii, cond 1"
gm0x3_1k_iii_i,l29d2_iii,1000,3.818,0a3,100k,S_ins,FIXJACK2,9.363,3.053000,,sotto,dB in 100 ms sopra -70 dB; pieno 3.814 V da g0mai_1k_iii
gm0x3_1k_iii_i,l29d2_iii,1000,3.818,0a3,100k,S_rel,FIXJACK2,8.674,7.853000,,sotto,dB in 100 ms sopra -70 dB; pieno 3.814 V da g0mai_1k_iii
gm0x3_1k_iii_c,l29d2_iii,1000,3.818,0a3,100k,A_ins,MAINJACK,3.588e-08,5.000531,2.000,sotto,riferimento g3sempre_1k_iii
gm0x3_1k_iii_c,l29d2_iii,1000,3.818,0a3,100k,A_rel,MAINJACK,5.728,7.000021,2.000,SOPRA,riferimento g3mai_1k_iii
gm0x3_1k_iii_c,l29d2_iii,1000,3.818,0a3,100k,B2,MAINJACK,3.709e-09,6.999990,,sotto,mute da t_ins+t_grad+20 ms a t_rel
gm0x3_1k_iii_c,l29d2_iii,1000,3.818,0a3,100k,C1_ins,MAINJACK,3.576e-08,5.000531,,sotto,"diagnostica, cond 1"
gm0x3_1k_iii_c,l29d2_iii,1000,3.818,0a3,100k,C1_rel,MAINJACK,0.0003271,7.001031,,sotto,"diagnostica, cond 1"
gm0x3_1k_iii_c,l29d2_iii,1000,3.818,0a3,100k,C2_ins,MAINJACK,3.576e-08,5.000531,,sotto,"riferimento g3sempre_1k_iii, cond 1"
gm0x3_1k_iii_c,l29d2_iii,1000,3.818,0a3,100k,C2_rel,MAINJACK,0.000329,7.001031,,sotto,"riferimento g3mai_1k_iii, cond 1"
gm0x3_1k_iii_c,l29d2_iii,1000,3.818,0a3,100k,S_ins,MAINJACK,0,,,sotto,dB in 100 ms sopra -70 dB; pieno 5.415 V da g3mai_1k_iii
gm0x3_1k_iii_c,l29d2_iii,1000,3.818,0a3,100k,S_rel,MAINJACK,0,,,sotto,dB in 100 ms sopra -70 dB; pieno 5.415 V da g3mai_1k_iii
gm0x3_1k_iii_c,l29d2_iii,1000,3.818,0a3,100k,A_ins,FIXJACK1,3.116e-09,6.999990,2.000,sotto,riferimento g3sempre_1k_iii
gm0x3_1k_iii_c,l29d2_iii,1000,3.818,0a3,100k,A_rel,FIXJACK1,4.034,7.000021,2.000,SOPRA,riferimento g3mai_1k_iii
gm0x3_1k_iii_c,l29d2_iii,1000,3.818,0a3,100k,B2,FIXJACK1,3.117e-09,6.999990,,sotto,mute da t_ins+t_grad+20 ms a t_rel
gm0x3_1k_iii_c,l29d2_iii,1000,3.818,0a3,100k,C1_ins,FIXJACK1,9.105e-12,4.980000,,sotto,"diagnostica, cond 1"
gm0x3_1k_iii_c,l29d2_iii,1000,3.818,0a3,100k,C1_rel,FIXJACK1,0.0002303,7.001031,,sotto,"diagnostica, cond 1"
gm0x3_1k_iii_c,l29d2_iii,1000,3.818,0a3,100k,C2_ins,FIXJACK1,9.105e-12,4.980000,,sotto,"riferimento g3sempre_1k_iii, cond 1"
gm0x3_1k_iii_c,l29d2_iii,1000,3.818,0a3,100k,C2_rel,FIXJACK1,0.0002313,7.001031,,sotto,"riferimento g3mai_1k_iii, cond 1"
gm0x3_1k_iii_c,l29d2_iii,1000,3.818,0a3,100k,S_ins,FIXJACK1,0,,,sotto,dB in 100 ms sopra -70 dB; pieno 3.814 V da g3mai_1k_iii
gm0x3_1k_iii_c,l29d2_iii,1000,3.818,0a3,100k,S_rel,FIXJACK1,0,,,sotto,dB in 100 ms sopra -70 dB; pieno 3.814 V da g3mai_1k_iii
gm0x3_1k_iii_c,l29d2_iii,1000,3.818,0a3,100k,A_ins,FIXJACK2,3.116e-09,6.999990,2.000,sotto,riferimento g3sempre_1k_iii
gm0x3_1k_iii_c,l29d2_iii,1000,3.818,0a3,100k,A_rel,FIXJACK2,4.034,7.000021,2.000,SOPRA,riferimento g3mai_1k_iii
gm0x3_1k_iii_c,l29d2_iii,1000,3.818,0a3,100k,B2,FIXJACK2,3.117e-09,6.999990,,sotto,mute da t_ins+t_grad+20 ms a t_rel
gm0x3_1k_iii_c,l29d2_iii,1000,3.818,0a3,100k,C1_ins,FIXJACK2,9.105e-12,4.980000,,sotto,"diagnostica, cond 1"
gm0x3_1k_iii_c,l29d2_iii,1000,3.818,0a3,100k,C1_rel,FIXJACK2,0.0002303,7.001031,,sotto,"diagnostica, cond 1"
gm0x3_1k_iii_c,l29d2_iii,1000,3.818,0a3,100k,C2_ins,FIXJACK2,9.105e-12,4.980000,,sotto,"riferimento g3sempre_1k_iii, cond 1"
gm0x3_1k_iii_c,l29d2_iii,1000,3.818,0a3,100k,C2_rel,FIXJACK2,0.0002313,7.001031,,sotto,"riferimento g3mai_1k_iii, cond 1"
gm0x3_1k_iii_c,l29d2_iii,1000,3.818,0a3,100k,S_ins,FIXJACK2,0,,,sotto,dB in 100 ms sopra -70 dB; pieno 3.814 V da g3mai_1k_iii
gm0x3_1k_iii_c,l29d2_iii,1000,3.818,0a3,100k,S_rel,FIXJACK2,0,,,sotto,dB in 100 ms sopra -70 dB; pieno 3.814 V da g3mai_1k_iii
gm3x0_1k_iii_i,l29d2_iii,1000,3.818,3a0,100k,A_ins,MAINJACK,5.728,1.000021,2.000,SOPRA,riferimento g3sempre_1k_iii
gm3x0_1k_iii_i,l29d2_iii,1000,3.818,3a0,100k,A_rel,MAINJACK,5.728,5.000021,2.000,SOPRA,riferimento g3mai_1k_iii
gm3x0_1k_iii_i,l29d2_iii,1000,3.818,3a0,100k,B2,MAINJACK,2.728e-06,4.526958,,sotto,mute da t_ins+t_grad+20 ms a t_rel
gm3x0_1k_iii_i,l29d2_iii,1000,3.818,3a0,100k,C1_ins,MAINJACK,0.006039,1.917979,,SOPRA,"diagnostica, cond 1"
gm3x0_1k_iii_i,l29d2_iii,1000,3.818,3a0,100k,C1_rel,MAINJACK,0.0007373,8.292479,,sotto,"diagnostica, cond 1"
gm3x0_1k_iii_i,l29d2_iii,1000,3.818,3a0,100k,C2_ins,MAINJACK,0.006039,1.917979,,SOPRA,"riferimento g3sempre_1k_iii, cond 1"
gm3x0_1k_iii_i,l29d2_iii,1000,3.818,3a0,100k,C2_rel,MAINJACK,0.000726,8.292969,,sotto,"riferimento g3mai_1k_iii, cond 1"
gm3x0_1k_iii_i,l29d2_iii,1000,3.818,3a0,100k,S_ins,MAINJACK,9.363,3.053000,,sotto,dB in 100 ms sopra -70 dB; pieno 5.415 V da g3mai_1k_iii
gm3x0_1k_iii_i,l29d2_iii,1000,3.818,3a0,100k,S_rel,MAINJACK,8.674,7.853000,,sotto,dB in 100 ms sopra -70 dB; pieno 5.415 V da g3mai_1k_iii
gm3x0_1k_iii_i,l29d2_iii,1000,3.818,3a0,100k,A_ins,FIXJACK1,4.034,1.000021,2.000,SOPRA,riferimento g3sempre_1k_iii
gm3x0_1k_iii_i,l29d2_iii,1000,3.818,3a0,100k,A_rel,FIXJACK1,4.034,5.000021,2.000,SOPRA,riferimento g3mai_1k_iii
gm3x0_1k_iii_i,l29d2_iii,1000,3.818,3a0,100k,B2,FIXJACK1,1.877e-06,4.527083,,sotto,mute da t_ins+t_grad+20 ms a t_rel
gm3x0_1k_iii_i,l29d2_iii,1000,3.818,3a0,100k,C1_ins,FIXJACK1,0.004249,1.917979,,SOPRA,"diagnostica, cond 1"
gm3x0_1k_iii_i,l29d2_iii,1000,3.818,3a0,100k,C1_rel,FIXJACK1,0.0007375,8.292479,,sotto,"diagnostica, cond 1"
gm3x0_1k_iii_i,l29d2_iii,1000,3.818,3a0,100k,C2_ins,FIXJACK1,0.004249,1.917979,,SOPRA,"riferimento g3sempre_1k_iii, cond 1"
gm3x0_1k_iii_i,l29d2_iii,1000,3.818,3a0,100k,C2_rel,FIXJACK1,0.0007289,8.292490,,sotto,"riferimento g3mai_1k_iii, cond 1"
gm3x0_1k_iii_i,l29d2_iii,1000,3.818,3a0,100k,S_ins,FIXJACK1,9.363,3.053000,,sotto,dB in 100 ms sopra -70 dB; pieno 3.814 V da g3mai_1k_iii
gm3x0_1k_iii_i,l29d2_iii,1000,3.818,3a0,100k,S_rel,FIXJACK1,8.674,7.853000,,sotto,dB in 100 ms sopra -70 dB; pieno 3.814 V da g3mai_1k_iii
gm3x0_1k_iii_i,l29d2_iii,1000,3.818,3a0,100k,A_ins,FIXJACK2,4.034,1.000021,2.000,SOPRA,riferimento g3sempre_1k_iii
gm3x0_1k_iii_i,l29d2_iii,1000,3.818,3a0,100k,A_rel,FIXJACK2,4.034,5.000021,2.000,SOPRA,riferimento g3mai_1k_iii
gm3x0_1k_iii_i,l29d2_iii,1000,3.818,3a0,100k,B2,FIXJACK2,1.877e-06,4.527083,,sotto,mute da t_ins+t_grad+20 ms a t_rel
gm3x0_1k_iii_i,l29d2_iii,1000,3.818,3a0,100k,C1_ins,FIXJACK2,0.004249,1.917979,,SOPRA,"diagnostica, cond 1"
gm3x0_1k_iii_i,l29d2_iii,1000,3.818,3a0,100k,C1_rel,FIXJACK2,0.0007375,8.292479,,sotto,"diagnostica, cond 1"
gm3x0_1k_iii_i,l29d2_iii,1000,3.818,3a0,100k,C2_ins,FIXJACK2,0.004249,1.917979,,SOPRA,"riferimento g3sempre_1k_iii, cond 1"
gm3x0_1k_iii_i,l29d2_iii,1000,3.818,3a0,100k,C2_rel,FIXJACK2,0.0007289,8.292490,,sotto,"riferimento g3mai_1k_iii, cond 1"
gm3x0_1k_iii_i,l29d2_iii,1000,3.818,3a0,100k,S_ins,FIXJACK2,9.363,3.053000,,sotto,dB in 100 ms sopra -70 dB; pieno 3.814 V da g3mai_1k_iii
gm3x0_1k_iii_i,l29d2_iii,1000,3.818,3a0,100k,S_rel,FIXJACK2,8.674,7.853000,,sotto,dB in 100 ms sopra -70 dB; pieno 3.814 V da g3mai_1k_iii
gm3x0_1k_iii_c,l29d2_iii,1000,3.818,3a0,100k,A_ins,MAINJACK,2.931e-08,5.000406,2.000,sotto,riferimento g0sempre_1k_iii
gm3x0_1k_iii_c,l29d2_iii,1000,3.818,3a0,100k,A_rel,MAINJACK,4.033,7.000021,2.000,SOPRA,riferimento g0mai_1k_iii
gm3x0_1k_iii_c,l29d2_iii,1000,3.818,3a0,100k,B2,MAINJACK,5.802e-11,5.026656,,sotto,mute da t_ins+t_grad+20 ms a t_rel
gm3x0_1k_iii_c,l29d2_iii,1000,3.818,3a0,100k,C1_ins,MAINJACK,2.923e-08,5.000406,,sotto,"diagnostica, cond 1"
gm3x0_1k_iii_c,l29d2_iii,1000,3.818,3a0,100k,C1_rel,MAINJACK,0.0002302,7.001031,,sotto,"diagnostica, cond 1"
gm3x0_1k_iii_c,l29d2_iii,1000,3.818,3a0,100k,C2_ins,MAINJACK,2.923e-08,5.000406,,sotto,"riferimento g0sempre_1k_iii, cond 1"
gm3x0_1k_iii_c,l29d2_iii,1000,3.818,3a0,100k,C2_rel,MAINJACK,0.0002316,7.001031,,sotto,"riferimento g0mai_1k_iii, cond 1"
gm3x0_1k_iii_c,l29d2_iii,1000,3.818,3a0,100k,S_ins,MAINJACK,0,,,sotto,dB in 100 ms sopra -70 dB; pieno 3.813 V da g0mai_1k_iii
gm3x0_1k_iii_c,l29d2_iii,1000,3.818,3a0,100k,S_rel,MAINJACK,0,,,sotto,dB in 100 ms sopra -70 dB; pieno 3.813 V da g0mai_1k_iii
gm3x0_1k_iii_c,l29d2_iii,1000,3.818,3a0,100k,A_ins,FIXJACK1,6.021e-11,5.000656,2.000,sotto,riferimento g0sempre_1k_iii
gm3x0_1k_iii_c,l29d2_iii,1000,3.818,3a0,100k,A_rel,FIXJACK1,4.034,7.000021,2.000,SOPRA,riferimento g0mai_1k_iii
gm3x0_1k_iii_c,l29d2_iii,1000,3.818,3a0,100k,B2,FIXJACK1,5.965e-11,5.020156,,sotto,mute da t_ins+t_grad+20 ms a t_rel
gm3x0_1k_iii_c,l29d2_iii,1000,3.818,3a0,100k,C1_ins,FIXJACK1,9.139e-12,4.980000,,sotto,"diagnostica, cond 1"
gm3x0_1k_iii_c,l29d2_iii,1000,3.818,3a0,100k,C1_rel,FIXJACK1,0.0002302,7.001031,,sotto,"diagnostica, cond 1"
gm3x0_1k_iii_c,l29d2_iii,1000,3.818,3a0,100k,C2_ins,FIXJACK1,9.139e-12,4.980000,,sotto,"riferimento g0sempre_1k_iii, cond 1"
gm3x0_1k_iii_c,l29d2_iii,1000,3.818,3a0,100k,C2_rel,FIXJACK1,0.0002317,7.001031,,sotto,"riferimento g0mai_1k_iii, cond 1"
gm3x0_1k_iii_c,l29d2_iii,1000,3.818,3a0,100k,S_ins,FIXJACK1,0,,,sotto,dB in 100 ms sopra -70 dB; pieno 3.814 V da g0mai_1k_iii
gm3x0_1k_iii_c,l29d2_iii,1000,3.818,3a0,100k,S_rel,FIXJACK1,0,,,sotto,dB in 100 ms sopra -70 dB; pieno 3.814 V da g0mai_1k_iii
gm3x0_1k_iii_c,l29d2_iii,1000,3.818,3a0,100k,A_ins,FIXJACK2,6.021e-11,5.000656,2.000,sotto,riferimento g0sempre_1k_iii
gm3x0_1k_iii_c,l29d2_iii,1000,3.818,3a0,100k,A_rel,FIXJACK2,4.034,7.000021,2.000,SOPRA,riferimento g0mai_1k_iii
gm3x0_1k_iii_c,l29d2_iii,1000,3.818,3a0,100k,B2,FIXJACK2,5.965e-11,5.020156,,sotto,mute da t_ins+t_grad+20 ms a t_rel
gm3x0_1k_iii_c,l29d2_iii,1000,3.818,3a0,100k,C1_ins,FIXJACK2,9.139e-12,4.980000,,sotto,"diagnostica, cond 1"
gm3x0_1k_iii_c,l29d2_iii,1000,3.818,3a0,100k,C1_rel,FIXJACK2,0.0002302,7.001031,,sotto,"diagnostica, cond 1"
gm3x0_1k_iii_c,l29d2_iii,1000,3.818,3a0,100k,C2_ins,FIXJACK2,9.139e-12,4.980000,,sotto,"riferimento g0sempre_1k_iii, cond 1"
gm3x0_1k_iii_c,l29d2_iii,1000,3.818,3a0,100k,C2_rel,FIXJACK2,0.0002317,7.001031,,sotto,"riferimento g0mai_1k_iii, cond 1"
gm3x0_1k_iii_c,l29d2_iii,1000,3.818,3a0,100k,S_ins,FIXJACK2,0,,,sotto,dB in 100 ms sopra -70 dB; pieno 3.814 V da g0mai_1k_iii
gm3x0_1k_iii_c,l29d2_iii,1000,3.818,3a0,100k,S_rel,FIXJACK2,0,,,sotto,dB in 100 ms sopra -70 dB; pieno 3.814 V da g0mai_1k_iii
gm3x10_1k_iii_i,l29d2_iii,1000,3.818,3a10,100k,A_ins,MAINJACK,5.728,1.000021,2.000,SOPRA,riferimento g3sempre_1k_iii
gm3x10_1k_iii_i,l29d2_iii,1000,3.818,3a10,100k,A_rel,MAINJACK,5.728,5.000021,2.000,SOPRA,riferimento g3mai_1k_iii
gm3x10_1k_iii_i,l29d2_iii,1000,3.818,3a10,100k,B2,MAINJACK,2.728e-06,4.526958,,sotto,mute da t_ins+t_grad+20 ms a t_rel
gm3x10_1k_iii_i,l29d2_iii,1000,3.818,3a10,100k,C1_ins,MAINJACK,0.006039,1.917979,,SOPRA,"diagnostica, cond 1"
gm3x10_1k_iii_i,l29d2_iii,1000,3.818,3a10,100k,C1_rel,MAINJACK,0.002323,8.292479,,SOPRA,"diagnostica, cond 1"
gm3x10_1k_iii_i,l29d2_iii,1000,3.818,3a10,100k,C2_ins,MAINJACK,0.006039,1.917979,,SOPRA,"riferimento g3sempre_1k_iii, cond 1"
gm3x10_1k_iii_i,l29d2_iii,1000,3.818,3a10,100k,C2_rel,MAINJACK,0.002308,8.292490,,SOPRA,"riferimento g3mai_1k_iii, cond 1"
gm3x10_1k_iii_i,l29d2_iii,1000,3.818,3a10,100k,S_ins,MAINJACK,9.363,3.053000,,sotto,dB in 100 ms sopra -70 dB; pieno 5.415 V da g3mai_1k_iii
gm3x10_1k_iii_i,l29d2_iii,1000,3.818,3a10,100k,S_rel,MAINJACK,8.674,7.853000,,sotto,dB in 100 ms sopra -70 dB; pieno 5.415 V da g3mai_1k_iii
gm3x10_1k_iii_i,l29d2_iii,1000,3.818,3a10,100k,A_ins,FIXJACK1,4.034,1.000021,2.000,SOPRA,riferimento g3sempre_1k_iii
gm3x10_1k_iii_i,l29d2_iii,1000,3.818,3a10,100k,A_rel,FIXJACK1,4.034,5.000021,2.000,SOPRA,riferimento g3mai_1k_iii
gm3x10_1k_iii_i,l29d2_iii,1000,3.818,3a10,100k,B2,FIXJACK1,1.877e-06,4.527083,,sotto,mute da t_ins+t_grad+20 ms a t_rel
gm3x10_1k_iii_i,l29d2_iii,1000,3.818,3a10,100k,C1_ins,FIXJACK1,0.004249,1.917979,,SOPRA,"diagnostica, cond 1"
gm3x10_1k_iii_i,l29d2_iii,1000,3.818,3a10,100k,C1_rel,FIXJACK1,0.0007376,8.292479,,sotto,"diagnostica, cond 1"
gm3x10_1k_iii_i,l29d2_iii,1000,3.818,3a10,100k,C2_ins,FIXJACK1,0.004249,1.917979,,SOPRA,"riferimento g3sempre_1k_iii, cond 1"
gm3x10_1k_iii_i,l29d2_iii,1000,3.818,3a10,100k,C2_rel,FIXJACK1,0.000729,8.292490,,sotto,"riferimento g3mai_1k_iii, cond 1"
gm3x10_1k_iii_i,l29d2_iii,1000,3.818,3a10,100k,S_ins,FIXJACK1,9.363,3.053000,,sotto,dB in 100 ms sopra -70 dB; pieno 3.814 V da g3mai_1k_iii
gm3x10_1k_iii_i,l29d2_iii,1000,3.818,3a10,100k,S_rel,FIXJACK1,8.674,7.853000,,sotto,dB in 100 ms sopra -70 dB; pieno 3.814 V da g3mai_1k_iii
gm3x10_1k_iii_i,l29d2_iii,1000,3.818,3a10,100k,A_ins,FIXJACK2,4.034,1.000021,2.000,SOPRA,riferimento g3sempre_1k_iii
gm3x10_1k_iii_i,l29d2_iii,1000,3.818,3a10,100k,A_rel,FIXJACK2,4.034,5.000021,2.000,SOPRA,riferimento g3mai_1k_iii
gm3x10_1k_iii_i,l29d2_iii,1000,3.818,3a10,100k,B2,FIXJACK2,1.877e-06,4.527083,,sotto,mute da t_ins+t_grad+20 ms a t_rel
gm3x10_1k_iii_i,l29d2_iii,1000,3.818,3a10,100k,C1_ins,FIXJACK2,0.004249,1.917979,,SOPRA,"diagnostica, cond 1"
gm3x10_1k_iii_i,l29d2_iii,1000,3.818,3a10,100k,C1_rel,FIXJACK2,0.0007376,8.292479,,sotto,"diagnostica, cond 1"
gm3x10_1k_iii_i,l29d2_iii,1000,3.818,3a10,100k,C2_ins,FIXJACK2,0.004249,1.917979,,SOPRA,"riferimento g3sempre_1k_iii, cond 1"
gm3x10_1k_iii_i,l29d2_iii,1000,3.818,3a10,100k,C2_rel,FIXJACK2,0.000729,8.292490,,sotto,"riferimento g3mai_1k_iii, cond 1"
gm3x10_1k_iii_i,l29d2_iii,1000,3.818,3a10,100k,S_ins,FIXJACK2,9.363,3.053000,,sotto,dB in 100 ms sopra -70 dB; pieno 3.814 V da g3mai_1k_iii
gm3x10_1k_iii_i,l29d2_iii,1000,3.818,3a10,100k,S_rel,FIXJACK2,8.674,7.853000,,sotto,dB in 100 ms sopra -70 dB; pieno 3.814 V da g3mai_1k_iii
gm3x10_1k_iii_c,l29d2_iii,1000,3.818,3a10,100k,A_ins,MAINJACK,3.98e-08,5.000312,2.000,sotto,riferimento g10sempre_1k_iii
gm3x10_1k_iii_c,l29d2_iii,1000,3.818,3a10,100k,A_rel,MAINJACK,12.71,7.000021,2.000,SOPRA,riferimento g10mai_1k_iii
gm3x10_1k_iii_c,l29d2_iii,1000,3.818,3a10,100k,B2,MAINJACK,6.909e-09,6.999990,,sotto,mute da t_ins+t_grad+20 ms a t_rel
gm3x10_1k_iii_c,l29d2_iii,1000,3.818,3a10,100k,C1_ins,MAINJACK,3.955e-08,5.000312,,sotto,"diagnostica, cond 1"
gm3x10_1k_iii_c,l29d2_iii,1000,3.818,3a10,100k,C1_rel,MAINJACK,0.0007167,7.001031,,sotto,"diagnostica, cond 1"
gm3x10_1k_iii_c,l29d2_iii,1000,3.818,3a10,100k,C2_ins,MAINJACK,3.955e-08,5.000312,,sotto,"riferimento g10sempre_1k_iii, cond 1"
gm3x10_1k_iii_c,l29d2_iii,1000,3.818,3a10,100k,C2_rel,MAINJACK,0.0007657,7.001958,,sotto,"riferimento g10mai_1k_iii, cond 1"
gm3x10_1k_iii_c,l29d2_iii,1000,3.818,3a10,100k,S_ins,MAINJACK,0,,,sotto,dB in 100 ms sopra -70 dB; pieno 12.02 V da g10mai_1k_iii
gm3x10_1k_iii_c,l29d2_iii,1000,3.818,3a10,100k,S_rel,MAINJACK,0,,,sotto,dB in 100 ms sopra -70 dB; pieno 12.02 V da g10mai_1k_iii
gm3x10_1k_iii_c,l29d2_iii,1000,3.818,3a10,100k,A_ins,FIXJACK1,2.574e-09,6.999990,2.000,sotto,riferimento g10sempre_1k_iii
gm3x10_1k_iii_c,l29d2_iii,1000,3.818,3a10,100k,A_rel,FIXJACK1,4.034,7.000021,2.000,SOPRA,riferimento g10mai_1k_iii
gm3x10_1k_iii_c,l29d2_iii,1000,3.818,3a10,100k,B2,FIXJACK1,2.576e-09,6.999990,,sotto,mute da t_ins+t_grad+20 ms a t_rel
gm3x10_1k_iii_c,l29d2_iii,1000,3.818,3a10,100k,C1_ins,FIXJACK1,9.139e-12,4.980000,,sotto,"diagnostica, cond 1"
gm3x10_1k_iii_c,l29d2_iii,1000,3.818,3a10,100k,C1_rel,FIXJACK1,0.0002272,7.001031,,sotto,"diagnostica, cond 1"
gm3x10_1k_iii_c,l29d2_iii,1000,3.818,3a10,100k,C2_ins,FIXJACK1,9.138e-12,4.980000,,sotto,"riferimento g10sempre_1k_iii, cond 1"
gm3x10_1k_iii_c,l29d2_iii,1000,3.818,3a10,100k,C2_rel,FIXJACK1,0.0002288,7.001031,,sotto,"riferimento g10mai_1k_iii, cond 1"
gm3x10_1k_iii_c,l29d2_iii,1000,3.818,3a10,100k,S_ins,FIXJACK1,0,,,sotto,dB in 100 ms sopra -70 dB; pieno 3.814 V da g10mai_1k_iii
gm3x10_1k_iii_c,l29d2_iii,1000,3.818,3a10,100k,S_rel,FIXJACK1,0,,,sotto,dB in 100 ms sopra -70 dB; pieno 3.814 V da g10mai_1k_iii
gm3x10_1k_iii_c,l29d2_iii,1000,3.818,3a10,100k,A_ins,FIXJACK2,2.574e-09,6.999990,2.000,sotto,riferimento g10sempre_1k_iii
gm3x10_1k_iii_c,l29d2_iii,1000,3.818,3a10,100k,A_rel,FIXJACK2,4.034,7.000021,2.000,SOPRA,riferimento g10mai_1k_iii
gm3x10_1k_iii_c,l29d2_iii,1000,3.818,3a10,100k,B2,FIXJACK2,2.576e-09,6.999990,,sotto,mute da t_ins+t_grad+20 ms a t_rel
gm3x10_1k_iii_c,l29d2_iii,1000,3.818,3a10,100k,C1_ins,FIXJACK2,9.139e-12,4.980000,,sotto,"diagnostica, cond 1"
gm3x10_1k_iii_c,l29d2_iii,1000,3.818,3a10,100k,C1_rel,FIXJACK2,0.0002272,7.001031,,sotto,"diagnostica, cond 1"
gm3x10_1k_iii_c,l29d2_iii,1000,3.818,3a10,100k,C2_ins,FIXJACK2,9.138e-12,4.980000,,sotto,"riferimento g10sempre_1k_iii, cond 1"
gm3x10_1k_iii_c,l29d2_iii,1000,3.818,3a10,100k,C2_rel,FIXJACK2,0.0002288,7.001031,,sotto,"riferimento g10mai_1k_iii, cond 1"
gm3x10_1k_iii_c,l29d2_iii,1000,3.818,3a10,100k,S_ins,FIXJACK2,0,,,sotto,dB in 100 ms sopra -70 dB; pieno 3.814 V da g10mai_1k_iii
gm3x10_1k_iii_c,l29d2_iii,1000,3.818,3a10,100k,S_rel,FIXJACK2,0,,,sotto,dB in 100 ms sopra -70 dB; pieno 3.814 V da g10mai_1k_iii
gm10x3_1k_iii_i,l29d2_iii,1000,3.818,10a3,100k,A_ins,MAINJACK,12.71,1.000021,2.000,SOPRA,riferimento g10sempre_1k_iii
gm10x3_1k_iii_i,l29d2_iii,1000,3.818,10a3,100k,A_rel,MAINJACK,12.71,5.000021,2.000,SOPRA,riferimento g10mai_1k_iii
gm10x3_1k_iii_i,l29d2_iii,1000,3.818,10a3,100k,B2,MAINJACK,5.986e-06,4.526969,,sotto,mute da t_ins+t_grad+20 ms a t_rel
gm10x3_1k_iii_i,l29d2_iii,1000,3.818,10a3,100k,C1_ins,MAINJACK,0.01351,1.917979,,SOPRA,"diagnostica, cond 1"
gm10x3_1k_iii_i,l29d2_iii,1000,3.818,10a3,100k,C1_rel,MAINJACK,0.001047,8.292479,,SOPRA,"diagnostica, cond 1"
gm10x3_1k_iii_i,l29d2_iii,1000,3.818,10a3,100k,C2_ins,MAINJACK,0.01351,1.917979,,SOPRA,"riferimento g10sempre_1k_iii, cond 1"
gm10x3_1k_iii_i,l29d2_iii,1000,3.818,10a3,100k,C2_rel,MAINJACK,0.001535,8.292510,,SOPRA,"riferimento g10mai_1k_iii, cond 1"
gm10x3_1k_iii_i,l29d2_iii,1000,3.818,10a3,100k,S_ins,MAINJACK,9.363,3.053000,,sotto,dB in 100 ms sopra -70 dB; pieno 12.02 V da g10mai_1k_iii
gm10x3_1k_iii_i,l29d2_iii,1000,3.818,10a3,100k,S_rel,MAINJACK,8.674,7.853000,,sotto,dB in 100 ms sopra -70 dB; pieno 12.02 V da g10mai_1k_iii
gm10x3_1k_iii_i,l29d2_iii,1000,3.818,10a3,100k,A_ins,FIXJACK1,4.034,1.000021,2.000,SOPRA,riferimento g10sempre_1k_iii
gm10x3_1k_iii_i,l29d2_iii,1000,3.818,10a3,100k,A_rel,FIXJACK1,4.034,5.000021,2.000,SOPRA,riferimento g10mai_1k_iii
gm10x3_1k_iii_i,l29d2_iii,1000,3.818,10a3,100k,B2,FIXJACK1,1.833e-06,4.527146,,sotto,mute da t_ins+t_grad+20 ms a t_rel
gm10x3_1k_iii_i,l29d2_iii,1000,3.818,10a3,100k,C1_ins,FIXJACK1,0.004246,1.917979,,SOPRA,"diagnostica, cond 1"
gm10x3_1k_iii_i,l29d2_iii,1000,3.818,10a3,100k,C1_rel,FIXJACK1,0.0007375,8.292479,,sotto,"diagnostica, cond 1"
gm10x3_1k_iii_i,l29d2_iii,1000,3.818,10a3,100k,C2_ins,FIXJACK1,0.004246,1.917979,,SOPRA,"riferimento g10sempre_1k_iii, cond 1"
gm10x3_1k_iii_i,l29d2_iii,1000,3.818,10a3,100k,C2_rel,FIXJACK1,0.0007286,8.292490,,sotto,"riferimento g10mai_1k_iii, cond 1"
gm10x3_1k_iii_i,l29d2_iii,1000,3.818,10a3,100k,S_ins,FIXJACK1,9.363,3.053000,,sotto,dB in 100 ms sopra -70 dB; pieno 3.814 V da g10mai_1k_iii
gm10x3_1k_iii_i,l29d2_iii,1000,3.818,10a3,100k,S_rel,FIXJACK1,8.674,7.853000,,sotto,dB in 100 ms sopra -70 dB; pieno 3.814 V da g10mai_1k_iii
gm10x3_1k_iii_i,l29d2_iii,1000,3.818,10a3,100k,A_ins,FIXJACK2,4.034,1.000021,2.000,SOPRA,riferimento g10sempre_1k_iii
gm10x3_1k_iii_i,l29d2_iii,1000,3.818,10a3,100k,A_rel,FIXJACK2,4.034,5.000021,2.000,SOPRA,riferimento g10mai_1k_iii
gm10x3_1k_iii_i,l29d2_iii,1000,3.818,10a3,100k,B2,FIXJACK2,1.833e-06,4.527146,,sotto,mute da t_ins+t_grad+20 ms a t_rel
gm10x3_1k_iii_i,l29d2_iii,1000,3.818,10a3,100k,C1_ins,FIXJACK2,0.004246,1.917979,,SOPRA,"diagnostica, cond 1"
gm10x3_1k_iii_i,l29d2_iii,1000,3.818,10a3,100k,C1_rel,FIXJACK2,0.0007375,8.292479,,sotto,"diagnostica, cond 1"
gm10x3_1k_iii_i,l29d2_iii,1000,3.818,10a3,100k,C2_ins,FIXJACK2,0.004246,1.917979,,SOPRA,"riferimento g10sempre_1k_iii, cond 1"
gm10x3_1k_iii_i,l29d2_iii,1000,3.818,10a3,100k,C2_rel,FIXJACK2,0.0007286,8.292490,,sotto,"riferimento g10mai_1k_iii, cond 1"
gm10x3_1k_iii_i,l29d2_iii,1000,3.818,10a3,100k,S_ins,FIXJACK2,9.363,3.053000,,sotto,dB in 100 ms sopra -70 dB; pieno 3.814 V da g10mai_1k_iii
gm10x3_1k_iii_i,l29d2_iii,1000,3.818,10a3,100k,S_rel,FIXJACK2,8.674,7.853000,,sotto,dB in 100 ms sopra -70 dB; pieno 3.814 V da g10mai_1k_iii
gm10x3_1k_iii_c,l29d2_iii,1000,3.818,10a3,100k,A_ins,MAINJACK,1.767e-09,5.000021,2.000,sotto,riferimento g3sempre_1k_iii
gm10x3_1k_iii_c,l29d2_iii,1000,3.818,10a3,100k,A_rel,MAINJACK,5.728,7.000021,2.000,SOPRA,riferimento g3mai_1k_iii
gm10x3_1k_iii_c,l29d2_iii,1000,3.818,10a3,100k,B2,MAINJACK,7.444e-11,5.026156,,sotto,mute da t_ins+t_grad+20 ms a t_rel
gm10x3_1k_iii_c,l29d2_iii,1000,3.818,10a3,100k,C1_ins,MAINJACK,1.655e-09,5.000021,,sotto,"diagnostica, cond 1"
gm10x3_1k_iii_c,l29d2_iii,1000,3.818,10a3,100k,C1_rel,MAINJACK,0.0003169,7.001031,,sotto,"diagnostica, cond 1"
gm10x3_1k_iii_c,l29d2_iii,1000,3.818,10a3,100k,C2_ins,MAINJACK,1.655e-09,5.000021,,sotto,"riferimento g3sempre_1k_iii, cond 1"
gm10x3_1k_iii_c,l29d2_iii,1000,3.818,10a3,100k,C2_rel,MAINJACK,0.0003188,7.001031,,sotto,"riferimento g3mai_1k_iii, cond 1"
gm10x3_1k_iii_c,l29d2_iii,1000,3.818,10a3,100k,S_ins,MAINJACK,0,,,sotto,dB in 100 ms sopra -70 dB; pieno 5.415 V da g3mai_1k_iii
gm10x3_1k_iii_c,l29d2_iii,1000,3.818,10a3,100k,S_rel,MAINJACK,0,,,sotto,dB in 100 ms sopra -70 dB; pieno 5.415 V da g3mai_1k_iii
gm10x3_1k_iii_c,l29d2_iii,1000,3.818,10a3,100k,A_ins,FIXJACK1,6.019e-11,5.000656,2.000,sotto,riferimento g3sempre_1k_iii
gm10x3_1k_iii_c,l29d2_iii,1000,3.818,10a3,100k,A_rel,FIXJACK1,4.034,7.000021,2.000,SOPRA,riferimento g3mai_1k_iii
gm10x3_1k_iii_c,l29d2_iii,1000,3.818,10a3,100k,B2,FIXJACK1,5.965e-11,5.020156,,sotto,mute da t_ins+t_grad+20 ms a t_rel
gm10x3_1k_iii_c,l29d2_iii,1000,3.818,10a3,100k,C1_ins,FIXJACK1,9.38e-12,4.980000,,sotto,"diagnostica, cond 1"
gm10x3_1k_iii_c,l29d2_iii,1000,3.818,10a3,100k,C1_rel,FIXJACK1,0.0002231,7.001031,,sotto,"diagnostica, cond 1"
gm10x3_1k_iii_c,l29d2_iii,1000,3.818,10a3,100k,C2_ins,FIXJACK1,9.38e-12,4.980000,,sotto,"riferimento g3sempre_1k_iii, cond 1"
gm10x3_1k_iii_c,l29d2_iii,1000,3.818,10a3,100k,C2_rel,FIXJACK1,0.000224,7.001031,,sotto,"riferimento g3mai_1k_iii, cond 1"
gm10x3_1k_iii_c,l29d2_iii,1000,3.818,10a3,100k,S_ins,FIXJACK1,0,,,sotto,dB in 100 ms sopra -70 dB; pieno 3.814 V da g3mai_1k_iii
gm10x3_1k_iii_c,l29d2_iii,1000,3.818,10a3,100k,S_rel,FIXJACK1,0,,,sotto,dB in 100 ms sopra -70 dB; pieno 3.814 V da g3mai_1k_iii
gm10x3_1k_iii_c,l29d2_iii,1000,3.818,10a3,100k,A_ins,FIXJACK2,6.019e-11,5.000656,2.000,sotto,riferimento g3sempre_1k_iii
gm10x3_1k_iii_c,l29d2_iii,1000,3.818,10a3,100k,A_rel,FIXJACK2,4.034,7.000021,2.000,SOPRA,riferimento g3mai_1k_iii
gm10x3_1k_iii_c,l29d2_iii,1000,3.818,10a3,100k,B2,FIXJACK2,5.965e-11,5.020156,,sotto,mute da t_ins+t_grad+20 ms a t_rel
gm10x3_1k_iii_c,l29d2_iii,1000,3.818,10a3,100k,C1_ins,FIXJACK2,9.38e-12,4.980000,,sotto,"diagnostica, cond 1"
gm10x3_1k_iii_c,l29d2_iii,1000,3.818,10a3,100k,C1_rel,FIXJACK2,0.0002231,7.001031,,sotto,"diagnostica, cond 1"
gm10x3_1k_iii_c,l29d2_iii,1000,3.818,10a3,100k,C2_ins,FIXJACK2,9.38e-12,4.980000,,sotto,"riferimento g3sempre_1k_iii, cond 1"
gm10x3_1k_iii_c,l29d2_iii,1000,3.818,10a3,100k,C2_rel,FIXJACK2,0.000224,7.001031,,sotto,"riferimento g3mai_1k_iii, cond 1"
gm10x3_1k_iii_c,l29d2_iii,1000,3.818,10a3,100k,S_ins,FIXJACK2,0,,,sotto,dB in 100 ms sopra -70 dB; pieno 3.814 V da g3mai_1k_iii
gm10x3_1k_iii_c,l29d2_iii,1000,3.818,10a3,100k,S_rel,FIXJACK2,0,,,sotto,dB in 100 ms sopra -70 dB; pieno 3.814 V da g3mai_1k_iii
gm0x10_1k_iii_i,l29d2_iii,1000,3.818,0a10,100k,A_ins,MAINJACK,4.033,1.000021,2.000,SOPRA,riferimento g0sempre_1k_iii
gm0x10_1k_iii_i,l29d2_iii,1000,3.818,0a10,100k,A_rel,MAINJACK,4.033,5.000021,2.000,SOPRA,riferimento g0mai_1k_iii
gm0x10_1k_iii_i,l29d2_iii,1000,3.818,0a10,100k,B2,MAINJACK,1.929e-06,4.526948,,sotto,mute da t_ins+t_grad+20 ms a t_rel
gm0x10_1k_iii_i,l29d2_iii,1000,3.818,0a10,100k,C1_ins,MAINJACK,0.004248,1.917979,,SOPRA,"diagnostica, cond 1"
gm0x10_1k_iii_i,l29d2_iii,1000,3.818,0a10,100k,C1_rel,MAINJACK,0.002323,8.292479,,SOPRA,"diagnostica, cond 1"
gm0x10_1k_iii_i,l29d2_iii,1000,3.818,0a10,100k,C2_ins,MAINJACK,0.004248,1.917979,,SOPRA,"riferimento g0sempre_1k_iii, cond 1"
gm0x10_1k_iii_i,l29d2_iii,1000,3.818,0a10,100k,C2_rel,MAINJACK,0.002314,8.292490,,SOPRA,"riferimento g0mai_1k_iii, cond 1"
gm0x10_1k_iii_i,l29d2_iii,1000,3.818,0a10,100k,S_ins,MAINJACK,9.363,3.053000,,sotto,dB in 100 ms sopra -70 dB; pieno 3.813 V da g0mai_1k_iii
gm0x10_1k_iii_i,l29d2_iii,1000,3.818,0a10,100k,S_rel,MAINJACK,8.674,7.853000,,sotto,dB in 100 ms sopra -70 dB; pieno 3.813 V da g0mai_1k_iii
gm0x10_1k_iii_i,l29d2_iii,1000,3.818,0a10,100k,A_ins,FIXJACK1,4.034,1.000021,2.000,SOPRA,riferimento g0sempre_1k_iii
gm0x10_1k_iii_i,l29d2_iii,1000,3.818,0a10,100k,A_rel,FIXJACK1,4.034,5.000021,2.000,SOPRA,riferimento g0mai_1k_iii
gm0x10_1k_iii_i,l29d2_iii,1000,3.818,0a10,100k,B2,FIXJACK1,1.888e-06,4.527073,,sotto,mute da t_ins+t_grad+20 ms a t_rel
gm0x10_1k_iii_i,l29d2_iii,1000,3.818,0a10,100k,C1_ins,FIXJACK1,0.004249,1.917979,,SOPRA,"diagnostica, cond 1"
gm0x10_1k_iii_i,l29d2_iii,1000,3.818,0a10,100k,C1_rel,FIXJACK1,0.0007376,8.292479,,sotto,"diagnostica, cond 1"
gm0x10_1k_iii_i,l29d2_iii,1000,3.818,0a10,100k,C2_ins,FIXJACK1,0.004249,1.917979,,SOPRA,"riferimento g0sempre_1k_iii, cond 1"
gm0x10_1k_iii_i,l29d2_iii,1000,3.818,0a10,100k,C2_rel,FIXJACK1,0.0007288,8.292490,,sotto,"riferimento g0mai_1k_iii, cond 1"
gm0x10_1k_iii_i,l29d2_iii,1000,3.818,0a10,100k,S_ins,FIXJACK1,9.363,3.053000,,sotto,dB in 100 ms sopra -70 dB; pieno 3.814 V da g0mai_1k_iii
gm0x10_1k_iii_i,l29d2_iii,1000,3.818,0a10,100k,S_rel,FIXJACK1,8.674,7.853000,,sotto,dB in 100 ms sopra -70 dB; pieno 3.814 V da g0mai_1k_iii
gm0x10_1k_iii_i,l29d2_iii,1000,3.818,0a10,100k,A_ins,FIXJACK2,4.034,1.000021,2.000,SOPRA,riferimento g0sempre_1k_iii
gm0x10_1k_iii_i,l29d2_iii,1000,3.818,0a10,100k,A_rel,FIXJACK2,4.034,5.000021,2.000,SOPRA,riferimento g0mai_1k_iii
gm0x10_1k_iii_i,l29d2_iii,1000,3.818,0a10,100k,B2,FIXJACK2,1.888e-06,4.527073,,sotto,mute da t_ins+t_grad+20 ms a t_rel
gm0x10_1k_iii_i,l29d2_iii,1000,3.818,0a10,100k,C1_ins,FIXJACK2,0.004249,1.917979,,SOPRA,"diagnostica, cond 1"
gm0x10_1k_iii_i,l29d2_iii,1000,3.818,0a10,100k,C1_rel,FIXJACK2,0.0007376,8.292479,,sotto,"diagnostica, cond 1"
gm0x10_1k_iii_i,l29d2_iii,1000,3.818,0a10,100k,C2_ins,FIXJACK2,0.004249,1.917979,,SOPRA,"riferimento g0sempre_1k_iii, cond 1"
gm0x10_1k_iii_i,l29d2_iii,1000,3.818,0a10,100k,C2_rel,FIXJACK2,0.0007288,8.292490,,sotto,"riferimento g0mai_1k_iii, cond 1"
gm0x10_1k_iii_i,l29d2_iii,1000,3.818,0a10,100k,S_ins,FIXJACK2,9.363,3.053000,,sotto,dB in 100 ms sopra -70 dB; pieno 3.814 V da g0mai_1k_iii
gm0x10_1k_iii_i,l29d2_iii,1000,3.818,0a10,100k,S_rel,FIXJACK2,8.674,7.853000,,sotto,dB in 100 ms sopra -70 dB; pieno 3.814 V da g0mai_1k_iii
gm0x10_1k_iii_c,l29d2_iii,1000,3.818,0a10,100k,A_ins,MAINJACK,5.727e-08,5.000312,2.000,sotto,riferimento g10sempre_1k_iii
gm0x10_1k_iii_c,l29d2_iii,1000,3.818,0a10,100k,A_rel,MAINJACK,12.71,7.000021,2.000,SOPRA,riferimento g10mai_1k_iii
gm0x10_1k_iii_c,l29d2_iii,1000,3.818,0a10,100k,B2,MAINJACK,8.509e-09,6.999990,,sotto,mute da t_ins+t_grad+20 ms a t_rel
gm0x10_1k_iii_c,l29d2_iii,1000,3.818,0a10,100k,C1_ins,MAINJACK,5.697e-08,5.000312,,sotto,"diagnostica, cond 1"
gm0x10_1k_iii_c,l29d2_iii,1000,3.818,0a10,100k,C1_rel,MAINJACK,0.0007125,7.001031,,sotto,"diagnostica, cond 1"
gm0x10_1k_iii_c,l29d2_iii,1000,3.818,0a10,100k,C2_ins,MAINJACK,5.697e-08,5.000312,,sotto,"riferimento g10sempre_1k_iii, cond 1"
gm0x10_1k_iii_c,l29d2_iii,1000,3.818,0a10,100k,C2_rel,MAINJACK,0.0007671,7.001958,,sotto,"riferimento g10mai_1k_iii, cond 1"
gm0x10_1k_iii_c,l29d2_iii,1000,3.818,0a10,100k,S_ins,MAINJACK,0,,,sotto,dB in 100 ms sopra -70 dB; pieno 12.02 V da g10mai_1k_iii
gm0x10_1k_iii_c,l29d2_iii,1000,3.818,0a10,100k,S_rel,MAINJACK,0,,,sotto,dB in 100 ms sopra -70 dB; pieno 12.02 V da g10mai_1k_iii
gm0x10_1k_iii_c,l29d2_iii,1000,3.818,0a10,100k,A_ins,FIXJACK1,3.171e-09,6.999990,2.000,sotto,riferimento g10sempre_1k_iii
gm0x10_1k_iii_c,l29d2_iii,1000,3.818,0a10,100k,A_rel,FIXJACK1,4.034,7.000021,2.000,SOPRA,riferimento g10mai_1k_iii
gm0x10_1k_iii_c,l29d2_iii,1000,3.818,0a10,100k,B2,FIXJACK1,3.172e-09,6.999990,,sotto,mute da t_ins+t_grad+20 ms a t_rel
gm0x10_1k_iii_c,l29d2_iii,1000,3.818,0a10,100k,C1_ins,FIXJACK1,9.105e-12,4.980000,,sotto,"diagnostica, cond 1"
gm0x10_1k_iii_c,l29d2_iii,1000,3.818,0a10,100k,C1_rel,FIXJACK1,0.0002259,7.001031,,sotto,"diagnostica, cond 1"
gm0x10_1k_iii_c,l29d2_iii,1000,3.818,0a10,100k,C2_ins,FIXJACK1,9.105e-12,4.980010,,sotto,"riferimento g10sempre_1k_iii, cond 1"
gm0x10_1k_iii_c,l29d2_iii,1000,3.818,0a10,100k,C2_rel,FIXJACK1,0.0002275,7.001031,,sotto,"riferimento g10mai_1k_iii, cond 1"
gm0x10_1k_iii_c,l29d2_iii,1000,3.818,0a10,100k,S_ins,FIXJACK1,0,,,sotto,dB in 100 ms sopra -70 dB; pieno 3.814 V da g10mai_1k_iii
gm0x10_1k_iii_c,l29d2_iii,1000,3.818,0a10,100k,S_rel,FIXJACK1,0,,,sotto,dB in 100 ms sopra -70 dB; pieno 3.814 V da g10mai_1k_iii
gm0x10_1k_iii_c,l29d2_iii,1000,3.818,0a10,100k,A_ins,FIXJACK2,3.171e-09,6.999990,2.000,sotto,riferimento g10sempre_1k_iii
gm0x10_1k_iii_c,l29d2_iii,1000,3.818,0a10,100k,A_rel,FIXJACK2,4.034,7.000021,2.000,SOPRA,riferimento g10mai_1k_iii
gm0x10_1k_iii_c,l29d2_iii,1000,3.818,0a10,100k,B2,FIXJACK2,3.172e-09,6.999990,,sotto,mute da t_ins+t_grad+20 ms a t_rel
gm0x10_1k_iii_c,l29d2_iii,1000,3.818,0a10,100k,C1_ins,FIXJACK2,9.105e-12,4.980000,,sotto,"diagnostica, cond 1"
gm0x10_1k_iii_c,l29d2_iii,1000,3.818,0a10,100k,C1_rel,FIXJACK2,0.0002259,7.001031,,sotto,"diagnostica, cond 1"
gm0x10_1k_iii_c,l29d2_iii,1000,3.818,0a10,100k,C2_ins,FIXJACK2,9.105e-12,4.980010,,sotto,"riferimento g10sempre_1k_iii, cond 1"
gm0x10_1k_iii_c,l29d2_iii,1000,3.818,0a10,100k,C2_rel,FIXJACK2,0.0002275,7.001031,,sotto,"riferimento g10mai_1k_iii, cond 1"
gm0x10_1k_iii_c,l29d2_iii,1000,3.818,0a10,100k,S_ins,FIXJACK2,0,,,sotto,dB in 100 ms sopra -70 dB; pieno 3.814 V da g10mai_1k_iii
gm0x10_1k_iii_c,l29d2_iii,1000,3.818,0a10,100k,S_rel,FIXJACK2,0,,,sotto,dB in 100 ms sopra -70 dB; pieno 3.814 V da g10mai_1k_iii
gm10x0_1k_iii_i,l29d2_iii,1000,3.818,10a0,100k,A_ins,MAINJACK,12.71,1.000021,2.000,SOPRA,riferimento g10sempre_1k_iii
gm10x0_1k_iii_i,l29d2_iii,1000,3.818,10a0,100k,A_rel,MAINJACK,12.71,5.000021,2.000,SOPRA,riferimento g10mai_1k_iii
gm10x0_1k_iii_i,l29d2_iii,1000,3.818,10a0,100k,B2,MAINJACK,5.986e-06,4.526969,,sotto,mute da t_ins+t_grad+20 ms a t_rel
gm10x0_1k_iii_i,l29d2_iii,1000,3.818,10a0,100k,C1_ins,MAINJACK,0.01351,1.917979,,SOPRA,"diagnostica, cond 1"
gm10x0_1k_iii_i,l29d2_iii,1000,3.818,10a0,100k,C1_rel,MAINJACK,0.0007373,8.292479,,sotto,"diagnostica, cond 1"
gm10x0_1k_iii_i,l29d2_iii,1000,3.818,10a0,100k,C2_ins,MAINJACK,0.01351,1.917979,,SOPRA,"riferimento g10sempre_1k_iii, cond 1"
gm10x0_1k_iii_i,l29d2_iii,1000,3.818,10a0,100k,C2_rel,MAINJACK,0.00123,8.292510,,SOPRA,"riferimento g10mai_1k_iii, cond 1"
gm10x0_1k_iii_i,l29d2_iii,1000,3.818,10a0,100k,S_ins,MAINJACK,9.363,3.053000,,sotto,dB in 100 ms sopra -70 dB; pieno 12.02 V da g10mai_1k_iii
gm10x0_1k_iii_i,l29d2_iii,1000,3.818,10a0,100k,S_rel,MAINJACK,8.674,7.853000,,sotto,dB in 100 ms sopra -70 dB; pieno 12.02 V da g10mai_1k_iii
gm10x0_1k_iii_i,l29d2_iii,1000,3.818,10a0,100k,A_ins,FIXJACK1,4.034,1.000021,2.000,SOPRA,riferimento g10sempre_1k_iii
gm10x0_1k_iii_i,l29d2_iii,1000,3.818,10a0,100k,A_rel,FIXJACK1,4.034,5.000021,2.000,SOPRA,riferimento g10mai_1k_iii
gm10x0_1k_iii_i,l29d2_iii,1000,3.818,10a0,100k,B2,FIXJACK1,1.833e-06,4.527146,,sotto,mute da t_ins+t_grad+20 ms a t_rel
gm10x0_1k_iii_i,l29d2_iii,1000,3.818,10a0,100k,C1_ins,FIXJACK1,0.004246,1.917979,,SOPRA,"diagnostica, cond 1"
gm10x0_1k_iii_i,l29d2_iii,1000,3.818,10a0,100k,C1_rel,FIXJACK1,0.0007375,8.292479,,sotto,"diagnostica, cond 1"
gm10x0_1k_iii_i,l29d2_iii,1000,3.818,10a0,100k,C2_ins,FIXJACK1,0.004246,1.917979,,SOPRA,"riferimento g10sempre_1k_iii, cond 1"
gm10x0_1k_iii_i,l29d2_iii,1000,3.818,10a0,100k,C2_rel,FIXJACK1,0.0007286,8.292490,,sotto,"riferimento g10mai_1k_iii, cond 1"
gm10x0_1k_iii_i,l29d2_iii,1000,3.818,10a0,100k,S_ins,FIXJACK1,9.363,3.053000,,sotto,dB in 100 ms sopra -70 dB; pieno 3.814 V da g10mai_1k_iii
gm10x0_1k_iii_i,l29d2_iii,1000,3.818,10a0,100k,S_rel,FIXJACK1,8.674,7.853000,,sotto,dB in 100 ms sopra -70 dB; pieno 3.814 V da g10mai_1k_iii
gm10x0_1k_iii_i,l29d2_iii,1000,3.818,10a0,100k,A_ins,FIXJACK2,4.034,1.000021,2.000,SOPRA,riferimento g10sempre_1k_iii
gm10x0_1k_iii_i,l29d2_iii,1000,3.818,10a0,100k,A_rel,FIXJACK2,4.034,5.000021,2.000,SOPRA,riferimento g10mai_1k_iii
gm10x0_1k_iii_i,l29d2_iii,1000,3.818,10a0,100k,B2,FIXJACK2,1.833e-06,4.527146,,sotto,mute da t_ins+t_grad+20 ms a t_rel
gm10x0_1k_iii_i,l29d2_iii,1000,3.818,10a0,100k,C1_ins,FIXJACK2,0.004246,1.917979,,SOPRA,"diagnostica, cond 1"
gm10x0_1k_iii_i,l29d2_iii,1000,3.818,10a0,100k,C1_rel,FIXJACK2,0.0007375,8.292479,,sotto,"diagnostica, cond 1"
gm10x0_1k_iii_i,l29d2_iii,1000,3.818,10a0,100k,C2_ins,FIXJACK2,0.004246,1.917979,,SOPRA,"riferimento g10sempre_1k_iii, cond 1"
gm10x0_1k_iii_i,l29d2_iii,1000,3.818,10a0,100k,C2_rel,FIXJACK2,0.0007286,8.292490,,sotto,"riferimento g10mai_1k_iii, cond 1"
gm10x0_1k_iii_i,l29d2_iii,1000,3.818,10a0,100k,S_ins,FIXJACK2,9.363,3.053000,,sotto,dB in 100 ms sopra -70 dB; pieno 3.814 V da g10mai_1k_iii
gm10x0_1k_iii_i,l29d2_iii,1000,3.818,10a0,100k,S_rel,FIXJACK2,8.674,7.853000,,sotto,dB in 100 ms sopra -70 dB; pieno 3.814 V da g10mai_1k_iii
gm10x0_1k_iii_c,l29d2_iii,1000,3.818,10a0,100k,A_ins,MAINJACK,4.867e-08,5.000312,2.000,sotto,riferimento g0sempre_1k_iii
gm10x0_1k_iii_c,l29d2_iii,1000,3.818,10a0,100k,A_rel,MAINJACK,4.033,7.000021,2.000,SOPRA,riferimento g0mai_1k_iii
gm10x0_1k_iii_c,l29d2_iii,1000,3.818,10a0,100k,B2,MAINJACK,2.186e-09,6.999990,,sotto,mute da t_ins+t_grad+20 ms a t_rel
gm10x0_1k_iii_c,l29d2_iii,1000,3.818,10a0,100k,C1_ins,MAINJACK,4.849e-08,5.000312,,sotto,"diagnostica, cond 1"
gm10x0_1k_iii_c,l29d2_iii,1000,3.818,10a0,100k,C1_rel,MAINJACK,0.0002291,7.001031,,sotto,"diagnostica, cond 1"
gm10x0_1k_iii_c,l29d2_iii,1000,3.818,10a0,100k,C2_ins,MAINJACK,4.849e-08,5.000312,,sotto,"riferimento g0sempre_1k_iii, cond 1"
gm10x0_1k_iii_c,l29d2_iii,1000,3.818,10a0,100k,C2_rel,MAINJACK,0.0002306,7.001031,,sotto,"riferimento g0mai_1k_iii, cond 1"
gm10x0_1k_iii_c,l29d2_iii,1000,3.818,10a0,100k,S_ins,MAINJACK,0,,,sotto,dB in 100 ms sopra -70 dB; pieno 3.813 V da g0mai_1k_iii
gm10x0_1k_iii_c,l29d2_iii,1000,3.818,10a0,100k,S_rel,MAINJACK,0,,,sotto,dB in 100 ms sopra -70 dB; pieno 3.813 V da g0mai_1k_iii
gm10x0_1k_iii_c,l29d2_iii,1000,3.818,10a0,100k,A_ins,FIXJACK1,2.619e-09,6.999990,2.000,sotto,riferimento g0sempre_1k_iii
gm10x0_1k_iii_c,l29d2_iii,1000,3.818,10a0,100k,A_rel,FIXJACK1,4.034,7.000021,2.000,SOPRA,riferimento g0mai_1k_iii
gm10x0_1k_iii_c,l29d2_iii,1000,3.818,10a0,100k,B2,FIXJACK1,2.621e-09,6.999990,,sotto,mute da t_ins+t_grad+20 ms a t_rel
gm10x0_1k_iii_c,l29d2_iii,1000,3.818,10a0,100k,C1_ins,FIXJACK1,9.652e-12,5.000010,,sotto,"diagnostica, cond 1"
gm10x0_1k_iii_c,l29d2_iii,1000,3.818,10a0,100k,C1_rel,FIXJACK1,0.0002292,7.001031,,sotto,"diagnostica, cond 1"
gm10x0_1k_iii_c,l29d2_iii,1000,3.818,10a0,100k,C2_ins,FIXJACK1,9.65e-12,5.000010,,sotto,"riferimento g0sempre_1k_iii, cond 1"
gm10x0_1k_iii_c,l29d2_iii,1000,3.818,10a0,100k,C2_rel,FIXJACK1,0.0002306,7.001031,,sotto,"riferimento g0mai_1k_iii, cond 1"
gm10x0_1k_iii_c,l29d2_iii,1000,3.818,10a0,100k,S_ins,FIXJACK1,0,,,sotto,dB in 100 ms sopra -70 dB; pieno 3.814 V da g0mai_1k_iii
gm10x0_1k_iii_c,l29d2_iii,1000,3.818,10a0,100k,S_rel,FIXJACK1,0,,,sotto,dB in 100 ms sopra -70 dB; pieno 3.814 V da g0mai_1k_iii
gm10x0_1k_iii_c,l29d2_iii,1000,3.818,10a0,100k,A_ins,FIXJACK2,2.619e-09,6.999990,2.000,sotto,riferimento g0sempre_1k_iii
gm10x0_1k_iii_c,l29d2_iii,1000,3.818,10a0,100k,A_rel,FIXJACK2,4.034,7.000021,2.000,SOPRA,riferimento g0mai_1k_iii
gm10x0_1k_iii_c,l29d2_iii,1000,3.818,10a0,100k,B2,FIXJACK2,2.621e-09,6.999990,,sotto,mute da t_ins+t_grad+20 ms a t_rel
gm10x0_1k_iii_c,l29d2_iii,1000,3.818,10a0,100k,C1_ins,FIXJACK2,9.652e-12,5.000010,,sotto,"diagnostica, cond 1"
gm10x0_1k_iii_c,l29d2_iii,1000,3.818,10a0,100k,C1_rel,FIXJACK2,0.0002292,7.001031,,sotto,"diagnostica, cond 1"
gm10x0_1k_iii_c,l29d2_iii,1000,3.818,10a0,100k,C2_ins,FIXJACK2,9.65e-12,5.000010,,sotto,"riferimento g0sempre_1k_iii, cond 1"
gm10x0_1k_iii_c,l29d2_iii,1000,3.818,10a0,100k,C2_rel,FIXJACK2,0.0002306,7.001031,,sotto,"riferimento g0mai_1k_iii, cond 1"
gm10x0_1k_iii_c,l29d2_iii,1000,3.818,10a0,100k,S_ins,FIXJACK2,0,,,sotto,dB in 100 ms sopra -70 dB; pieno 3.814 V da g0mai_1k_iii
gm10x0_1k_iii_c,l29d2_iii,1000,3.818,10a0,100k,S_rel,FIXJACK2,0,,,sotto,dB in 100 ms sopra -70 dB; pieno 3.814 V da g0mai_1k_iii
gm0x3_20_iii_i,l29d2_iii,20,3.818,0a3,100k,A_ins,MAINJACK,4.06,1.000031,2.000,SOPRA,riferimento g0sempre_20_iii
gm0x3_20_iii_i,l29d2_iii,20,3.818,0a3,100k,A_rel,MAINJACK,4.06,5.000031,2.000,SOPRA,riferimento g0mai_20_iii
gm0x3_20_iii_i,l29d2_iii,20,3.818,0a3,100k,B2,MAINJACK,6.433e-05,4.526323,,sotto,mute da t_ins+t_grad+20 ms a t_rel
gm0x3_20_iii_i,l29d2_iii,20,3.818,0a3,100k,C1_ins,MAINJACK,0.006176,2.699646,,SOPRA,"diagnostica, cond 7.22"
gm0x3_20_iii_i,l29d2_iii,20,3.818,0a3,100k,C1_rel,MAINJACK,0.001138,8.292927,,SOPRA,"diagnostica, cond 7.22"
gm0x3_20_iii_i,l29d2_iii,20,3.818,0a3,100k,C2_ins,MAINJACK,0.006176,2.699646,,SOPRA,"riferimento g0sempre_20_iii, cond 7.22"
gm0x3_20_iii_i,l29d2_iii,20,3.818,0a3,100k,C2_rel,MAINJACK,0.001138,8.292938,,SOPRA,"riferimento g0mai_20_iii, cond 7.22"
gm0x3_20_iii_i,l29d2_iii,20,3.818,0a3,100k,S_ins,MAINJACK,9.303,3.048000,,sotto,dB in 100 ms sopra -70 dB; pieno 3.811 V da g0mai_20_iii
gm0x3_20_iii_i,l29d2_iii,20,3.818,0a3,100k,S_rel,MAINJACK,8.655,7.859000,,sotto,dB in 100 ms sopra -70 dB; pieno 3.811 V da g0mai_20_iii
gm0x3_20_iii_i,l29d2_iii,20,3.818,0a3,100k,A_ins,FIXJACK1,4.063,1.000031,2.000,SOPRA,riferimento g0sempre_20_iii
gm0x3_20_iii_i,l29d2_iii,20,3.818,0a3,100k,A_rel,FIXJACK1,4.063,5.000031,2.000,SOPRA,riferimento g0mai_20_iii
gm0x3_20_iii_i,l29d2_iii,20,3.818,0a3,100k,B2,FIXJACK1,6.369e-05,4.526385,,sotto,mute da t_ins+t_grad+20 ms a t_rel
gm0x3_20_iii_i,l29d2_iii,20,3.818,0a3,100k,C1_ins,FIXJACK1,0.006178,2.699708,,SOPRA,"diagnostica, cond 7.22"
gm0x3_20_iii_i,l29d2_iii,20,3.818,0a3,100k,C1_rel,FIXJACK1,0.0007993,8.292938,,sotto,"diagnostica, cond 7.22"
gm0x3_20_iii_i,l29d2_iii,20,3.818,0a3,100k,C2_ins,FIXJACK1,0.006178,2.699708,,SOPRA,"riferimento g0sempre_20_iii, cond 7.22"
gm0x3_20_iii_i,l29d2_iii,20,3.818,0a3,100k,C2_rel,FIXJACK1,0.0007995,8.292938,,sotto,"riferimento g0mai_20_iii, cond 7.22"
gm0x3_20_iii_i,l29d2_iii,20,3.818,0a3,100k,S_ins,FIXJACK1,9.303,3.048000,,sotto,dB in 100 ms sopra -70 dB; pieno 3.813 V da g0mai_20_iii
gm0x3_20_iii_i,l29d2_iii,20,3.818,0a3,100k,S_rel,FIXJACK1,8.655,7.859000,,sotto,dB in 100 ms sopra -70 dB; pieno 3.813 V da g0mai_20_iii
gm0x3_20_iii_i,l29d2_iii,20,3.818,0a3,100k,A_ins,FIXJACK2,4.063,1.000031,2.000,SOPRA,riferimento g0sempre_20_iii
gm0x3_20_iii_i,l29d2_iii,20,3.818,0a3,100k,A_rel,FIXJACK2,4.063,5.000031,2.000,SOPRA,riferimento g0mai_20_iii
gm0x3_20_iii_i,l29d2_iii,20,3.818,0a3,100k,B2,FIXJACK2,6.369e-05,4.526385,,sotto,mute da t_ins+t_grad+20 ms a t_rel
gm0x3_20_iii_i,l29d2_iii,20,3.818,0a3,100k,C1_ins,FIXJACK2,0.006178,2.699708,,SOPRA,"diagnostica, cond 7.22"
gm0x3_20_iii_i,l29d2_iii,20,3.818,0a3,100k,C1_rel,FIXJACK2,0.0007993,8.292938,,sotto,"diagnostica, cond 7.22"
gm0x3_20_iii_i,l29d2_iii,20,3.818,0a3,100k,C2_ins,FIXJACK2,0.006178,2.699708,,SOPRA,"riferimento g0sempre_20_iii, cond 7.22"
gm0x3_20_iii_i,l29d2_iii,20,3.818,0a3,100k,C2_rel,FIXJACK2,0.0007995,8.292938,,sotto,"riferimento g0mai_20_iii, cond 7.22"
gm0x3_20_iii_i,l29d2_iii,20,3.818,0a3,100k,S_ins,FIXJACK2,9.303,3.048000,,sotto,dB in 100 ms sopra -70 dB; pieno 3.813 V da g0mai_20_iii
gm0x3_20_iii_i,l29d2_iii,20,3.818,0a3,100k,S_rel,FIXJACK2,8.655,7.859000,,sotto,dB in 100 ms sopra -70 dB; pieno 3.813 V da g0mai_20_iii
gm0x3_20_iii_c,l29d2_iii,20,3.818,0a3,100k,A_ins,MAINJACK,1.603e-08,5.000323,2.000,sotto,riferimento g3sempre_20_iii
gm0x3_20_iii_c,l29d2_iii,20,3.818,0a3,100k,A_rel,MAINJACK,5.766,7.000031,2.000,SOPRA,riferimento g3mai_20_iii
gm0x3_20_iii_c,l29d2_iii,20,3.818,0a3,100k,B2,MAINJACK,4.291e-12,5.026708,,sotto,mute da t_ins+t_grad+20 ms a t_rel
gm0x3_20_iii_c,l29d2_iii,20,3.818,0a3,100k,C1_ins,MAINJACK,1.602e-08,5.000323,,sotto,"diagnostica, cond 7.22"
gm0x3_20_iii_c,l29d2_iii,20,3.818,0a3,100k,C1_rel,MAINJACK,1.661e-05,7.001479,,sotto,"diagnostica, cond 7.22"
gm0x3_20_iii_c,l29d2_iii,20,3.818,0a3,100k,C2_ins,MAINJACK,1.602e-08,5.000323,,sotto,"riferimento g3sempre_20_iii, cond 7.22"
gm0x3_20_iii_c,l29d2_iii,20,3.818,0a3,100k,C2_rel,MAINJACK,1.797e-05,7.001479,,sotto,"riferimento g3mai_20_iii, cond 7.22"
gm0x3_20_iii_c,l29d2_iii,20,3.818,0a3,100k,S_ins,MAINJACK,0,,,sotto,dB in 100 ms sopra -70 dB; pieno 5.412 V da g3mai_20_iii
gm0x3_20_iii_c,l29d2_iii,20,3.818,0a3,100k,S_rel,MAINJACK,0,,,sotto,dB in 100 ms sopra -70 dB; pieno 5.412 V da g3mai_20_iii
gm0x3_20_iii_c,l29d2_iii,20,3.818,0a3,100k,A_ins,FIXJACK1,3.073e-12,6.999990,2.000,sotto,riferimento g3sempre_20_iii
gm0x3_20_iii_c,l29d2_iii,20,3.818,0a3,100k,A_rel,FIXJACK1,4.063,7.000031,2.000,SOPRA,riferimento g3mai_20_iii
gm0x3_20_iii_c,l29d2_iii,20,3.818,0a3,100k,B2,FIXJACK1,3.073e-12,6.999990,,sotto,mute da t_ins+t_grad+20 ms a t_rel
gm0x3_20_iii_c,l29d2_iii,20,3.818,0a3,100k,C1_ins,FIXJACK1,3.236e-13,5.000323,,sotto,"diagnostica, cond 7.22"
gm0x3_20_iii_c,l29d2_iii,20,3.818,0a3,100k,C1_rel,FIXJACK1,1.172e-05,7.001479,,sotto,"diagnostica, cond 7.22"
gm0x3_20_iii_c,l29d2_iii,20,3.818,0a3,100k,C2_ins,FIXJACK1,3.236e-13,5.000323,,sotto,"riferimento g3sempre_20_iii, cond 7.22"
gm0x3_20_iii_c,l29d2_iii,20,3.818,0a3,100k,C2_rel,FIXJACK1,1.234e-05,7.001479,,sotto,"riferimento g3mai_20_iii, cond 7.22"
gm0x3_20_iii_c,l29d2_iii,20,3.818,0a3,100k,S_ins,FIXJACK1,0,,,sotto,dB in 100 ms sopra -70 dB; pieno 3.813 V da g3mai_20_iii
gm0x3_20_iii_c,l29d2_iii,20,3.818,0a3,100k,S_rel,FIXJACK1,0,,,sotto,dB in 100 ms sopra -70 dB; pieno 3.813 V da g3mai_20_iii
gm0x3_20_iii_c,l29d2_iii,20,3.818,0a3,100k,A_ins,FIXJACK2,3.073e-12,6.999990,2.000,sotto,riferimento g3sempre_20_iii
gm0x3_20_iii_c,l29d2_iii,20,3.818,0a3,100k,A_rel,FIXJACK2,4.063,7.000031,2.000,SOPRA,riferimento g3mai_20_iii
gm0x3_20_iii_c,l29d2_iii,20,3.818,0a3,100k,B2,FIXJACK2,3.073e-12,6.999990,,sotto,mute da t_ins+t_grad+20 ms a t_rel
gm0x3_20_iii_c,l29d2_iii,20,3.818,0a3,100k,C1_ins,FIXJACK2,3.261e-13,5.000323,,sotto,"diagnostica, cond 7.22"
gm0x3_20_iii_c,l29d2_iii,20,3.818,0a3,100k,C1_rel,FIXJACK2,1.172e-05,7.001479,,sotto,"diagnostica, cond 7.22"
gm0x3_20_iii_c,l29d2_iii,20,3.818,0a3,100k,C2_ins,FIXJACK2,3.261e-13,5.000323,,sotto,"riferimento g3sempre_20_iii, cond 7.22"
gm0x3_20_iii_c,l29d2_iii,20,3.818,0a3,100k,C2_rel,FIXJACK2,1.234e-05,7.001479,,sotto,"riferimento g3mai_20_iii, cond 7.22"
gm0x3_20_iii_c,l29d2_iii,20,3.818,0a3,100k,S_ins,FIXJACK2,0,,,sotto,dB in 100 ms sopra -70 dB; pieno 3.813 V da g3mai_20_iii
gm0x3_20_iii_c,l29d2_iii,20,3.818,0a3,100k,S_rel,FIXJACK2,0,,,sotto,dB in 100 ms sopra -70 dB; pieno 3.813 V da g3mai_20_iii
gm3x0_20_iii_i,l29d2_iii,20,3.818,3a0,100k,A_ins,MAINJACK,5.766,1.000031,2.000,SOPRA,riferimento g3sempre_20_iii
gm3x0_20_iii_i,l29d2_iii,20,3.818,3a0,100k,A_rel,MAINJACK,5.766,5.000031,2.000,SOPRA,riferimento g3mai_20_iii
gm3x0_20_iii_i,l29d2_iii,20,3.818,3a0,100k,B2,MAINJACK,9.135e-05,4.526323,,sotto,mute da t_ins+t_grad+20 ms a t_rel
gm3x0_20_iii_i,l29d2_iii,20,3.818,3a0,100k,C1_ins,MAINJACK,0.00877,2.699646,,SOPRA,"diagnostica, cond 7.22"
gm3x0_20_iii_i,l29d2_iii,20,3.818,3a0,100k,C1_rel,MAINJACK,0.0008012,8.292927,,sotto,"diagnostica, cond 7.22"
gm3x0_20_iii_i,l29d2_iii,20,3.818,3a0,100k,C2_ins,MAINJACK,0.00877,2.699646,,SOPRA,"riferimento g3sempre_20_iii, cond 7.22"
gm3x0_20_iii_i,l29d2_iii,20,3.818,3a0,100k,C2_rel,MAINJACK,0.0008014,8.292938,,sotto,"riferimento g3mai_20_iii, cond 7.22"
gm3x0_20_iii_i,l29d2_iii,20,3.818,3a0,100k,S_ins,MAINJACK,9.303,3.048000,,sotto,dB in 100 ms sopra -70 dB; pieno 5.412 V da g3mai_20_iii
gm3x0_20_iii_i,l29d2_iii,20,3.818,3a0,100k,S_rel,MAINJACK,8.655,7.859000,,sotto,dB in 100 ms sopra -70 dB; pieno 5.412 V da g3mai_20_iii
gm3x0_20_iii_i,l29d2_iii,20,3.818,3a0,100k,A_ins,FIXJACK1,4.063,1.000031,2.000,SOPRA,riferimento g3sempre_20_iii
gm3x0_20_iii_i,l29d2_iii,20,3.818,3a0,100k,A_rel,FIXJACK1,4.063,5.000031,2.000,SOPRA,riferimento g3mai_20_iii
gm3x0_20_iii_i,l29d2_iii,20,3.818,3a0,100k,B2,FIXJACK1,6.369e-05,4.526385,,sotto,mute da t_ins+t_grad+20 ms a t_rel
gm3x0_20_iii_i,l29d2_iii,20,3.818,3a0,100k,C1_ins,FIXJACK1,0.006178,2.699708,,SOPRA,"diagnostica, cond 7.22"
gm3x0_20_iii_i,l29d2_iii,20,3.818,3a0,100k,C1_rel,FIXJACK1,0.0007993,8.292938,,sotto,"diagnostica, cond 7.22"
gm3x0_20_iii_i,l29d2_iii,20,3.818,3a0,100k,C2_ins,FIXJACK1,0.006178,2.699708,,SOPRA,"riferimento g3sempre_20_iii, cond 7.22"
gm3x0_20_iii_i,l29d2_iii,20,3.818,3a0,100k,C2_rel,FIXJACK1,0.0007995,8.292938,,sotto,"riferimento g3mai_20_iii, cond 7.22"
gm3x0_20_iii_i,l29d2_iii,20,3.818,3a0,100k,S_ins,FIXJACK1,9.303,3.048000,,sotto,dB in 100 ms sopra -70 dB; pieno 3.813 V da g3mai_20_iii
gm3x0_20_iii_i,l29d2_iii,20,3.818,3a0,100k,S_rel,FIXJACK1,8.655,7.859000,,sotto,dB in 100 ms sopra -70 dB; pieno 3.813 V da g3mai_20_iii
gm3x0_20_iii_i,l29d2_iii,20,3.818,3a0,100k,A_ins,FIXJACK2,4.063,1.000031,2.000,SOPRA,riferimento g3sempre_20_iii
gm3x0_20_iii_i,l29d2_iii,20,3.818,3a0,100k,A_rel,FIXJACK2,4.063,5.000031,2.000,SOPRA,riferimento g3mai_20_iii
gm3x0_20_iii_i,l29d2_iii,20,3.818,3a0,100k,B2,FIXJACK2,6.369e-05,4.526385,,sotto,mute da t_ins+t_grad+20 ms a t_rel
gm3x0_20_iii_i,l29d2_iii,20,3.818,3a0,100k,C1_ins,FIXJACK2,0.006178,2.699708,,SOPRA,"diagnostica, cond 7.22"
gm3x0_20_iii_i,l29d2_iii,20,3.818,3a0,100k,C1_rel,FIXJACK2,0.0007993,8.292938,,sotto,"diagnostica, cond 7.22"
gm3x0_20_iii_i,l29d2_iii,20,3.818,3a0,100k,C2_ins,FIXJACK2,0.006178,2.699708,,SOPRA,"riferimento g3sempre_20_iii, cond 7.22"
gm3x0_20_iii_i,l29d2_iii,20,3.818,3a0,100k,C2_rel,FIXJACK2,0.0007995,8.292938,,sotto,"riferimento g3mai_20_iii, cond 7.22"
gm3x0_20_iii_i,l29d2_iii,20,3.818,3a0,100k,S_ins,FIXJACK2,9.303,3.048000,,sotto,dB in 100 ms sopra -70 dB; pieno 3.813 V da g3mai_20_iii
gm3x0_20_iii_i,l29d2_iii,20,3.818,3a0,100k,S_rel,FIXJACK2,8.655,7.859000,,sotto,dB in 100 ms sopra -70 dB; pieno 3.813 V da g3mai_20_iii
gm3x0_20_iii_c,l29d2_iii,20,3.818,3a0,100k,A_ins,MAINJACK,1.475e-08,5.000604,2.000,sotto,riferimento g0sempre_20_iii
gm3x0_20_iii_c,l29d2_iii,20,3.818,3a0,100k,A_rel,MAINJACK,4.06,7.000031,2.000,SOPRA,riferimento g0mai_20_iii
gm3x0_20_iii_c,l29d2_iii,20,3.818,3a0,100k,B2,MAINJACK,2.858e-12,5.027458,,sotto,mute da t_ins+t_grad+20 ms a t_rel
gm3x0_20_iii_c,l29d2_iii,20,3.818,3a0,100k,C1_ins,MAINJACK,1.474e-08,5.000604,,sotto,"diagnostica, cond 7.22"
gm3x0_20_iii_c,l29d2_iii,20,3.818,3a0,100k,C1_rel,MAINJACK,1.168e-05,7.001479,,sotto,"diagnostica, cond 7.22"
gm3x0_20_iii_c,l29d2_iii,20,3.818,3a0,100k,C2_ins,MAINJACK,1.474e-08,5.000604,,sotto,"riferimento g0sempre_20_iii, cond 7.22"
gm3x0_20_iii_c,l29d2_iii,20,3.818,3a0,100k,C2_rel,MAINJACK,1.23e-05,7.001479,,sotto,"riferimento g0mai_20_iii, cond 7.22"
gm3x0_20_iii_c,l29d2_iii,20,3.818,3a0,100k,S_ins,MAINJACK,0,,,sotto,dB in 100 ms sopra -70 dB; pieno 3.811 V da g0mai_20_iii
gm3x0_20_iii_c,l29d2_iii,20,3.818,3a0,100k,S_rel,MAINJACK,0,,,sotto,dB in 100 ms sopra -70 dB; pieno 3.811 V da g0mai_20_iii
gm3x0_20_iii_c,l29d2_iii,20,3.818,3a0,100k,A_ins,FIXJACK1,2.909e-12,6.999990,2.000,sotto,riferimento g0sempre_20_iii
gm3x0_20_iii_c,l29d2_iii,20,3.818,3a0,100k,A_rel,FIXJACK1,4.063,7.000031,2.000,SOPRA,riferimento g0mai_20_iii
gm3x0_20_iii_c,l29d2_iii,20,3.818,3a0,100k,B2,FIXJACK1,2.909e-12,6.999990,,sotto,mute da t_ins+t_grad+20 ms a t_rel
gm3x0_20_iii_c,l29d2_iii,20,3.818,3a0,100k,C1_ins,FIXJACK1,2.467e-13,5.000604,,sotto,"diagnostica, cond 7.22"
gm3x0_20_iii_c,l29d2_iii,20,3.818,3a0,100k,C1_rel,FIXJACK1,1.171e-05,7.001479,,sotto,"diagnostica, cond 7.22"
gm3x0_20_iii_c,l29d2_iii,20,3.818,3a0,100k,C2_ins,FIXJACK1,2.467e-13,5.000604,,sotto,"riferimento g0sempre_20_iii, cond 7.22"
gm3x0_20_iii_c,l29d2_iii,20,3.818,3a0,100k,C2_rel,FIXJACK1,1.232e-05,7.001479,,sotto,"riferimento g0mai_20_iii, cond 7.22"
gm3x0_20_iii_c,l29d2_iii,20,3.818,3a0,100k,S_ins,FIXJACK1,0,,,sotto,dB in 100 ms sopra -70 dB; pieno 3.813 V da g0mai_20_iii
gm3x0_20_iii_c,l29d2_iii,20,3.818,3a0,100k,S_rel,FIXJACK1,0,,,sotto,dB in 100 ms sopra -70 dB; pieno 3.813 V da g0mai_20_iii
gm3x0_20_iii_c,l29d2_iii,20,3.818,3a0,100k,A_ins,FIXJACK2,2.909e-12,6.999990,2.000,sotto,riferimento g0sempre_20_iii
gm3x0_20_iii_c,l29d2_iii,20,3.818,3a0,100k,A_rel,FIXJACK2,4.063,7.000031,2.000,SOPRA,riferimento g0mai_20_iii
gm3x0_20_iii_c,l29d2_iii,20,3.818,3a0,100k,B2,FIXJACK2,2.909e-12,6.999990,,sotto,mute da t_ins+t_grad+20 ms a t_rel
gm3x0_20_iii_c,l29d2_iii,20,3.818,3a0,100k,C1_ins,FIXJACK2,2.464e-13,5.000604,,sotto,"diagnostica, cond 7.22"
gm3x0_20_iii_c,l29d2_iii,20,3.818,3a0,100k,C1_rel,FIXJACK2,1.171e-05,7.001479,,sotto,"diagnostica, cond 7.22"
gm3x0_20_iii_c,l29d2_iii,20,3.818,3a0,100k,C2_ins,FIXJACK2,2.465e-13,5.000604,,sotto,"riferimento g0sempre_20_iii, cond 7.22"
gm3x0_20_iii_c,l29d2_iii,20,3.818,3a0,100k,C2_rel,FIXJACK2,1.232e-05,7.001479,,sotto,"riferimento g0mai_20_iii, cond 7.22"
gm3x0_20_iii_c,l29d2_iii,20,3.818,3a0,100k,S_ins,FIXJACK2,0,,,sotto,dB in 100 ms sopra -70 dB; pieno 3.813 V da g0mai_20_iii
gm3x0_20_iii_c,l29d2_iii,20,3.818,3a0,100k,S_rel,FIXJACK2,0,,,sotto,dB in 100 ms sopra -70 dB; pieno 3.813 V da g0mai_20_iii
gm3x10_20_iii_i,l29d2_iii,20,3.818,3a10,100k,A_ins,MAINJACK,5.766,1.000031,2.000,SOPRA,riferimento g3sempre_20_iii
gm3x10_20_iii_i,l29d2_iii,20,3.818,3a10,100k,A_rel,MAINJACK,5.766,5.000031,2.000,SOPRA,riferimento g3mai_20_iii
gm3x10_20_iii_i,l29d2_iii,20,3.818,3a10,100k,B2,MAINJACK,9.144e-05,4.526323,,sotto,mute da t_ins+t_grad+20 ms a t_rel
gm3x10_20_iii_i,l29d2_iii,20,3.818,3a10,100k,C1_ins,MAINJACK,0.00877,2.699646,,SOPRA,"diagnostica, cond 7.22"
gm3x10_20_iii_i,l29d2_iii,20,3.818,3a10,100k,C1_rel,MAINJACK,0.002525,8.292927,,SOPRA,"diagnostica, cond 7.22"
gm3x10_20_iii_i,l29d2_iii,20,3.818,3a10,100k,C2_ins,MAINJACK,0.00877,2.699646,,SOPRA,"riferimento g3sempre_20_iii, cond 7.22"
gm3x10_20_iii_i,l29d2_iii,20,3.818,3a10,100k,C2_rel,MAINJACK,0.002525,8.292938,,SOPRA,"riferimento g3mai_20_iii, cond 7.22"
gm3x10_20_iii_i,l29d2_iii,20,3.818,3a10,100k,S_ins,MAINJACK,9.303,3.048000,,sotto,dB in 100 ms sopra -70 dB; pieno 5.412 V da g3mai_20_iii
gm3x10_20_iii_i,l29d2_iii,20,3.818,3a10,100k,S_rel,MAINJACK,8.655,7.859000,,sotto,dB in 100 ms sopra -70 dB; pieno 5.412 V da g3mai_20_iii
gm3x10_20_iii_i,l29d2_iii,20,3.818,3a10,100k,A_ins,FIXJACK1,4.063,1.000031,2.000,SOPRA,riferimento g3sempre_20_iii
gm3x10_20_iii_i,l29d2_iii,20,3.818,3a10,100k,A_rel,FIXJACK1,4.063,5.000031,2.000,SOPRA,riferimento g3mai_20_iii
gm3x10_20_iii_i,l29d2_iii,20,3.818,3a10,100k,B2,FIXJACK1,6.376e-05,4.526385,,sotto,mute da t_ins+t_grad+20 ms a t_rel
gm3x10_20_iii_i,l29d2_iii,20,3.818,3a10,100k,C1_ins,FIXJACK1,0.006178,2.699708,,SOPRA,"diagnostica, cond 7.22"
gm3x10_20_iii_i,l29d2_iii,20,3.818,3a10,100k,C1_rel,FIXJACK1,0.0007993,8.292938,,sotto,"diagnostica, cond 7.22"
gm3x10_20_iii_i,l29d2_iii,20,3.818,3a10,100k,C2_ins,FIXJACK1,0.006178,2.699708,,SOPRA,"riferimento g3sempre_20_iii, cond 7.22"
gm3x10_20_iii_i,l29d2_iii,20,3.818,3a10,100k,C2_rel,FIXJACK1,0.0007995,8.292938,,sotto,"riferimento g3mai_20_iii, cond 7.22"
gm3x10_20_iii_i,l29d2_iii,20,3.818,3a10,100k,S_ins,FIXJACK1,9.303,3.048000,,sotto,dB in 100 ms sopra -70 dB; pieno 3.813 V da g3mai_20_iii
gm3x10_20_iii_i,l29d2_iii,20,3.818,3a10,100k,S_rel,FIXJACK1,8.655,7.859000,,sotto,dB in 100 ms sopra -70 dB; pieno 3.813 V da g3mai_20_iii
gm3x10_20_iii_i,l29d2_iii,20,3.818,3a10,100k,A_ins,FIXJACK2,4.063,1.000031,2.000,SOPRA,riferimento g3sempre_20_iii
gm3x10_20_iii_i,l29d2_iii,20,3.818,3a10,100k,A_rel,FIXJACK2,4.063,5.000031,2.000,SOPRA,riferimento g3mai_20_iii
gm3x10_20_iii_i,l29d2_iii,20,3.818,3a10,100k,B2,FIXJACK2,6.376e-05,4.526385,,sotto,mute da t_ins+t_grad+20 ms a t_rel
gm3x10_20_iii_i,l29d2_iii,20,3.818,3a10,100k,C1_ins,FIXJACK2,0.006178,2.699708,,SOPRA,"diagnostica, cond 7.22"
gm3x10_20_iii_i,l29d2_iii,20,3.818,3a10,100k,C1_rel,FIXJACK2,0.0007993,8.292938,,sotto,"diagnostica, cond 7.22"
gm3x10_20_iii_i,l29d2_iii,20,3.818,3a10,100k,C2_ins,FIXJACK2,0.006178,2.699708,,SOPRA,"riferimento g3sempre_20_iii, cond 7.22"
gm3x10_20_iii_i,l29d2_iii,20,3.818,3a10,100k,C2_rel,FIXJACK2,0.0007995,8.292938,,sotto,"riferimento g3mai_20_iii, cond 7.22"
gm3x10_20_iii_i,l29d2_iii,20,3.818,3a10,100k,S_ins,FIXJACK2,9.303,3.048000,,sotto,dB in 100 ms sopra -70 dB; pieno 3.813 V da g3mai_20_iii
gm3x10_20_iii_i,l29d2_iii,20,3.818,3a10,100k,S_rel,FIXJACK2,8.655,7.859000,,sotto,dB in 100 ms sopra -70 dB; pieno 3.813 V da g3mai_20_iii
gm3x10_20_iii_c,l29d2_iii,20,3.818,3a10,100k,A_ins,MAINJACK,6.33e-08,5.000312,2.000,sotto,riferimento g10sempre_20_iii
gm3x10_20_iii_c,l29d2_iii,20,3.818,3a10,100k,A_rel,MAINJACK,12.79,7.000031,2.000,SOPRA,riferimento g10mai_20_iii
gm3x10_20_iii_c,l29d2_iii,20,3.818,3a10,100k,B2,MAINJACK,2.822e-11,5.026719,,sotto,mute da t_ins+t_grad+20 ms a t_rel
gm3x10_20_iii_c,l29d2_iii,20,3.818,3a10,100k,C1_ins,MAINJACK,6.321e-08,5.000312,,sotto,"diagnostica, cond 7.22"
gm3x10_20_iii_c,l29d2_iii,20,3.818,3a10,100k,C1_rel,MAINJACK,3.683e-05,7.001479,,sotto,"diagnostica, cond 7.22"
gm3x10_20_iii_c,l29d2_iii,20,3.818,3a10,100k,C2_ins,MAINJACK,6.321e-08,5.000312,,sotto,"riferimento g10sempre_20_iii, cond 7.22"
gm3x10_20_iii_c,l29d2_iii,20,3.818,3a10,100k,C2_rel,MAINJACK,0.0003648,7.024677,,sotto,"riferimento g10mai_20_iii, cond 7.22"
gm3x10_20_iii_c,l29d2_iii,20,3.818,3a10,100k,S_ins,MAINJACK,0,,,sotto,dB in 100 ms sopra -70 dB; pieno 12.01 V da g10mai_20_iii
gm3x10_20_iii_c,l29d2_iii,20,3.818,3a10,100k,S_rel,MAINJACK,0,,,sotto,dB in 100 ms sopra -70 dB; pieno 12.01 V da g10mai_20_iii
gm3x10_20_iii_c,l29d2_iii,20,3.818,3a10,100k,A_ins,FIXJACK1,2.813e-12,6.999990,2.000,sotto,riferimento g10sempre_20_iii
gm3x10_20_iii_c,l29d2_iii,20,3.818,3a10,100k,A_rel,FIXJACK1,4.063,7.000031,2.000,SOPRA,riferimento g10mai_20_iii
gm3x10_20_iii_c,l29d2_iii,20,3.818,3a10,100k,B2,FIXJACK1,2.813e-12,6.999990,,sotto,mute da t_ins+t_grad+20 ms a t_rel
gm3x10_20_iii_c,l29d2_iii,20,3.818,3a10,100k,C1_ins,FIXJACK1,1.038e-12,5.000010,,sotto,"diagnostica, cond 7.22"
gm3x10_20_iii_c,l29d2_iii,20,3.818,3a10,100k,C1_rel,FIXJACK1,1.172e-05,7.001479,,sotto,"diagnostica, cond 7.22"
gm3x10_20_iii_c,l29d2_iii,20,3.818,3a10,100k,C2_ins,FIXJACK1,1.038e-12,5.000010,,sotto,"riferimento g10sempre_20_iii, cond 7.22"
gm3x10_20_iii_c,l29d2_iii,20,3.818,3a10,100k,C2_rel,FIXJACK1,1.233e-05,7.001479,,sotto,"riferimento g10mai_20_iii, cond 7.22"
gm3x10_20_iii_c,l29d2_iii,20,3.818,3a10,100k,S_ins,FIXJACK1,0,,,sotto,dB in 100 ms sopra -70 dB; pieno 3.813 V da g10mai_20_iii
gm3x10_20_iii_c,l29d2_iii,20,3.818,3a10,100k,S_rel,FIXJACK1,0,,,sotto,dB in 100 ms sopra -70 dB; pieno 3.813 V da g10mai_20_iii
gm3x10_20_iii_c,l29d2_iii,20,3.818,3a10,100k,A_ins,FIXJACK2,2.813e-12,6.999990,2.000,sotto,riferimento g10sempre_20_iii
gm3x10_20_iii_c,l29d2_iii,20,3.818,3a10,100k,A_rel,FIXJACK2,4.063,7.000031,2.000,SOPRA,riferimento g10mai_20_iii
gm3x10_20_iii_c,l29d2_iii,20,3.818,3a10,100k,B2,FIXJACK2,2.813e-12,6.999990,,sotto,mute da t_ins+t_grad+20 ms a t_rel
gm3x10_20_iii_c,l29d2_iii,20,3.818,3a10,100k,C1_ins,FIXJACK2,1.04e-12,5.000010,,sotto,"diagnostica, cond 7.22"
gm3x10_20_iii_c,l29d2_iii,20,3.818,3a10,100k,C1_rel,FIXJACK2,1.172e-05,7.001479,,sotto,"diagnostica, cond 7.22"
gm3x10_20_iii_c,l29d2_iii,20,3.818,3a10,100k,C2_ins,FIXJACK2,1.04e-12,5.000010,,sotto,"riferimento g10sempre_20_iii, cond 7.22"
gm3x10_20_iii_c,l29d2_iii,20,3.818,3a10,100k,C2_rel,FIXJACK2,1.233e-05,7.001479,,sotto,"riferimento g10mai_20_iii, cond 7.22"
gm3x10_20_iii_c,l29d2_iii,20,3.818,3a10,100k,S_ins,FIXJACK2,0,,,sotto,dB in 100 ms sopra -70 dB; pieno 3.813 V da g10mai_20_iii
gm3x10_20_iii_c,l29d2_iii,20,3.818,3a10,100k,S_rel,FIXJACK2,0,,,sotto,dB in 100 ms sopra -70 dB; pieno 3.813 V da g10mai_20_iii
gm10x3_20_iii_i,l29d2_iii,20,3.818,10a3,100k,A_ins,MAINJACK,12.79,1.000031,2.000,SOPRA,riferimento g10sempre_20_iii
gm10x3_20_iii_i,l29d2_iii,20,3.818,10a3,100k,A_rel,MAINJACK,12.79,5.000031,2.000,SOPRA,riferimento g10mai_20_iii
gm10x3_20_iii_i,l29d2_iii,20,3.818,10a3,100k,B2,MAINJACK,0.0002028,4.526323,,SOPRA,mute da t_ins+t_grad+20 ms a t_rel
gm10x3_20_iii_i,l29d2_iii,20,3.818,10a3,100k,C1_ins,MAINJACK,0.01946,2.699646,,SOPRA,"diagnostica, cond 7.22"
gm10x3_20_iii_i,l29d2_iii,20,3.818,10a3,100k,C1_rel,MAINJACK,0.001138,8.292927,,SOPRA,"diagnostica, cond 7.22"
gm10x3_20_iii_i,l29d2_iii,20,3.818,10a3,100k,C2_ins,MAINJACK,0.01946,2.699646,,SOPRA,"riferimento g10sempre_20_iii, cond 7.22"
gm10x3_20_iii_i,l29d2_iii,20,3.818,10a3,100k,C2_rel,MAINJACK,0.001117,8.293000,,SOPRA,"riferimento g10mai_20_iii, cond 7.22"
gm10x3_20_iii_i,l29d2_iii,20,3.818,10a3,100k,S_ins,MAINJACK,9.303,3.048000,,sotto,dB in 100 ms sopra -70 dB; pieno 12.01 V da g10mai_20_iii
gm10x3_20_iii_i,l29d2_iii,20,3.818,10a3,100k,S_rel,MAINJACK,8.655,7.859000,,sotto,dB in 100 ms sopra -70 dB; pieno 12.01 V da g10mai_20_iii
gm10x3_20_iii_i,l29d2_iii,20,3.818,10a3,100k,A_ins,FIXJACK1,4.063,1.000031,2.000,SOPRA,riferimento g10sempre_20_iii
gm10x3_20_iii_i,l29d2_iii,20,3.818,10a3,100k,A_rel,FIXJACK1,4.063,5.000031,2.000,SOPRA,riferimento g10mai_20_iii
gm10x3_20_iii_i,l29d2_iii,20,3.818,10a3,100k,B2,FIXJACK1,6.374e-05,4.526385,,sotto,mute da t_ins+t_grad+20 ms a t_rel
gm10x3_20_iii_i,l29d2_iii,20,3.818,10a3,100k,C1_ins,FIXJACK1,0.006178,2.699708,,SOPRA,"diagnostica, cond 7.22"
gm10x3_20_iii_i,l29d2_iii,20,3.818,10a3,100k,C1_rel,FIXJACK1,0.0007993,8.292938,,sotto,"diagnostica, cond 7.22"
gm10x3_20_iii_i,l29d2_iii,20,3.818,10a3,100k,C2_ins,FIXJACK1,0.006178,2.699708,,SOPRA,"riferimento g10sempre_20_iii, cond 7.22"
gm10x3_20_iii_i,l29d2_iii,20,3.818,10a3,100k,C2_rel,FIXJACK1,0.0007995,8.292938,,sotto,"riferimento g10mai_20_iii, cond 7.22"
gm10x3_20_iii_i,l29d2_iii,20,3.818,10a3,100k,S_ins,FIXJACK1,9.303,3.048000,,sotto,dB in 100 ms sopra -70 dB; pieno 3.813 V da g10mai_20_iii
gm10x3_20_iii_i,l29d2_iii,20,3.818,10a3,100k,S_rel,FIXJACK1,8.655,7.859000,,sotto,dB in 100 ms sopra -70 dB; pieno 3.813 V da g10mai_20_iii
gm10x3_20_iii_i,l29d2_iii,20,3.818,10a3,100k,A_ins,FIXJACK2,4.063,1.000031,2.000,SOPRA,riferimento g10sempre_20_iii
gm10x3_20_iii_i,l29d2_iii,20,3.818,10a3,100k,A_rel,FIXJACK2,4.063,5.000031,2.000,SOPRA,riferimento g10mai_20_iii
gm10x3_20_iii_i,l29d2_iii,20,3.818,10a3,100k,B2,FIXJACK2,6.374e-05,4.526385,,sotto,mute da t_ins+t_grad+20 ms a t_rel
gm10x3_20_iii_i,l29d2_iii,20,3.818,10a3,100k,C1_ins,FIXJACK2,0.006178,2.699708,,SOPRA,"diagnostica, cond 7.22"
gm10x3_20_iii_i,l29d2_iii,20,3.818,10a3,100k,C1_rel,FIXJACK2,0.0007993,8.292938,,sotto,"diagnostica, cond 7.22"
gm10x3_20_iii_i,l29d2_iii,20,3.818,10a3,100k,C2_ins,FIXJACK2,0.006178,2.699708,,SOPRA,"riferimento g10sempre_20_iii, cond 7.22"
gm10x3_20_iii_i,l29d2_iii,20,3.818,10a3,100k,C2_rel,FIXJACK2,0.0007995,8.292938,,sotto,"riferimento g10mai_20_iii, cond 7.22"
gm10x3_20_iii_i,l29d2_iii,20,3.818,10a3,100k,S_ins,FIXJACK2,9.303,3.048000,,sotto,dB in 100 ms sopra -70 dB; pieno 3.813 V da g10mai_20_iii
gm10x3_20_iii_i,l29d2_iii,20,3.818,10a3,100k,S_rel,FIXJACK2,8.655,7.859000,,sotto,dB in 100 ms sopra -70 dB; pieno 3.813 V da g10mai_20_iii
gm10x3_20_iii_c,l29d2_iii,20,3.818,10a3,100k,A_ins,MAINJACK,2.871e-09,5.000615,2.000,sotto,riferimento g3sempre_20_iii
gm10x3_20_iii_c,l29d2_iii,20,3.818,10a3,100k,A_rel,MAINJACK,5.766,7.000031,2.000,SOPRA,riferimento g3mai_20_iii
gm10x3_20_iii_c,l29d2_iii,20,3.818,10a3,100k,B2,MAINJACK,3.325e-12,5.026969,,sotto,mute da t_ins+t_grad+20 ms a t_rel
gm10x3_20_iii_c,l29d2_iii,20,3.818,10a3,100k,C1_ins,MAINJACK,2.88e-09,5.000615,,sotto,"diagnostica, cond 7.22"
gm10x3_20_iii_c,l29d2_iii,20,3.818,10a3,100k,C1_rel,MAINJACK,1.658e-05,7.001479,,sotto,"diagnostica, cond 7.22"
gm10x3_20_iii_c,l29d2_iii,20,3.818,10a3,100k,C2_ins,MAINJACK,2.88e-09,5.000615,,sotto,"riferimento g3sempre_20_iii, cond 7.22"
gm10x3_20_iii_c,l29d2_iii,20,3.818,10a3,100k,C2_rel,MAINJACK,1.795e-05,7.001479,,sotto,"riferimento g3mai_20_iii, cond 7.22"
gm10x3_20_iii_c,l29d2_iii,20,3.818,10a3,100k,S_ins,MAINJACK,0,,,sotto,dB in 100 ms sopra -70 dB; pieno 5.412 V da g3mai_20_iii
gm10x3_20_iii_c,l29d2_iii,20,3.818,10a3,100k,S_rel,MAINJACK,0,,,sotto,dB in 100 ms sopra -70 dB; pieno 5.412 V da g3mai_20_iii
gm10x3_20_iii_c,l29d2_iii,20,3.818,10a3,100k,A_ins,FIXJACK1,1.754e-12,6.999990,2.000,sotto,riferimento g3sempre_20_iii
gm10x3_20_iii_c,l29d2_iii,20,3.818,10a3,100k,A_rel,FIXJACK1,4.063,7.000031,2.000,SOPRA,riferimento g3mai_20_iii
gm10x3_20_iii_c,l29d2_iii,20,3.818,10a3,100k,B2,FIXJACK1,1.754e-12,6.999990,,sotto,mute da t_ins+t_grad+20 ms a t_rel
gm10x3_20_iii_c,l29d2_iii,20,3.818,10a3,100k,C1_ins,FIXJACK1,3.043e-14,4.989604,,sotto,"diagnostica, cond 7.22"
gm10x3_20_iii_c,l29d2_iii,20,3.818,10a3,100k,C1_rel,FIXJACK1,1.17e-05,7.001479,,sotto,"diagnostica, cond 7.22"
gm10x3_20_iii_c,l29d2_iii,20,3.818,10a3,100k,C2_ins,FIXJACK1,3.043e-14,4.989604,,sotto,"riferimento g3sempre_20_iii, cond 7.22"
gm10x3_20_iii_c,l29d2_iii,20,3.818,10a3,100k,C2_rel,FIXJACK1,1.232e-05,7.001479,,sotto,"riferimento g3mai_20_iii, cond 7.22"
gm10x3_20_iii_c,l29d2_iii,20,3.818,10a3,100k,S_ins,FIXJACK1,0,,,sotto,dB in 100 ms sopra -70 dB; pieno 3.813 V da g3mai_20_iii
gm10x3_20_iii_c,l29d2_iii,20,3.818,10a3,100k,S_rel,FIXJACK1,0,,,sotto,dB in 100 ms sopra -70 dB; pieno 3.813 V da g3mai_20_iii
gm10x3_20_iii_c,l29d2_iii,20,3.818,10a3,100k,A_ins,FIXJACK2,1.754e-12,6.999990,2.000,sotto,riferimento g3sempre_20_iii
gm10x3_20_iii_c,l29d2_iii,20,3.818,10a3,100k,A_rel,FIXJACK2,4.063,7.000031,2.000,SOPRA,riferimento g3mai_20_iii
gm10x3_20_iii_c,l29d2_iii,20,3.818,10a3,100k,B2,FIXJACK2,1.754e-12,6.999990,,sotto,mute da t_ins+t_grad+20 ms a t_rel
gm10x3_20_iii_c,l29d2_iii,20,3.818,10a3,100k,C1_ins,FIXJACK2,3.044e-14,4.989625,,sotto,"diagnostica, cond 7.22"
gm10x3_20_iii_c,l29d2_iii,20,3.818,10a3,100k,C1_rel,FIXJACK2,1.17e-05,7.001479,,sotto,"diagnostica, cond 7.22"
gm10x3_20_iii_c,l29d2_iii,20,3.818,10a3,100k,C2_ins,FIXJACK2,3.044e-14,4.989625,,sotto,"riferimento g3sempre_20_iii, cond 7.22"
gm10x3_20_iii_c,l29d2_iii,20,3.818,10a3,100k,C2_rel,FIXJACK2,1.232e-05,7.001479,,sotto,"riferimento g3mai_20_iii, cond 7.22"
gm10x3_20_iii_c,l29d2_iii,20,3.818,10a3,100k,S_ins,FIXJACK2,0,,,sotto,dB in 100 ms sopra -70 dB; pieno 3.813 V da g3mai_20_iii
gm10x3_20_iii_c,l29d2_iii,20,3.818,10a3,100k,S_rel,FIXJACK2,0,,,sotto,dB in 100 ms sopra -70 dB; pieno 3.813 V da g3mai_20_iii
gm0x10_20_iii_i,l29d2_iii,20,3.818,0a10,100k,A_ins,MAINJACK,4.06,1.000031,2.000,SOPRA,riferimento g0sempre_20_iii
gm0x10_20_iii_i,l29d2_iii,20,3.818,0a10,100k,A_rel,MAINJACK,4.06,5.000031,2.000,SOPRA,riferimento g0mai_20_iii
gm0x10_20_iii_i,l29d2_iii,20,3.818,0a10,100k,B2,MAINJACK,6.435e-05,4.526323,,sotto,mute da t_ins+t_grad+20 ms a t_rel
gm0x10_20_iii_i,l29d2_iii,20,3.818,0a10,100k,C1_ins,MAINJACK,0.006176,2.699646,,SOPRA,"diagnostica, cond 7.22"
gm0x10_20_iii_i,l29d2_iii,20,3.818,0a10,100k,C1_rel,MAINJACK,0.002525,8.292927,,SOPRA,"diagnostica, cond 7.22"
gm0x10_20_iii_i,l29d2_iii,20,3.818,0a10,100k,C2_ins,MAINJACK,0.006176,2.699646,,SOPRA,"riferimento g0sempre_20_iii, cond 7.22"
gm0x10_20_iii_i,l29d2_iii,20,3.818,0a10,100k,C2_rel,MAINJACK,0.002525,8.292938,,SOPRA,"riferimento g0mai_20_iii, cond 7.22"
gm0x10_20_iii_i,l29d2_iii,20,3.818,0a10,100k,S_ins,MAINJACK,9.303,3.048000,,sotto,dB in 100 ms sopra -70 dB; pieno 3.811 V da g0mai_20_iii
gm0x10_20_iii_i,l29d2_iii,20,3.818,0a10,100k,S_rel,MAINJACK,8.655,7.859000,,sotto,dB in 100 ms sopra -70 dB; pieno 3.811 V da g0mai_20_iii
gm0x10_20_iii_i,l29d2_iii,20,3.818,0a10,100k,A_ins,FIXJACK1,4.063,1.000031,2.000,SOPRA,riferimento g0sempre_20_iii
gm0x10_20_iii_i,l29d2_iii,20,3.818,0a10,100k,A_rel,FIXJACK1,4.063,5.000031,2.000,SOPRA,riferimento g0mai_20_iii
gm0x10_20_iii_i,l29d2_iii,20,3.818,0a10,100k,B2,FIXJACK1,6.371e-05,4.526385,,sotto,mute da t_ins+t_grad+20 ms a t_rel
gm0x10_20_iii_i,l29d2_iii,20,3.818,0a10,100k,C1_ins,FIXJACK1,0.006178,2.699708,,SOPRA,"diagnostica, cond 7.22"
gm0x10_20_iii_i,l29d2_iii,20,3.818,0a10,100k,C1_rel,FIXJACK1,0.0007993,8.292938,,sotto,"diagnostica, cond 7.22"
gm0x10_20_iii_i,l29d2_iii,20,3.818,0a10,100k,C2_ins,FIXJACK1,0.006178,2.699708,,SOPRA,"riferimento g0sempre_20_iii, cond 7.22"
gm0x10_20_iii_i,l29d2_iii,20,3.818,0a10,100k,C2_rel,FIXJACK1,0.0007995,8.292938,,sotto,"riferimento g0mai_20_iii, cond 7.22"
gm0x10_20_iii_i,l29d2_iii,20,3.818,0a10,100k,S_ins,FIXJACK1,9.303,3.048000,,sotto,dB in 100 ms sopra -70 dB; pieno 3.813 V da g0mai_20_iii
gm0x10_20_iii_i,l29d2_iii,20,3.818,0a10,100k,S_rel,FIXJACK1,8.655,7.859000,,sotto,dB in 100 ms sopra -70 dB; pieno 3.813 V da g0mai_20_iii
gm0x10_20_iii_i,l29d2_iii,20,3.818,0a10,100k,A_ins,FIXJACK2,4.063,1.000031,2.000,SOPRA,riferimento g0sempre_20_iii
gm0x10_20_iii_i,l29d2_iii,20,3.818,0a10,100k,A_rel,FIXJACK2,4.063,5.000031,2.000,SOPRA,riferimento g0mai_20_iii
gm0x10_20_iii_i,l29d2_iii,20,3.818,0a10,100k,B2,FIXJACK2,6.371e-05,4.526385,,sotto,mute da t_ins+t_grad+20 ms a t_rel
gm0x10_20_iii_i,l29d2_iii,20,3.818,0a10,100k,C1_ins,FIXJACK2,0.006178,2.699708,,SOPRA,"diagnostica, cond 7.22"
gm0x10_20_iii_i,l29d2_iii,20,3.818,0a10,100k,C1_rel,FIXJACK2,0.0007993,8.292938,,sotto,"diagnostica, cond 7.22"
gm0x10_20_iii_i,l29d2_iii,20,3.818,0a10,100k,C2_ins,FIXJACK2,0.006178,2.699708,,SOPRA,"riferimento g0sempre_20_iii, cond 7.22"
gm0x10_20_iii_i,l29d2_iii,20,3.818,0a10,100k,C2_rel,FIXJACK2,0.0007995,8.292938,,sotto,"riferimento g0mai_20_iii, cond 7.22"
gm0x10_20_iii_i,l29d2_iii,20,3.818,0a10,100k,S_ins,FIXJACK2,9.303,3.048000,,sotto,dB in 100 ms sopra -70 dB; pieno 3.813 V da g0mai_20_iii
gm0x10_20_iii_i,l29d2_iii,20,3.818,0a10,100k,S_rel,FIXJACK2,8.655,7.859000,,sotto,dB in 100 ms sopra -70 dB; pieno 3.813 V da g0mai_20_iii
gm0x10_20_iii_c,l29d2_iii,20,3.818,0a10,100k,A_ins,MAINJACK,4.176e-08,5.000312,2.000,sotto,riferimento g10sempre_20_iii
gm0x10_20_iii_c,l29d2_iii,20,3.818,0a10,100k,A_rel,MAINJACK,12.79,7.000031,2.000,SOPRA,riferimento g10mai_20_iii
gm0x10_20_iii_c,l29d2_iii,20,3.818,0a10,100k,B2,MAINJACK,1.581e-11,5.026896,,sotto,mute da t_ins+t_grad+20 ms a t_rel
gm0x10_20_iii_c,l29d2_iii,20,3.818,0a10,100k,C1_ins,MAINJACK,4.171e-08,5.000312,,sotto,"diagnostica, cond 7.22"
gm0x10_20_iii_c,l29d2_iii,20,3.818,0a10,100k,C1_rel,MAINJACK,3.679e-05,7.001479,,sotto,"diagnostica, cond 7.22"
gm0x10_20_iii_c,l29d2_iii,20,3.818,0a10,100k,C2_ins,MAINJACK,4.171e-08,5.000312,,sotto,"riferimento g10sempre_20_iii, cond 7.22"
gm0x10_20_iii_c,l29d2_iii,20,3.818,0a10,100k,C2_rel,MAINJACK,0.0003648,7.024677,,sotto,"riferimento g10mai_20_iii, cond 7.22"
gm0x10_20_iii_c,l29d2_iii,20,3.818,0a10,100k,S_ins,MAINJACK,0,,,sotto,dB in 100 ms sopra -70 dB; pieno 12.01 V da g10mai_20_iii
gm0x10_20_iii_c,l29d2_iii,20,3.818,0a10,100k,S_rel,MAINJACK,0,,,sotto,dB in 100 ms sopra -70 dB; pieno 12.01 V da g10mai_20_iii
gm0x10_20_iii_c,l29d2_iii,20,3.818,0a10,100k,A_ins,FIXJACK1,1.738e-12,6.999990,2.000,sotto,riferimento g10sempre_20_iii
gm0x10_20_iii_c,l29d2_iii,20,3.818,0a10,100k,A_rel,FIXJACK1,4.063,7.000031,2.000,SOPRA,riferimento g10mai_20_iii
gm0x10_20_iii_c,l29d2_iii,20,3.818,0a10,100k,B2,FIXJACK1,1.738e-12,6.999990,,sotto,mute da t_ins+t_grad+20 ms a t_rel
gm0x10_20_iii_c,l29d2_iii,20,3.818,0a10,100k,C1_ins,FIXJACK1,1.501e-12,5.000760,,sotto,"diagnostica, cond 7.22"
gm0x10_20_iii_c,l29d2_iii,20,3.818,0a10,100k,C1_rel,FIXJACK1,1.17e-05,7.001479,,sotto,"diagnostica, cond 7.22"
gm0x10_20_iii_c,l29d2_iii,20,3.818,0a10,100k,C2_ins,FIXJACK1,1.501e-12,5.000760,,sotto,"riferimento g10sempre_20_iii, cond 7.22"
gm0x10_20_iii_c,l29d2_iii,20,3.818,0a10,100k,C2_rel,FIXJACK1,1.232e-05,7.001479,,sotto,"riferimento g10mai_20_iii, cond 7.22"
gm0x10_20_iii_c,l29d2_iii,20,3.818,0a10,100k,S_ins,FIXJACK1,0,,,sotto,dB in 100 ms sopra -70 dB; pieno 3.813 V da g10mai_20_iii
gm0x10_20_iii_c,l29d2_iii,20,3.818,0a10,100k,S_rel,FIXJACK1,0,,,sotto,dB in 100 ms sopra -70 dB; pieno 3.813 V da g10mai_20_iii
gm0x10_20_iii_c,l29d2_iii,20,3.818,0a10,100k,A_ins,FIXJACK2,1.738e-12,6.999990,2.000,sotto,riferimento g10sempre_20_iii
gm0x10_20_iii_c,l29d2_iii,20,3.818,0a10,100k,A_rel,FIXJACK2,4.063,7.000031,2.000,SOPRA,riferimento g10mai_20_iii
gm0x10_20_iii_c,l29d2_iii,20,3.818,0a10,100k,B2,FIXJACK2,1.738e-12,6.999990,,sotto,mute da t_ins+t_grad+20 ms a t_rel
gm0x10_20_iii_c,l29d2_iii,20,3.818,0a10,100k,C1_ins,FIXJACK2,1.503e-12,5.000760,,sotto,"diagnostica, cond 7.22"
gm0x10_20_iii_c,l29d2_iii,20,3.818,0a10,100k,C1_rel,FIXJACK2,1.17e-05,7.001479,,sotto,"diagnostica, cond 7.22"
gm0x10_20_iii_c,l29d2_iii,20,3.818,0a10,100k,C2_ins,FIXJACK2,1.503e-12,5.000760,,sotto,"riferimento g10sempre_20_iii, cond 7.22"
gm0x10_20_iii_c,l29d2_iii,20,3.818,0a10,100k,C2_rel,FIXJACK2,1.232e-05,7.001479,,sotto,"riferimento g10mai_20_iii, cond 7.22"
gm0x10_20_iii_c,l29d2_iii,20,3.818,0a10,100k,S_ins,FIXJACK2,0,,,sotto,dB in 100 ms sopra -70 dB; pieno 3.813 V da g10mai_20_iii
gm0x10_20_iii_c,l29d2_iii,20,3.818,0a10,100k,S_rel,FIXJACK2,0,,,sotto,dB in 100 ms sopra -70 dB; pieno 3.813 V da g10mai_20_iii
gm10x0_20_iii_i,l29d2_iii,20,3.818,10a0,100k,A_ins,MAINJACK,12.79,1.000031,2.000,SOPRA,riferimento g10sempre_20_iii
gm10x0_20_iii_i,l29d2_iii,20,3.818,10a0,100k,A_rel,MAINJACK,12.79,5.000031,2.000,SOPRA,riferimento g10mai_20_iii
gm10x0_20_iii_i,l29d2_iii,20,3.818,10a0,100k,B2,MAINJACK,0.0002029,4.526323,,SOPRA,mute da t_ins+t_grad+20 ms a t_rel
gm10x0_20_iii_i,l29d2_iii,20,3.818,10a0,100k,C1_ins,MAINJACK,0.01946,2.699646,,SOPRA,"diagnostica, cond 7.22"
gm10x0_20_iii_i,l29d2_iii,20,3.818,10a0,100k,C1_rel,MAINJACK,0.0008012,8.292927,,sotto,"diagnostica, cond 7.22"
gm10x0_20_iii_i,l29d2_iii,20,3.818,10a0,100k,C2_ins,MAINJACK,0.01946,2.699646,,SOPRA,"riferimento g10sempre_20_iii, cond 7.22"
gm10x0_20_iii_i,l29d2_iii,20,3.818,10a0,100k,C2_rel,MAINJACK,0.0007811,8.293021,,sotto,"riferimento g10mai_20_iii, cond 7.22"
gm10x0_20_iii_i,l29d2_iii,20,3.818,10a0,100k,S_ins,MAINJACK,9.303,3.048000,,sotto,dB in 100 ms sopra -70 dB; pieno 12.01 V da g10mai_20_iii
gm10x0_20_iii_i,l29d2_iii,20,3.818,10a0,100k,S_rel,MAINJACK,8.655,7.859000,,sotto,dB in 100 ms sopra -70 dB; pieno 12.01 V da g10mai_20_iii
gm10x0_20_iii_i,l29d2_iii,20,3.818,10a0,100k,A_ins,FIXJACK1,4.063,1.000031,2.000,SOPRA,riferimento g10sempre_20_iii
gm10x0_20_iii_i,l29d2_iii,20,3.818,10a0,100k,A_rel,FIXJACK1,4.063,5.000031,2.000,SOPRA,riferimento g10mai_20_iii
gm10x0_20_iii_i,l29d2_iii,20,3.818,10a0,100k,B2,FIXJACK1,6.375e-05,4.526385,,sotto,mute da t_ins+t_grad+20 ms a t_rel
gm10x0_20_iii_i,l29d2_iii,20,3.818,10a0,100k,C1_ins,FIXJACK1,0.006178,2.699708,,SOPRA,"diagnostica, cond 7.22"
gm10x0_20_iii_i,l29d2_iii,20,3.818,10a0,100k,C1_rel,FIXJACK1,0.0007993,8.292938,,sotto,"diagnostica, cond 7.22"
gm10x0_20_iii_i,l29d2_iii,20,3.818,10a0,100k,C2_ins,FIXJACK1,0.006178,2.699708,,SOPRA,"riferimento g10sempre_20_iii, cond 7.22"
gm10x0_20_iii_i,l29d2_iii,20,3.818,10a0,100k,C2_rel,FIXJACK1,0.0007995,8.292938,,sotto,"riferimento g10mai_20_iii, cond 7.22"
gm10x0_20_iii_i,l29d2_iii,20,3.818,10a0,100k,S_ins,FIXJACK1,9.303,3.048000,,sotto,dB in 100 ms sopra -70 dB; pieno 3.813 V da g10mai_20_iii
gm10x0_20_iii_i,l29d2_iii,20,3.818,10a0,100k,S_rel,FIXJACK1,8.655,7.859000,,sotto,dB in 100 ms sopra -70 dB; pieno 3.813 V da g10mai_20_iii
gm10x0_20_iii_i,l29d2_iii,20,3.818,10a0,100k,A_ins,FIXJACK2,4.063,1.000031,2.000,SOPRA,riferimento g10sempre_20_iii
gm10x0_20_iii_i,l29d2_iii,20,3.818,10a0,100k,A_rel,FIXJACK2,4.063,5.000031,2.000,SOPRA,riferimento g10mai_20_iii
gm10x0_20_iii_i,l29d2_iii,20,3.818,10a0,100k,B2,FIXJACK2,6.375e-05,4.526385,,sotto,mute da t_ins+t_grad+20 ms a t_rel
gm10x0_20_iii_i,l29d2_iii,20,3.818,10a0,100k,C1_ins,FIXJACK2,0.006178,2.699708,,SOPRA,"diagnostica, cond 7.22"
gm10x0_20_iii_i,l29d2_iii,20,3.818,10a0,100k,C1_rel,FIXJACK2,0.0007993,8.292938,,sotto,"diagnostica, cond 7.22"
gm10x0_20_iii_i,l29d2_iii,20,3.818,10a0,100k,C2_ins,FIXJACK2,0.006178,2.699708,,SOPRA,"riferimento g10sempre_20_iii, cond 7.22"
gm10x0_20_iii_i,l29d2_iii,20,3.818,10a0,100k,C2_rel,FIXJACK2,0.0007995,8.292938,,sotto,"riferimento g10mai_20_iii, cond 7.22"
gm10x0_20_iii_i,l29d2_iii,20,3.818,10a0,100k,S_ins,FIXJACK2,9.303,3.048000,,sotto,dB in 100 ms sopra -70 dB; pieno 3.813 V da g10mai_20_iii
gm10x0_20_iii_i,l29d2_iii,20,3.818,10a0,100k,S_rel,FIXJACK2,8.655,7.859000,,sotto,dB in 100 ms sopra -70 dB; pieno 3.813 V da g10mai_20_iii
gm10x0_20_iii_c,l29d2_iii,20,3.818,10a0,100k,A_ins,MAINJACK,9.627e-08,5.000312,2.000,sotto,riferimento g0sempre_20_iii
gm10x0_20_iii_c,l29d2_iii,20,3.818,10a0,100k,A_rel,MAINJACK,4.06,7.000031,2.000,SOPRA,riferimento g0mai_20_iii
gm10x0_20_iii_c,l29d2_iii,20,3.818,10a0,100k,B2,MAINJACK,2.309e-11,5.026688,,sotto,mute da t_ins+t_grad+20 ms a t_rel
gm10x0_20_iii_c,l29d2_iii,20,3.818,10a0,100k,C1_ins,MAINJACK,9.62e-08,5.000312,,sotto,"diagnostica, cond 7.22"
gm10x0_20_iii_c,l29d2_iii,20,3.818,10a0,100k,C1_rel,MAINJACK,1.168e-05,7.001490,,sotto,"diagnostica, cond 7.22"
gm10x0_20_iii_c,l29d2_iii,20,3.818,10a0,100k,C2_ins,MAINJACK,9.62e-08,5.000312,,sotto,"riferimento g0sempre_20_iii, cond 7.22"
gm10x0_20_iii_c,l29d2_iii,20,3.818,10a0,100k,C2_rel,MAINJACK,1.229e-05,7.001490,,sotto,"riferimento g0mai_20_iii, cond 7.22"
gm10x0_20_iii_c,l29d2_iii,20,3.818,10a0,100k,S_ins,MAINJACK,0,,,sotto,dB in 100 ms sopra -70 dB; pieno 3.811 V da g0mai_20_iii
gm10x0_20_iii_c,l29d2_iii,20,3.818,10a0,100k,S_rel,MAINJACK,0,,,sotto,dB in 100 ms sopra -70 dB; pieno 3.811 V da g0mai_20_iii
gm10x0_20_iii_c,l29d2_iii,20,3.818,10a0,100k,A_ins,FIXJACK1,2.039e-12,5.000312,2.000,sotto,riferimento g0sempre_20_iii
gm10x0_20_iii_c,l29d2_iii,20,3.818,10a0,100k,A_rel,FIXJACK1,4.063,7.000031,2.000,SOPRA,riferimento g0mai_20_iii
gm10x0_20_iii_c,l29d2_iii,20,3.818,10a0,100k,B2,FIXJACK1,1.434e-12,6.999990,,sotto,mute da t_ins+t_grad+20 ms a t_rel
gm10x0_20_iii_c,l29d2_iii,20,3.818,10a0,100k,C1_ins,FIXJACK1,2.007e-12,5.000312,,sotto,"diagnostica, cond 7.22"
gm10x0_20_iii_c,l29d2_iii,20,3.818,10a0,100k,C1_rel,FIXJACK1,1.171e-05,7.001490,,sotto,"diagnostica, cond 7.22"
gm10x0_20_iii_c,l29d2_iii,20,3.818,10a0,100k,C2_ins,FIXJACK1,2.007e-12,5.000312,,sotto,"riferimento g0sempre_20_iii, cond 7.22"
gm10x0_20_iii_c,l29d2_iii,20,3.818,10a0,100k,C2_rel,FIXJACK1,1.232e-05,7.001490,,sotto,"riferimento g0mai_20_iii, cond 7.22"
gm10x0_20_iii_c,l29d2_iii,20,3.818,10a0,100k,S_ins,FIXJACK1,0,,,sotto,dB in 100 ms sopra -70 dB; pieno 3.813 V da g0mai_20_iii
gm10x0_20_iii_c,l29d2_iii,20,3.818,10a0,100k,S_rel,FIXJACK1,0,,,sotto,dB in 100 ms sopra -70 dB; pieno 3.813 V da g0mai_20_iii
gm10x0_20_iii_c,l29d2_iii,20,3.818,10a0,100k,A_ins,FIXJACK2,2.039e-12,5.000312,2.000,sotto,riferimento g0sempre_20_iii
gm10x0_20_iii_c,l29d2_iii,20,3.818,10a0,100k,A_rel,FIXJACK2,4.063,7.000031,2.000,SOPRA,riferimento g0mai_20_iii
gm10x0_20_iii_c,l29d2_iii,20,3.818,10a0,100k,B2,FIXJACK2,1.434e-12,6.999990,,sotto,mute da t_ins+t_grad+20 ms a t_rel
gm10x0_20_iii_c,l29d2_iii,20,3.818,10a0,100k,C1_ins,FIXJACK2,2.007e-12,5.000312,,sotto,"diagnostica, cond 7.22"
gm10x0_20_iii_c,l29d2_iii,20,3.818,10a0,100k,C1_rel,FIXJACK2,1.171e-05,7.001490,,sotto,"diagnostica, cond 7.22"
gm10x0_20_iii_c,l29d2_iii,20,3.818,10a0,100k,C2_ins,FIXJACK2,2.007e-12,5.000312,,sotto,"riferimento g0sempre_20_iii, cond 7.22"
gm10x0_20_iii_c,l29d2_iii,20,3.818,10a0,100k,C2_rel,FIXJACK2,1.232e-05,7.001490,,sotto,"riferimento g0mai_20_iii, cond 7.22"
gm10x0_20_iii_c,l29d2_iii,20,3.818,10a0,100k,S_ins,FIXJACK2,0,,,sotto,dB in 100 ms sopra -70 dB; pieno 3.813 V da g0mai_20_iii
gm10x0_20_iii_c,l29d2_iii,20,3.818,10a0,100k,S_rel,FIXJACK2,0,,,sotto,dB in 100 ms sopra -70 dB; pieno 3.813 V da g0mai_20_iii
gm0x3_lz_iii_i,l29d2_iii,1000,0,0a3,100k,A_ins,MAINJACK,3.239e-08,1.929031,2.000,sotto,riferimento g0sempre_lz_iii
gm0x3_lz_iii_i,l29d2_iii,1000,0,0a3,100k,A_rel,MAINJACK,1.707e-08,5.000458,2.000,sotto,riferimento g0mai_lz_iii
gm0x3_lz_iii_i,l29d2_iii,1000,0,0a3,100k,B2,MAINJACK,2.833e-10,4.520000,,sotto,mute da t_ins+t_grad+20 ms a t_rel
gm0x3_lz_iii_i,l29d2_iii,1000,0,0a3,100k,A_ins,FIXJACK1,3.23e-08,1.929042,2.000,sotto,riferimento g0sempre_lz_iii
gm0x3_lz_iii_i,l29d2_iii,1000,0,0a3,100k,A_rel,FIXJACK1,9.534e-12,6.391365,2.000,sotto,riferimento g0mai_lz_iii
gm0x3_lz_iii_i,l29d2_iii,1000,0,0a3,100k,B2,FIXJACK1,1.298e-09,4.520000,,sotto,mute da t_ins+t_grad+20 ms a t_rel
gm0x3_lz_iii_i,l29d2_iii,1000,0,0a3,100k,A_ins,FIXJACK2,3.23e-08,1.929021,2.000,sotto,riferimento g0sempre_lz_iii
gm0x3_lz_iii_i,l29d2_iii,1000,0,0a3,100k,A_rel,FIXJACK2,2.365e-11,5.599333,2.000,sotto,riferimento g0mai_lz_iii
gm0x3_lz_iii_i,l29d2_iii,1000,0,0a3,100k,B2,FIXJACK2,1.298e-09,4.520000,,sotto,mute da t_ins+t_grad+20 ms a t_rel
gm0x3_lz_iii_c,l29d2_iii,1000,0,0a3,100k,A_ins,MAINJACK,1.707e-08,5.000458,2.000,sotto,riferimento g3sempre_lz_iii
gm0x3_lz_iii_c,l29d2_iii,1000,0,0a3,100k,A_rel,MAINJACK,3.134e-08,8.303125,2.000,sotto,riferimento g3mai_lz_iii
gm0x3_lz_iii_c,l29d2_iii,1000,0,0a3,100k,B2,MAINJACK,7.162e-12,5.026833,,sotto,mute da t_ins+t_grad+20 ms a t_rel
gm0x3_lz_iii_c,l29d2_iii,1000,0,0a3,100k,A_ins,FIXJACK1,6.23e-13,5.000156,2.000,sotto,riferimento g3sempre_lz_iii
gm0x3_lz_iii_c,l29d2_iii,1000,0,0a3,100k,A_rel,FIXJACK1,2.2e-08,8.303292,2.000,sotto,riferimento g3mai_lz_iii
gm0x3_lz_iii_c,l29d2_iii,1000,0,0a3,100k,B2,FIXJACK1,4.787e-16,6.999990,,sotto,mute da t_ins+t_grad+20 ms a t_rel
gm0x3_lz_iii_c,l29d2_iii,1000,0,0a3,100k,A_ins,FIXJACK2,6.233e-13,5.000156,2.000,sotto,riferimento g3sempre_lz_iii
gm0x3_lz_iii_c,l29d2_iii,1000,0,0a3,100k,A_rel,FIXJACK2,2.2e-08,8.303292,2.000,sotto,riferimento g3mai_lz_iii
gm0x3_lz_iii_c,l29d2_iii,1000,0,0a3,100k,B2,FIXJACK2,5.15e-16,6.999990,,sotto,mute da t_ins+t_grad+20 ms a t_rel
gm3x0_lz_iii_i,l29d2_iii,1000,0,3a0,100k,A_ins,MAINJACK,4.6e-08,1.929031,2.000,sotto,riferimento g3sempre_lz_iii
gm3x0_lz_iii_i,l29d2_iii,1000,0,3a0,100k,A_rel,MAINJACK,3.707e-10,5.000021,2.000,sotto,riferimento g3mai_lz_iii
gm3x0_lz_iii_i,l29d2_iii,1000,0,3a0,100k,B2,MAINJACK,4.022e-10,4.520000,,sotto,mute da t_ins+t_grad+20 ms a t_rel
gm3x0_lz_iii_i,l29d2_iii,1000,0,3a0,100k,A_ins,FIXJACK1,3.23e-08,1.929073,2.000,sotto,riferimento g3sempre_lz_iii
gm3x0_lz_iii_i,l29d2_iii,1000,0,3a0,100k,A_rel,FIXJACK1,9.668e-12,5.313708,2.000,sotto,riferimento g3mai_lz_iii
gm3x0_lz_iii_i,l29d2_iii,1000,0,3a0,100k,B2,FIXJACK1,1.298e-09,4.520000,,sotto,mute da t_ins+t_grad+20 ms a t_rel
gm3x0_lz_iii_i,l29d2_iii,1000,0,3a0,100k,A_ins,FIXJACK2,3.231e-08,1.928990,2.000,sotto,riferimento g3sempre_lz_iii
gm3x0_lz_iii_i,l29d2_iii,1000,0,3a0,100k,A_rel,FIXJACK2,2.254e-11,5.041313,2.000,sotto,riferimento g3mai_lz_iii
gm3x0_lz_iii_i,l29d2_iii,1000,0,3a0,100k,B2,FIXJACK2,1.298e-09,4.520000,,sotto,mute da t_ins+t_grad+20 ms a t_rel
gm3x0_lz_iii_c,l29d2_iii,1000,0,3a0,100k,A_ins,MAINJACK,3.673e-10,5.000021,2.000,sotto,riferimento g0sempre_lz_iii
gm3x0_lz_iii_c,l29d2_iii,1000,0,3a0,100k,A_rel,MAINJACK,2.207e-08,8.303281,2.000,sotto,riferimento g0mai_lz_iii
gm3x0_lz_iii_c,l29d2_iii,1000,0,3a0,100k,B2,MAINJACK,9.376e-13,5.026927,,sotto,mute da t_ins+t_grad+20 ms a t_rel
gm3x0_lz_iii_c,l29d2_iii,1000,0,3a0,100k,A_ins,FIXJACK1,2.506e-15,5.000625,2.000,sotto,riferimento g0sempre_lz_iii
gm3x0_lz_iii_c,l29d2_iii,1000,0,3a0,100k,A_rel,FIXJACK1,2.2e-08,8.303198,2.000,sotto,riferimento g0mai_lz_iii
gm3x0_lz_iii_c,l29d2_iii,1000,0,3a0,100k,B2,FIXJACK1,1.75e-15,6.999990,,sotto,mute da t_ins+t_grad+20 ms a t_rel
gm3x0_lz_iii_c,l29d2_iii,1000,0,3a0,100k,A_ins,FIXJACK2,6.776e-15,5.000625,2.000,sotto,riferimento g0sempre_lz_iii
gm3x0_lz_iii_c,l29d2_iii,1000,0,3a0,100k,A_rel,FIXJACK2,2.201e-08,8.303187,2.000,sotto,riferimento g0mai_lz_iii
gm3x0_lz_iii_c,l29d2_iii,1000,0,3a0,100k,B2,FIXJACK2,1.882e-15,6.999990,,sotto,mute da t_ins+t_grad+20 ms a t_rel
gm3x10_lz_iii_i,l29d2_iii,1000,0,3a10,100k,A_ins,MAINJACK,4.6e-08,1.929031,2.000,sotto,riferimento g3sempre_lz_iii
gm3x10_lz_iii_i,l29d2_iii,1000,0,3a10,100k,A_rel,MAINJACK,8.358e-08,5.000312,2.000,sotto,riferimento g3mai_lz_iii
gm3x10_lz_iii_i,l29d2_iii,1000,0,3a10,100k,B2,MAINJACK,4.022e-10,4.520000,,sotto,mute da t_ins+t_grad+20 ms a t_rel
gm3x10_lz_iii_i,l29d2_iii,1000,0,3a10,100k,A_ins,FIXJACK1,3.23e-08,1.929073,2.000,sotto,riferimento g3sempre_lz_iii
gm3x10_lz_iii_i,l29d2_iii,1000,0,3a10,100k,A_rel,FIXJACK1,9.668e-12,5.313708,2.000,sotto,riferimento g3mai_lz_iii
gm3x10_lz_iii_i,l29d2_iii,1000,0,3a10,100k,B2,FIXJACK1,1.298e-09,4.520000,,sotto,mute da t_ins+t_grad+20 ms a t_rel
gm3x10_lz_iii_i,l29d2_iii,1000,0,3a10,100k,A_ins,FIXJACK2,3.231e-08,1.928990,2.000,sotto,riferimento g3sempre_lz_iii
gm3x10_lz_iii_i,l29d2_iii,1000,0,3a10,100k,A_rel,FIXJACK2,2.254e-11,5.041313,2.000,sotto,riferimento g3mai_lz_iii
gm3x10_lz_iii_i,l29d2_iii,1000,0,3a10,100k,B2,FIXJACK2,1.298e-09,4.520000,,sotto,mute da t_ins+t_grad+20 ms a t_rel
gm3x10_lz_iii_c,l29d2_iii,1000,0,3a10,100k,A_ins,MAINJACK,8.357e-08,5.000312,2.000,sotto,riferimento g10sempre_lz_iii
gm3x10_lz_iii_c,l29d2_iii,1000,0,3a10,100k,A_rel,MAINJACK,6.952e-08,8.303292,2.000,sotto,riferimento g10mai_lz_iii
gm3x10_lz_iii_c,l29d2_iii,1000,0,3a10,100k,B2,MAINJACK,1.906e-11,5.026833,,sotto,mute da t_ins+t_grad+20 ms a t_rel
gm3x10_lz_iii_c,l29d2_iii,1000,0,3a10,100k,A_ins,FIXJACK1,1.726e-12,5.000312,2.000,sotto,riferimento g10sempre_lz_iii
gm3x10_lz_iii_c,l29d2_iii,1000,0,3a10,100k,A_rel,FIXJACK1,2.2e-08,8.303333,2.000,sotto,riferimento g10mai_lz_iii
gm3x10_lz_iii_c,l29d2_iii,1000,0,3a10,100k,B2,FIXJACK1,1.85e-15,6.999990,,sotto,mute da t_ins+t_grad+20 ms a t_rel
gm3x10_lz_iii_c,l29d2_iii,1000,0,3a10,100k,A_ins,FIXJACK2,1.727e-12,5.000312,2.000,sotto,riferimento g10sempre_lz_iii
gm3x10_lz_iii_c,l29d2_iii,1000,0,3a10,100k,A_rel,FIXJACK2,2.2e-08,8.303333,2.000,sotto,riferimento g10mai_lz_iii
gm3x10_lz_iii_c,l29d2_iii,1000,0,3a10,100k,B2,FIXJACK2,2.002e-15,6.999990,,sotto,mute da t_ins+t_grad+20 ms a t_rel
gm10x3_lz_iii_i,l29d2_iii,1000,0,10a3,100k,A_ins,MAINJACK,1.021e-07,1.928958,2.000,sotto,riferimento g10sempre_lz_iii
gm10x3_lz_iii_i,l29d2_iii,1000,0,10a3,100k,A_rel,MAINJACK,3.005e-08,5.000406,2.000,sotto,riferimento g10mai_lz_iii
gm10x3_lz_iii_i,l29d2_iii,1000,0,10a3,100k,B2,MAINJACK,8.925e-10,4.520000,,sotto,mute da t_ins+t_grad+20 ms a t_rel
gm10x3_lz_iii_i,l29d2_iii,1000,0,10a3,100k,A_ins,FIXJACK1,3.23e-08,1.929083,2.000,sotto,riferimento g10sempre_lz_iii
gm10x3_lz_iii_i,l29d2_iii,1000,0,10a3,100k,A_rel,FIXJACK1,1.057e-11,6.201510,2.000,sotto,riferimento g10mai_lz_iii
gm10x3_lz_iii_i,l29d2_iii,1000,0,10a3,100k,B2,FIXJACK1,1.298e-09,4.520000,,sotto,mute da t_ins+t_grad+20 ms a t_rel
gm10x3_lz_iii_i,l29d2_iii,1000,0,10a3,100k,A_ins,FIXJACK2,3.23e-08,1.928990,2.000,sotto,riferimento g10sempre_lz_iii
gm10x3_lz_iii_i,l29d2_iii,1000,0,10a3,100k,A_rel,FIXJACK2,2.406e-11,5.368260,2.000,sotto,riferimento g10mai_lz_iii
gm10x3_lz_iii_i,l29d2_iii,1000,0,10a3,100k,B2,FIXJACK2,1.298e-09,4.520000,,sotto,mute da t_ins+t_grad+20 ms a t_rel
gm10x3_lz_iii_c,l29d2_iii,1000,0,10a3,100k,A_ins,MAINJACK,3.006e-08,5.000406,2.000,sotto,riferimento g3sempre_lz_iii
gm10x3_lz_iii_c,l29d2_iii,1000,0,10a3,100k,A_rel,MAINJACK,3.134e-08,8.303125,2.000,sotto,riferimento g3mai_lz_iii
gm10x3_lz_iii_c,l29d2_iii,1000,0,10a3,100k,B2,MAINJACK,4.613e-12,5.026906,,sotto,mute da t_ins+t_grad+20 ms a t_rel
gm10x3_lz_iii_c,l29d2_iii,1000,0,10a3,100k,A_ins,FIXJACK1,2.96e-14,5.000406,2.000,sotto,riferimento g3sempre_lz_iii
gm10x3_lz_iii_c,l29d2_iii,1000,0,10a3,100k,A_rel,FIXJACK1,2.2e-08,8.303292,2.000,sotto,riferimento g3mai_lz_iii
gm10x3_lz_iii_c,l29d2_iii,1000,0,10a3,100k,B2,FIXJACK1,3.092e-16,6.999990,,sotto,mute da t_ins+t_grad+20 ms a t_rel
gm10x3_lz_iii_c,l29d2_iii,1000,0,10a3,100k,A_ins,FIXJACK2,3.086e-14,5.000406,2.000,sotto,riferimento g3sempre_lz_iii
gm10x3_lz_iii_c,l29d2_iii,1000,0,10a3,100k,A_rel,FIXJACK2,2.2e-08,8.303323,2.000,sotto,riferimento g3mai_lz_iii
gm10x3_lz_iii_c,l29d2_iii,1000,0,10a3,100k,B2,FIXJACK2,3.041e-16,6.999990,,sotto,mute da t_ins+t_grad+20 ms a t_rel
gm0x10_lz_iii_i,l29d2_iii,1000,0,0a10,100k,A_ins,MAINJACK,3.239e-08,1.929031,2.000,sotto,riferimento g0sempre_lz_iii
gm0x10_lz_iii_i,l29d2_iii,1000,0,0a10,100k,A_rel,MAINJACK,8.359e-08,5.000312,2.000,sotto,riferimento g0mai_lz_iii
gm0x10_lz_iii_i,l29d2_iii,1000,0,0a10,100k,B2,MAINJACK,2.833e-10,4.520000,,sotto,mute da t_ins+t_grad+20 ms a t_rel
gm0x10_lz_iii_i,l29d2_iii,1000,0,0a10,100k,A_ins,FIXJACK1,3.23e-08,1.929042,2.000,sotto,riferimento g0sempre_lz_iii
gm0x10_lz_iii_i,l29d2_iii,1000,0,0a10,100k,A_rel,FIXJACK1,9.534e-12,6.391365,2.000,sotto,riferimento g0mai_lz_iii
gm0x10_lz_iii_i,l29d2_iii,1000,0,0a10,100k,B2,FIXJACK1,1.298e-09,4.520000,,sotto,mute da t_ins+t_grad+20 ms a t_rel
gm0x10_lz_iii_i,l29d2_iii,1000,0,0a10,100k,A_ins,FIXJACK2,3.23e-08,1.929021,2.000,sotto,riferimento g0sempre_lz_iii
gm0x10_lz_iii_i,l29d2_iii,1000,0,0a10,100k,A_rel,FIXJACK2,2.365e-11,5.599333,2.000,sotto,riferimento g0mai_lz_iii
gm0x10_lz_iii_i,l29d2_iii,1000,0,0a10,100k,B2,FIXJACK2,1.298e-09,4.520000,,sotto,mute da t_ins+t_grad+20 ms a t_rel
gm0x10_lz_iii_c,l29d2_iii,1000,0,0a10,100k,A_ins,MAINJACK,8.359e-08,5.000312,2.000,sotto,riferimento g10sempre_lz_iii
gm0x10_lz_iii_c,l29d2_iii,1000,0,0a10,100k,A_rel,MAINJACK,6.953e-08,8.303260,2.000,sotto,riferimento g10mai_lz_iii
gm0x10_lz_iii_c,l29d2_iii,1000,0,0a10,100k,B2,MAINJACK,1.815e-11,5.026833,,sotto,mute da t_ins+t_grad+20 ms a t_rel
gm0x10_lz_iii_c,l29d2_iii,1000,0,0a10,100k,A_ins,FIXJACK1,3.57e-13,5.000312,2.000,sotto,riferimento g10sempre_lz_iii
gm0x10_lz_iii_c,l29d2_iii,1000,0,0a10,100k,A_rel,FIXJACK1,2.2e-08,8.303219,2.000,sotto,riferimento g10mai_lz_iii
gm0x10_lz_iii_c,l29d2_iii,1000,0,0a10,100k,B2,FIXJACK1,1.339e-16,6.999990,,sotto,mute da t_ins+t_grad+20 ms a t_rel
gm0x10_lz_iii_c,l29d2_iii,1000,0,0a10,100k,A_ins,FIXJACK2,3.568e-13,5.000312,2.000,sotto,riferimento g10sempre_lz_iii
gm0x10_lz_iii_c,l29d2_iii,1000,0,0a10,100k,A_rel,FIXJACK2,2.201e-08,8.303156,2.000,sotto,riferimento g10mai_lz_iii
gm0x10_lz_iii_c,l29d2_iii,1000,0,0a10,100k,B2,FIXJACK2,1.18e-16,6.999990,,sotto,mute da t_ins+t_grad+20 ms a t_rel
gm10x0_lz_iii_i,l29d2_iii,1000,0,10a0,100k,A_ins,MAINJACK,1.021e-07,1.928958,2.000,sotto,riferimento g10sempre_lz_iii
gm10x0_lz_iii_i,l29d2_iii,1000,0,10a0,100k,A_rel,MAINJACK,1.242e-07,5.000312,2.000,sotto,riferimento g10mai_lz_iii
gm10x0_lz_iii_i,l29d2_iii,1000,0,10a0,100k,B2,MAINJACK,8.925e-10,4.520000,,sotto,mute da t_ins+t_grad+20 ms a t_rel
gm10x0_lz_iii_i,l29d2_iii,1000,0,10a0,100k,A_ins,FIXJACK1,3.23e-08,1.929083,2.000,sotto,riferimento g10sempre_lz_iii
gm10x0_lz_iii_i,l29d2_iii,1000,0,10a0,100k,A_rel,FIXJACK1,1.404e-11,5.000906,2.000,sotto,riferimento g10mai_lz_iii
gm10x0_lz_iii_i,l29d2_iii,1000,0,10a0,100k,B2,FIXJACK1,1.298e-09,4.520000,,sotto,mute da t_ins+t_grad+20 ms a t_rel
gm10x0_lz_iii_i,l29d2_iii,1000,0,10a0,100k,A_ins,FIXJACK2,3.23e-08,1.928990,2.000,sotto,riferimento g10sempre_lz_iii
gm10x0_lz_iii_i,l29d2_iii,1000,0,10a0,100k,A_rel,FIXJACK2,2.406e-11,5.368260,2.000,sotto,riferimento g10mai_lz_iii
gm10x0_lz_iii_i,l29d2_iii,1000,0,10a0,100k,B2,FIXJACK2,1.298e-09,4.520000,,sotto,mute da t_ins+t_grad+20 ms a t_rel
gm10x0_lz_iii_c,l29d2_iii,1000,0,10a0,100k,A_ins,MAINJACK,1.242e-07,5.000312,2.000,sotto,riferimento g0sempre_lz_iii
gm10x0_lz_iii_c,l29d2_iii,1000,0,10a0,100k,A_rel,MAINJACK,2.207e-08,8.303281,2.000,sotto,riferimento g0mai_lz_iii
gm10x0_lz_iii_c,l29d2_iii,1000,0,10a0,100k,B2,MAINJACK,4.681e-12,5.020000,,sotto,mute da t_ins+t_grad+20 ms a t_rel
gm10x0_lz_iii_c,l29d2_iii,1000,0,10a0,100k,A_ins,FIXJACK1,1.572e-11,5.000906,2.000,sotto,riferimento g0sempre_lz_iii
gm10x0_lz_iii_c,l29d2_iii,1000,0,10a0,100k,A_rel,FIXJACK1,2.2e-08,8.303187,2.000,sotto,riferimento g0mai_lz_iii
gm10x0_lz_iii_c,l29d2_iii,1000,0,10a0,100k,B2,FIXJACK1,4.967e-15,5.027365,,sotto,mute da t_ins+t_grad+20 ms a t_rel
gm10x0_lz_iii_c,l29d2_iii,1000,0,10a0,100k,A_ins,FIXJACK2,1.572e-11,5.000906,2.000,sotto,riferimento g0sempre_lz_iii
gm10x0_lz_iii_c,l29d2_iii,1000,0,10a0,100k,A_rel,FIXJACK2,2.201e-08,8.303198,2.000,sotto,riferimento g0mai_lz_iii
gm10x0_lz_iii_c,l29d2_iii,1000,0,10a0,100k,B2,FIXJACK2,4.975e-15,5.027250,,sotto,mute da t_ins+t_grad+20 ms a t_rel
pav_gm0x10_0_iii,pavimento,1000,0,0a10,100k,A_pav,MAINJACK,1.596e-11,1.465021,2.000,sotto,contro gm0x10_lz_iii_i
pav_gm0x10_0_iii,pavimento,1000,0,0a10,100k,A_pav,FIXJACK1,1.629e-11,1.465021,2.000,sotto,contro gm0x10_lz_iii_i
pav_gm0x10_0_iii,pavimento,1000,0,0a10,100k,A_pav,FIXJACK2,2.835e-11,2.961281,2.000,sotto,contro gm0x10_lz_iii_i
pav_gm0x10_1_iii,pavimento,1000,0,0a10,100k,A_pav,MAINJACK,6.59e-09,5.000760,2.000,sotto,contro gm0x10_lz_iii_i
pav_gm0x10_1_iii,pavimento,1000,0,0a10,100k,A_pav,FIXJACK1,1.699e-12,5.000760,2.000,sotto,contro gm0x10_lz_iii_i
pav_gm0x10_1_iii,pavimento,1000,0,0a10,100k,A_pav,FIXJACK2,1.697e-12,5.000760,2.000,sotto,contro gm0x10_lz_iii_i
pav_gm0x10_2_iii,pavimento,1000,0,0a10,100k,A_pav,MAINJACK,4.284e-11,7.981844,2.000,sotto,contro gm0x10_lz_iii_i
pav_gm0x10_2_iii,pavimento,1000,0,0a10,100k,A_pav,FIXJACK1,1.329e-11,7.070646,2.000,sotto,contro gm0x10_lz_iii_i
pav_gm0x10_2_iii,pavimento,1000,0,0a10,100k,A_pav,FIXJACK2,2.995e-11,7.978271,2.000,sotto,contro gm0x10_lz_iii_i
tm0x6_1k_iii_i,l29d2_iii,1000,3.818,t0a6,100k,A_ins,MAINJACK,12.71,1.000021,2.000,SOPRA,riferimento g10sempre_1k_iii
tm0x6_1k_iii_i,l29d2_iii,1000,3.818,t0a6,100k,A_rel,MAINJACK,12.71,5.000021,2.000,SOPRA,riferimento g10mai_1k_iii
tm0x6_1k_iii_i,l29d2_iii,1000,3.818,t0a6,100k,B2,MAINJACK,5.986e-06,4.526969,,sotto,mute da t_ins+t_grad+20 ms a t_rel
tm0x6_1k_iii_i,l29d2_iii,1000,3.818,t0a6,100k,C1_ins,MAINJACK,0.01351,1.917979,,SOPRA,"diagnostica, cond 1"
tm0x6_1k_iii_i,l29d2_iii,1000,3.818,t0a6,100k,C1_rel,MAINJACK,0.001164,8.292479,,SOPRA,"diagnostica, cond 1"
tm0x6_1k_iii_i,l29d2_iii,1000,3.818,t0a6,100k,C2_ins,MAINJACK,0.01351,1.917979,,SOPRA,"riferimento g10sempre_1k_iii, cond 1"
tm0x6_1k_iii_i,l29d2_iii,1000,3.818,t0a6,100k,C2_rel,MAINJACK,0.001651,8.292510,,SOPRA,"riferimento g10mai_1k_iii, cond 1"
tm0x6_1k_iii_i,l29d2_iii,1000,3.818,t0a6,100k,S_ins,MAINJACK,9.363,3.053000,,sotto,dB in 100 ms sopra -70 dB; pieno 12.02 V da g10mai_1k_iii
tm0x6_1k_iii_i,l29d2_iii,1000,3.818,t0a6,100k,S_rel,MAINJACK,8.674,7.853000,,sotto,dB in 100 ms sopra -70 dB; pieno 12.02 V da g10mai_1k_iii
tm0x6_1k_iii_i,l29d2_iii,1000,3.818,t0a6,100k,A_ins,FIXJACK1,4.034,1.000021,2.000,SOPRA,riferimento g10sempre_1k_iii
tm0x6_1k_iii_i,l29d2_iii,1000,3.818,t0a6,100k,A_rel,FIXJACK1,4.034,5.000021,2.000,SOPRA,riferimento g10mai_1k_iii
tm0x6_1k_iii_i,l29d2_iii,1000,3.818,t0a6,100k,B2,FIXJACK1,1.833e-06,4.527146,,sotto,mute da t_ins+t_grad+20 ms a t_rel
tm0x6_1k_iii_i,l29d2_iii,1000,3.818,t0a6,100k,C1_ins,FIXJACK1,0.004246,1.917979,,SOPRA,"diagnostica, cond 1"
tm0x6_1k_iii_i,l29d2_iii,1000,3.818,t0a6,100k,C1_rel,FIXJACK1,0.0007375,8.292479,,sotto,"diagnostica, cond 1"
tm0x6_1k_iii_i,l29d2_iii,1000,3.818,t0a6,100k,C2_ins,FIXJACK1,0.004246,1.917979,,SOPRA,"riferimento g10sempre_1k_iii, cond 1"
tm0x6_1k_iii_i,l29d2_iii,1000,3.818,t0a6,100k,C2_rel,FIXJACK1,0.0007286,8.292490,,sotto,"riferimento g10mai_1k_iii, cond 1"
tm0x6_1k_iii_i,l29d2_iii,1000,3.818,t0a6,100k,S_ins,FIXJACK1,9.363,3.053000,,sotto,dB in 100 ms sopra -70 dB; pieno 3.814 V da g10mai_1k_iii
tm0x6_1k_iii_i,l29d2_iii,1000,3.818,t0a6,100k,S_rel,FIXJACK1,8.674,7.853000,,sotto,dB in 100 ms sopra -70 dB; pieno 3.814 V da g10mai_1k_iii
tm0x6_1k_iii_i,l29d2_iii,1000,3.818,t0a6,100k,A_ins,FIXJACK2,4.034,1.000021,2.000,SOPRA,riferimento g10sempre_1k_iii
tm0x6_1k_iii_i,l29d2_iii,1000,3.818,t0a6,100k,A_rel,FIXJACK2,4.034,5.000021,2.000,SOPRA,riferimento g10mai_1k_iii
tm0x6_1k_iii_i,l29d2_iii,1000,3.818,t0a6,100k,B2,FIXJACK2,1.833e-06,4.527146,,sotto,mute da t_ins+t_grad+20 ms a t_rel
tm0x6_1k_iii_i,l29d2_iii,1000,3.818,t0a6,100k,C1_ins,FIXJACK2,0.004246,1.917979,,SOPRA,"diagnostica, cond 1"
tm0x6_1k_iii_i,l29d2_iii,1000,3.818,t0a6,100k,C1_rel,FIXJACK2,0.0007375,8.292479,,sotto,"diagnostica, cond 1"
tm0x6_1k_iii_i,l29d2_iii,1000,3.818,t0a6,100k,C2_ins,FIXJACK2,0.004246,1.917979,,SOPRA,"riferimento g10sempre_1k_iii, cond 1"
tm0x6_1k_iii_i,l29d2_iii,1000,3.818,t0a6,100k,C2_rel,FIXJACK2,0.0007286,8.292490,,sotto,"riferimento g10mai_1k_iii, cond 1"
tm0x6_1k_iii_i,l29d2_iii,1000,3.818,t0a6,100k,S_ins,FIXJACK2,9.363,3.053000,,sotto,dB in 100 ms sopra -70 dB; pieno 3.814 V da g10mai_1k_iii
tm0x6_1k_iii_i,l29d2_iii,1000,3.818,t0a6,100k,S_rel,FIXJACK2,8.674,7.853000,,sotto,dB in 100 ms sopra -70 dB; pieno 3.814 V da g10mai_1k_iii
tm0x6_1k_iii_c,l29d2_iii,1000,3.818,t0a6,100k,A_ins,MAINJACK,6.281e-08,5.001531,2.000,sotto,riferimento t6sempre_1k_iii
tm0x6_1k_iii_c,l29d2_iii,1000,3.818,t0a6,100k,A_rel,MAINJACK,6.369,7.000021,2.000,SOPRA,riferimento t6mai_1k_iii
tm0x6_1k_iii_c,l29d2_iii,1000,3.818,t0a6,100k,B2,MAINJACK,2.508e-09,6.999990,,sotto,mute da t_ins+t_grad+20 ms a t_rel
tm0x6_1k_iii_c,l29d2_iii,1000,3.818,t0a6,100k,C1_ins,MAINJACK,6.267e-08,5.001531,,sotto,"diagnostica, cond 1"
tm0x6_1k_iii_c,l29d2_iii,1000,3.818,t0a6,100k,C1_rel,MAINJACK,0.0003611,7.001031,,sotto,"diagnostica, cond 1"
tm0x6_1k_iii_c,l29d2_iii,1000,3.818,t0a6,100k,C2_ins,MAINJACK,6.267e-08,5.001531,,sotto,"riferimento t6sempre_1k_iii, cond 1"
tm0x6_1k_iii_c,l29d2_iii,1000,3.818,t0a6,100k,C2_rel,MAINJACK,0.0003713,7.001031,,sotto,"riferimento t6mai_1k_iii, cond 1"
tm0x6_1k_iii_c,l29d2_iii,1000,3.818,t0a6,100k,S_ins,MAINJACK,0,,,sotto,dB in 100 ms sopra -70 dB; pieno 6.02 V da t6mai_1k_iii
tm0x6_1k_iii_c,l29d2_iii,1000,3.818,t0a6,100k,S_rel,MAINJACK,0,,,sotto,dB in 100 ms sopra -70 dB; pieno 6.02 V da t6mai_1k_iii
tm0x6_1k_iii_c,l29d2_iii,1000,3.818,t0a6,100k,A_ins,FIXJACK1,1.864e-09,6.999990,2.000,sotto,riferimento t6sempre_1k_iii
tm0x6_1k_iii_c,l29d2_iii,1000,3.818,t0a6,100k,A_rel,FIXJACK1,4.034,7.000021,2.000,SOPRA,riferimento t6mai_1k_iii
tm0x6_1k_iii_c,l29d2_iii,1000,3.818,t0a6,100k,B2,FIXJACK1,1.866e-09,6.999990,,sotto,mute da t_ins+t_grad+20 ms a t_rel
tm0x6_1k_iii_c,l29d2_iii,1000,3.818,t0a6,100k,C1_ins,FIXJACK1,1.38e-11,5.001531,,sotto,"diagnostica, cond 1"
tm0x6_1k_iii_c,l29d2_iii,1000,3.818,t0a6,100k,C1_rel,FIXJACK1,0.0002285,7.001031,,sotto,"diagnostica, cond 1"
tm0x6_1k_iii_c,l29d2_iii,1000,3.818,t0a6,100k,C2_ins,FIXJACK1,1.38e-11,5.001531,,sotto,"riferimento t6sempre_1k_iii, cond 1"
tm0x6_1k_iii_c,l29d2_iii,1000,3.818,t0a6,100k,C2_rel,FIXJACK1,0.0002305,7.001031,,sotto,"riferimento t6mai_1k_iii, cond 1"
tm0x6_1k_iii_c,l29d2_iii,1000,3.818,t0a6,100k,S_ins,FIXJACK1,0,,,sotto,dB in 100 ms sopra -70 dB; pieno 3.814 V da t6mai_1k_iii
tm0x6_1k_iii_c,l29d2_iii,1000,3.818,t0a6,100k,S_rel,FIXJACK1,0,,,sotto,dB in 100 ms sopra -70 dB; pieno 3.814 V da t6mai_1k_iii
tm0x6_1k_iii_c,l29d2_iii,1000,3.818,t0a6,100k,A_ins,FIXJACK2,1.864e-09,6.999990,2.000,sotto,riferimento t6sempre_1k_iii
tm0x6_1k_iii_c,l29d2_iii,1000,3.818,t0a6,100k,A_rel,FIXJACK2,4.034,7.000021,2.000,SOPRA,riferimento t6mai_1k_iii
tm0x6_1k_iii_c,l29d2_iii,1000,3.818,t0a6,100k,B2,FIXJACK2,1.866e-09,6.999990,,sotto,mute da t_ins+t_grad+20 ms a t_rel
tm0x6_1k_iii_c,l29d2_iii,1000,3.818,t0a6,100k,C1_ins,FIXJACK2,1.38e-11,5.001531,,sotto,"diagnostica, cond 1"
tm0x6_1k_iii_c,l29d2_iii,1000,3.818,t0a6,100k,C1_rel,FIXJACK2,0.0002285,7.001031,,sotto,"diagnostica, cond 1"
tm0x6_1k_iii_c,l29d2_iii,1000,3.818,t0a6,100k,C2_ins,FIXJACK2,1.38e-11,5.001531,,sotto,"riferimento t6sempre_1k_iii, cond 1"
tm0x6_1k_iii_c,l29d2_iii,1000,3.818,t0a6,100k,C2_rel,FIXJACK2,0.0002305,7.001031,,sotto,"riferimento t6mai_1k_iii, cond 1"
tm0x6_1k_iii_c,l29d2_iii,1000,3.818,t0a6,100k,S_ins,FIXJACK2,0,,,sotto,dB in 100 ms sopra -70 dB; pieno 3.814 V da t6mai_1k_iii
tm0x6_1k_iii_c,l29d2_iii,1000,3.818,t0a6,100k,S_rel,FIXJACK2,0,,,sotto,dB in 100 ms sopra -70 dB; pieno 3.814 V da t6mai_1k_iii
tm6x0_1k_iii_i,l29d2_iii,1000,3.818,t6a0,100k,A_ins,MAINJACK,6.369,1.000021,2.000,SOPRA,riferimento t6sempre_1k_iii
tm6x0_1k_iii_i,l29d2_iii,1000,3.818,t6a0,100k,A_rel,MAINJACK,6.369,5.000021,2.000,SOPRA,riferimento t6mai_1k_iii
tm6x0_1k_iii_i,l29d2_iii,1000,3.818,t6a0,100k,B2,MAINJACK,3.122e-06,4.526937,,sotto,mute da t_ins+t_grad+20 ms a t_rel
tm6x0_1k_iii_i,l29d2_iii,1000,3.818,t6a0,100k,C1_ins,MAINJACK,0.006726,1.917979,,SOPRA,"diagnostica, cond 1"
tm6x0_1k_iii_i,l29d2_iii,1000,3.818,t6a0,100k,C1_rel,MAINJACK,0.002323,8.292479,,SOPRA,"diagnostica, cond 1"
tm6x0_1k_iii_i,l29d2_iii,1000,3.818,t6a0,100k,C2_ins,MAINJACK,0.006726,1.917979,,SOPRA,"riferimento t6sempre_1k_iii, cond 1"
tm6x0_1k_iii_i,l29d2_iii,1000,3.818,t6a0,100k,C2_rel,MAINJACK,0.002306,8.292490,,SOPRA,"riferimento t6mai_1k_iii, cond 1"
tm6x0_1k_iii_i,l29d2_iii,1000,3.818,t6a0,100k,S_ins,MAINJACK,9.363,3.053000,,sotto,dB in 100 ms sopra -70 dB; pieno 6.02 V da t6mai_1k_iii
tm6x0_1k_iii_i,l29d2_iii,1000,3.818,t6a0,100k,S_rel,MAINJACK,8.674,7.853000,,sotto,dB in 100 ms sopra -70 dB; pieno 6.02 V da t6mai_1k_iii
tm6x0_1k_iii_i,l29d2_iii,1000,3.818,t6a0,100k,A_ins,FIXJACK1,4.034,1.000021,2.000,SOPRA,riferimento t6sempre_1k_iii
tm6x0_1k_iii_i,l29d2_iii,1000,3.818,t6a0,100k,A_rel,FIXJACK1,4.034,5.000021,2.000,SOPRA,riferimento t6mai_1k_iii
tm6x0_1k_iii_i,l29d2_iii,1000,3.818,t6a0,100k,B2,FIXJACK1,1.929e-06,4.527063,,sotto,mute da t_ins+t_grad+20 ms a t_rel
tm6x0_1k_iii_i,l29d2_iii,1000,3.818,t6a0,100k,C1_ins,FIXJACK1,0.004248,1.917979,,SOPRA,"diagnostica, cond 1"
tm6x0_1k_iii_i,l29d2_iii,1000,3.818,t6a0,100k,C1_rel,FIXJACK1,0.0007375,8.292479,,sotto,"diagnostica, cond 1"
tm6x0_1k_iii_i,l29d2_iii,1000,3.818,t6a0,100k,C2_ins,FIXJACK1,0.004248,1.917979,,SOPRA,"riferimento t6sempre_1k_iii, cond 1"
tm6x0_1k_iii_i,l29d2_iii,1000,3.818,t6a0,100k,C2_rel,FIXJACK1,0.0007294,8.292490,,sotto,"riferimento t6mai_1k_iii, cond 1"
tm6x0_1k_iii_i,l29d2_iii,1000,3.818,t6a0,100k,S_ins,FIXJACK1,9.363,3.053000,,sotto,dB in 100 ms sopra -70 dB; pieno 3.814 V da t6mai_1k_iii
tm6x0_1k_iii_i,l29d2_iii,1000,3.818,t6a0,100k,S_rel,FIXJACK1,8.674,7.853000,,sotto,dB in 100 ms sopra -70 dB; pieno 3.814 V da t6mai_1k_iii
tm6x0_1k_iii_i,l29d2_iii,1000,3.818,t6a0,100k,A_ins,FIXJACK2,4.034,1.000021,2.000,SOPRA,riferimento t6sempre_1k_iii
tm6x0_1k_iii_i,l29d2_iii,1000,3.818,t6a0,100k,A_rel,FIXJACK2,4.034,5.000021,2.000,SOPRA,riferimento t6mai_1k_iii
tm6x0_1k_iii_i,l29d2_iii,1000,3.818,t6a0,100k,B2,FIXJACK2,1.929e-06,4.527063,,sotto,mute da t_ins+t_grad+20 ms a t_rel
tm6x0_1k_iii_i,l29d2_iii,1000,3.818,t6a0,100k,C1_ins,FIXJACK2,0.004248,1.917979,,SOPRA,"diagnostica, cond 1"
tm6x0_1k_iii_i,l29d2_iii,1000,3.818,t6a0,100k,C1_rel,FIXJACK2,0.0007375,8.292479,,sotto,"diagnostica, cond 1"
tm6x0_1k_iii_i,l29d2_iii,1000,3.818,t6a0,100k,C2_ins,FIXJACK2,0.004248,1.917979,,SOPRA,"riferimento t6sempre_1k_iii, cond 1"
tm6x0_1k_iii_i,l29d2_iii,1000,3.818,t6a0,100k,C2_rel,FIXJACK2,0.0007294,8.292490,,sotto,"riferimento t6mai_1k_iii, cond 1"
tm6x0_1k_iii_i,l29d2_iii,1000,3.818,t6a0,100k,S_ins,FIXJACK2,9.363,3.053000,,sotto,dB in 100 ms sopra -70 dB; pieno 3.814 V da t6mai_1k_iii
tm6x0_1k_iii_i,l29d2_iii,1000,3.818,t6a0,100k,S_rel,FIXJACK2,8.674,7.853000,,sotto,dB in 100 ms sopra -70 dB; pieno 3.814 V da t6mai_1k_iii
tm6x0_1k_iii_c,l29d2_iii,1000,3.818,t6a0,100k,A_ins,MAINJACK,4.373e-08,5.001313,2.000,sotto,riferimento g10sempre_1k_iii
tm6x0_1k_iii_c,l29d2_iii,1000,3.818,t6a0,100k,A_rel,MAINJACK,12.71,7.000021,2.000,SOPRA,riferimento g10mai_1k_iii
tm6x0_1k_iii_c,l29d2_iii,1000,3.818,t6a0,100k,B2,MAINJACK,1.719e-10,5.027156,,sotto,mute da t_ins+t_grad+20 ms a t_rel
tm6x0_1k_iii_c,l29d2_iii,1000,3.818,t6a0,100k,C1_ins,MAINJACK,4.351e-08,5.001313,,sotto,"diagnostica, cond 1"
tm6x0_1k_iii_c,l29d2_iii,1000,3.818,t6a0,100k,C1_rel,MAINJACK,0.0007097,7.001031,,sotto,"diagnostica, cond 1"
tm6x0_1k_iii_c,l29d2_iii,1000,3.818,t6a0,100k,C2_ins,MAINJACK,4.351e-08,5.001313,,sotto,"riferimento g10sempre_1k_iii, cond 1"
tm6x0_1k_iii_c,l29d2_iii,1000,3.818,t6a0,100k,C2_rel,MAINJACK,0.0007632,7.001958,,sotto,"riferimento g10mai_1k_iii, cond 1"
tm6x0_1k_iii_c,l29d2_iii,1000,3.818,t6a0,100k,S_ins,MAINJACK,0,,,sotto,dB in 100 ms sopra -70 dB; pieno 12.02 V da g10mai_1k_iii
tm6x0_1k_iii_c,l29d2_iii,1000,3.818,t6a0,100k,S_rel,MAINJACK,0,,,sotto,dB in 100 ms sopra -70 dB; pieno 12.02 V da g10mai_1k_iii
tm6x0_1k_iii_c,l29d2_iii,1000,3.818,t6a0,100k,A_ins,FIXJACK1,6.925e-11,5.001292,2.000,sotto,riferimento g10sempre_1k_iii
tm6x0_1k_iii_c,l29d2_iii,1000,3.818,t6a0,100k,A_rel,FIXJACK1,4.034,7.000021,2.000,SOPRA,riferimento g10mai_1k_iii
tm6x0_1k_iii_c,l29d2_iii,1000,3.818,t6a0,100k,B2,FIXJACK1,5.964e-11,5.020656,,sotto,mute da t_ins+t_grad+20 ms a t_rel
tm6x0_1k_iii_c,l29d2_iii,1000,3.818,t6a0,100k,C1_ins,FIXJACK1,8.671e-11,5.001313,,sotto,"diagnostica, cond 1"
tm6x0_1k_iii_c,l29d2_iii,1000,3.818,t6a0,100k,C1_rel,FIXJACK1,0.000225,7.001031,,sotto,"diagnostica, cond 1"
tm6x0_1k_iii_c,l29d2_iii,1000,3.818,t6a0,100k,C2_ins,FIXJACK1,8.671e-11,5.001313,,sotto,"riferimento g10sempre_1k_iii, cond 1"
tm6x0_1k_iii_c,l29d2_iii,1000,3.818,t6a0,100k,C2_rel,FIXJACK1,0.0002266,7.001031,,sotto,"riferimento g10mai_1k_iii, cond 1"
tm6x0_1k_iii_c,l29d2_iii,1000,3.818,t6a0,100k,S_ins,FIXJACK1,0,,,sotto,dB in 100 ms sopra -70 dB; pieno 3.814 V da g10mai_1k_iii
tm6x0_1k_iii_c,l29d2_iii,1000,3.818,t6a0,100k,S_rel,FIXJACK1,0,,,sotto,dB in 100 ms sopra -70 dB; pieno 3.814 V da g10mai_1k_iii
tm6x0_1k_iii_c,l29d2_iii,1000,3.818,t6a0,100k,A_ins,FIXJACK2,6.925e-11,5.001292,2.000,sotto,riferimento g10sempre_1k_iii
tm6x0_1k_iii_c,l29d2_iii,1000,3.818,t6a0,100k,A_rel,FIXJACK2,4.034,7.000021,2.000,SOPRA,riferimento g10mai_1k_iii
tm6x0_1k_iii_c,l29d2_iii,1000,3.818,t6a0,100k,B2,FIXJACK2,5.964e-11,5.020656,,sotto,mute da t_ins+t_grad+20 ms a t_rel
tm6x0_1k_iii_c,l29d2_iii,1000,3.818,t6a0,100k,C1_ins,FIXJACK2,8.671e-11,5.001313,,sotto,"diagnostica, cond 1"
tm6x0_1k_iii_c,l29d2_iii,1000,3.818,t6a0,100k,C1_rel,FIXJACK2,0.000225,7.001031,,sotto,"diagnostica, cond 1"
tm6x0_1k_iii_c,l29d2_iii,1000,3.818,t6a0,100k,C2_ins,FIXJACK2,8.671e-11,5.001313,,sotto,"riferimento g10sempre_1k_iii, cond 1"
tm6x0_1k_iii_c,l29d2_iii,1000,3.818,t6a0,100k,C2_rel,FIXJACK2,0.0002266,7.001031,,sotto,"riferimento g10mai_1k_iii, cond 1"
tm6x0_1k_iii_c,l29d2_iii,1000,3.818,t6a0,100k,S_ins,FIXJACK2,0,,,sotto,dB in 100 ms sopra -70 dB; pieno 3.814 V da g10mai_1k_iii
tm6x0_1k_iii_c,l29d2_iii,1000,3.818,t6a0,100k,S_rel,FIXJACK2,0,,,sotto,dB in 100 ms sopra -70 dB; pieno 3.814 V da g10mai_1k_iii
tm6x12_1k_iii_i,l29d2_iii,1000,3.818,t6a12,100k,A_ins,MAINJACK,6.369,1.000021,2.000,SOPRA,riferimento t6sempre_1k_iii
tm6x12_1k_iii_i,l29d2_iii,1000,3.818,t6a12,100k,A_rel,MAINJACK,6.369,5.000021,2.000,SOPRA,riferimento t6mai_1k_iii
tm6x12_1k_iii_i,l29d2_iii,1000,3.818,t6a12,100k,B2,MAINJACK,3.122e-06,4.526937,,sotto,mute da t_ins+t_grad+20 ms a t_rel
tm6x12_1k_iii_i,l29d2_iii,1000,3.818,t6a12,100k,C1_ins,MAINJACK,0.006726,1.917979,,SOPRA,"diagnostica, cond 1"
tm6x12_1k_iii_i,l29d2_iii,1000,3.818,t6a12,100k,C1_rel,MAINJACK,0.0005876,8.292479,,sotto,"diagnostica, cond 1"
tm6x12_1k_iii_i,l29d2_iii,1000,3.818,t6a12,100k,C2_ins,MAINJACK,0.006726,1.917979,,SOPRA,"riferimento t6sempre_1k_iii, cond 1"
tm6x12_1k_iii_i,l29d2_iii,1000,3.818,t6a12,100k,C2_rel,MAINJACK,0.0006077,8.292958,,sotto,"riferimento t6mai_1k_iii, cond 1"
tm6x12_1k_iii_i,l29d2_iii,1000,3.818,t6a12,100k,S_ins,MAINJACK,9.363,3.053000,,sotto,dB in 100 ms sopra -70 dB; pieno 6.02 V da t6mai_1k_iii
tm6x12_1k_iii_i,l29d2_iii,1000,3.818,t6a12,100k,S_rel,MAINJACK,8.674,7.853000,,sotto,dB in 100 ms sopra -70 dB; pieno 6.02 V da t6mai_1k_iii
tm6x12_1k_iii_i,l29d2_iii,1000,3.818,t6a12,100k,A_ins,FIXJACK1,4.034,1.000021,2.000,SOPRA,riferimento t6sempre_1k_iii
tm6x12_1k_iii_i,l29d2_iii,1000,3.818,t6a12,100k,A_rel,FIXJACK1,4.034,5.000021,2.000,SOPRA,riferimento t6mai_1k_iii
tm6x12_1k_iii_i,l29d2_iii,1000,3.818,t6a12,100k,B2,FIXJACK1,1.929e-06,4.527063,,sotto,mute da t_ins+t_grad+20 ms a t_rel
tm6x12_1k_iii_i,l29d2_iii,1000,3.818,t6a12,100k,C1_ins,FIXJACK1,0.004248,1.917979,,SOPRA,"diagnostica, cond 1"
tm6x12_1k_iii_i,l29d2_iii,1000,3.818,t6a12,100k,C1_rel,FIXJACK1,0.0007375,8.292479,,sotto,"diagnostica, cond 1"
tm6x12_1k_iii_i,l29d2_iii,1000,3.818,t6a12,100k,C2_ins,FIXJACK1,0.004248,1.917979,,SOPRA,"riferimento t6sempre_1k_iii, cond 1"
tm6x12_1k_iii_i,l29d2_iii,1000,3.818,t6a12,100k,C2_rel,FIXJACK1,0.0007293,8.292490,,sotto,"riferimento t6mai_1k_iii, cond 1"
tm6x12_1k_iii_i,l29d2_iii,1000,3.818,t6a12,100k,S_ins,FIXJACK1,9.363,3.053000,,sotto,dB in 100 ms sopra -70 dB; pieno 3.814 V da t6mai_1k_iii
tm6x12_1k_iii_i,l29d2_iii,1000,3.818,t6a12,100k,S_rel,FIXJACK1,8.674,7.853000,,sotto,dB in 100 ms sopra -70 dB; pieno 3.814 V da t6mai_1k_iii
tm6x12_1k_iii_i,l29d2_iii,1000,3.818,t6a12,100k,A_ins,FIXJACK2,4.034,1.000021,2.000,SOPRA,riferimento t6sempre_1k_iii
tm6x12_1k_iii_i,l29d2_iii,1000,3.818,t6a12,100k,A_rel,FIXJACK2,4.034,5.000021,2.000,SOPRA,riferimento t6mai_1k_iii
tm6x12_1k_iii_i,l29d2_iii,1000,3.818,t6a12,100k,B2,FIXJACK2,1.929e-06,4.527063,,sotto,mute da t_ins+t_grad+20 ms a t_rel
tm6x12_1k_iii_i,l29d2_iii,1000,3.818,t6a12,100k,C1_ins,FIXJACK2,0.004248,1.917979,,SOPRA,"diagnostica, cond 1"
tm6x12_1k_iii_i,l29d2_iii,1000,3.818,t6a12,100k,C1_rel,FIXJACK2,0.0007375,8.292479,,sotto,"diagnostica, cond 1"
tm6x12_1k_iii_i,l29d2_iii,1000,3.818,t6a12,100k,C2_ins,FIXJACK2,0.004248,1.917979,,SOPRA,"riferimento t6sempre_1k_iii, cond 1"
tm6x12_1k_iii_i,l29d2_iii,1000,3.818,t6a12,100k,C2_rel,FIXJACK2,0.0007293,8.292490,,sotto,"riferimento t6mai_1k_iii, cond 1"
tm6x12_1k_iii_i,l29d2_iii,1000,3.818,t6a12,100k,S_ins,FIXJACK2,9.363,3.053000,,sotto,dB in 100 ms sopra -70 dB; pieno 3.814 V da t6mai_1k_iii
tm6x12_1k_iii_i,l29d2_iii,1000,3.818,t6a12,100k,S_rel,FIXJACK2,8.674,7.853000,,sotto,dB in 100 ms sopra -70 dB; pieno 3.814 V da t6mai_1k_iii
tm6x12_1k_iii_c,l29d2_iii,1000,3.818,t6a12,100k,A_ins,MAINJACK,1.369e-08,5.000615,2.000,sotto,riferimento t12sempre_1k_iii
tm6x12_1k_iii_c,l29d2_iii,1000,3.818,t6a12,100k,A_rel,MAINJACK,3.215,7.000021,2.000,SOPRA,riferimento t12mai_1k_iii
tm6x12_1k_iii_c,l29d2_iii,1000,3.818,t6a12,100k,B2,MAINJACK,2.019e-09,6.999990,,sotto,mute da t_ins+t_grad+20 ms a t_rel
tm6x12_1k_iii_c,l29d2_iii,1000,3.818,t6a12,100k,C1_ins,MAINJACK,1.355e-08,5.000615,,sotto,"diagnostica, cond 1"
tm6x12_1k_iii_c,l29d2_iii,1000,3.818,t6a12,100k,C1_rel,MAINJACK,0.0001842,7.001031,,sotto,"diagnostica, cond 1"
tm6x12_1k_iii_c,l29d2_iii,1000,3.818,t6a12,100k,C2_ins,MAINJACK,1.355e-08,5.000615,,sotto,"riferimento t12sempre_1k_iii, cond 1"
tm6x12_1k_iii_c,l29d2_iii,1000,3.818,t6a12,100k,C2_rel,MAINJACK,0.0001872,7.001031,,sotto,"riferimento t12mai_1k_iii, cond 1"
tm6x12_1k_iii_c,l29d2_iii,1000,3.818,t6a12,100k,S_ins,MAINJACK,0,,,sotto,dB in 100 ms sopra -70 dB; pieno 3.039 V da t12mai_1k_iii
tm6x12_1k_iii_c,l29d2_iii,1000,3.818,t6a12,100k,S_rel,MAINJACK,0,,,sotto,dB in 100 ms sopra -70 dB; pieno 3.039 V da t12mai_1k_iii
tm6x12_1k_iii_c,l29d2_iii,1000,3.818,t6a12,100k,A_ins,FIXJACK1,2.974e-09,6.999990,2.000,sotto,riferimento t12sempre_1k_iii
tm6x12_1k_iii_c,l29d2_iii,1000,3.818,t6a12,100k,A_rel,FIXJACK1,4.034,7.000021,2.000,SOPRA,riferimento t12mai_1k_iii
tm6x12_1k_iii_c,l29d2_iii,1000,3.818,t6a12,100k,B2,FIXJACK1,2.976e-09,6.999990,,sotto,mute da t_ins+t_grad+20 ms a t_rel
tm6x12_1k_iii_c,l29d2_iii,1000,3.818,t6a12,100k,C1_ins,FIXJACK1,9.38e-12,4.980000,,sotto,"diagnostica, cond 1"
tm6x12_1k_iii_c,l29d2_iii,1000,3.818,t6a12,100k,C1_rel,FIXJACK1,0.0002309,7.001031,,sotto,"diagnostica, cond 1"
tm6x12_1k_iii_c,l29d2_iii,1000,3.818,t6a12,100k,C2_ins,FIXJACK1,9.38e-12,4.980000,,sotto,"riferimento t12sempre_1k_iii, cond 1"
tm6x12_1k_iii_c,l29d2_iii,1000,3.818,t6a12,100k,C2_rel,FIXJACK1,0.0002329,7.001031,,sotto,"riferimento t12mai_1k_iii, cond 1"
tm6x12_1k_iii_c,l29d2_iii,1000,3.818,t6a12,100k,S_ins,FIXJACK1,0,,,sotto,dB in 100 ms sopra -70 dB; pieno 3.814 V da t12mai_1k_iii
tm6x12_1k_iii_c,l29d2_iii,1000,3.818,t6a12,100k,S_rel,FIXJACK1,0,,,sotto,dB in 100 ms sopra -70 dB; pieno 3.814 V da t12mai_1k_iii
tm6x12_1k_iii_c,l29d2_iii,1000,3.818,t6a12,100k,A_ins,FIXJACK2,2.974e-09,6.999990,2.000,sotto,riferimento t12sempre_1k_iii
tm6x12_1k_iii_c,l29d2_iii,1000,3.818,t6a12,100k,A_rel,FIXJACK2,4.034,7.000021,2.000,SOPRA,riferimento t12mai_1k_iii
tm6x12_1k_iii_c,l29d2_iii,1000,3.818,t6a12,100k,B2,FIXJACK2,2.976e-09,6.999990,,sotto,mute da t_ins+t_grad+20 ms a t_rel
tm6x12_1k_iii_c,l29d2_iii,1000,3.818,t6a12,100k,C1_ins,FIXJACK2,9.38e-12,4.980000,,sotto,"diagnostica, cond 1"
tm6x12_1k_iii_c,l29d2_iii,1000,3.818,t6a12,100k,C1_rel,FIXJACK2,0.0002309,7.001031,,sotto,"diagnostica, cond 1"
tm6x12_1k_iii_c,l29d2_iii,1000,3.818,t6a12,100k,C2_ins,FIXJACK2,9.38e-12,4.980000,,sotto,"riferimento t12sempre_1k_iii, cond 1"
tm6x12_1k_iii_c,l29d2_iii,1000,3.818,t6a12,100k,C2_rel,FIXJACK2,0.0002329,7.001031,,sotto,"riferimento t12mai_1k_iii, cond 1"
tm6x12_1k_iii_c,l29d2_iii,1000,3.818,t6a12,100k,S_ins,FIXJACK2,0,,,sotto,dB in 100 ms sopra -70 dB; pieno 3.814 V da t12mai_1k_iii
tm6x12_1k_iii_c,l29d2_iii,1000,3.818,t6a12,100k,S_rel,FIXJACK2,0,,,sotto,dB in 100 ms sopra -70 dB; pieno 3.814 V da t12mai_1k_iii
tm12x6_1k_iii_i,l29d2_iii,1000,3.818,t12a6,100k,A_ins,MAINJACK,3.215,1.000021,2.000,SOPRA,riferimento t12sempre_1k_iii
tm12x6_1k_iii_i,l29d2_iii,1000,3.818,t12a6,100k,A_rel,MAINJACK,3.215,5.000021,2.000,SOPRA,riferimento t12mai_1k_iii
tm12x6_1k_iii_i,l29d2_iii,1000,3.818,t12a6,100k,B2,MAINJACK,1.531e-06,4.526948,,sotto,mute da t_ins+t_grad+20 ms a t_rel
tm12x6_1k_iii_i,l29d2_iii,1000,3.818,t12a6,100k,C1_ins,MAINJACK,0.003388,1.917979,,SOPRA,"diagnostica, cond 1"
tm12x6_1k_iii_i,l29d2_iii,1000,3.818,t12a6,100k,C1_rel,MAINJACK,0.001164,8.292479,,SOPRA,"diagnostica, cond 1"
tm12x6_1k_iii_i,l29d2_iii,1000,3.818,t12a6,100k,C2_ins,MAINJACK,0.003388,1.917979,,SOPRA,"riferimento t12sempre_1k_iii, cond 1"
tm12x6_1k_iii_i,l29d2_iii,1000,3.818,t12a6,100k,C2_rel,MAINJACK,0.001156,8.292490,,SOPRA,"riferimento t12mai_1k_iii, cond 1"
tm12x6_1k_iii_i,l29d2_iii,1000,3.818,t12a6,100k,S_ins,MAINJACK,9.363,3.053000,,sotto,dB in 100 ms sopra -70 dB; pieno 3.039 V da t12mai_1k_iii
tm12x6_1k_iii_i,l29d2_iii,1000,3.818,t12a6,100k,S_rel,MAINJACK,8.674,7.853000,,sotto,dB in 100 ms sopra -70 dB; pieno 3.039 V da t12mai_1k_iii
tm12x6_1k_iii_i,l29d2_iii,1000,3.818,t12a6,100k,A_ins,FIXJACK1,4.034,1.000021,2.000,SOPRA,riferimento t12sempre_1k_iii
tm12x6_1k_iii_i,l29d2_iii,1000,3.818,t12a6,100k,A_rel,FIXJACK1,4.034,5.000021,2.000,SOPRA,riferimento t12mai_1k_iii
tm12x6_1k_iii_i,l29d2_iii,1000,3.818,t12a6,100k,B2,FIXJACK1,1.872e-06,4.527073,,sotto,mute da t_ins+t_grad+20 ms a t_rel
tm12x6_1k_iii_i,l29d2_iii,1000,3.818,t12a6,100k,C1_ins,FIXJACK1,0.004248,1.917979,,SOPRA,"diagnostica, cond 1"
tm12x6_1k_iii_i,l29d2_iii,1000,3.818,t12a6,100k,C1_rel,FIXJACK1,0.0007375,8.292479,,sotto,"diagnostica, cond 1"
tm12x6_1k_iii_i,l29d2_iii,1000,3.818,t12a6,100k,C2_ins,FIXJACK1,0.004248,1.917979,,SOPRA,"riferimento t12sempre_1k_iii, cond 1"
tm12x6_1k_iii_i,l29d2_iii,1000,3.818,t12a6,100k,C2_rel,FIXJACK1,0.0007297,8.292490,,sotto,"riferimento t12mai_1k_iii, cond 1"
tm12x6_1k_iii_i,l29d2_iii,1000,3.818,t12a6,100k,S_ins,FIXJACK1,9.363,3.053000,,sotto,dB in 100 ms sopra -70 dB; pieno 3.814 V da t12mai_1k_iii
tm12x6_1k_iii_i,l29d2_iii,1000,3.818,t12a6,100k,S_rel,FIXJACK1,8.674,7.853000,,sotto,dB in 100 ms sopra -70 dB; pieno 3.814 V da t12mai_1k_iii
tm12x6_1k_iii_i,l29d2_iii,1000,3.818,t12a6,100k,A_ins,FIXJACK2,4.034,1.000021,2.000,SOPRA,riferimento t12sempre_1k_iii
tm12x6_1k_iii_i,l29d2_iii,1000,3.818,t12a6,100k,A_rel,FIXJACK2,4.034,5.000021,2.000,SOPRA,riferimento t12mai_1k_iii
tm12x6_1k_iii_i,l29d2_iii,1000,3.818,t12a6,100k,B2,FIXJACK2,1.872e-06,4.527073,,sotto,mute da t_ins+t_grad+20 ms a t_rel
tm12x6_1k_iii_i,l29d2_iii,1000,3.818,t12a6,100k,C1_ins,FIXJACK2,0.004248,1.917979,,SOPRA,"diagnostica, cond 1"
tm12x6_1k_iii_i,l29d2_iii,1000,3.818,t12a6,100k,C1_rel,FIXJACK2,0.0007375,8.292479,,sotto,"diagnostica, cond 1"
tm12x6_1k_iii_i,l29d2_iii,1000,3.818,t12a6,100k,C2_ins,FIXJACK2,0.004248,1.917979,,SOPRA,"riferimento t12sempre_1k_iii, cond 1"
tm12x6_1k_iii_i,l29d2_iii,1000,3.818,t12a6,100k,C2_rel,FIXJACK2,0.0007297,8.292490,,sotto,"riferimento t12mai_1k_iii, cond 1"
tm12x6_1k_iii_i,l29d2_iii,1000,3.818,t12a6,100k,S_ins,FIXJACK2,9.363,3.053000,,sotto,dB in 100 ms sopra -70 dB; pieno 3.814 V da t12mai_1k_iii
tm12x6_1k_iii_i,l29d2_iii,1000,3.818,t12a6,100k,S_rel,FIXJACK2,8.674,7.853000,,sotto,dB in 100 ms sopra -70 dB; pieno 3.814 V da t12mai_1k_iii
tm12x6_1k_iii_c,l29d2_iii,1000,3.818,t12a6,100k,A_ins,MAINJACK,2.156e-08,5.001313,2.000,sotto,riferimento t6sempre_1k_iii
tm12x6_1k_iii_c,l29d2_iii,1000,3.818,t12a6,100k,A_rel,MAINJACK,6.369,7.000021,2.000,SOPRA,riferimento t6mai_1k_iii
tm12x6_1k_iii_c,l29d2_iii,1000,3.818,t12a6,100k,B2,MAINJACK,4.461e-09,6.999990,,sotto,mute da t_ins+t_grad+20 ms a t_rel
tm12x6_1k_iii_c,l29d2_iii,1000,3.818,t12a6,100k,C1_ins,MAINJACK,2.142e-08,5.001313,,sotto,"diagnostica, cond 1"
tm12x6_1k_iii_c,l29d2_iii,1000,3.818,t12a6,100k,C1_rel,MAINJACK,0.0003642,7.001031,,sotto,"diagnostica, cond 1"
tm12x6_1k_iii_c,l29d2_iii,1000,3.818,t12a6,100k,C2_ins,MAINJACK,2.142e-08,5.001313,,sotto,"riferimento t6sempre_1k_iii, cond 1"
tm12x6_1k_iii_c,l29d2_iii,1000,3.818,t12a6,100k,C2_rel,MAINJACK,0.0003743,7.001031,,sotto,"riferimento t6mai_1k_iii, cond 1"
tm12x6_1k_iii_c,l29d2_iii,1000,3.818,t12a6,100k,S_ins,MAINJACK,0,,,sotto,dB in 100 ms sopra -70 dB; pieno 6.02 V da t6mai_1k_iii
tm12x6_1k_iii_c,l29d2_iii,1000,3.818,t12a6,100k,S_rel,MAINJACK,0,,,sotto,dB in 100 ms sopra -70 dB; pieno 6.02 V da t6mai_1k_iii
tm12x6_1k_iii_c,l29d2_iii,1000,3.818,t12a6,100k,A_ins,FIXJACK1,3.318e-09,6.999990,2.000,sotto,riferimento t6sempre_1k_iii
tm12x6_1k_iii_c,l29d2_iii,1000,3.818,t12a6,100k,A_rel,FIXJACK1,4.034,7.000021,2.000,SOPRA,riferimento t6mai_1k_iii
tm12x6_1k_iii_c,l29d2_iii,1000,3.818,t12a6,100k,B2,FIXJACK1,3.319e-09,6.999990,,sotto,mute da t_ins+t_grad+20 ms a t_rel
tm12x6_1k_iii_c,l29d2_iii,1000,3.818,t12a6,100k,C1_ins,FIXJACK1,1.122e-09,5.001010,,sotto,"diagnostica, cond 1"
tm12x6_1k_iii_c,l29d2_iii,1000,3.818,t12a6,100k,C1_rel,FIXJACK1,0.0002304,7.001031,,sotto,"diagnostica, cond 1"
tm12x6_1k_iii_c,l29d2_iii,1000,3.818,t12a6,100k,C2_ins,FIXJACK1,1.122e-09,5.001010,,sotto,"riferimento t6sempre_1k_iii, cond 1"
tm12x6_1k_iii_c,l29d2_iii,1000,3.818,t12a6,100k,C2_rel,FIXJACK1,0.0002324,7.001031,,sotto,"riferimento t6mai_1k_iii, cond 1"
tm12x6_1k_iii_c,l29d2_iii,1000,3.818,t12a6,100k,S_ins,FIXJACK1,0,,,sotto,dB in 100 ms sopra -70 dB; pieno 3.814 V da t6mai_1k_iii
tm12x6_1k_iii_c,l29d2_iii,1000,3.818,t12a6,100k,S_rel,FIXJACK1,0,,,sotto,dB in 100 ms sopra -70 dB; pieno 3.814 V da t6mai_1k_iii
tm12x6_1k_iii_c,l29d2_iii,1000,3.818,t12a6,100k,A_ins,FIXJACK2,3.318e-09,6.999990,2.000,sotto,riferimento t6sempre_1k_iii
tm12x6_1k_iii_c,l29d2_iii,1000,3.818,t12a6,100k,A_rel,FIXJACK2,4.034,7.000021,2.000,SOPRA,riferimento t6mai_1k_iii
tm12x6_1k_iii_c,l29d2_iii,1000,3.818,t12a6,100k,B2,FIXJACK2,3.319e-09,6.999990,,sotto,mute da t_ins+t_grad+20 ms a t_rel
tm12x6_1k_iii_c,l29d2_iii,1000,3.818,t12a6,100k,C1_ins,FIXJACK2,1.122e-09,5.001010,,sotto,"diagnostica, cond 1"
tm12x6_1k_iii_c,l29d2_iii,1000,3.818,t12a6,100k,C1_rel,FIXJACK2,0.0002304,7.001031,,sotto,"diagnostica, cond 1"
tm12x6_1k_iii_c,l29d2_iii,1000,3.818,t12a6,100k,C2_ins,FIXJACK2,1.122e-09,5.001010,,sotto,"riferimento t6sempre_1k_iii, cond 1"
tm12x6_1k_iii_c,l29d2_iii,1000,3.818,t12a6,100k,C2_rel,FIXJACK2,0.0002324,7.001031,,sotto,"riferimento t6mai_1k_iii, cond 1"
tm12x6_1k_iii_c,l29d2_iii,1000,3.818,t12a6,100k,S_ins,FIXJACK2,0,,,sotto,dB in 100 ms sopra -70 dB; pieno 3.814 V da t6mai_1k_iii
tm12x6_1k_iii_c,l29d2_iii,1000,3.818,t12a6,100k,S_rel,FIXJACK2,0,,,sotto,dB in 100 ms sopra -70 dB; pieno 3.814 V da t6mai_1k_iii
tm0x12_1k_iii_i,l29d2_iii,1000,3.818,t0a12,100k,A_ins,MAINJACK,12.71,1.000021,2.000,SOPRA,riferimento g10sempre_1k_iii
tm0x12_1k_iii_i,l29d2_iii,1000,3.818,t0a12,100k,A_rel,MAINJACK,12.71,5.000021,2.000,SOPRA,riferimento g10mai_1k_iii
tm0x12_1k_iii_i,l29d2_iii,1000,3.818,t0a12,100k,B2,MAINJACK,5.986e-06,4.526969,,sotto,mute da t_ins+t_grad+20 ms a t_rel
tm0x12_1k_iii_i,l29d2_iii,1000,3.818,t0a12,100k,C1_ins,MAINJACK,0.01351,1.917979,,SOPRA,"diagnostica, cond 1"
tm0x12_1k_iii_i,l29d2_iii,1000,3.818,t0a12,100k,C1_rel,MAINJACK,0.0005876,8.292479,,sotto,"diagnostica, cond 1"
tm0x12_1k_iii_i,l29d2_iii,1000,3.818,t0a12,100k,C2_ins,MAINJACK,0.01351,1.917979,,SOPRA,"riferimento g10sempre_1k_iii, cond 1"
tm0x12_1k_iii_i,l29d2_iii,1000,3.818,t0a12,100k,C2_rel,MAINJACK,0.001084,8.292510,,SOPRA,"riferimento g10mai_1k_iii, cond 1"
tm0x12_1k_iii_i,l29d2_iii,1000,3.818,t0a12,100k,S_ins,MAINJACK,9.363,3.053000,,sotto,dB in 100 ms sopra -70 dB; pieno 12.02 V da g10mai_1k_iii
tm0x12_1k_iii_i,l29d2_iii,1000,3.818,t0a12,100k,S_rel,MAINJACK,8.674,7.853000,,sotto,dB in 100 ms sopra -70 dB; pieno 12.02 V da g10mai_1k_iii
tm0x12_1k_iii_i,l29d2_iii,1000,3.818,t0a12,100k,A_ins,FIXJACK1,4.034,1.000021,2.000,SOPRA,riferimento g10sempre_1k_iii
tm0x12_1k_iii_i,l29d2_iii,1000,3.818,t0a12,100k,A_rel,FIXJACK1,4.034,5.000021,2.000,SOPRA,riferimento g10mai_1k_iii
tm0x12_1k_iii_i,l29d2_iii,1000,3.818,t0a12,100k,B2,FIXJACK1,1.833e-06,4.527146,,sotto,mute da t_ins+t_grad+20 ms a t_rel
tm0x12_1k_iii_i,l29d2_iii,1000,3.818,t0a12,100k,C1_ins,FIXJACK1,0.004246,1.917979,,SOPRA,"diagnostica, cond 1"
tm0x12_1k_iii_i,l29d2_iii,1000,3.818,t0a12,100k,C1_rel,FIXJACK1,0.0007375,8.292479,,sotto,"diagnostica, cond 1"
tm0x12_1k_iii_i,l29d2_iii,1000,3.818,t0a12,100k,C2_ins,FIXJACK1,0.004246,1.917979,,SOPRA,"riferimento g10sempre_1k_iii, cond 1"
tm0x12_1k_iii_i,l29d2_iii,1000,3.818,t0a12,100k,C2_rel,FIXJACK1,0.0007286,8.292490,,sotto,"riferimento g10mai_1k_iii, cond 1"
tm0x12_1k_iii_i,l29d2_iii,1000,3.818,t0a12,100k,S_ins,FIXJACK1,9.363,3.053000,,sotto,dB in 100 ms sopra -70 dB; pieno 3.814 V da g10mai_1k_iii
tm0x12_1k_iii_i,l29d2_iii,1000,3.818,t0a12,100k,S_rel,FIXJACK1,8.674,7.853000,,sotto,dB in 100 ms sopra -70 dB; pieno 3.814 V da g10mai_1k_iii
tm0x12_1k_iii_i,l29d2_iii,1000,3.818,t0a12,100k,A_ins,FIXJACK2,4.034,1.000021,2.000,SOPRA,riferimento g10sempre_1k_iii
tm0x12_1k_iii_i,l29d2_iii,1000,3.818,t0a12,100k,A_rel,FIXJACK2,4.034,5.000021,2.000,SOPRA,riferimento g10mai_1k_iii
tm0x12_1k_iii_i,l29d2_iii,1000,3.818,t0a12,100k,B2,FIXJACK2,1.833e-06,4.527146,,sotto,mute da t_ins+t_grad+20 ms a t_rel
tm0x12_1k_iii_i,l29d2_iii,1000,3.818,t0a12,100k,C1_ins,FIXJACK2,0.004246,1.917979,,SOPRA,"diagnostica, cond 1"
tm0x12_1k_iii_i,l29d2_iii,1000,3.818,t0a12,100k,C1_rel,FIXJACK2,0.0007375,8.292479,,sotto,"diagnostica, cond 1"
tm0x12_1k_iii_i,l29d2_iii,1000,3.818,t0a12,100k,C2_ins,FIXJACK2,0.004246,1.917979,,SOPRA,"riferimento g10sempre_1k_iii, cond 1"
tm0x12_1k_iii_i,l29d2_iii,1000,3.818,t0a12,100k,C2_rel,FIXJACK2,0.0007286,8.292490,,sotto,"riferimento g10mai_1k_iii, cond 1"
tm0x12_1k_iii_i,l29d2_iii,1000,3.818,t0a12,100k,S_ins,FIXJACK2,9.363,3.053000,,sotto,dB in 100 ms sopra -70 dB; pieno 3.814 V da g10mai_1k_iii
tm0x12_1k_iii_i,l29d2_iii,1000,3.818,t0a12,100k,S_rel,FIXJACK2,8.674,7.853000,,sotto,dB in 100 ms sopra -70 dB; pieno 3.814 V da g10mai_1k_iii
tm0x12_1k_iii_c,l29d2_iii,1000,3.818,t0a12,100k,A_ins,MAINJACK,2.668e-08,5.001531,2.000,sotto,riferimento t12sempre_1k_iii
tm0x12_1k_iii_c,l29d2_iii,1000,3.818,t0a12,100k,A_rel,MAINJACK,3.215,7.000021,2.000,SOPRA,riferimento t12mai_1k_iii
tm0x12_1k_iii_c,l29d2_iii,1000,3.818,t0a12,100k,B2,MAINJACK,1.498e-09,6.999990,,sotto,mute da t_ins+t_grad+20 ms a t_rel
tm0x12_1k_iii_c,l29d2_iii,1000,3.818,t0a12,100k,C1_ins,MAINJACK,2.674e-08,5.001531,,sotto,"diagnostica, cond 1"
tm0x12_1k_iii_c,l29d2_iii,1000,3.818,t0a12,100k,C1_rel,MAINJACK,0.0001876,7.001031,,sotto,"diagnostica, cond 1"
tm0x12_1k_iii_c,l29d2_iii,1000,3.818,t0a12,100k,C2_ins,MAINJACK,2.674e-08,5.001531,,sotto,"riferimento t12sempre_1k_iii, cond 1"
tm0x12_1k_iii_c,l29d2_iii,1000,3.818,t0a12,100k,C2_rel,MAINJACK,0.0001905,7.001031,,sotto,"riferimento t12mai_1k_iii, cond 1"
tm0x12_1k_iii_c,l29d2_iii,1000,3.818,t0a12,100k,S_ins,MAINJACK,0,,,sotto,dB in 100 ms sopra -70 dB; pieno 3.039 V da t12mai_1k_iii
tm0x12_1k_iii_c,l29d2_iii,1000,3.818,t0a12,100k,S_rel,MAINJACK,0,,,sotto,dB in 100 ms sopra -70 dB; pieno 3.039 V da t12mai_1k_iii
tm0x12_1k_iii_c,l29d2_iii,1000,3.818,t0a12,100k,A_ins,FIXJACK1,4.035e-09,5.000406,2.000,sotto,riferimento t12sempre_1k_iii
tm0x12_1k_iii_c,l29d2_iii,1000,3.818,t0a12,100k,A_rel,FIXJACK1,4.034,7.000021,2.000,SOPRA,riferimento t12mai_1k_iii
tm0x12_1k_iii_c,l29d2_iii,1000,3.818,t0a12,100k,B2,FIXJACK1,2.209e-09,6.999990,,sotto,mute da t_ins+t_grad+20 ms a t_rel
tm0x12_1k_iii_c,l29d2_iii,1000,3.818,t0a12,100k,C1_ins,FIXJACK1,4.011e-09,5.000406,,sotto,"diagnostica, cond 1"
tm0x12_1k_iii_c,l29d2_iii,1000,3.818,t0a12,100k,C1_rel,FIXJACK1,0.0002351,7.001031,,sotto,"diagnostica, cond 1"
tm0x12_1k_iii_c,l29d2_iii,1000,3.818,t0a12,100k,C2_ins,FIXJACK1,4.011e-09,5.000406,,sotto,"riferimento t12sempre_1k_iii, cond 1"
tm0x12_1k_iii_c,l29d2_iii,1000,3.818,t0a12,100k,C2_rel,FIXJACK1,0.000237,7.001031,,sotto,"riferimento t12mai_1k_iii, cond 1"
tm0x12_1k_iii_c,l29d2_iii,1000,3.818,t0a12,100k,S_ins,FIXJACK1,0,,,sotto,dB in 100 ms sopra -70 dB; pieno 3.814 V da t12mai_1k_iii
tm0x12_1k_iii_c,l29d2_iii,1000,3.818,t0a12,100k,S_rel,FIXJACK1,0,,,sotto,dB in 100 ms sopra -70 dB; pieno 3.814 V da t12mai_1k_iii
tm0x12_1k_iii_c,l29d2_iii,1000,3.818,t0a12,100k,A_ins,FIXJACK2,4.035e-09,5.000406,2.000,sotto,riferimento t12sempre_1k_iii
tm0x12_1k_iii_c,l29d2_iii,1000,3.818,t0a12,100k,A_rel,FIXJACK2,4.034,7.000021,2.000,SOPRA,riferimento t12mai_1k_iii
tm0x12_1k_iii_c,l29d2_iii,1000,3.818,t0a12,100k,B2,FIXJACK2,2.209e-09,6.999990,,sotto,mute da t_ins+t_grad+20 ms a t_rel
tm0x12_1k_iii_c,l29d2_iii,1000,3.818,t0a12,100k,C1_ins,FIXJACK2,4.011e-09,5.000406,,sotto,"diagnostica, cond 1"
tm0x12_1k_iii_c,l29d2_iii,1000,3.818,t0a12,100k,C1_rel,FIXJACK2,0.0002351,7.001031,,sotto,"diagnostica, cond 1"
tm0x12_1k_iii_c,l29d2_iii,1000,3.818,t0a12,100k,C2_ins,FIXJACK2,4.011e-09,5.000406,,sotto,"riferimento t12sempre_1k_iii, cond 1"
tm0x12_1k_iii_c,l29d2_iii,1000,3.818,t0a12,100k,C2_rel,FIXJACK2,0.000237,7.001031,,sotto,"riferimento t12mai_1k_iii, cond 1"
tm0x12_1k_iii_c,l29d2_iii,1000,3.818,t0a12,100k,S_ins,FIXJACK2,0,,,sotto,dB in 100 ms sopra -70 dB; pieno 3.814 V da t12mai_1k_iii
tm0x12_1k_iii_c,l29d2_iii,1000,3.818,t0a12,100k,S_rel,FIXJACK2,0,,,sotto,dB in 100 ms sopra -70 dB; pieno 3.814 V da t12mai_1k_iii
tm12x0_1k_iii_i,l29d2_iii,1000,3.818,t12a0,100k,A_ins,MAINJACK,3.215,1.000021,2.000,SOPRA,riferimento t12sempre_1k_iii
tm12x0_1k_iii_i,l29d2_iii,1000,3.818,t12a0,100k,A_rel,MAINJACK,3.215,5.000021,2.000,SOPRA,riferimento t12mai_1k_iii
tm12x0_1k_iii_i,l29d2_iii,1000,3.818,t12a0,100k,B2,MAINJACK,1.531e-06,4.526948,,sotto,mute da t_ins+t_grad+20 ms a t_rel
tm12x0_1k_iii_i,l29d2_iii,1000,3.818,t12a0,100k,C1_ins,MAINJACK,0.003388,1.917979,,SOPRA,"diagnostica, cond 1"
tm12x0_1k_iii_i,l29d2_iii,1000,3.818,t12a0,100k,C1_rel,MAINJACK,0.002323,8.292479,,SOPRA,"diagnostica, cond 1"
tm12x0_1k_iii_i,l29d2_iii,1000,3.818,t12a0,100k,C2_ins,MAINJACK,0.003388,1.917979,,SOPRA,"riferimento t12sempre_1k_iii, cond 1"
tm12x0_1k_iii_i,l29d2_iii,1000,3.818,t12a0,100k,C2_rel,MAINJACK,0.002315,8.292479,,SOPRA,"riferimento t12mai_1k_iii, cond 1"
tm12x0_1k_iii_i,l29d2_iii,1000,3.818,t12a0,100k,S_ins,MAINJACK,9.363,3.053000,,sotto,dB in 100 ms sopra -70 dB; pieno 3.039 V da t12mai_1k_iii
tm12x0_1k_iii_i,l29d2_iii,1000,3.818,t12a0,100k,S_rel,MAINJACK,8.674,7.853000,,sotto,dB in 100 ms sopra -70 dB; pieno 3.039 V da t12mai_1k_iii
tm12x0_1k_iii_i,l29d2_iii,1000,3.818,t12a0,100k,A_ins,FIXJACK1,4.034,1.000021,2.000,SOPRA,riferimento t12sempre_1k_iii
tm12x0_1k_iii_i,l29d2_iii,1000,3.818,t12a0,100k,A_rel,FIXJACK1,4.034,5.000021,2.000,SOPRA,riferimento t12mai_1k_iii
tm12x0_1k_iii_i,l29d2_iii,1000,3.818,t12a0,100k,B2,FIXJACK1,1.872e-06,4.527073,,sotto,mute da t_ins+t_grad+20 ms a t_rel
tm12x0_1k_iii_i,l29d2_iii,1000,3.818,t12a0,100k,C1_ins,FIXJACK1,0.004248,1.917979,,SOPRA,"diagnostica, cond 1"
tm12x0_1k_iii_i,l29d2_iii,1000,3.818,t12a0,100k,C1_rel,FIXJACK1,0.0007376,8.292479,,sotto,"diagnostica, cond 1"
tm12x0_1k_iii_i,l29d2_iii,1000,3.818,t12a0,100k,C2_ins,FIXJACK1,0.004248,1.917979,,SOPRA,"riferimento t12sempre_1k_iii, cond 1"
tm12x0_1k_iii_i,l29d2_iii,1000,3.818,t12a0,100k,C2_rel,FIXJACK1,0.0007297,8.292490,,sotto,"riferimento t12mai_1k_iii, cond 1"
tm12x0_1k_iii_i,l29d2_iii,1000,3.818,t12a0,100k,S_ins,FIXJACK1,9.363,3.053000,,sotto,dB in 100 ms sopra -70 dB; pieno 3.814 V da t12mai_1k_iii
tm12x0_1k_iii_i,l29d2_iii,1000,3.818,t12a0,100k,S_rel,FIXJACK1,8.674,7.853000,,sotto,dB in 100 ms sopra -70 dB; pieno 3.814 V da t12mai_1k_iii
tm12x0_1k_iii_i,l29d2_iii,1000,3.818,t12a0,100k,A_ins,FIXJACK2,4.034,1.000021,2.000,SOPRA,riferimento t12sempre_1k_iii
tm12x0_1k_iii_i,l29d2_iii,1000,3.818,t12a0,100k,A_rel,FIXJACK2,4.034,5.000021,2.000,SOPRA,riferimento t12mai_1k_iii
tm12x0_1k_iii_i,l29d2_iii,1000,3.818,t12a0,100k,B2,FIXJACK2,1.872e-06,4.527073,,sotto,mute da t_ins+t_grad+20 ms a t_rel
tm12x0_1k_iii_i,l29d2_iii,1000,3.818,t12a0,100k,C1_ins,FIXJACK2,0.004248,1.917979,,SOPRA,"diagnostica, cond 1"
tm12x0_1k_iii_i,l29d2_iii,1000,3.818,t12a0,100k,C1_rel,FIXJACK2,0.0007376,8.292479,,sotto,"diagnostica, cond 1"
tm12x0_1k_iii_i,l29d2_iii,1000,3.818,t12a0,100k,C2_ins,FIXJACK2,0.004248,1.917979,,SOPRA,"riferimento t12sempre_1k_iii, cond 1"
tm12x0_1k_iii_i,l29d2_iii,1000,3.818,t12a0,100k,C2_rel,FIXJACK2,0.0007297,8.292490,,sotto,"riferimento t12mai_1k_iii, cond 1"
tm12x0_1k_iii_i,l29d2_iii,1000,3.818,t12a0,100k,S_ins,FIXJACK2,9.363,3.053000,,sotto,dB in 100 ms sopra -70 dB; pieno 3.814 V da t12mai_1k_iii
tm12x0_1k_iii_i,l29d2_iii,1000,3.818,t12a0,100k,S_rel,FIXJACK2,8.674,7.853000,,sotto,dB in 100 ms sopra -70 dB; pieno 3.814 V da t12mai_1k_iii
tm12x0_1k_iii_c,l29d2_iii,1000,3.818,t12a0,100k,A_ins,MAINJACK,3.604e-08,5.001313,2.000,sotto,riferimento g10sempre_1k_iii
tm12x0_1k_iii_c,l29d2_iii,1000,3.818,t12a0,100k,A_rel,MAINJACK,12.71,7.000021,2.000,SOPRA,riferimento g10mai_1k_iii
tm12x0_1k_iii_c,l29d2_iii,1000,3.818,t12a0,100k,B2,MAINJACK,8.809e-09,6.999990,,sotto,mute da t_ins+t_grad+20 ms a t_rel
tm12x0_1k_iii_c,l29d2_iii,1000,3.818,t12a0,100k,C1_ins,MAINJACK,3.578e-08,5.001313,,sotto,"diagnostica, cond 1"
tm12x0_1k_iii_c,l29d2_iii,1000,3.818,t12a0,100k,C1_rel,MAINJACK,0.000728,7.001031,,sotto,"diagnostica, cond 1"
tm12x0_1k_iii_c,l29d2_iii,1000,3.818,t12a0,100k,C2_ins,MAINJACK,3.578e-08,5.001313,,sotto,"riferimento g10sempre_1k_iii, cond 1"
tm12x0_1k_iii_c,l29d2_iii,1000,3.818,t12a0,100k,C2_rel,MAINJACK,0.0007799,7.001958,,sotto,"riferimento g10mai_1k_iii, cond 1"
tm12x0_1k_iii_c,l29d2_iii,1000,3.818,t12a0,100k,S_ins,MAINJACK,0,,,sotto,dB in 100 ms sopra -70 dB; pieno 12.02 V da g10mai_1k_iii
tm12x0_1k_iii_c,l29d2_iii,1000,3.818,t12a0,100k,S_rel,MAINJACK,0,,,sotto,dB in 100 ms sopra -70 dB; pieno 12.02 V da g10mai_1k_iii
tm12x0_1k_iii_c,l29d2_iii,1000,3.818,t12a0,100k,A_ins,FIXJACK1,3.283e-09,6.999990,2.000,sotto,riferimento g10sempre_1k_iii
tm12x0_1k_iii_c,l29d2_iii,1000,3.818,t12a0,100k,A_rel,FIXJACK1,4.034,7.000021,2.000,SOPRA,riferimento g10mai_1k_iii
tm12x0_1k_iii_c,l29d2_iii,1000,3.818,t12a0,100k,B2,FIXJACK1,3.285e-09,6.999990,,sotto,mute da t_ins+t_grad+20 ms a t_rel
tm12x0_1k_iii_c,l29d2_iii,1000,3.818,t12a0,100k,C1_ins,FIXJACK1,1.402e-11,5.001458,,sotto,"diagnostica, cond 1"
tm12x0_1k_iii_c,l29d2_iii,1000,3.818,t12a0,100k,C1_rel,FIXJACK1,0.0002308,7.001031,,sotto,"diagnostica, cond 1"
tm12x0_1k_iii_c,l29d2_iii,1000,3.818,t12a0,100k,C2_ins,FIXJACK1,1.402e-11,5.001458,,sotto,"riferimento g10sempre_1k_iii, cond 1"
tm12x0_1k_iii_c,l29d2_iii,1000,3.818,t12a0,100k,C2_rel,FIXJACK1,0.0002324,7.001031,,sotto,"riferimento g10mai_1k_iii, cond 1"
tm12x0_1k_iii_c,l29d2_iii,1000,3.818,t12a0,100k,S_ins,FIXJACK1,0,,,sotto,dB in 100 ms sopra -70 dB; pieno 3.814 V da g10mai_1k_iii
tm12x0_1k_iii_c,l29d2_iii,1000,3.818,t12a0,100k,S_rel,FIXJACK1,0,,,sotto,dB in 100 ms sopra -70 dB; pieno 3.814 V da g10mai_1k_iii
tm12x0_1k_iii_c,l29d2_iii,1000,3.818,t12a0,100k,A_ins,FIXJACK2,3.283e-09,6.999990,2.000,sotto,riferimento g10sempre_1k_iii
tm12x0_1k_iii_c,l29d2_iii,1000,3.818,t12a0,100k,A_rel,FIXJACK2,4.034,7.000021,2.000,SOPRA,riferimento g10mai_1k_iii
tm12x0_1k_iii_c,l29d2_iii,1000,3.818,t12a0,100k,B2,FIXJACK2,3.285e-09,6.999990,,sotto,mute da t_ins+t_grad+20 ms a t_rel
tm12x0_1k_iii_c,l29d2_iii,1000,3.818,t12a0,100k,C1_ins,FIXJACK2,1.402e-11,5.001458,,sotto,"diagnostica, cond 1"
tm12x0_1k_iii_c,l29d2_iii,1000,3.818,t12a0,100k,C1_rel,FIXJACK2,0.0002308,7.001031,,sotto,"diagnostica, cond 1"
tm12x0_1k_iii_c,l29d2_iii,1000,3.818,t12a0,100k,C2_ins,FIXJACK2,1.402e-11,5.001458,,sotto,"riferimento g10sempre_1k_iii, cond 1"
tm12x0_1k_iii_c,l29d2_iii,1000,3.818,t12a0,100k,C2_rel,FIXJACK2,0.0002324,7.001031,,sotto,"riferimento g10mai_1k_iii, cond 1"
tm12x0_1k_iii_c,l29d2_iii,1000,3.818,t12a0,100k,S_ins,FIXJACK2,0,,,sotto,dB in 100 ms sopra -70 dB; pieno 3.814 V da g10mai_1k_iii
tm12x0_1k_iii_c,l29d2_iii,1000,3.818,t12a0,100k,S_rel,FIXJACK2,0,,,sotto,dB in 100 ms sopra -70 dB; pieno 3.814 V da g10mai_1k_iii
tm0x6_lz_iii_i,l29d2_iii,1000,0,t0a6,100k,A_ins,MAINJACK,1.021e-07,1.928958,2.000,sotto,riferimento g10sempre_lz_iii
tm0x6_lz_iii_i,l29d2_iii,1000,0,t0a6,100k,A_rel,MAINJACK,1.157e-07,5.000406,2.000,sotto,riferimento g10mai_lz_iii
tm0x6_lz_iii_i,l29d2_iii,1000,0,t0a6,100k,B2,MAINJACK,8.925e-10,4.520000,,sotto,mute da t_ins+t_grad+20 ms a t_rel
tm0x6_lz_iii_i,l29d2_iii,1000,0,t0a6,100k,A_ins,FIXJACK1,3.23e-08,1.929083,2.000,sotto,riferimento g10sempre_lz_iii
tm0x6_lz_iii_i,l29d2_iii,1000,0,t0a6,100k,A_rel,FIXJACK1,2.161e-09,5.000406,2.000,sotto,riferimento g10mai_lz_iii
tm0x6_lz_iii_i,l29d2_iii,1000,0,t0a6,100k,B2,FIXJACK1,1.298e-09,4.520000,,sotto,mute da t_ins+t_grad+20 ms a t_rel
tm0x6_lz_iii_i,l29d2_iii,1000,0,t0a6,100k,A_ins,FIXJACK2,3.23e-08,1.928990,2.000,sotto,riferimento g10sempre_lz_iii
tm0x6_lz_iii_i,l29d2_iii,1000,0,t0a6,100k,A_rel,FIXJACK2,2.163e-09,5.000406,2.000,sotto,riferimento g10mai_lz_iii
tm0x6_lz_iii_i,l29d2_iii,1000,0,t0a6,100k,B2,FIXJACK2,1.298e-09,4.520000,,sotto,mute da t_ins+t_grad+20 ms a t_rel
tm0x6_lz_iii_c,l29d2_iii,1000,0,t0a6,100k,A_ins,MAINJACK,1.157e-07,5.000406,2.000,sotto,riferimento t6sempre_lz_iii
tm0x6_lz_iii_c,l29d2_iii,1000,0,t0a6,100k,A_rel,MAINJACK,3.485e-08,8.303323,2.000,sotto,riferimento t6mai_lz_iii
tm0x6_lz_iii_c,l29d2_iii,1000,0,t0a6,100k,B2,MAINJACK,2.56e-11,5.026510,,sotto,mute da t_ins+t_grad+20 ms a t_rel
tm0x6_lz_iii_c,l29d2_iii,1000,0,t0a6,100k,A_ins,FIXJACK1,2.164e-09,5.000406,2.000,sotto,riferimento t6sempre_lz_iii
tm0x6_lz_iii_c,l29d2_iii,1000,0,t0a6,100k,A_rel,FIXJACK1,2.2e-08,8.303313,2.000,sotto,riferimento t6mai_lz_iii
tm0x6_lz_iii_c,l29d2_iii,1000,0,t0a6,100k,B2,FIXJACK1,5.329e-13,5.026937,,sotto,mute da t_ins+t_grad+20 ms a t_rel
tm0x6_lz_iii_c,l29d2_iii,1000,0,t0a6,100k,A_ins,FIXJACK2,2.164e-09,5.000406,2.000,sotto,riferimento t6sempre_lz_iii
tm0x6_lz_iii_c,l29d2_iii,1000,0,t0a6,100k,A_rel,FIXJACK2,2.201e-08,8.303375,2.000,sotto,riferimento t6mai_lz_iii
tm0x6_lz_iii_c,l29d2_iii,1000,0,t0a6,100k,B2,FIXJACK2,5.329e-13,5.026917,,sotto,mute da t_ins+t_grad+20 ms a t_rel
tm6x0_lz_iii_i,l29d2_iii,1000,0,t6a0,100k,A_ins,MAINJACK,5.115e-08,1.929031,2.000,sotto,riferimento t6sempre_lz_iii
tm6x0_lz_iii_i,l29d2_iii,1000,0,t6a0,100k,A_rel,MAINJACK,2.718e-08,5.001313,2.000,sotto,riferimento t6mai_lz_iii
tm6x0_lz_iii_i,l29d2_iii,1000,0,t6a0,100k,B2,MAINJACK,4.471e-10,4.520000,,sotto,mute da t_ins+t_grad+20 ms a t_rel
tm6x0_lz_iii_i,l29d2_iii,1000,0,t6a0,100k,A_ins,FIXJACK1,3.23e-08,1.929031,2.000,sotto,riferimento t6sempre_lz_iii
tm6x0_lz_iii_i,l29d2_iii,1000,0,t6a0,100k,A_rel,FIXJACK1,9.9e-12,6.694625,2.000,sotto,riferimento t6mai_lz_iii
tm6x0_lz_iii_i,l29d2_iii,1000,0,t6a0,100k,B2,FIXJACK1,1.298e-09,4.520000,,sotto,mute da t_ins+t_grad+20 ms a t_rel
tm6x0_lz_iii_i,l29d2_iii,1000,0,t6a0,100k,A_ins,FIXJACK2,3.23e-08,1.929156,2.000,sotto,riferimento t6sempre_lz_iii
tm6x0_lz_iii_i,l29d2_iii,1000,0,t6a0,100k,A_rel,FIXJACK2,2.368e-11,5.979052,2.000,sotto,riferimento t6mai_lz_iii
tm6x0_lz_iii_i,l29d2_iii,1000,0,t6a0,100k,B2,FIXJACK2,1.298e-09,4.520000,,sotto,mute da t_ins+t_grad+20 ms a t_rel
tm6x0_lz_iii_c,l29d2_iii,1000,0,t6a0,100k,A_ins,MAINJACK,2.719e-08,5.001313,2.000,sotto,riferimento g10sempre_lz_iii
tm6x0_lz_iii_c,l29d2_iii,1000,0,t6a0,100k,A_rel,MAINJACK,6.953e-08,8.303260,2.000,sotto,riferimento g10mai_lz_iii
tm6x0_lz_iii_c,l29d2_iii,1000,0,t6a0,100k,B2,MAINJACK,1.875e-12,5.029292,,sotto,mute da t_ins+t_grad+20 ms a t_rel
tm6x0_lz_iii_c,l29d2_iii,1000,0,t6a0,100k,A_ins,FIXJACK1,8.867e-12,5.001458,2.000,sotto,riferimento g10sempre_lz_iii
tm6x0_lz_iii_c,l29d2_iii,1000,0,t6a0,100k,A_rel,FIXJACK1,2.2e-08,8.303281,2.000,sotto,riferimento g10mai_lz_iii
tm6x0_lz_iii_c,l29d2_iii,1000,0,t6a0,100k,B2,FIXJACK1,1.823e-15,5.028792,,sotto,mute da t_ins+t_grad+20 ms a t_rel
tm6x0_lz_iii_c,l29d2_iii,1000,0,t6a0,100k,A_ins,FIXJACK2,8.866e-12,5.001458,2.000,sotto,riferimento g10sempre_lz_iii
tm6x0_lz_iii_c,l29d2_iii,1000,0,t6a0,100k,A_rel,FIXJACK2,2.201e-08,8.303156,2.000,sotto,riferimento g10mai_lz_iii
tm6x0_lz_iii_c,l29d2_iii,1000,0,t6a0,100k,B2,FIXJACK2,1.81e-15,5.028792,,sotto,mute da t_ins+t_grad+20 ms a t_rel
tm6x12_lz_iii_i,l29d2_iii,1000,0,t6a12,100k,A_ins,MAINJACK,5.115e-08,1.929031,2.000,sotto,riferimento t6sempre_lz_iii
tm6x12_lz_iii_i,l29d2_iii,1000,0,t6a12,100k,A_rel,MAINJACK,2.404e-08,5.000406,2.000,sotto,riferimento t6mai_lz_iii
tm6x12_lz_iii_i,l29d2_iii,1000,0,t6a12,100k,B2,MAINJACK,4.471e-10,4.520000,,sotto,mute da t_ins+t_grad+20 ms a t_rel
tm6x12_lz_iii_i,l29d2_iii,1000,0,t6a12,100k,A_ins,FIXJACK1,3.23e-08,1.929031,2.000,sotto,riferimento t6sempre_lz_iii
tm6x12_lz_iii_i,l29d2_iii,1000,0,t6a12,100k,A_rel,FIXJACK1,9.9e-12,6.694625,2.000,sotto,riferimento t6mai_lz_iii
tm6x12_lz_iii_i,l29d2_iii,1000,0,t6a12,100k,B2,FIXJACK1,1.298e-09,4.520000,,sotto,mute da t_ins+t_grad+20 ms a t_rel
tm6x12_lz_iii_i,l29d2_iii,1000,0,t6a12,100k,A_ins,FIXJACK2,3.23e-08,1.929156,2.000,sotto,riferimento t6sempre_lz_iii
tm6x12_lz_iii_i,l29d2_iii,1000,0,t6a12,100k,A_rel,FIXJACK2,2.368e-11,5.979052,2.000,sotto,riferimento t6mai_lz_iii
tm6x12_lz_iii_i,l29d2_iii,1000,0,t6a12,100k,B2,FIXJACK2,1.298e-09,4.520000,,sotto,mute da t_ins+t_grad+20 ms a t_rel
tm6x12_lz_iii_c,l29d2_iii,1000,0,t6a12,100k,A_ins,MAINJACK,2.404e-08,5.000406,2.000,sotto,riferimento t12sempre_lz_iii
tm6x12_lz_iii_c,l29d2_iii,1000,0,t6a12,100k,A_rel,MAINJACK,1.76e-08,8.303198,2.000,sotto,riferimento t12mai_lz_iii
tm6x12_lz_iii_c,l29d2_iii,1000,0,t6a12,100k,B2,MAINJACK,6.324e-12,5.026646,,sotto,mute da t_ins+t_grad+20 ms a t_rel
tm6x12_lz_iii_c,l29d2_iii,1000,0,t6a12,100k,A_ins,FIXJACK1,1.655e-11,5.000406,2.000,sotto,riferimento t12sempre_lz_iii
tm6x12_lz_iii_c,l29d2_iii,1000,0,t6a12,100k,A_rel,FIXJACK1,2.199e-08,8.303250,2.000,sotto,riferimento t12mai_lz_iii
tm6x12_lz_iii_c,l29d2_iii,1000,0,t6a12,100k,B2,FIXJACK1,3.676e-15,5.026896,,sotto,mute da t_ins+t_grad+20 ms a t_rel
tm6x12_lz_iii_c,l29d2_iii,1000,0,t6a12,100k,A_ins,FIXJACK2,1.655e-11,5.000406,2.000,sotto,riferimento t12sempre_lz_iii
tm6x12_lz_iii_c,l29d2_iii,1000,0,t6a12,100k,A_rel,FIXJACK2,2.2e-08,8.303062,2.000,sotto,riferimento t12mai_lz_iii
tm6x12_lz_iii_c,l29d2_iii,1000,0,t6a12,100k,B2,FIXJACK2,3.683e-15,5.027115,,sotto,mute da t_ins+t_grad+20 ms a t_rel
tm12x6_lz_iii_i,l29d2_iii,1000,0,t12a6,100k,A_ins,MAINJACK,2.583e-08,1.928844,2.000,sotto,riferimento t12sempre_lz_iii
tm12x6_lz_iii_i,l29d2_iii,1000,0,t12a6,100k,A_rel,MAINJACK,8.126e-09,5.001313,2.000,sotto,riferimento t12mai_lz_iii
tm12x6_lz_iii_i,l29d2_iii,1000,0,t12a6,100k,B2,MAINJACK,2.258e-10,4.520000,,sotto,mute da t_ins+t_grad+20 ms a t_rel
tm12x6_lz_iii_i,l29d2_iii,1000,0,t12a6,100k,A_ins,FIXJACK1,3.23e-08,1.929073,2.000,sotto,riferimento t12sempre_lz_iii
tm12x6_lz_iii_i,l29d2_iii,1000,0,t12a6,100k,A_rel,FIXJACK1,1.033e-11,5.917615,2.000,sotto,riferimento t12mai_lz_iii
tm12x6_lz_iii_i,l29d2_iii,1000,0,t12a6,100k,B2,FIXJACK1,1.298e-09,4.520000,,sotto,mute da t_ins+t_grad+20 ms a t_rel
tm12x6_lz_iii_i,l29d2_iii,1000,0,t12a6,100k,A_ins,FIXJACK2,3.231e-08,1.929073,2.000,sotto,riferimento t12sempre_lz_iii
tm12x6_lz_iii_i,l29d2_iii,1000,0,t12a6,100k,A_rel,FIXJACK2,2.622e-11,6.286313,2.000,sotto,riferimento t12mai_lz_iii
tm12x6_lz_iii_i,l29d2_iii,1000,0,t12a6,100k,B2,FIXJACK2,1.298e-09,4.520000,,sotto,mute da t_ins+t_grad+20 ms a t_rel
tm12x6_lz_iii_c,l29d2_iii,1000,0,t12a6,100k,A_ins,MAINJACK,8.12e-09,5.001313,2.000,sotto,riferimento t6sempre_lz_iii
tm12x6_lz_iii_c,l29d2_iii,1000,0,t12a6,100k,A_rel,MAINJACK,3.484e-08,8.303187,2.000,sotto,riferimento t6mai_lz_iii
tm12x6_lz_iii_c,l29d2_iii,1000,0,t12a6,100k,B2,MAINJACK,2.34e-12,5.027469,,sotto,mute da t_ins+t_grad+20 ms a t_rel
tm12x6_lz_iii_c,l29d2_iii,1000,0,t12a6,100k,A_ins,FIXJACK1,3.54e-12,5.001458,2.000,sotto,riferimento t6sempre_lz_iii
tm12x6_lz_iii_c,l29d2_iii,1000,0,t12a6,100k,A_rel,FIXJACK1,2.2e-08,8.303281,2.000,sotto,riferimento t6mai_lz_iii
tm12x6_lz_iii_c,l29d2_iii,1000,0,t12a6,100k,B2,FIXJACK1,9.374e-16,5.028052,,sotto,mute da t_ins+t_grad+20 ms a t_rel
tm12x6_lz_iii_c,l29d2_iii,1000,0,t12a6,100k,A_ins,FIXJACK2,3.54e-12,5.001458,2.000,sotto,riferimento t6sempre_lz_iii
tm12x6_lz_iii_c,l29d2_iii,1000,0,t12a6,100k,A_rel,FIXJACK2,2.2e-08,8.303208,2.000,sotto,riferimento t6mai_lz_iii
tm12x6_lz_iii_c,l29d2_iii,1000,0,t12a6,100k,B2,FIXJACK2,9.445e-16,5.027938,,sotto,mute da t_ins+t_grad+20 ms a t_rel
tm0x12_lz_iii_i,l29d2_iii,1000,0,t0a12,100k,A_ins,MAINJACK,1.021e-07,1.928958,2.000,sotto,riferimento g10sempre_lz_iii
tm0x12_lz_iii_i,l29d2_iii,1000,0,t0a12,100k,A_rel,MAINJACK,2.485e-08,5.001313,2.000,sotto,riferimento g10mai_lz_iii
tm0x12_lz_iii_i,l29d2_iii,1000,0,t0a12,100k,B2,MAINJACK,8.925e-10,4.520000,,sotto,mute da t_ins+t_grad+20 ms a t_rel
tm0x12_lz_iii_i,l29d2_iii,1000,0,t0a12,100k,A_ins,FIXJACK1,3.23e-08,1.929083,2.000,sotto,riferimento g10sempre_lz_iii
tm0x12_lz_iii_i,l29d2_iii,1000,0,t0a12,100k,A_rel,FIXJACK1,8.042e-11,5.001313,2.000,sotto,riferimento g10mai_lz_iii
tm0x12_lz_iii_i,l29d2_iii,1000,0,t0a12,100k,B2,FIXJACK1,1.298e-09,4.520000,,sotto,mute da t_ins+t_grad+20 ms a t_rel
tm0x12_lz_iii_i,l29d2_iii,1000,0,t0a12,100k,A_ins,FIXJACK2,3.23e-08,1.928990,2.000,sotto,riferimento g10sempre_lz_iii
tm0x12_lz_iii_i,l29d2_iii,1000,0,t0a12,100k,A_rel,FIXJACK2,8.928e-11,5.001313,2.000,sotto,riferimento g10mai_lz_iii
tm0x12_lz_iii_i,l29d2_iii,1000,0,t0a12,100k,B2,FIXJACK2,1.298e-09,4.520000,,sotto,mute da t_ins+t_grad+20 ms a t_rel
tm0x12_lz_iii_c,l29d2_iii,1000,0,t0a12,100k,A_ins,MAINJACK,2.484e-08,5.001313,2.000,sotto,riferimento t12sempre_lz_iii
tm0x12_lz_iii_c,l29d2_iii,1000,0,t0a12,100k,A_rel,MAINJACK,1.76e-08,8.303208,2.000,sotto,riferimento t12mai_lz_iii
tm0x12_lz_iii_c,l29d2_iii,1000,0,t0a12,100k,B2,MAINJACK,1.828e-12,5.022687,,sotto,mute da t_ins+t_grad+20 ms a t_rel
tm0x12_lz_iii_c,l29d2_iii,1000,0,t0a12,100k,A_ins,FIXJACK1,8.103e-11,5.001313,2.000,sotto,riferimento t12sempre_lz_iii
tm0x12_lz_iii_c,l29d2_iii,1000,0,t0a12,100k,A_rel,FIXJACK1,2.2e-08,8.303156,2.000,sotto,riferimento t12mai_lz_iii
tm0x12_lz_iii_c,l29d2_iii,1000,0,t0a12,100k,B2,FIXJACK1,1.517e-14,5.028146,,sotto,mute da t_ins+t_grad+20 ms a t_rel
tm0x12_lz_iii_c,l29d2_iii,1000,0,t0a12,100k,A_ins,FIXJACK2,8.103e-11,5.001313,2.000,sotto,riferimento t12sempre_lz_iii
tm0x12_lz_iii_c,l29d2_iii,1000,0,t0a12,100k,A_rel,FIXJACK2,2.201e-08,8.303156,2.000,sotto,riferimento t12mai_lz_iii
tm0x12_lz_iii_c,l29d2_iii,1000,0,t0a12,100k,B2,FIXJACK2,1.518e-14,5.028156,,sotto,mute da t_ins+t_grad+20 ms a t_rel
tm12x0_lz_iii_i,l29d2_iii,1000,0,t12a0,100k,A_ins,MAINJACK,2.583e-08,1.928844,2.000,sotto,riferimento t12sempre_lz_iii
tm12x0_lz_iii_i,l29d2_iii,1000,0,t12a0,100k,A_rel,MAINJACK,2.813e-08,5.001010,2.000,sotto,riferimento t12mai_lz_iii
tm12x0_lz_iii_i,l29d2_iii,1000,0,t12a0,100k,B2,MAINJACK,2.258e-10,4.520000,,sotto,mute da t_ins+t_grad+20 ms a t_rel
tm12x0_lz_iii_i,l29d2_iii,1000,0,t12a0,100k,A_ins,FIXJACK1,3.23e-08,1.929073,2.000,sotto,riferimento t12sempre_lz_iii
tm12x0_lz_iii_i,l29d2_iii,1000,0,t12a0,100k,A_rel,FIXJACK1,6.091e-11,5.001010,2.000,sotto,riferimento t12mai_lz_iii
tm12x0_lz_iii_i,l29d2_iii,1000,0,t12a0,100k,B2,FIXJACK1,1.298e-09,4.520000,,sotto,mute da t_ins+t_grad+20 ms a t_rel
tm12x0_lz_iii_i,l29d2_iii,1000,0,t12a0,100k,A_ins,FIXJACK2,3.231e-08,1.929073,2.000,sotto,riferimento t12sempre_lz_iii
tm12x0_lz_iii_i,l29d2_iii,1000,0,t12a0,100k,A_rel,FIXJACK2,5.688e-11,5.001010,2.000,sotto,riferimento t12mai_lz_iii
tm12x0_lz_iii_i,l29d2_iii,1000,0,t12a0,100k,B2,FIXJACK2,1.298e-09,4.520000,,sotto,mute da t_ins+t_grad+20 ms a t_rel
tm12x0_lz_iii_c,l29d2_iii,1000,0,t12a0,100k,A_ins,MAINJACK,2.813e-08,5.001010,2.000,sotto,riferimento g10sempre_lz_iii
tm12x0_lz_iii_c,l29d2_iii,1000,0,t12a0,100k,A_rel,MAINJACK,6.953e-08,8.303208,2.000,sotto,riferimento g10mai_lz_iii
tm12x0_lz_iii_c,l29d2_iii,1000,0,t12a0,100k,B2,MAINJACK,1.246e-11,5.027729,,sotto,mute da t_ins+t_grad+20 ms a t_rel
tm12x0_lz_iii_c,l29d2_iii,1000,0,t12a0,100k,A_ins,FIXJACK1,6.103e-11,5.001010,2.000,sotto,riferimento g10sempre_lz_iii
tm12x0_lz_iii_c,l29d2_iii,1000,0,t12a0,100k,A_rel,FIXJACK1,2.2e-08,8.303281,2.000,sotto,riferimento g10mai_lz_iii
tm12x0_lz_iii_c,l29d2_iii,1000,0,t12a0,100k,B2,FIXJACK1,1.5e-14,5.027698,,sotto,mute da t_ins+t_grad+20 ms a t_rel
tm12x0_lz_iii_c,l29d2_iii,1000,0,t12a0,100k,A_ins,FIXJACK2,6.103e-11,5.001010,2.000,sotto,riferimento g10sempre_lz_iii
tm12x0_lz_iii_c,l29d2_iii,1000,0,t12a0,100k,A_rel,FIXJACK2,2.201e-08,8.303427,2.000,sotto,riferimento g10mai_lz_iii
tm12x0_lz_iii_c,l29d2_iii,1000,0,t12a0,100k,B2,FIXJACK2,1.5e-14,5.027698,,sotto,mute da t_ins+t_grad+20 ms a t_rel
x01000_dpamax_iii_i,l29d2_iii_dpamax,1000,0,g0a10_t0a0,100k,A_ins,MAINJACK,6.701e-05,1.929031,2.000,sotto,riferimento rsempre_g0t0_dpamax_iii
x01000_dpamax_iii_i,l29d2_iii_dpamax,1000,0,g0a10_t0a0,100k,A_rel,MAINJACK,2.234e-07,5.000312,2.000,sotto,riferimento rmai_g0t0_dpamax_iii
x01000_dpamax_iii_i,l29d2_iii_dpamax,1000,0,g0a10_t0a0,100k,B2,MAINJACK,5.959e-07,4.520000,,sotto,mute da t_ins+t_grad+20 ms a t_rel
x01000_dpamax_iii_i,l29d2_iii_dpamax,1000,0,g0a10_t0a0,100k,A_ins,FIXJACK1,6.673e-05,1.929094,2.000,sotto,riferimento rsempre_g0t0_dpamax_iii
x01000_dpamax_iii_i,l29d2_iii_dpamax,1000,0,g0a10_t0a0,100k,A_rel,FIXJACK1,9.968e-12,5.291042,2.000,sotto,riferimento rmai_g0t0_dpamax_iii
x01000_dpamax_iii_i,l29d2_iii_dpamax,1000,0,g0a10_t0a0,100k,B2,FIXJACK1,2.739e-06,4.520000,,sotto,mute da t_ins+t_grad+20 ms a t_rel
x01000_dpamax_iii_i,l29d2_iii_dpamax,1000,0,g0a10_t0a0,100k,A_ins,FIXJACK2,6.673e-05,1.929094,2.000,sotto,riferimento rsempre_g0t0_dpamax_iii
x01000_dpamax_iii_i,l29d2_iii_dpamax,1000,0,g0a10_t0a0,100k,A_rel,FIXJACK2,2.512e-11,6.801333,2.000,sotto,riferimento rmai_g0t0_dpamax_iii
x01000_dpamax_iii_i,l29d2_iii_dpamax,1000,0,g0a10_t0a0,100k,B2,FIXJACK2,2.739e-06,4.520000,,sotto,mute da t_ins+t_grad+20 ms a t_rel
x01000_dpamax_iii_c,l29d2_iii_dpamax,1000,0,g0a10_t0a0,100k,A_ins,MAINJACK,2.234e-07,5.000312,2.000,sotto,riferimento rsempre_g10t0_dpamax_iii
x01000_dpamax_iii_c,l29d2_iii_dpamax,1000,0,g0a10_t0a0,100k,A_rel,MAINJACK,0.0001519,8.303198,2.000,SOPRA,riferimento rmai_g10t0_dpamax_iii
x01000_dpamax_iii_c,l29d2_iii_dpamax,1000,0,g0a10_t0a0,100k,B2,MAINJACK,6.179e-11,5.026948,,sotto,mute da t_ins+t_grad+20 ms a t_rel
x01000_dpamax_iii_c,l29d2_iii_dpamax,1000,0,g0a10_t0a0,100k,A_ins,FIXJACK1,6.57e-13,5.000458,2.000,sotto,riferimento rsempre_g10t0_dpamax_iii
x01000_dpamax_iii_c,l29d2_iii_dpamax,1000,0,g0a10_t0a0,100k,A_rel,FIXJACK1,4.806e-05,8.303271,2.000,sotto,riferimento rmai_g10t0_dpamax_iii
x01000_dpamax_iii_c,l29d2_iii_dpamax,1000,0,g0a10_t0a0,100k,B2,FIXJACK1,7.314e-16,6.999990,,sotto,mute da t_ins+t_grad+20 ms a t_rel
x01000_dpamax_iii_c,l29d2_iii_dpamax,1000,0,g0a10_t0a0,100k,A_ins,FIXJACK2,6.564e-13,5.000458,2.000,sotto,riferimento rsempre_g10t0_dpamax_iii
x01000_dpamax_iii_c,l29d2_iii_dpamax,1000,0,g0a10_t0a0,100k,A_rel,FIXJACK2,4.806e-05,8.303271,2.000,sotto,riferimento rmai_g10t0_dpamax_iii
x01000_dpamax_iii_c,l29d2_iii_dpamax,1000,0,g0a10_t0a0,100k,B2,FIXJACK2,5.513e-16,6.999990,,sotto,mute da t_ins+t_grad+20 ms a t_rel
x10000_dpamax_iii_i,l29d2_iii_dpamax,1000,0,g10a0_t0a0,100k,A_ins,MAINJACK,0.0002112,1.929031,2.000,SOPRA,riferimento rsempre_g10t0_dpamax_iii
x10000_dpamax_iii_i,l29d2_iii_dpamax,1000,0,g10a0_t0a0,100k,A_rel,MAINJACK,6.667e-08,5.000312,2.000,sotto,riferimento rmai_g10t0_dpamax_iii
x10000_dpamax_iii_i,l29d2_iii_dpamax,1000,0,g10a0_t0a0,100k,B2,MAINJACK,1.878e-06,4.520000,,sotto,mute da t_ins+t_grad+20 ms a t_rel
x10000_dpamax_iii_i,l29d2_iii_dpamax,1000,0,g10a0_t0a0,100k,A_ins,FIXJACK1,6.673e-05,1.929094,2.000,sotto,riferimento rsempre_g10t0_dpamax_iii
x10000_dpamax_iii_i,l29d2_iii_dpamax,1000,0,g10a0_t0a0,100k,A_rel,FIXJACK1,9.177e-12,5.595406,2.000,sotto,riferimento rmai_g10t0_dpamax_iii
x10000_dpamax_iii_i,l29d2_iii_dpamax,1000,0,g10a0_t0a0,100k,B2,FIXJACK1,2.739e-06,4.520000,,sotto,mute da t_ins+t_grad+20 ms a t_rel
x10000_dpamax_iii_i,l29d2_iii_dpamax,1000,0,g10a0_t0a0,100k,A_ins,FIXJACK2,6.673e-05,1.929094,2.000,sotto,riferimento rsempre_g10t0_dpamax_iii
x10000_dpamax_iii_i,l29d2_iii_dpamax,1000,0,g10a0_t0a0,100k,A_rel,FIXJACK2,2.521e-11,5.138844,2.000,sotto,riferimento rmai_g10t0_dpamax_iii
x10000_dpamax_iii_i,l29d2_iii_dpamax,1000,0,g10a0_t0a0,100k,B2,FIXJACK2,2.739e-06,4.520000,,sotto,mute da t_ins+t_grad+20 ms a t_rel
x10000_dpamax_iii_c,l29d2_iii_dpamax,1000,0,g10a0_t0a0,100k,A_ins,MAINJACK,6.666e-08,5.000312,2.000,sotto,riferimento rsempre_g0t0_dpamax_iii
x10000_dpamax_iii_c,l29d2_iii_dpamax,1000,0,g10a0_t0a0,100k,A_rel,MAINJACK,4.821e-05,8.303198,2.000,sotto,riferimento rmai_g0t0_dpamax_iii
x10000_dpamax_iii_c,l29d2_iii_dpamax,1000,0,g10a0_t0a0,100k,B2,MAINJACK,2.345e-12,5.029365,,sotto,mute da t_ins+t_grad+20 ms a t_rel
x10000_dpamax_iii_c,l29d2_iii_dpamax,1000,0,g10a0_t0a0,100k,A_ins,FIXJACK1,6.371e-13,5.000312,2.000,sotto,riferimento rsempre_g0t0_dpamax_iii
x10000_dpamax_iii_c,l29d2_iii_dpamax,1000,0,g10a0_t0a0,100k,A_rel,FIXJACK1,4.806e-05,8.303271,2.000,sotto,riferimento rmai_g0t0_dpamax_iii
x10000_dpamax_iii_c,l29d2_iii_dpamax,1000,0,g10a0_t0a0,100k,B2,FIXJACK1,1.762e-16,5.025990,,sotto,mute da t_ins+t_grad+20 ms a t_rel
x10000_dpamax_iii_c,l29d2_iii_dpamax,1000,0,g10a0_t0a0,100k,A_ins,FIXJACK2,6.378e-13,5.000312,2.000,sotto,riferimento rsempre_g0t0_dpamax_iii
x10000_dpamax_iii_c,l29d2_iii_dpamax,1000,0,g10a0_t0a0,100k,A_rel,FIXJACK2,4.806e-05,8.303271,2.000,sotto,riferimento rmai_g0t0_dpamax_iii
x10000_dpamax_iii_c,l29d2_iii_dpamax,1000,0,g10a0_t0a0,100k,B2,FIXJACK2,1.927e-16,5.026625,,sotto,mute da t_ins+t_grad+20 ms a t_rel
x1010012_dpamax_iii_i,l29d2_iii_dpamax,1000,0,g10a10_t0a12,100k,A_ins,MAINJACK,0.0002112,1.929031,2.000,SOPRA,riferimento rsempre_g10t0_dpamax_iii
x1010012_dpamax_iii_i,l29d2_iii_dpamax,1000,0,g10a10_t0a12,100k,A_rel,MAINJACK,8.044e-08,5.000615,2.000,sotto,riferimento rmai_g10t0_dpamax_iii
x1010012_dpamax_iii_i,l29d2_iii_dpamax,1000,0,g10a10_t0a12,100k,B2,MAINJACK,1.878e-06,4.520000,,sotto,mute da t_ins+t_grad+20 ms a t_rel
x1010012_dpamax_iii_i,l29d2_iii_dpamax,1000,0,g10a10_t0a12,100k,A_ins,FIXJACK1,6.673e-05,1.929094,2.000,sotto,riferimento rsempre_g10t0_dpamax_iii
x1010012_dpamax_iii_i,l29d2_iii_dpamax,1000,0,g10a10_t0a12,100k,A_rel,FIXJACK1,9.177e-12,5.595406,2.000,sotto,riferimento rmai_g10t0_dpamax_iii
x1010012_dpamax_iii_i,l29d2_iii_dpamax,1000,0,g10a10_t0a12,100k,B2,FIXJACK1,2.739e-06,4.520000,,sotto,mute da t_ins+t_grad+20 ms a t_rel
x1010012_dpamax_iii_i,l29d2_iii_dpamax,1000,0,g10a10_t0a12,100k,A_ins,FIXJACK2,6.673e-05,1.929094,2.000,sotto,riferimento rsempre_g10t0_dpamax_iii
x1010012_dpamax_iii_i,l29d2_iii_dpamax,1000,0,g10a10_t0a12,100k,A_rel,FIXJACK2,2.521e-11,5.138844,2.000,sotto,riferimento rmai_g10t0_dpamax_iii
x1010012_dpamax_iii_i,l29d2_iii_dpamax,1000,0,g10a10_t0a12,100k,B2,FIXJACK2,2.739e-06,4.520000,,sotto,mute da t_ins+t_grad+20 ms a t_rel
x1010012_dpamax_iii_c,l29d2_iii_dpamax,1000,0,g10a10_t0a12,100k,A_ins,MAINJACK,8.044e-08,5.000615,2.000,sotto,riferimento rsempre_g10t12_dpamax_iii
x1010012_dpamax_iii_c,l29d2_iii_dpamax,1000,0,g10a10_t0a12,100k,A_rel,MAINJACK,3.842e-05,8.303198,2.000,sotto,riferimento rmai_g10t12_dpamax_iii
x1010012_dpamax_iii_c,l29d2_iii_dpamax,1000,0,g10a10_t0a12,100k,B2,MAINJACK,2.342e-11,5.027687,,sotto,mute da t_ins+t_grad+20 ms a t_rel
x1010012_dpamax_iii_c,l29d2_iii_dpamax,1000,0,g10a10_t0a12,100k,A_ins,FIXJACK1,4.013e-12,5.001010,2.000,sotto,riferimento rsempre_g10t12_dpamax_iii
x1010012_dpamax_iii_c,l29d2_iii_dpamax,1000,0,g10a10_t0a12,100k,A_rel,FIXJACK1,4.806e-05,8.303260,2.000,sotto,riferimento rmai_g10t12_dpamax_iii
x1010012_dpamax_iii_c,l29d2_iii_dpamax,1000,0,g10a10_t0a12,100k,B2,FIXJACK1,2.281e-15,5.026771,,sotto,mute da t_ins+t_grad+20 ms a t_rel
x1010012_dpamax_iii_c,l29d2_iii_dpamax,1000,0,g10a10_t0a12,100k,A_ins,FIXJACK2,4.012e-12,5.001010,2.000,sotto,riferimento rsempre_g10t12_dpamax_iii
x1010012_dpamax_iii_c,l29d2_iii_dpamax,1000,0,g10a10_t0a12,100k,A_rel,FIXJACK2,4.806e-05,8.303271,2.000,sotto,riferimento rmai_g10t12_dpamax_iii
x1010012_dpamax_iii_c,l29d2_iii_dpamax,1000,0,g10a10_t0a12,100k,B2,FIXJACK2,1.758e-15,5.027875,,sotto,mute da t_ins+t_grad+20 ms a t_rel
x1010120_dpamax_iii_i,l29d2_iii_dpamax,1000,0,g10a10_t12a0,100k,A_ins,MAINJACK,5.341e-05,1.929031,2.000,sotto,riferimento rsempre_g10t12_dpamax_iii
x1010120_dpamax_iii_i,l29d2_iii_dpamax,1000,0,g10a10_t12a0,100k,A_rel,MAINJACK,1.621e-07,5.001313,2.000,sotto,riferimento rmai_g10t12_dpamax_iii
x1010120_dpamax_iii_i,l29d2_iii_dpamax,1000,0,g10a10_t12a0,100k,B2,MAINJACK,4.75e-07,4.520000,,sotto,mute da t_ins+t_grad+20 ms a t_rel
x1010120_dpamax_iii_i,l29d2_iii_dpamax,1000,0,g10a10_t12a0,100k,A_ins,FIXJACK1,6.673e-05,1.929094,2.000,sotto,riferimento rsempre_g10t12_dpamax_iii
x1010120_dpamax_iii_i,l29d2_iii_dpamax,1000,0,g10a10_t12a0,100k,A_rel,FIXJACK1,1.078e-11,5.001313,2.000,sotto,riferimento rmai_g10t12_dpamax_iii
x1010120_dpamax_iii_i,l29d2_iii_dpamax,1000,0,g10a10_t12a0,100k,B2,FIXJACK1,2.739e-06,4.520000,,sotto,mute da t_ins+t_grad+20 ms a t_rel
x1010120_dpamax_iii_i,l29d2_iii_dpamax,1000,0,g10a10_t12a0,100k,A_ins,FIXJACK2,6.673e-05,1.929104,2.000,sotto,riferimento rsempre_g10t12_dpamax_iii
x1010120_dpamax_iii_i,l29d2_iii_dpamax,1000,0,g10a10_t12a0,100k,A_rel,FIXJACK2,2.39e-11,6.928021,2.000,sotto,riferimento rmai_g10t12_dpamax_iii
x1010120_dpamax_iii_i,l29d2_iii_dpamax,1000,0,g10a10_t12a0,100k,B2,FIXJACK2,2.739e-06,4.520000,,sotto,mute da t_ins+t_grad+20 ms a t_rel
x1010120_dpamax_iii_c,l29d2_iii_dpamax,1000,0,g10a10_t12a0,100k,A_ins,MAINJACK,1.621e-07,5.001313,2.000,sotto,riferimento rsempre_g10t0_dpamax_iii
x1010120_dpamax_iii_c,l29d2_iii_dpamax,1000,0,g10a10_t12a0,100k,A_rel,MAINJACK,0.0001519,8.303198,2.000,SOPRA,riferimento rmai_g10t0_dpamax_iii
x1010120_dpamax_iii_c,l29d2_iii_dpamax,1000,0,g10a10_t12a0,100k,B2,MAINJACK,2.504e-11,5.027917,,sotto,mute da t_ins+t_grad+20 ms a t_rel
x1010120_dpamax_iii_c,l29d2_iii_dpamax,1000,0,g10a10_t12a0,100k,A_ins,FIXJACK1,9.405e-12,5.001313,2.000,sotto,riferimento rsempre_g10t0_dpamax_iii
x1010120_dpamax_iii_c,l29d2_iii_dpamax,1000,0,g10a10_t12a0,100k,A_rel,FIXJACK1,4.806e-05,8.303271,2.000,sotto,riferimento rmai_g10t0_dpamax_iii
x1010120_dpamax_iii_c,l29d2_iii_dpamax,1000,0,g10a10_t12a0,100k,B2,FIXJACK1,1.886e-15,5.028073,,sotto,mute da t_ins+t_grad+20 ms a t_rel
x1010120_dpamax_iii_c,l29d2_iii_dpamax,1000,0,g10a10_t12a0,100k,A_ins,FIXJACK2,9.415e-12,5.001313,2.000,sotto,riferimento rsempre_g10t0_dpamax_iii
x1010120_dpamax_iii_c,l29d2_iii_dpamax,1000,0,g10a10_t12a0,100k,A_rel,FIXJACK2,4.806e-05,8.303260,2.000,sotto,riferimento rmai_g10t0_dpamax_iii
x1010120_dpamax_iii_c,l29d2_iii_dpamax,1000,0,g10a10_t12a0,100k,B2,FIXJACK2,1.778e-15,5.028073,,sotto,mute da t_ins+t_grad+20 ms a t_rel
xm_dpamax_iii,l29d2_iii_dpamax,1000,0,10,100k,A_ins,MAINJACK,0.0002112,1.929031,2.000,SOPRA,riferimento rsempre_g10t0_dpamax_iii
xm_dpamax_iii,l29d2_iii_dpamax,1000,0,10,100k,A_rel,MAINJACK,0.0001428,6.803177,2.000,SOPRA,riferimento rmai_g10t0_dpamax_iii
xm_dpamax_iii,l29d2_iii_dpamax,1000,0,10,100k,B2,MAINJACK,1.878e-06,4.520000,,sotto,mute da t_ins+t_grad+20 ms a t_rel
xm_dpamax_iii,l29d2_iii_dpamax,1000,0,10,100k,A_ins,FIXJACK1,6.673e-05,1.929094,2.000,sotto,riferimento rsempre_g10t0_dpamax_iii
xm_dpamax_iii,l29d2_iii_dpamax,1000,0,10,100k,A_rel,FIXJACK1,4.517e-05,6.803240,2.000,sotto,riferimento rmai_g10t0_dpamax_iii
xm_dpamax_iii,l29d2_iii_dpamax,1000,0,10,100k,B2,FIXJACK1,2.739e-06,4.520000,,sotto,mute da t_ins+t_grad+20 ms a t_rel
xm_dpamax_iii,l29d2_iii_dpamax,1000,0,10,100k,A_ins,FIXJACK2,6.673e-05,1.929094,2.000,sotto,riferimento rsempre_g10t0_dpamax_iii
xm_dpamax_iii,l29d2_iii_dpamax,1000,0,10,100k,A_rel,FIXJACK2,4.517e-05,6.803240,2.000,sotto,riferimento rmai_g10t0_dpamax_iii
xm_dpamax_iii,l29d2_iii_dpamax,1000,0,10,100k,B2,FIXJACK2,2.739e-06,4.520000,,sotto,mute da t_ins+t_grad+20 ms a t_rel
x01000_dpminmax_iii_i,l29d2_iii_dpminmax,1000,0,g0a10_t0a0,100k,A_ins,MAINJACK,6.702e-05,1.929031,2.000,sotto,riferimento rsempre_g0t0_dpminmax_iii
x01000_dpminmax_iii_i,l29d2_iii_dpminmax,1000,0,g0a10_t0a0,100k,A_rel,MAINJACK,3.252e-07,5.000312,2.000,sotto,riferimento rmai_g0t0_dpminmax_iii
x01000_dpminmax_iii_i,l29d2_iii_dpminmax,1000,0,g0a10_t0a0,100k,B2,MAINJACK,5.96e-07,4.520000,,sotto,mute da t_ins+t_grad+20 ms a t_rel
x01000_dpminmax_iii_i,l29d2_iii_dpminmax,1000,0,g0a10_t0a0,100k,A_ins,FIXJACK1,6.673e-05,1.929094,2.000,sotto,riferimento rsempre_g0t0_dpminmax_iii
x01000_dpminmax_iii_i,l29d2_iii_dpminmax,1000,0,g0a10_t0a0,100k,A_rel,FIXJACK1,9.398e-11,5.000531,2.000,sotto,riferimento rmai_g0t0_dpminmax_iii
x01000_dpminmax_iii_i,l29d2_iii_dpminmax,1000,0,g0a10_t0a0,100k,B2,FIXJACK1,2.739e-06,4.520000,,sotto,mute da t_ins+t_grad+20 ms a t_rel
x01000_dpminmax_iii_i,l29d2_iii_dpminmax,1000,0,g0a10_t0a0,100k,A_ins,FIXJACK2,6.673e-05,1.929094,2.000,sotto,riferimento rsempre_g0t0_dpminmax_iii
x01000_dpminmax_iii_i,l29d2_iii_dpminmax,1000,0,g0a10_t0a0,100k,A_rel,FIXJACK2,9.396e-11,5.000531,2.000,sotto,riferimento rmai_g0t0_dpminmax_iii
x01000_dpminmax_iii_i,l29d2_iii_dpminmax,1000,0,g0a10_t0a0,100k,B2,FIXJACK2,2.739e-06,4.520000,,sotto,mute da t_ins+t_grad+20 ms a t_rel
x01000_dpminmax_iii_c,l29d2_iii_dpminmax,1000,0,g0a10_t0a0,100k,A_ins,MAINJACK,3.252e-07,5.000312,2.000,sotto,riferimento rsempre_g10t0_dpminmax_iii
x01000_dpminmax_iii_c,l29d2_iii_dpminmax,1000,0,g0a10_t0a0,100k,A_rel,MAINJACK,0.0001519,8.303198,2.000,SOPRA,riferimento rmai_g10t0_dpminmax_iii
x01000_dpminmax_iii_c,l29d2_iii_dpminmax,1000,0,g0a10_t0a0,100k,B2,MAINJACK,8.823e-11,5.026844,,sotto,mute da t_ins+t_grad+20 ms a t_rel
x01000_dpminmax_iii_c,l29d2_iii_dpminmax,1000,0,g0a10_t0a0,100k,A_ins,FIXJACK1,9.226e-11,5.000531,2.000,sotto,riferimento rsempre_g10t0_dpminmax_iii
x01000_dpminmax_iii_c,l29d2_iii_dpminmax,1000,0,g0a10_t0a0,100k,A_rel,FIXJACK1,4.806e-05,8.303260,2.000,sotto,riferimento rmai_g10t0_dpminmax_iii
x01000_dpminmax_iii_c,l29d2_iii_dpminmax,1000,0,g0a10_t0a0,100k,B2,FIXJACK1,2.099e-14,5.026958,,sotto,mute da t_ins+t_grad+20 ms a t_rel
x01000_dpminmax_iii_c,l29d2_iii_dpminmax,1000,0,g0a10_t0a0,100k,A_ins,FIXJACK2,9.226e-11,5.000531,2.000,sotto,riferimento rsempre_g10t0_dpminmax_iii
x01000_dpminmax_iii_c,l29d2_iii_dpminmax,1000,0,g0a10_t0a0,100k,A_rel,FIXJACK2,4.806e-05,8.303260,2.000,sotto,riferimento rmai_g10t0_dpminmax_iii
x01000_dpminmax_iii_c,l29d2_iii_dpminmax,1000,0,g0a10_t0a0,100k,B2,FIXJACK2,2.1e-14,5.027125,,sotto,mute da t_ins+t_grad+20 ms a t_rel
x10000_dpminmax_iii_i,l29d2_iii_dpminmax,1000,0,g10a0_t0a0,100k,A_ins,MAINJACK,0.0002112,1.929031,2.000,SOPRA,riferimento rsempre_g10t0_dpminmax_iii
x10000_dpminmax_iii_i,l29d2_iii_dpminmax,1000,0,g10a0_t0a0,100k,A_rel,MAINJACK,4.319e-07,5.000312,2.000,sotto,riferimento rmai_g10t0_dpminmax_iii
x10000_dpminmax_iii_i,l29d2_iii_dpminmax,1000,0,g10a0_t0a0,100k,B2,MAINJACK,1.878e-06,4.520000,,sotto,mute da t_ins+t_grad+20 ms a t_rel
x10000_dpminmax_iii_i,l29d2_iii_dpminmax,1000,0,g10a0_t0a0,100k,A_ins,FIXJACK1,6.673e-05,1.929094,2.000,sotto,riferimento rsempre_g10t0_dpminmax_iii
x10000_dpminmax_iii_i,l29d2_iii_dpminmax,1000,0,g10a0_t0a0,100k,A_rel,FIXJACK1,2.618e-11,5.000312,2.000,sotto,riferimento rmai_g10t0_dpminmax_iii
x10000_dpminmax_iii_i,l29d2_iii_dpminmax,1000,0,g10a0_t0a0,100k,B2,FIXJACK1,2.739e-06,4.520000,,sotto,mute da t_ins+t_grad+20 ms a t_rel
x10000_dpminmax_iii_i,l29d2_iii_dpminmax,1000,0,g10a0_t0a0,100k,A_ins,FIXJACK2,6.673e-05,1.929094,2.000,sotto,riferimento rsempre_g10t0_dpminmax_iii
x10000_dpminmax_iii_i,l29d2_iii_dpminmax,1000,0,g10a0_t0a0,100k,A_rel,FIXJACK2,2.456e-11,5.000312,2.000,sotto,riferimento rmai_g10t0_dpminmax_iii
x10000_dpminmax_iii_i,l29d2_iii_dpminmax,1000,0,g10a0_t0a0,100k,B2,FIXJACK2,2.739e-06,4.520000,,sotto,mute da t_ins+t_grad+20 ms a t_rel
x10000_dpminmax_iii_c,l29d2_iii_dpminmax,1000,0,g10a0_t0a0,100k,A_ins,MAINJACK,4.319e-07,5.000312,2.000,sotto,riferimento rsempre_g0t0_dpminmax_iii
x10000_dpminmax_iii_c,l29d2_iii_dpminmax,1000,0,g10a0_t0a0,100k,A_rel,MAINJACK,4.821e-05,8.303198,2.000,sotto,riferimento rmai_g0t0_dpminmax_iii
x10000_dpminmax_iii_c,l29d2_iii_dpminmax,1000,0,g10a0_t0a0,100k,B2,MAINJACK,8.714e-11,5.026740,,sotto,mute da t_ins+t_grad+20 ms a t_rel
x10000_dpminmax_iii_c,l29d2_iii_dpminmax,1000,0,g10a0_t0a0,100k,A_ins,FIXJACK1,2.74e-11,5.000312,2.000,sotto,riferimento rsempre_g0t0_dpminmax_iii
x10000_dpminmax_iii_c,l29d2_iii_dpminmax,1000,0,g10a0_t0a0,100k,A_rel,FIXJACK1,4.806e-05,8.303271,2.000,sotto,riferimento rmai_g0t0_dpminmax_iii
x10000_dpminmax_iii_c,l29d2_iii_dpminmax,1000,0,g10a0_t0a0,100k,B2,FIXJACK1,6.733e-15,5.026937,,sotto,mute da t_ins+t_grad+20 ms a t_rel
x10000_dpminmax_iii_c,l29d2_iii_dpminmax,1000,0,g10a0_t0a0,100k,A_ins,FIXJACK2,2.74e-11,5.000312,2.000,sotto,riferimento rsempre_g0t0_dpminmax_iii
x10000_dpminmax_iii_c,l29d2_iii_dpminmax,1000,0,g10a0_t0a0,100k,A_rel,FIXJACK2,4.806e-05,8.303271,2.000,sotto,riferimento rmai_g0t0_dpminmax_iii
x10000_dpminmax_iii_c,l29d2_iii_dpminmax,1000,0,g10a0_t0a0,100k,B2,FIXJACK2,6.734e-15,5.027188,,sotto,mute da t_ins+t_grad+20 ms a t_rel
x1010012_dpminmax_iii_i,l29d2_iii_dpminmax,1000,0,g10a10_t0a12,100k,A_ins,MAINJACK,0.0002112,1.929031,2.000,SOPRA,riferimento rsempre_g10t0_dpminmax_iii
x1010012_dpminmax_iii_i,l29d2_iii_dpminmax,1000,0,g10a10_t0a12,100k,A_rel,MAINJACK,9.903e-08,5.000615,2.000,sotto,riferimento rmai_g10t0_dpminmax_iii
x1010012_dpminmax_iii_i,l29d2_iii_dpminmax,1000,0,g10a10_t0a12,100k,B2,MAINJACK,1.878e-06,4.520000,,sotto,mute da t_ins+t_grad+20 ms a t_rel
x1010012_dpminmax_iii_i,l29d2_iii_dpminmax,1000,0,g10a10_t0a12,100k,A_ins,FIXJACK1,6.673e-05,1.929094,2.000,sotto,riferimento rsempre_g10t0_dpminmax_iii
x1010012_dpminmax_iii_i,l29d2_iii_dpminmax,1000,0,g10a10_t0a12,100k,A_rel,FIXJACK1,1.394e-11,5.001531,2.000,sotto,riferimento rmai_g10t0_dpminmax_iii
x1010012_dpminmax_iii_i,l29d2_iii_dpminmax,1000,0,g10a10_t0a12,100k,B2,FIXJACK1,2.739e-06,4.520000,,sotto,mute da t_ins+t_grad+20 ms a t_rel
x1010012_dpminmax_iii_i,l29d2_iii_dpminmax,1000,0,g10a10_t0a12,100k,A_ins,FIXJACK2,6.673e-05,1.929094,2.000,sotto,riferimento rsempre_g10t0_dpminmax_iii
x1010012_dpminmax_iii_i,l29d2_iii_dpminmax,1000,0,g10a10_t0a12,100k,A_rel,FIXJACK2,1.191e-11,6.234240,2.000,sotto,riferimento rmai_g10t0_dpminmax_iii
x1010012_dpminmax_iii_i,l29d2_iii_dpminmax,1000,0,g10a10_t0a12,100k,B2,FIXJACK2,2.739e-06,4.520000,,sotto,mute da t_ins+t_grad+20 ms a t_rel
x1010012_dpminmax_iii_c,l29d2_iii_dpminmax,1000,0,g10a10_t0a12,100k,A_ins,MAINJACK,9.903e-08,5.000615,2.000,sotto,riferimento rsempre_g10t12_dpminmax_iii
x1010012_dpminmax_iii_c,l29d2_iii_dpminmax,1000,0,g10a10_t0a12,100k,A_rel,MAINJACK,3.843e-05,8.303208,2.000,sotto,riferimento rmai_g10t12_dpminmax_iii
x1010012_dpminmax_iii_c,l29d2_iii_dpminmax,1000,0,g10a10_t0a12,100k,B2,MAINJACK,2.574e-11,5.027802,,sotto,mute da t_ins+t_grad+20 ms a t_rel
x1010012_dpminmax_iii_c,l29d2_iii_dpminmax,1000,0,g10a10_t0a12,100k,A_ins,FIXJACK1,1.191e-11,5.001531,2.000,sotto,riferimento rsempre_g10t12_dpminmax_iii
x1010012_dpminmax_iii_c,l29d2_iii_dpminmax,1000,0,g10a10_t0a12,100k,A_rel,FIXJACK1,4.806e-05,8.303260,2.000,sotto,riferimento rmai_g10t12_dpminmax_iii
x1010012_dpminmax_iii_c,l29d2_iii_dpminmax,1000,0,g10a10_t0a12,100k,B2,FIXJACK1,3.188e-15,5.028031,,sotto,mute da t_ins+t_grad+20 ms a t_rel
x1010012_dpminmax_iii_c,l29d2_iii_dpminmax,1000,0,g10a10_t0a12,100k,A_ins,FIXJACK2,1.191e-11,5.001531,2.000,sotto,riferimento rsempre_g10t12_dpminmax_iii
x1010012_dpminmax_iii_c,l29d2_iii_dpminmax,1000,0,g10a10_t0a12,100k,A_rel,FIXJACK2,4.806e-05,8.303260,2.000,sotto,riferimento rmai_g10t12_dpminmax_iii
x1010012_dpminmax_iii_c,l29d2_iii_dpminmax,1000,0,g10a10_t0a12,100k,B2,FIXJACK2,3.198e-15,5.027781,,sotto,mute da t_ins+t_grad+20 ms a t_rel
x1010120_dpminmax_iii_i,l29d2_iii_dpminmax,1000,0,g10a10_t12a0,100k,A_ins,MAINJACK,5.342e-05,1.929031,2.000,sotto,riferimento rsempre_g10t12_dpminmax_iii
x1010120_dpminmax_iii_i,l29d2_iii_dpminmax,1000,0,g10a10_t12a0,100k,A_rel,MAINJACK,2.676e-07,5.001313,2.000,sotto,riferimento rmai_g10t12_dpminmax_iii
x1010120_dpminmax_iii_i,l29d2_iii_dpminmax,1000,0,g10a10_t12a0,100k,B2,MAINJACK,4.75e-07,4.520000,,sotto,mute da t_ins+t_grad+20 ms a t_rel
x1010120_dpminmax_iii_i,l29d2_iii_dpminmax,1000,0,g10a10_t12a0,100k,A_ins,FIXJACK1,6.673e-05,1.929094,2.000,sotto,riferimento rsempre_g10t12_dpminmax_iii
x1010120_dpminmax_iii_i,l29d2_iii_dpminmax,1000,0,g10a10_t12a0,100k,A_rel,FIXJACK1,5.698e-10,5.001313,2.000,sotto,riferimento rmai_g10t12_dpminmax_iii
x1010120_dpminmax_iii_i,l29d2_iii_dpminmax,1000,0,g10a10_t12a0,100k,B2,FIXJACK1,2.739e-06,4.520000,,sotto,mute da t_ins+t_grad+20 ms a t_rel
x1010120_dpminmax_iii_i,l29d2_iii_dpminmax,1000,0,g10a10_t12a0,100k,A_ins,FIXJACK2,6.673e-05,1.929094,2.000,sotto,riferimento rsempre_g10t12_dpminmax_iii
x1010120_dpminmax_iii_i,l29d2_iii_dpminmax,1000,0,g10a10_t12a0,100k,A_rel,FIXJACK2,5.717e-10,5.001313,2.000,sotto,riferimento rmai_g10t12_dpminmax_iii
x1010120_dpminmax_iii_i,l29d2_iii_dpminmax,1000,0,g10a10_t12a0,100k,B2,FIXJACK2,2.739e-06,4.520000,,sotto,mute da t_ins+t_grad+20 ms a t_rel
x1010120_dpminmax_iii_c,l29d2_iii_dpminmax,1000,0,g10a10_t12a0,100k,A_ins,MAINJACK,2.676e-07,5.001313,2.000,sotto,riferimento rsempre_g10t0_dpminmax_iii
x1010120_dpminmax_iii_c,l29d2_iii_dpminmax,1000,0,g10a10_t12a0,100k,A_rel,MAINJACK,0.0001519,8.303198,2.000,SOPRA,riferimento rmai_g10t0_dpminmax_iii
x1010120_dpminmax_iii_c,l29d2_iii_dpminmax,1000,0,g10a10_t12a0,100k,B2,MAINJACK,5.658e-11,5.027740,,sotto,mute da t_ins+t_grad+20 ms a t_rel
x1010120_dpminmax_iii_c,l29d2_iii_dpminmax,1000,0,g10a10_t12a0,100k,A_ins,FIXJACK1,5.713e-10,5.001313,2.000,sotto,riferimento rsempre_g10t0_dpminmax_iii
x1010120_dpminmax_iii_c,l29d2_iii_dpminmax,1000,0,g10a10_t12a0,100k,A_rel,FIXJACK1,4.806e-05,8.303260,2.000,sotto,riferimento rmai_g10t0_dpminmax_iii
x1010120_dpminmax_iii_c,l29d2_iii_dpminmax,1000,0,g10a10_t12a0,100k,B2,FIXJACK1,1.395e-13,5.027802,,sotto,mute da t_ins+t_grad+20 ms a t_rel
x1010120_dpminmax_iii_c,l29d2_iii_dpminmax,1000,0,g10a10_t12a0,100k,A_ins,FIXJACK2,5.713e-10,5.001313,2.000,sotto,riferimento rsempre_g10t0_dpminmax_iii
x1010120_dpminmax_iii_c,l29d2_iii_dpminmax,1000,0,g10a10_t12a0,100k,A_rel,FIXJACK2,4.806e-05,8.303260,2.000,sotto,riferimento rmai_g10t0_dpminmax_iii
x1010120_dpminmax_iii_c,l29d2_iii_dpminmax,1000,0,g10a10_t12a0,100k,B2,FIXJACK2,1.395e-13,5.027802,,sotto,mute da t_ins+t_grad+20 ms a t_rel
xm_dpminmax_iii,l29d2_iii_dpminmax,1000,0,10,100k,A_ins,MAINJACK,0.0002112,1.929031,2.000,SOPRA,riferimento rsempre_g10t0_dpminmax_iii
xm_dpminmax_iii,l29d2_iii_dpminmax,1000,0,10,100k,A_rel,MAINJACK,0.0001428,6.803177,2.000,SOPRA,riferimento rmai_g10t0_dpminmax_iii
xm_dpminmax_iii,l29d2_iii_dpminmax,1000,0,10,100k,B2,MAINJACK,1.878e-06,4.520000,,sotto,mute da t_ins+t_grad+20 ms a t_rel
xm_dpminmax_iii,l29d2_iii_dpminmax,1000,0,10,100k,A_ins,FIXJACK1,6.673e-05,1.929094,2.000,sotto,riferimento rsempre_g10t0_dpminmax_iii
xm_dpminmax_iii,l29d2_iii_dpminmax,1000,0,10,100k,A_rel,FIXJACK1,4.517e-05,6.803240,2.000,sotto,riferimento rmai_g10t0_dpminmax_iii
xm_dpminmax_iii,l29d2_iii_dpminmax,1000,0,10,100k,B2,FIXJACK1,2.739e-06,4.520000,,sotto,mute da t_ins+t_grad+20 ms a t_rel
xm_dpminmax_iii,l29d2_iii_dpminmax,1000,0,10,100k,A_ins,FIXJACK2,6.673e-05,1.929094,2.000,sotto,riferimento rsempre_g10t0_dpminmax_iii
xm_dpminmax_iii,l29d2_iii_dpminmax,1000,0,10,100k,A_rel,FIXJACK2,4.517e-05,6.803240,2.000,sotto,riferimento rmai_g10t0_dpminmax_iii
xm_dpminmax_iii,l29d2_iii_dpminmax,1000,0,10,100k,B2,FIXJACK2,2.739e-06,4.520000,,sotto,mute da t_ins+t_grad+20 ms a t_rel
x01000_dpmaxmax_iii_i,l29d2_iii_dpmaxmax,1000,0,g0a10_t0a0,100k,A_ins,MAINJACK,6.702e-05,1.929031,2.000,sotto,riferimento rsempre_g0t0_dpmaxmax_iii
x01000_dpmaxmax_iii_i,l29d2_iii_dpmaxmax,1000,0,g0a10_t0a0,100k,A_rel,MAINJACK,4.366e-07,5.000531,2.000,sotto,riferimento rmai_g0t0_dpmaxmax_iii
x01000_dpmaxmax_iii_i,l29d2_iii_dpmaxmax,1000,0,g0a10_t0a0,100k,B2,MAINJACK,5.96e-07,4.520000,,sotto,mute da t_ins+t_grad+20 ms a t_rel
x01000_dpmaxmax_iii_i,l29d2_iii_dpmaxmax,1000,0,g0a10_t0a0,100k,A_ins,FIXJACK1,6.674e-05,1.929094,2.000,sotto,riferimento rsempre_g0t0_dpmaxmax_iii
x01000_dpmaxmax_iii_i,l29d2_iii_dpmaxmax,1000,0,g0a10_t0a0,100k,A_rel,FIXJACK1,2.598e-11,5.000312,2.000,sotto,riferimento rmai_g0t0_dpmaxmax_iii
x01000_dpmaxmax_iii_i,l29d2_iii_dpmaxmax,1000,0,g0a10_t0a0,100k,B2,FIXJACK1,2.739e-06,4.520000,,sotto,mute da t_ins+t_grad+20 ms a t_rel
x01000_dpmaxmax_iii_i,l29d2_iii_dpmaxmax,1000,0,g0a10_t0a0,100k,A_ins,FIXJACK2,6.674e-05,1.929094,2.000,sotto,riferimento rsempre_g0t0_dpmaxmax_iii
x01000_dpmaxmax_iii_i,l29d2_iii_dpmaxmax,1000,0,g0a10_t0a0,100k,A_rel,FIXJACK2,2.837e-11,5.000312,2.000,sotto,riferimento rmai_g0t0_dpmaxmax_iii
x01000_dpmaxmax_iii_i,l29d2_iii_dpmaxmax,1000,0,g0a10_t0a0,100k,B2,FIXJACK2,2.739e-06,4.520000,,sotto,mute da t_ins+t_grad+20 ms a t_rel
x01000_dpmaxmax_iii_c,l29d2_iii_dpmaxmax,1000,0,g0a10_t0a0,100k,A_ins,MAINJACK,4.366e-07,5.000531,2.000,sotto,riferimento rsempre_g10t0_dpmaxmax_iii
x01000_dpmaxmax_iii_c,l29d2_iii_dpmaxmax,1000,0,g0a10_t0a0,100k,A_rel,MAINJACK,0.0001519,8.303198,2.000,SOPRA,riferimento rmai_g10t0_dpmaxmax_iii
x01000_dpmaxmax_iii_c,l29d2_iii_dpmaxmax,1000,0,g0a10_t0a0,100k,B2,MAINJACK,1.882e-10,5.026979,,sotto,mute da t_ins+t_grad+20 ms a t_rel
x01000_dpmaxmax_iii_c,l29d2_iii_dpmaxmax,1000,0,g0a10_t0a0,100k,A_ins,FIXJACK1,2.853e-11,5.000312,2.000,sotto,riferimento rsempre_g10t0_dpmaxmax_iii
x01000_dpmaxmax_iii_c,l29d2_iii_dpmaxmax,1000,0,g0a10_t0a0,100k,A_rel,FIXJACK1,4.806e-05,8.303271,2.000,sotto,riferimento rmai_g10t0_dpmaxmax_iii
x01000_dpmaxmax_iii_c,l29d2_iii_dpmaxmax,1000,0,g0a10_t0a0,100k,B2,FIXJACK1,5.897e-15,5.026740,,sotto,mute da t_ins+t_grad+20 ms a t_rel
x01000_dpmaxmax_iii_c,l29d2_iii_dpmaxmax,1000,0,g0a10_t0a0,100k,A_ins,FIXJACK2,2.853e-11,5.000312,2.000,sotto,riferimento rsempre_g10t0_dpmaxmax_iii
x01000_dpmaxmax_iii_c,l29d2_iii_dpmaxmax,1000,0,g0a10_t0a0,100k,A_rel,FIXJACK2,4.806e-05,8.303271,2.000,sotto,riferimento rmai_g10t0_dpmaxmax_iii
x01000_dpmaxmax_iii_c,l29d2_iii_dpmaxmax,1000,0,g0a10_t0a0,100k,B2,FIXJACK2,5.904e-15,5.027021,,sotto,mute da t_ins+t_grad+20 ms a t_rel
x10000_dpmaxmax_iii_i,l29d2_iii_dpmaxmax,1000,0,g10a0_t0a0,100k,A_ins,MAINJACK,0.0002112,1.929031,2.000,SOPRA,riferimento rsempre_g10t0_dpmaxmax_iii
x10000_dpmaxmax_iii_i,l29d2_iii_dpmaxmax,1000,0,g10a0_t0a0,100k,A_rel,MAINJACK,4.944e-07,5.000906,2.000,sotto,riferimento rmai_g10t0_dpmaxmax_iii
x10000_dpmaxmax_iii_i,l29d2_iii_dpmaxmax,1000,0,g10a0_t0a0,100k,B2,MAINJACK,1.878e-06,4.520000,,sotto,mute da t_ins+t_grad+20 ms a t_rel
x10000_dpmaxmax_iii_i,l29d2_iii_dpmaxmax,1000,0,g10a0_t0a0,100k,A_ins,FIXJACK1,6.674e-05,1.929094,2.000,sotto,riferimento rsempre_g10t0_dpmaxmax_iii
x10000_dpmaxmax_iii_i,l29d2_iii_dpmaxmax,1000,0,g10a0_t0a0,100k,A_rel,FIXJACK1,2.677e-11,5.000312,2.000,sotto,riferimento rmai_g10t0_dpmaxmax_iii
x10000_dpmaxmax_iii_i,l29d2_iii_dpmaxmax,1000,0,g10a0_t0a0,100k,B2,FIXJACK1,2.739e-06,4.520000,,sotto,mute da t_ins+t_grad+20 ms a t_rel
x10000_dpmaxmax_iii_i,l29d2_iii_dpmaxmax,1000,0,g10a0_t0a0,100k,A_ins,FIXJACK2,6.674e-05,1.929094,2.000,sotto,riferimento rsempre_g10t0_dpmaxmax_iii
x10000_dpmaxmax_iii_i,l29d2_iii_dpmaxmax,1000,0,g10a0_t0a0,100k,A_rel,FIXJACK2,3.261e-11,5.000312,2.000,sotto,riferimento rmai_g10t0_dpmaxmax_iii
x10000_dpmaxmax_iii_i,l29d2_iii_dpmaxmax,1000,0,g10a0_t0a0,100k,B2,FIXJACK2,2.739e-06,4.520000,,sotto,mute da t_ins+t_grad+20 ms a t_rel
x10000_dpmaxmax_iii_c,l29d2_iii_dpmaxmax,1000,0,g10a0_t0a0,100k,A_ins,MAINJACK,4.944e-07,5.000906,2.000,sotto,riferimento rsempre_g0t0_dpmaxmax_iii
x10000_dpmaxmax_iii_c,l29d2_iii_dpmaxmax,1000,0,g10a0_t0a0,100k,A_rel,MAINJACK,4.821e-05,8.303198,2.000,sotto,riferimento rmai_g0t0_dpmaxmax_iii
x10000_dpmaxmax_iii_c,l29d2_iii_dpmaxmax,1000,0,g10a0_t0a0,100k,B2,MAINJACK,3.949e-11,5.028625,,sotto,mute da t_ins+t_grad+20 ms a t_rel
x10000_dpmaxmax_iii_c,l29d2_iii_dpmaxmax,1000,0,g10a0_t0a0,100k,A_ins,FIXJACK1,2.498e-11,5.000312,2.000,sotto,riferimento rsempre_g0t0_dpmaxmax_iii
x10000_dpmaxmax_iii_c,l29d2_iii_dpmaxmax,1000,0,g10a0_t0a0,100k,A_rel,FIXJACK1,4.806e-05,8.303271,2.000,sotto,riferimento rmai_g0t0_dpmaxmax_iii
x10000_dpmaxmax_iii_c,l29d2_iii_dpmaxmax,1000,0,g10a0_t0a0,100k,B2,FIXJACK1,7.086e-15,5.026937,,sotto,mute da t_ins+t_grad+20 ms a t_rel
x10000_dpmaxmax_iii_c,l29d2_iii_dpmaxmax,1000,0,g10a0_t0a0,100k,A_ins,FIXJACK2,2.498e-11,5.000312,2.000,sotto,riferimento rsempre_g0t0_dpmaxmax_iii
x10000_dpmaxmax_iii_c,l29d2_iii_dpmaxmax,1000,0,g10a0_t0a0,100k,A_rel,FIXJACK2,4.806e-05,8.303271,2.000,sotto,riferimento rmai_g0t0_dpmaxmax_iii
x10000_dpmaxmax_iii_c,l29d2_iii_dpmaxmax,1000,0,g10a0_t0a0,100k,B2,FIXJACK2,7.083e-15,5.026979,,sotto,mute da t_ins+t_grad+20 ms a t_rel
x1010012_dpmaxmax_iii_i,l29d2_iii_dpmaxmax,1000,0,g10a10_t0a12,100k,A_ins,MAINJACK,0.0002112,1.929031,2.000,SOPRA,riferimento rsempre_g10t0_dpmaxmax_iii
x1010012_dpmaxmax_iii_i,l29d2_iii_dpmaxmax,1000,0,g10a10_t0a12,100k,A_rel,MAINJACK,8.131e-08,5.000615,2.000,sotto,riferimento rmai_g10t0_dpmaxmax_iii
x1010012_dpmaxmax_iii_i,l29d2_iii_dpmaxmax,1000,0,g10a10_t0a12,100k,B2,MAINJACK,1.878e-06,4.520000,,sotto,mute da t_ins+t_grad+20 ms a t_rel
x1010012_dpmaxmax_iii_i,l29d2_iii_dpmaxmax,1000,0,g10a10_t0a12,100k,A_ins,FIXJACK1,6.674e-05,1.929094,2.000,sotto,riferimento rsempre_g10t0_dpmaxmax_iii
x1010012_dpmaxmax_iii_i,l29d2_iii_dpmaxmax,1000,0,g10a10_t0a12,100k,A_rel,FIXJACK1,1.701e-11,5.001313,2.000,sotto,riferimento rmai_g10t0_dpmaxmax_iii
x1010012_dpmaxmax_iii_i,l29d2_iii_dpmaxmax,1000,0,g10a10_t0a12,100k,B2,FIXJACK1,2.739e-06,4.520000,,sotto,mute da t_ins+t_grad+20 ms a t_rel
x1010012_dpmaxmax_iii_i,l29d2_iii_dpmaxmax,1000,0,g10a10_t0a12,100k,A_ins,FIXJACK2,6.674e-05,1.929094,2.000,sotto,riferimento rsempre_g10t0_dpmaxmax_iii
x1010012_dpmaxmax_iii_i,l29d2_iii_dpmaxmax,1000,0,g10a10_t0a12,100k,A_rel,FIXJACK2,1.447e-11,5.001313,2.000,sotto,riferimento rmai_g10t0_dpmaxmax_iii
x1010012_dpmaxmax_iii_i,l29d2_iii_dpmaxmax,1000,0,g10a10_t0a12,100k,B2,FIXJACK2,2.739e-06,4.520000,,sotto,mute da t_ins+t_grad+20 ms a t_rel
x1010012_dpmaxmax_iii_c,l29d2_iii_dpmaxmax,1000,0,g10a10_t0a12,100k,A_ins,MAINJACK,8.132e-08,5.000615,2.000,sotto,riferimento rsempre_g10t12_dpmaxmax_iii
x1010012_dpmaxmax_iii_c,l29d2_iii_dpmaxmax,1000,0,g10a10_t0a12,100k,A_rel,MAINJACK,3.843e-05,8.303198,2.000,sotto,riferimento rmai_g10t12_dpmaxmax_iii
x1010012_dpmaxmax_iii_c,l29d2_iii_dpmaxmax,1000,0,g10a10_t0a12,100k,B2,MAINJACK,2.652e-11,5.027823,,sotto,mute da t_ins+t_grad+20 ms a t_rel
x1010012_dpmaxmax_iii_c,l29d2_iii_dpmaxmax,1000,0,g10a10_t0a12,100k,A_ins,FIXJACK1,1.431e-11,5.001313,2.000,sotto,riferimento rsempre_g10t12_dpmaxmax_iii
x1010012_dpmaxmax_iii_c,l29d2_iii_dpmaxmax,1000,0,g10a10_t0a12,100k,A_rel,FIXJACK1,4.806e-05,8.303271,2.000,sotto,riferimento rmai_g10t12_dpmaxmax_iii
x1010012_dpmaxmax_iii_c,l29d2_iii_dpmaxmax,1000,0,g10a10_t0a12,100k,B2,FIXJACK1,4.37e-15,5.027802,,sotto,mute da t_ins+t_grad+20 ms a t_rel
x1010012_dpmaxmax_iii_c,l29d2_iii_dpmaxmax,1000,0,g10a10_t0a12,100k,A_ins,FIXJACK2,1.431e-11,5.001313,2.000,sotto,riferimento rsempre_g10t12_dpmaxmax_iii
x1010012_dpmaxmax_iii_c,l29d2_iii_dpmaxmax,1000,0,g10a10_t0a12,100k,A_rel,FIXJACK2,4.806e-05,8.303271,2.000,sotto,riferimento rmai_g10t12_dpmaxmax_iii
x1010012_dpmaxmax_iii_c,l29d2_iii_dpmaxmax,1000,0,g10a10_t0a12,100k,B2,FIXJACK2,4.363e-15,5.027958,,sotto,mute da t_ins+t_grad+20 ms a t_rel
x1010120_dpmaxmax_iii_i,l29d2_iii_dpmaxmax,1000,0,g10a10_t12a0,100k,A_ins,MAINJACK,5.342e-05,1.929031,2.000,sotto,riferimento rsempre_g10t12_dpmaxmax_iii
x1010120_dpmaxmax_iii_i,l29d2_iii_dpmaxmax,1000,0,g10a10_t12a0,100k,A_rel,MAINJACK,2.889e-07,5.001531,2.000,sotto,riferimento rmai_g10t12_dpmaxmax_iii
x1010120_dpmaxmax_iii_i,l29d2_iii_dpmaxmax,1000,0,g10a10_t12a0,100k,B2,MAINJACK,4.751e-07,4.520000,,sotto,mute da t_ins+t_grad+20 ms a t_rel
x1010120_dpmaxmax_iii_i,l29d2_iii_dpmaxmax,1000,0,g10a10_t12a0,100k,A_ins,FIXJACK1,6.674e-05,1.929094,2.000,sotto,riferimento rsempre_g10t12_dpmaxmax_iii
x1010120_dpmaxmax_iii_i,l29d2_iii_dpmaxmax,1000,0,g10a10_t12a0,100k,A_rel,FIXJACK1,6.552e-10,5.001531,2.000,sotto,riferimento rmai_g10t12_dpmaxmax_iii
x1010120_dpmaxmax_iii_i,l29d2_iii_dpmaxmax,1000,0,g10a10_t12a0,100k,B2,FIXJACK1,2.739e-06,4.520000,,sotto,mute da t_ins+t_grad+20 ms a t_rel
x1010120_dpmaxmax_iii_i,l29d2_iii_dpmaxmax,1000,0,g10a10_t12a0,100k,A_ins,FIXJACK2,6.674e-05,1.929094,2.000,sotto,riferimento rsempre_g10t12_dpmaxmax_iii
x1010120_dpmaxmax_iii_i,l29d2_iii_dpmaxmax,1000,0,g10a10_t12a0,100k,A_rel,FIXJACK2,6.558e-10,5.001531,2.000,sotto,riferimento rmai_g10t12_dpmaxmax_iii
x1010120_dpmaxmax_iii_i,l29d2_iii_dpmaxmax,1000,0,g10a10_t12a0,100k,B2,FIXJACK2,2.739e-06,4.520000,,sotto,mute da t_ins+t_grad+20 ms a t_rel
x1010120_dpmaxmax_iii_c,l29d2_iii_dpmaxmax,1000,0,g10a10_t12a0,100k,A_ins,MAINJACK,2.889e-07,5.001531,2.000,sotto,riferimento rsempre_g10t0_dpmaxmax_iii
x1010120_dpmaxmax_iii_c,l29d2_iii_dpmaxmax,1000,0,g10a10_t12a0,100k,A_rel,MAINJACK,0.0001519,8.303198,2.000,SOPRA,riferimento rmai_g10t0_dpmaxmax_iii
x1010120_dpmaxmax_iii_c,l29d2_iii_dpmaxmax,1000,0,g10a10_t12a0,100k,B2,MAINJACK,9.359e-11,5.027948,,sotto,mute da t_ins+t_grad+20 ms a t_rel
x1010120_dpmaxmax_iii_c,l29d2_iii_dpmaxmax,1000,0,g10a10_t12a0,100k,A_ins,FIXJACK1,6.548e-10,5.001531,2.000,sotto,riferimento rsempre_g10t0_dpmaxmax_iii
x1010120_dpmaxmax_iii_c,l29d2_iii_dpmaxmax,1000,0,g10a10_t12a0,100k,A_rel,FIXJACK1,4.806e-05,8.303271,2.000,sotto,riferimento rmai_g10t0_dpmaxmax_iii
x1010120_dpmaxmax_iii_c,l29d2_iii_dpmaxmax,1000,0,g10a10_t12a0,100k,B2,FIXJACK1,1.696e-13,5.028021,,sotto,mute da t_ins+t_grad+20 ms a t_rel
x1010120_dpmaxmax_iii_c,l29d2_iii_dpmaxmax,1000,0,g10a10_t12a0,100k,A_ins,FIXJACK2,6.548e-10,5.001531,2.000,sotto,riferimento rsempre_g10t0_dpmaxmax_iii
x1010120_dpmaxmax_iii_c,l29d2_iii_dpmaxmax,1000,0,g10a10_t12a0,100k,A_rel,FIXJACK2,4.806e-05,8.303271,2.000,sotto,riferimento rmai_g10t0_dpmaxmax_iii
x1010120_dpmaxmax_iii_c,l29d2_iii_dpmaxmax,1000,0,g10a10_t12a0,100k,B2,FIXJACK2,1.696e-13,5.028021,,sotto,mute da t_ins+t_grad+20 ms a t_rel
xm_dpmaxmax_iii,l29d2_iii_dpmaxmax,1000,0,10,100k,A_ins,MAINJACK,0.0002112,1.929031,2.000,SOPRA,riferimento rsempre_g10t0_dpmaxmax_iii
xm_dpmaxmax_iii,l29d2_iii_dpmaxmax,1000,0,10,100k,A_rel,MAINJACK,0.0001428,6.803177,2.000,SOPRA,riferimento rmai_g10t0_dpmaxmax_iii
xm_dpmaxmax_iii,l29d2_iii_dpmaxmax,1000,0,10,100k,B2,MAINJACK,1.878e-06,4.520000,,sotto,mute da t_ins+t_grad+20 ms a t_rel
xm_dpmaxmax_iii,l29d2_iii_dpmaxmax,1000,0,10,100k,A_ins,FIXJACK1,6.674e-05,1.929094,2.000,sotto,riferimento rsempre_g10t0_dpmaxmax_iii
xm_dpmaxmax_iii,l29d2_iii_dpmaxmax,1000,0,10,100k,A_rel,FIXJACK1,4.517e-05,6.803240,2.000,sotto,riferimento rmai_g10t0_dpmaxmax_iii
xm_dpmaxmax_iii,l29d2_iii_dpmaxmax,1000,0,10,100k,B2,FIXJACK1,2.739e-06,4.520000,,sotto,mute da t_ins+t_grad+20 ms a t_rel
xm_dpmaxmax_iii,l29d2_iii_dpmaxmax,1000,0,10,100k,A_ins,FIXJACK2,6.674e-05,1.929094,2.000,sotto,riferimento rsempre_g10t0_dpmaxmax_iii
xm_dpmaxmax_iii,l29d2_iii_dpmaxmax,1000,0,10,100k,A_rel,FIXJACK2,4.517e-05,6.803240,2.000,sotto,riferimento rmai_g10t0_dpmaxmax_iii
xm_dpmaxmax_iii,l29d2_iii_dpmaxmax,1000,0,10,100k,B2,FIXJACK2,2.739e-06,4.520000,,sotto,mute da t_ins+t_grad+20 ms a t_rel
mh01_1k_iii,l29d2_iii_h01,1000,3.818,10,100k,A_ins,MAINJACK,12.71,1.000021,2.000,SOPRA,riferimento g10sempre_1k_iii
mh01_1k_iii,l29d2_iii_h01,1000,3.818,10,100k,A_rel,MAINJACK,12.71,4.600021,2.000,SOPRA,riferimento g10mai_1k_iii
mh01_1k_iii,l29d2_iii_h01,1000,3.818,10,100k,B2,MAINJACK,5.986e-06,4.526969,,sotto,mute da t_ins+t_grad+20 ms a t_rel
mh01_1k_iii,l29d2_iii_h01,1000,3.818,10,100k,C1_ins,MAINJACK,0.01351,1.917979,,SOPRA,"diagnostica, cond 1"
mh01_1k_iii,l29d2_iii_h01,1000,3.818,10,100k,C1_rel,MAINJACK,0.01253,6.503510,,SOPRA,"diagnostica, cond 1"
mh01_1k_iii,l29d2_iii_h01,1000,3.818,10,100k,C2_ins,MAINJACK,0.01351,1.917979,,SOPRA,"riferimento g10sempre_1k_iii, cond 1"
mh01_1k_iii,l29d2_iii_h01,1000,3.818,10,100k,C2_rel,MAINJACK,0.01203,6.503521,,SOPRA,"riferimento g10mai_1k_iii, cond 1"
mh01_1k_iii,l29d2_iii_h01,1000,3.818,10,100k,S_ins,MAINJACK,9.363,3.053000,,sotto,dB in 100 ms sopra -70 dB; pieno 12.02 V da g10mai_1k_iii
mh01_1k_iii,l29d2_iii_h01,1000,3.818,10,100k,S_rel,MAINJACK,10.16,6.506000,,sotto,dB in 100 ms sopra -70 dB; pieno 12.02 V da g10mai_1k_iii
mh01_1k_iii,l29d2_iii_h01,1000,3.818,10,100k,A_ins,FIXJACK1,4.034,1.000021,2.000,SOPRA,riferimento g10sempre_1k_iii
mh01_1k_iii,l29d2_iii_h01,1000,3.818,10,100k,A_rel,FIXJACK1,4.034,4.600021,2.000,SOPRA,riferimento g10mai_1k_iii
mh01_1k_iii,l29d2_iii_h01,1000,3.818,10,100k,B2,FIXJACK1,1.833e-06,4.527146,,sotto,mute da t_ins+t_grad+20 ms a t_rel
mh01_1k_iii,l29d2_iii_h01,1000,3.818,10,100k,C1_ins,FIXJACK1,0.004246,1.917979,,SOPRA,"diagnostica, cond 1"
mh01_1k_iii,l29d2_iii_h01,1000,3.818,10,100k,C1_rel,FIXJACK1,0.003977,6.503510,,SOPRA,"diagnostica, cond 1"
mh01_1k_iii,l29d2_iii_h01,1000,3.818,10,100k,C2_ins,FIXJACK1,0.004246,1.917979,,SOPRA,"riferimento g10sempre_1k_iii, cond 1"
mh01_1k_iii,l29d2_iii_h01,1000,3.818,10,100k,C2_rel,FIXJACK1,0.003981,6.503510,,SOPRA,"riferimento g10mai_1k_iii, cond 1"
mh01_1k_iii,l29d2_iii_h01,1000,3.818,10,100k,S_ins,FIXJACK1,9.363,3.053000,,sotto,dB in 100 ms sopra -70 dB; pieno 3.814 V da g10mai_1k_iii
mh01_1k_iii,l29d2_iii_h01,1000,3.818,10,100k,S_rel,FIXJACK1,10.16,6.506000,,sotto,dB in 100 ms sopra -70 dB; pieno 3.814 V da g10mai_1k_iii
mh01_1k_iii,l29d2_iii_h01,1000,3.818,10,100k,A_ins,FIXJACK2,4.034,1.000021,2.000,SOPRA,riferimento g10sempre_1k_iii
mh01_1k_iii,l29d2_iii_h01,1000,3.818,10,100k,A_rel,FIXJACK2,4.034,4.600021,2.000,SOPRA,riferimento g10mai_1k_iii
mh01_1k_iii,l29d2_iii_h01,1000,3.818,10,100k,B2,FIXJACK2,1.833e-06,4.527146,,sotto,mute da t_ins+t_grad+20 ms a t_rel
mh01_1k_iii,l29d2_iii_h01,1000,3.818,10,100k,C1_ins,FIXJACK2,0.004246,1.917979,,SOPRA,"diagnostica, cond 1"
mh01_1k_iii,l29d2_iii_h01,1000,3.818,10,100k,C1_rel,FIXJACK2,0.003977,6.503510,,SOPRA,"diagnostica, cond 1"
mh01_1k_iii,l29d2_iii_h01,1000,3.818,10,100k,C2_ins,FIXJACK2,0.004246,1.917979,,SOPRA,"riferimento g10sempre_1k_iii, cond 1"
mh01_1k_iii,l29d2_iii_h01,1000,3.818,10,100k,C2_rel,FIXJACK2,0.003981,6.503510,,SOPRA,"riferimento g10mai_1k_iii, cond 1"
mh01_1k_iii,l29d2_iii_h01,1000,3.818,10,100k,S_ins,FIXJACK2,9.363,3.053000,,sotto,dB in 100 ms sopra -70 dB; pieno 3.814 V da g10mai_1k_iii
mh01_1k_iii,l29d2_iii_h01,1000,3.818,10,100k,S_rel,FIXJACK2,10.16,6.506000,,sotto,dB in 100 ms sopra -70 dB; pieno 3.814 V da g10mai_1k_iii
mev_1k_iii,l29d2_iii_ev,1000,3.818,10,100k,A_ins,MAINJACK,12.71,1.000021,2.000,SOPRA,riferimento g10sempre_1k_iii
mev_1k_iii,l29d2_iii_ev,1000,3.818,10,100k,A_rel,MAINJACK,12.71,5.500021,2.000,SOPRA,riferimento g10mai_1k_iii
mev_1k_iii,l29d2_iii_ev,1000,3.818,10,100k,B2,MAINJACK,5.986e-06,4.526969,,sotto,mute da t_ins+t_grad+20 ms a t_rel
mev_1k_iii,l29d2_iii_ev,1000,3.818,10,100k,C1_ins,MAINJACK,0.01351,1.917979,,SOPRA,"diagnostica, cond 1"
mev_1k_iii,l29d2_iii_ev,1000,3.818,10,100k,C1_rel,MAINJACK,0.009554,7.598448,,SOPRA,"diagnostica, cond 1"
mev_1k_iii,l29d2_iii_ev,1000,3.818,10,100k,C2_ins,MAINJACK,0.01351,1.917979,,SOPRA,"riferimento g10sempre_1k_iii, cond 1"
mev_1k_iii,l29d2_iii_ev,1000,3.818,10,100k,C2_rel,MAINJACK,0.009702,7.598958,,SOPRA,"riferimento g10mai_1k_iii, cond 1"
mev_1k_iii,l29d2_iii_ev,1000,3.818,10,100k,S_ins,MAINJACK,9.363,3.053000,,sotto,dB in 100 ms sopra -70 dB; pieno 12.02 V da g10mai_1k_iii
mev_1k_iii,l29d2_iii_ev,1000,3.818,10,100k,S_rel,MAINJACK,10.94,7.373000,,sotto,dB in 100 ms sopra -70 dB; pieno 12.02 V da g10mai_1k_iii
mev_1k_iii,l29d2_iii_ev,1000,3.818,10,100k,A_ins,FIXJACK1,4.034,1.000021,2.000,SOPRA,riferimento g10sempre_1k_iii
mev_1k_iii,l29d2_iii_ev,1000,3.818,10,100k,A_rel,FIXJACK1,4.034,5.500021,2.000,SOPRA,riferimento g10mai_1k_iii
mev_1k_iii,l29d2_iii_ev,1000,3.818,10,100k,B2,FIXJACK1,1.833e-06,4.527146,,sotto,mute da t_ins+t_grad+20 ms a t_rel
mev_1k_iii,l29d2_iii_ev,1000,3.818,10,100k,C1_ins,FIXJACK1,0.004246,1.917979,,SOPRA,"diagnostica, cond 1"
mev_1k_iii,l29d2_iii_ev,1000,3.818,10,100k,C1_rel,FIXJACK1,0.003025,7.598448,,SOPRA,"diagnostica, cond 1"
mev_1k_iii,l29d2_iii_ev,1000,3.818,10,100k,C2_ins,FIXJACK1,0.004246,1.917979,,SOPRA,"riferimento g10sempre_1k_iii, cond 1"
mev_1k_iii,l29d2_iii_ev,1000,3.818,10,100k,C2_rel,FIXJACK1,0.003037,7.598958,,SOPRA,"riferimento g10mai_1k_iii, cond 1"
mev_1k_iii,l29d2_iii_ev,1000,3.818,10,100k,S_ins,FIXJACK1,9.363,3.053000,,sotto,dB in 100 ms sopra -70 dB; pieno 3.814 V da g10mai_1k_iii
mev_1k_iii,l29d2_iii_ev,1000,3.818,10,100k,S_rel,FIXJACK1,10.94,7.373000,,sotto,dB in 100 ms sopra -70 dB; pieno 3.814 V da g10mai_1k_iii
mev_1k_iii,l29d2_iii_ev,1000,3.818,10,100k,A_ins,FIXJACK2,4.034,1.000021,2.000,SOPRA,riferimento g10sempre_1k_iii
mev_1k_iii,l29d2_iii_ev,1000,3.818,10,100k,A_rel,FIXJACK2,4.034,5.500021,2.000,SOPRA,riferimento g10mai_1k_iii
mev_1k_iii,l29d2_iii_ev,1000,3.818,10,100k,B2,FIXJACK2,1.833e-06,4.527146,,sotto,mute da t_ins+t_grad+20 ms a t_rel
mev_1k_iii,l29d2_iii_ev,1000,3.818,10,100k,C1_ins,FIXJACK2,0.004246,1.917979,,SOPRA,"diagnostica, cond 1"
mev_1k_iii,l29d2_iii_ev,1000,3.818,10,100k,C1_rel,FIXJACK2,0.003025,7.598448,,SOPRA,"diagnostica, cond 1"
mev_1k_iii,l29d2_iii_ev,1000,3.818,10,100k,C2_ins,FIXJACK2,0.004246,1.917979,,SOPRA,"riferimento g10sempre_1k_iii, cond 1"
mev_1k_iii,l29d2_iii_ev,1000,3.818,10,100k,C2_rel,FIXJACK2,0.003037,7.598958,,SOPRA,"riferimento g10mai_1k_iii, cond 1"
mev_1k_iii,l29d2_iii_ev,1000,3.818,10,100k,S_ins,FIXJACK2,9.363,3.053000,,sotto,dB in 100 ms sopra -70 dB; pieno 3.814 V da g10mai_1k_iii
mev_1k_iii,l29d2_iii_ev,1000,3.818,10,100k,S_rel,FIXJACK2,10.94,7.373000,,sotto,dB in 100 ms sopra -70 dB; pieno 3.814 V da g10mai_1k_iii
rele_1k_iii,rele_contro_norele,1000,3.818,10,100k,A_ins,MAINJACK,0.00296,4.500031,1.000,SOPRA,riferimento mnorele_1k_iii
rele_1k_iii,rele_contro_norele,1000,3.818,10,100k,A_rel,MAINJACK,0.001706,5.500021,2.000,SOPRA,riferimento mnorele_1k_iii
rele_1k_iii,rele_contro_norele,1000,3.818,10,100k,B2,MAINJACK,5.986e-06,4.526969,,sotto,mute da t_ins+t_grad+20 ms a t_rel
rele_1k_iii,rele_contro_norele,1000,3.818,10,100k,C1_ins,MAINJACK,0.001675,4.500031,,SOPRA,"diagnostica, cond 1"
rele_1k_iii,rele_contro_norele,1000,3.818,10,100k,C1_rel,MAINJACK,0.00167,5.501031,,SOPRA,"diagnostica, cond 1"
rele_1k_iii,rele_contro_norele,1000,3.818,10,100k,C2_ins,MAINJACK,0.001675,4.500031,,SOPRA,"riferimento mnorele_1k_iii, cond 1"
rele_1k_iii,rele_contro_norele,1000,3.818,10,100k,C2_rel,MAINJACK,0.001674,5.501031,,SOPRA,"riferimento mnorele_1k_iii, cond 1"
rele_1k_iii,rele_contro_norele,1000,3.818,10,100k,S_ins,MAINJACK,0,,,sotto,dB in 100 ms sopra -70 dB; pieno 12.02 V da mnorele_1k_iii
rele_1k_iii,rele_contro_norele,1000,3.818,10,100k,S_rel,MAINJACK,0,,,sotto,dB in 100 ms sopra -70 dB; pieno 12.02 V da mnorele_1k_iii
rele_1k_iii,rele_contro_norele,1000,3.818,10,100k,A_ins,FIXJACK1,0.0009396,4.500031,1.000,SOPRA,riferimento mnorele_1k_iii
rele_1k_iii,rele_contro_norele,1000,3.818,10,100k,A_rel,FIXJACK1,0.0005412,5.500021,2.000,SOPRA,riferimento mnorele_1k_iii
rele_1k_iii,rele_contro_norele,1000,3.818,10,100k,B2,FIXJACK1,1.833e-06,4.527146,,sotto,mute da t_ins+t_grad+20 ms a t_rel
rele_1k_iii,rele_contro_norele,1000,3.818,10,100k,C1_ins,FIXJACK1,0.000532,4.500031,,sotto,"diagnostica, cond 1"
rele_1k_iii,rele_contro_norele,1000,3.818,10,100k,C1_rel,FIXJACK1,0.0005295,5.501031,,sotto,"diagnostica, cond 1"
rele_1k_iii,rele_contro_norele,1000,3.818,10,100k,C2_ins,FIXJACK1,0.000532,4.500031,,sotto,"riferimento mnorele_1k_iii, cond 1"
rele_1k_iii,rele_contro_norele,1000,3.818,10,100k,C2_rel,FIXJACK1,0.0005308,5.501031,,sotto,"riferimento mnorele_1k_iii, cond 1"
rele_1k_iii,rele_contro_norele,1000,3.818,10,100k,S_ins,FIXJACK1,0,,,sotto,dB in 100 ms sopra -70 dB; pieno 3.814 V da mnorele_1k_iii
rele_1k_iii,rele_contro_norele,1000,3.818,10,100k,S_rel,FIXJACK1,0,,,sotto,dB in 100 ms sopra -70 dB; pieno 3.814 V da mnorele_1k_iii
rele_1k_iii,rele_contro_norele,1000,3.818,10,100k,A_ins,FIXJACK2,0.0009396,4.500031,1.000,SOPRA,riferimento mnorele_1k_iii
rele_1k_iii,rele_contro_norele,1000,3.818,10,100k,A_rel,FIXJACK2,0.0005412,5.500021,2.000,SOPRA,riferimento mnorele_1k_iii
rele_1k_iii,rele_contro_norele,1000,3.818,10,100k,B2,FIXJACK2,1.833e-06,4.527146,,sotto,mute da t_ins+t_grad+20 ms a t_rel
rele_1k_iii,rele_contro_norele,1000,3.818,10,100k,C1_ins,FIXJACK2,0.000532,4.500031,,sotto,"diagnostica, cond 1"
rele_1k_iii,rele_contro_norele,1000,3.818,10,100k,C1_rel,FIXJACK2,0.0005295,5.501031,,sotto,"diagnostica, cond 1"
rele_1k_iii,rele_contro_norele,1000,3.818,10,100k,C2_ins,FIXJACK2,0.000532,4.500031,,sotto,"riferimento mnorele_1k_iii, cond 1"
rele_1k_iii,rele_contro_norele,1000,3.818,10,100k,C2_rel,FIXJACK2,0.0005308,5.501031,,sotto,"riferimento mnorele_1k_iii, cond 1"
rele_1k_iii,rele_contro_norele,1000,3.818,10,100k,S_ins,FIXJACK2,0,,,sotto,dB in 100 ms sopra -70 dB; pieno 3.814 V da mnorele_1k_iii
rele_1k_iii,rele_contro_norele,1000,3.818,10,100k,S_rel,FIXJACK2,0,,,sotto,dB in 100 ms sopra -70 dB; pieno 3.814 V da mnorele_1k_iii
mh2_1k_iii,l29d2_iii_h2,1000,3.818,10,100k,A_ins,MAINJACK,12.71,1.000021,2.000,SOPRA,riferimento g10sempre_1k_iii
mh2_1k_iii,l29d2_iii_h2,1000,3.818,10,100k,A_rel,MAINJACK,12.71,6.500021,2.000,SOPRA,riferimento g10mai_1k_iii
mh2_1k_iii,l29d2_iii_h2,1000,3.818,10,100k,B2,MAINJACK,5.986e-06,4.526969,,sotto,mute da t_ins+t_grad+20 ms a t_rel
mh2_1k_iii,l29d2_iii_h2,1000,3.818,10,100k,C1_ins,MAINJACK,0.01351,1.917979,,SOPRA,"diagnostica, cond 1"
mh2_1k_iii,l29d2_iii_h2,1000,3.818,10,100k,C1_rel,MAINJACK,0.009555,8.598448,,SOPRA,"diagnostica, cond 1"
mh2_1k_iii,l29d2_iii_h2,1000,3.818,10,100k,C2_ins,MAINJACK,0.01351,1.917979,,SOPRA,"riferimento g10sempre_1k_iii, cond 1"
mh2_1k_iii,l29d2_iii_h2,1000,3.818,10,100k,C2_rel,MAINJACK,0.009702,8.598958,,SOPRA,"riferimento g10mai_1k_iii, cond 1"
mh2_1k_iii,l29d2_iii_h2,1000,3.818,10,100k,S_ins,MAINJACK,9.363,3.053000,,sotto,dB in 100 ms sopra -70 dB; pieno 12.02 V da g10mai_1k_iii
mh2_1k_iii,l29d2_iii_h2,1000,3.818,10,100k,S_rel,MAINJACK,11.67,8.337000,,sotto,dB in 100 ms sopra -70 dB; pieno 12.02 V da g10mai_1k_iii
mh2_1k_iii,l29d2_iii_h2,1000,3.818,10,100k,A_ins,FIXJACK1,4.034,1.000021,2.000,SOPRA,riferimento g10sempre_1k_iii
mh2_1k_iii,l29d2_iii_h2,1000,3.818,10,100k,A_rel,FIXJACK1,4.034,6.500021,2.000,SOPRA,riferimento g10mai_1k_iii
mh2_1k_iii,l29d2_iii_h2,1000,3.818,10,100k,B2,FIXJACK1,1.833e-06,4.527146,,sotto,mute da t_ins+t_grad+20 ms a t_rel
mh2_1k_iii,l29d2_iii_h2,1000,3.818,10,100k,C1_ins,FIXJACK1,0.004246,1.917979,,SOPRA,"diagnostica, cond 1"
mh2_1k_iii,l29d2_iii_h2,1000,3.818,10,100k,C1_rel,FIXJACK1,0.003025,8.598448,,SOPRA,"diagnostica, cond 1"
mh2_1k_iii,l29d2_iii_h2,1000,3.818,10,100k,C2_ins,FIXJACK1,0.004246,1.917979,,SOPRA,"riferimento g10sempre_1k_iii, cond 1"
mh2_1k_iii,l29d2_iii_h2,1000,3.818,10,100k,C2_rel,FIXJACK1,0.003037,8.598958,,SOPRA,"riferimento g10mai_1k_iii, cond 1"
mh2_1k_iii,l29d2_iii_h2,1000,3.818,10,100k,S_ins,FIXJACK1,9.363,3.053000,,sotto,dB in 100 ms sopra -70 dB; pieno 3.814 V da g10mai_1k_iii
mh2_1k_iii,l29d2_iii_h2,1000,3.818,10,100k,S_rel,FIXJACK1,11.67,8.337000,,sotto,dB in 100 ms sopra -70 dB; pieno 3.814 V da g10mai_1k_iii
mh2_1k_iii,l29d2_iii_h2,1000,3.818,10,100k,A_ins,FIXJACK2,4.034,1.000021,2.000,SOPRA,riferimento g10sempre_1k_iii
mh2_1k_iii,l29d2_iii_h2,1000,3.818,10,100k,A_rel,FIXJACK2,4.034,6.500021,2.000,SOPRA,riferimento g10mai_1k_iii
mh2_1k_iii,l29d2_iii_h2,1000,3.818,10,100k,B2,FIXJACK2,1.833e-06,4.527146,,sotto,mute da t_ins+t_grad+20 ms a t_rel
mh2_1k_iii,l29d2_iii_h2,1000,3.818,10,100k,C1_ins,FIXJACK2,0.004246,1.917979,,SOPRA,"diagnostica, cond 1"
mh2_1k_iii,l29d2_iii_h2,1000,3.818,10,100k,C1_rel,FIXJACK2,0.003025,8.598448,,SOPRA,"diagnostica, cond 1"
mh2_1k_iii,l29d2_iii_h2,1000,3.818,10,100k,C2_ins,FIXJACK2,0.004246,1.917979,,SOPRA,"riferimento g10sempre_1k_iii, cond 1"
mh2_1k_iii,l29d2_iii_h2,1000,3.818,10,100k,C2_rel,FIXJACK2,0.003037,8.598958,,SOPRA,"riferimento g10mai_1k_iii, cond 1"
mh2_1k_iii,l29d2_iii_h2,1000,3.818,10,100k,S_ins,FIXJACK2,9.363,3.053000,,sotto,dB in 100 ms sopra -70 dB; pieno 3.814 V da g10mai_1k_iii
mh2_1k_iii,l29d2_iii_h2,1000,3.818,10,100k,S_rel,FIXJACK2,11.67,8.337000,,sotto,dB in 100 ms sopra -70 dB; pieno 3.814 V da g10mai_1k_iii
mh20_1k_iii,l29d2_iii_h20,1000,3.818,10,100k,A_ins,MAINJACK,12.71,1.000021,2.000,SOPRA,riferimento g10sempre_1k_iii
mh20_1k_iii,l29d2_iii_h20,1000,3.818,10,100k,A_rel,MAINJACK,12.71,24.500021,2.000,SOPRA,riferimento g10mai_1k_iii
mh20_1k_iii,l29d2_iii_h20,1000,3.818,10,100k,B2,MAINJACK,5.986e-06,4.526969,,sotto,mute da t_ins+t_grad+20 ms a t_rel
mh20_1k_iii,l29d2_iii_h20,1000,3.818,10,100k,C1_ins,MAINJACK,0.01351,1.917979,,SOPRA,"diagnostica, cond 1"
mh20_1k_iii,l29d2_iii_h20,1000,3.818,10,100k,C1_rel,MAINJACK,0.009555,26.598448,,SOPRA,"diagnostica, cond 1"
mh20_1k_iii,l29d2_iii_h20,1000,3.818,10,100k,C2_ins,MAINJACK,0.01351,1.917979,,SOPRA,"riferimento g10sempre_1k_iii, cond 1"
mh20_1k_iii,l29d2_iii_h20,1000,3.818,10,100k,C2_rel,MAINJACK,0.009702,26.598958,,SOPRA,"riferimento g10mai_1k_iii, cond 1"
mh20_1k_iii,l29d2_iii_h20,1000,3.818,10,100k,S_ins,MAINJACK,9.363,3.053000,,sotto,dB in 100 ms sopra -70 dB; pieno 12.02 V da g10mai_1k_iii
mh20_1k_iii,l29d2_iii_h20,1000,3.818,10,100k,S_rel,MAINJACK,12.61,26.252000,,sotto,dB in 100 ms sopra -70 dB; pieno 12.02 V da g10mai_1k_iii
mh20_1k_iii,l29d2_iii_h20,1000,3.818,10,100k,A_ins,FIXJACK1,4.034,1.000021,2.000,SOPRA,riferimento g10sempre_1k_iii
mh20_1k_iii,l29d2_iii_h20,1000,3.818,10,100k,A_rel,FIXJACK1,4.034,24.500021,2.000,SOPRA,riferimento g10mai_1k_iii
mh20_1k_iii,l29d2_iii_h20,1000,3.818,10,100k,B2,FIXJACK1,1.833e-06,4.527146,,sotto,mute da t_ins+t_grad+20 ms a t_rel
mh20_1k_iii,l29d2_iii_h20,1000,3.818,10,100k,C1_ins,FIXJACK1,0.004246,1.917979,,SOPRA,"diagnostica, cond 1"
mh20_1k_iii,l29d2_iii_h20,1000,3.818,10,100k,C1_rel,FIXJACK1,0.003025,26.598448,,SOPRA,"diagnostica, cond 1"
mh20_1k_iii,l29d2_iii_h20,1000,3.818,10,100k,C2_ins,FIXJACK1,0.004246,1.917979,,SOPRA,"riferimento g10sempre_1k_iii, cond 1"
mh20_1k_iii,l29d2_iii_h20,1000,3.818,10,100k,C2_rel,FIXJACK1,0.003037,26.598958,,SOPRA,"riferimento g10mai_1k_iii, cond 1"
mh20_1k_iii,l29d2_iii_h20,1000,3.818,10,100k,S_ins,FIXJACK1,9.363,3.053000,,sotto,dB in 100 ms sopra -70 dB; pieno 3.814 V da g10mai_1k_iii
mh20_1k_iii,l29d2_iii_h20,1000,3.818,10,100k,S_rel,FIXJACK1,12.61,26.252000,,sotto,dB in 100 ms sopra -70 dB; pieno 3.814 V da g10mai_1k_iii
mh20_1k_iii,l29d2_iii_h20,1000,3.818,10,100k,A_ins,FIXJACK2,4.034,1.000021,2.000,SOPRA,riferimento g10sempre_1k_iii
mh20_1k_iii,l29d2_iii_h20,1000,3.818,10,100k,A_rel,FIXJACK2,4.034,24.500021,2.000,SOPRA,riferimento g10mai_1k_iii
mh20_1k_iii,l29d2_iii_h20,1000,3.818,10,100k,B2,FIXJACK2,1.833e-06,4.527146,,sotto,mute da t_ins+t_grad+20 ms a t_rel
mh20_1k_iii,l29d2_iii_h20,1000,3.818,10,100k,C1_ins,FIXJACK2,0.004246,1.917979,,SOPRA,"diagnostica, cond 1"
mh20_1k_iii,l29d2_iii_h20,1000,3.818,10,100k,C1_rel,FIXJACK2,0.003025,26.598448,,SOPRA,"diagnostica, cond 1"
mh20_1k_iii,l29d2_iii_h20,1000,3.818,10,100k,C2_ins,FIXJACK2,0.004246,1.917979,,SOPRA,"riferimento g10sempre_1k_iii, cond 1"
mh20_1k_iii,l29d2_iii_h20,1000,3.818,10,100k,C2_rel,FIXJACK2,0.003037,26.598958,,SOPRA,"riferimento g10mai_1k_iii, cond 1"
mh20_1k_iii,l29d2_iii_h20,1000,3.818,10,100k,S_ins,FIXJACK2,9.363,3.053000,,sotto,dB in 100 ms sopra -70 dB; pieno 3.814 V da g10mai_1k_iii
mh20_1k_iii,l29d2_iii_h20,1000,3.818,10,100k,S_rel,FIXJACK2,12.61,26.252000,,sotto,dB in 100 ms sopra -70 dB; pieno 3.814 V da g10mai_1k_iii
mh01_20_iii,l29d2_iii_h01,20,3.818,10,100k,A_ins,MAINJACK,12.79,1.000031,2.000,SOPRA,riferimento g10sempre_20_iii
mh01_20_iii,l29d2_iii_h01,20,3.818,10,100k,A_rel,MAINJACK,12.79,4.600031,2.000,SOPRA,riferimento g10mai_20_iii
mh01_20_iii,l29d2_iii_h01,20,3.818,10,100k,B2,MAINJACK,0.0002029,4.526323,,SOPRA,mute da t_ins+t_grad+20 ms a t_rel
mh01_20_iii,l29d2_iii_h01,20,3.818,10,100k,C1_ins,MAINJACK,0.01946,2.699646,,SOPRA,"diagnostica, cond 7.22"
mh01_20_iii,l29d2_iii_h01,20,3.818,10,100k,C1_rel,MAINJACK,0.03547,6.698323,,SOPRA,"diagnostica, cond 7.22"
mh01_20_iii,l29d2_iii_h01,20,3.818,10,100k,C2_ins,MAINJACK,0.01946,2.699646,,SOPRA,"riferimento g10sempre_20_iii, cond 7.22"
mh01_20_iii,l29d2_iii_h01,20,3.818,10,100k,C2_rel,MAINJACK,0.03551,6.698323,,SOPRA,"riferimento g10mai_20_iii, cond 7.22"
mh01_20_iii,l29d2_iii_h01,20,3.818,10,100k,S_ins,MAINJACK,9.303,3.048000,,sotto,dB in 100 ms sopra -70 dB; pieno 12.01 V da g10mai_20_iii
mh01_20_iii,l29d2_iii_h01,20,3.818,10,100k,S_rel,MAINJACK,9.777,6.512000,,sotto,dB in 100 ms sopra -70 dB; pieno 12.01 V da g10mai_20_iii
mh01_20_iii,l29d2_iii_h01,20,3.818,10,100k,A_ins,FIXJACK1,4.063,1.000031,2.000,SOPRA,riferimento g10sempre_20_iii
mh01_20_iii,l29d2_iii_h01,20,3.818,10,100k,A_rel,FIXJACK1,4.063,4.600031,2.000,SOPRA,riferimento g10mai_20_iii
mh01_20_iii,l29d2_iii_h01,20,3.818,10,100k,B2,FIXJACK1,6.375e-05,4.526385,,sotto,mute da t_ins+t_grad+20 ms a t_rel
mh01_20_iii,l29d2_iii_h01,20,3.818,10,100k,C1_ins,FIXJACK1,0.006178,2.699708,,SOPRA,"diagnostica, cond 7.22"
mh01_20_iii,l29d2_iii_h01,20,3.818,10,100k,C1_rel,FIXJACK1,0.01126,6.698323,,SOPRA,"diagnostica, cond 7.22"
mh01_20_iii,l29d2_iii_h01,20,3.818,10,100k,C2_ins,FIXJACK1,0.006178,2.699708,,SOPRA,"riferimento g10sempre_20_iii, cond 7.22"
mh01_20_iii,l29d2_iii_h01,20,3.818,10,100k,C2_rel,FIXJACK1,0.01126,6.698323,,SOPRA,"riferimento g10mai_20_iii, cond 7.22"
mh01_20_iii,l29d2_iii_h01,20,3.818,10,100k,S_ins,FIXJACK1,9.303,3.048000,,sotto,dB in 100 ms sopra -70 dB; pieno 3.813 V da g10mai_20_iii
mh01_20_iii,l29d2_iii_h01,20,3.818,10,100k,S_rel,FIXJACK1,9.777,6.512000,,sotto,dB in 100 ms sopra -70 dB; pieno 3.813 V da g10mai_20_iii
mh01_20_iii,l29d2_iii_h01,20,3.818,10,100k,A_ins,FIXJACK2,4.063,1.000031,2.000,SOPRA,riferimento g10sempre_20_iii
mh01_20_iii,l29d2_iii_h01,20,3.818,10,100k,A_rel,FIXJACK2,4.063,4.600031,2.000,SOPRA,riferimento g10mai_20_iii
mh01_20_iii,l29d2_iii_h01,20,3.818,10,100k,B2,FIXJACK2,6.375e-05,4.526385,,sotto,mute da t_ins+t_grad+20 ms a t_rel
mh01_20_iii,l29d2_iii_h01,20,3.818,10,100k,C1_ins,FIXJACK2,0.006178,2.699708,,SOPRA,"diagnostica, cond 7.22"
mh01_20_iii,l29d2_iii_h01,20,3.818,10,100k,C1_rel,FIXJACK2,0.01126,6.698323,,SOPRA,"diagnostica, cond 7.22"
mh01_20_iii,l29d2_iii_h01,20,3.818,10,100k,C2_ins,FIXJACK2,0.006178,2.699708,,SOPRA,"riferimento g10sempre_20_iii, cond 7.22"
mh01_20_iii,l29d2_iii_h01,20,3.818,10,100k,C2_rel,FIXJACK2,0.01126,6.698323,,SOPRA,"riferimento g10mai_20_iii, cond 7.22"
mh01_20_iii,l29d2_iii_h01,20,3.818,10,100k,S_ins,FIXJACK2,9.303,3.048000,,sotto,dB in 100 ms sopra -70 dB; pieno 3.813 V da g10mai_20_iii
mh01_20_iii,l29d2_iii_h01,20,3.818,10,100k,S_rel,FIXJACK2,9.777,6.512000,,sotto,dB in 100 ms sopra -70 dB; pieno 3.813 V da g10mai_20_iii
mev_20_iii,l29d2_iii_ev,20,3.818,10,100k,A_ins,MAINJACK,12.79,1.000031,2.000,SOPRA,riferimento g10sempre_20_iii
mev_20_iii,l29d2_iii_ev,20,3.818,10,100k,A_rel,MAINJACK,12.79,5.500031,2.000,SOPRA,riferimento g10mai_20_iii
mev_20_iii,l29d2_iii_ev,20,3.818,10,100k,B2,MAINJACK,0.0002029,4.526323,,SOPRA,mute da t_ins+t_grad+20 ms a t_rel
mev_20_iii,l29d2_iii_ev,20,3.818,10,100k,C1_ins,MAINJACK,0.01946,2.699646,,SOPRA,"diagnostica, cond 7.22"
mev_20_iii,l29d2_iii_ev,20,3.818,10,100k,C1_rel,MAINJACK,0.03547,7.598323,,SOPRA,"diagnostica, cond 7.22"
mev_20_iii,l29d2_iii_ev,20,3.818,10,100k,C2_ins,MAINJACK,0.01946,2.699646,,SOPRA,"riferimento g10sempre_20_iii, cond 7.22"
mev_20_iii,l29d2_iii_ev,20,3.818,10,100k,C2_rel,MAINJACK,0.03551,7.598323,,SOPRA,"riferimento g10mai_20_iii, cond 7.22"
mev_20_iii,l29d2_iii_ev,20,3.818,10,100k,S_ins,MAINJACK,9.303,3.048000,,sotto,dB in 100 ms sopra -70 dB; pieno 12.01 V da g10mai_20_iii
mev_20_iii,l29d2_iii_ev,20,3.818,10,100k,S_rel,MAINJACK,10.61,7.383000,,sotto,dB in 100 ms sopra -70 dB; pieno 12.01 V da g10mai_20_iii
mev_20_iii,l29d2_iii_ev,20,3.818,10,100k,A_ins,FIXJACK1,4.063,1.000031,2.000,SOPRA,riferimento g10sempre_20_iii
mev_20_iii,l29d2_iii_ev,20,3.818,10,100k,A_rel,FIXJACK1,4.063,5.500031,2.000,SOPRA,riferimento g10mai_20_iii
mev_20_iii,l29d2_iii_ev,20,3.818,10,100k,B2,FIXJACK1,6.375e-05,4.526385,,sotto,mute da t_ins+t_grad+20 ms a t_rel
mev_20_iii,l29d2_iii_ev,20,3.818,10,100k,C1_ins,FIXJACK1,0.006178,2.699708,,SOPRA,"diagnostica, cond 7.22"
mev_20_iii,l29d2_iii_ev,20,3.818,10,100k,C1_rel,FIXJACK1,0.01126,7.598323,,SOPRA,"diagnostica, cond 7.22"
mev_20_iii,l29d2_iii_ev,20,3.818,10,100k,C2_ins,FIXJACK1,0.006178,2.699708,,SOPRA,"riferimento g10sempre_20_iii, cond 7.22"
mev_20_iii,l29d2_iii_ev,20,3.818,10,100k,C2_rel,FIXJACK1,0.01126,7.598323,,SOPRA,"riferimento g10mai_20_iii, cond 7.22"
mev_20_iii,l29d2_iii_ev,20,3.818,10,100k,S_ins,FIXJACK1,9.303,3.048000,,sotto,dB in 100 ms sopra -70 dB; pieno 3.813 V da g10mai_20_iii
mev_20_iii,l29d2_iii_ev,20,3.818,10,100k,S_rel,FIXJACK1,10.6,7.383000,,sotto,dB in 100 ms sopra -70 dB; pieno 3.813 V da g10mai_20_iii
mev_20_iii,l29d2_iii_ev,20,3.818,10,100k,A_ins,FIXJACK2,4.063,1.000031,2.000,SOPRA,riferimento g10sempre_20_iii
mev_20_iii,l29d2_iii_ev,20,3.818,10,100k,A_rel,FIXJACK2,4.063,5.500031,2.000,SOPRA,riferimento g10mai_20_iii
mev_20_iii,l29d2_iii_ev,20,3.818,10,100k,B2,FIXJACK2,6.375e-05,4.526385,,sotto,mute da t_ins+t_grad+20 ms a t_rel
mev_20_iii,l29d2_iii_ev,20,3.818,10,100k,C1_ins,FIXJACK2,0.006178,2.699708,,SOPRA,"diagnostica, cond 7.22"
mev_20_iii,l29d2_iii_ev,20,3.818,10,100k,C1_rel,FIXJACK2,0.01126,7.598323,,SOPRA,"diagnostica, cond 7.22"
mev_20_iii,l29d2_iii_ev,20,3.818,10,100k,C2_ins,FIXJACK2,0.006178,2.699708,,SOPRA,"riferimento g10sempre_20_iii, cond 7.22"
mev_20_iii,l29d2_iii_ev,20,3.818,10,100k,C2_rel,FIXJACK2,0.01126,7.598323,,SOPRA,"riferimento g10mai_20_iii, cond 7.22"
mev_20_iii,l29d2_iii_ev,20,3.818,10,100k,S_ins,FIXJACK2,9.303,3.048000,,sotto,dB in 100 ms sopra -70 dB; pieno 3.813 V da g10mai_20_iii
mev_20_iii,l29d2_iii_ev,20,3.818,10,100k,S_rel,FIXJACK2,10.6,7.383000,,sotto,dB in 100 ms sopra -70 dB; pieno 3.813 V da g10mai_20_iii
rele_20_iii,rele_contro_norele,20,3.818,10,100k,A_ins,MAINJACK,0.003,4.500031,1.000,SOPRA,riferimento mnorele_20_iii
rele_20_iii,rele_contro_norele,20,3.818,10,100k,A_rel,MAINJACK,0.00172,5.500031,2.000,SOPRA,riferimento mnorele_20_iii
rele_20_iii,rele_contro_norele,20,3.818,10,100k,B2,MAINJACK,0.0002029,4.526323,,SOPRA,mute da t_ins+t_grad+20 ms a t_rel
rele_20_iii,rele_contro_norele,20,3.818,10,100k,C1_ins,MAINJACK,0.00217,4.500031,,SOPRA,"diagnostica, cond 7.22"
rele_20_iii,rele_contro_norele,20,3.818,10,100k,C1_rel,MAINJACK,8.363e-05,5.501479,,sotto,"diagnostica, cond 7.22"
rele_20_iii,rele_contro_norele,20,3.818,10,100k,C2_ins,MAINJACK,0.002169,4.500031,,SOPRA,"riferimento mnorele_20_iii, cond 7.22"
rele_20_iii,rele_contro_norele,20,3.818,10,100k,C2_rel,MAINJACK,8.581e-05,5.501479,,sotto,"riferimento mnorele_20_iii, cond 7.22"
rele_20_iii,rele_contro_norele,20,3.818,10,100k,S_ins,MAINJACK,0,,,sotto,dB in 100 ms sopra -70 dB; pieno 12.01 V da mnorele_20_iii
rele_20_iii,rele_contro_norele,20,3.818,10,100k,S_rel,MAINJACK,0,,,sotto,dB in 100 ms sopra -70 dB; pieno 12.01 V da mnorele_20_iii
rele_20_iii,rele_contro_norele,20,3.818,10,100k,A_ins,FIXJACK1,0.0009528,4.500031,1.000,SOPRA,riferimento mnorele_20_iii
rele_20_iii,rele_contro_norele,20,3.818,10,100k,A_rel,FIXJACK1,0.0005463,5.500031,2.000,SOPRA,riferimento mnorele_20_iii
rele_20_iii,rele_contro_norele,20,3.818,10,100k,B2,FIXJACK1,6.375e-05,4.526385,,sotto,mute da t_ins+t_grad+20 ms a t_rel
rele_20_iii,rele_contro_norele,20,3.818,10,100k,C1_ins,FIXJACK1,0.0006883,4.500031,,sotto,"diagnostica, cond 7.22"
rele_20_iii,rele_contro_norele,20,3.818,10,100k,C1_rel,FIXJACK1,2.66e-05,5.501479,,sotto,"diagnostica, cond 7.22"
rele_20_iii,rele_contro_norele,20,3.818,10,100k,C2_ins,FIXJACK1,0.0006879,4.500031,,sotto,"riferimento mnorele_20_iii, cond 7.22"
rele_20_iii,rele_contro_norele,20,3.818,10,100k,C2_rel,FIXJACK1,2.729e-05,5.501479,,sotto,"riferimento mnorele_20_iii, cond 7.22"
rele_20_iii,rele_contro_norele,20,3.818,10,100k,S_ins,FIXJACK1,0,,,sotto,dB in 100 ms sopra -70 dB; pieno 3.813 V da mnorele_20_iii
rele_20_iii,rele_contro_norele,20,3.818,10,100k,S_rel,FIXJACK1,0,,,sotto,dB in 100 ms sopra -70 dB; pieno 3.813 V da mnorele_20_iii
rele_20_iii,rele_contro_norele,20,3.818,10,100k,A_ins,FIXJACK2,0.0009528,4.500031,1.000,SOPRA,riferimento mnorele_20_iii
rele_20_iii,rele_contro_norele,20,3.818,10,100k,A_rel,FIXJACK2,0.0005463,5.500031,2.000,SOPRA,riferimento mnorele_20_iii
rele_20_iii,rele_contro_norele,20,3.818,10,100k,B2,FIXJACK2,6.375e-05,4.526385,,sotto,mute da t_ins+t_grad+20 ms a t_rel
rele_20_iii,rele_contro_norele,20,3.818,10,100k,C1_ins,FIXJACK2,0.0006883,4.500031,,sotto,"diagnostica, cond 7.22"
rele_20_iii,rele_contro_norele,20,3.818,10,100k,C1_rel,FIXJACK2,2.66e-05,5.501479,,sotto,"diagnostica, cond 7.22"
rele_20_iii,rele_contro_norele,20,3.818,10,100k,C2_ins,FIXJACK2,0.0006879,4.500031,,sotto,"riferimento mnorele_20_iii, cond 7.22"
rele_20_iii,rele_contro_norele,20,3.818,10,100k,C2_rel,FIXJACK2,2.729e-05,5.501479,,sotto,"riferimento mnorele_20_iii, cond 7.22"
rele_20_iii,rele_contro_norele,20,3.818,10,100k,S_ins,FIXJACK2,0,,,sotto,dB in 100 ms sopra -70 dB; pieno 3.813 V da mnorele_20_iii
rele_20_iii,rele_contro_norele,20,3.818,10,100k,S_rel,FIXJACK2,0,,,sotto,dB in 100 ms sopra -70 dB; pieno 3.813 V da mnorele_20_iii
mh2_20_iii,l29d2_iii_h2,20,3.818,10,100k,A_ins,MAINJACK,12.79,1.000031,2.000,SOPRA,riferimento g10sempre_20_iii
mh2_20_iii,l29d2_iii_h2,20,3.818,10,100k,A_rel,MAINJACK,12.79,6.500031,2.000,SOPRA,riferimento g10mai_20_iii
mh2_20_iii,l29d2_iii_h2,20,3.818,10,100k,B2,MAINJACK,0.0002029,4.526323,,SOPRA,mute da t_ins+t_grad+20 ms a t_rel
mh2_20_iii,l29d2_iii_h2,20,3.818,10,100k,C1_ins,MAINJACK,0.01946,2.699646,,SOPRA,"diagnostica, cond 7.22"
mh2_20_iii,l29d2_iii_h2,20,3.818,10,100k,C1_rel,MAINJACK,0.03547,8.598323,,SOPRA,"diagnostica, cond 7.22"
mh2_20_iii,l29d2_iii_h2,20,3.818,10,100k,C2_ins,MAINJACK,0.01946,2.699646,,SOPRA,"riferimento g10sempre_20_iii, cond 7.22"
mh2_20_iii,l29d2_iii_h2,20,3.818,10,100k,C2_rel,MAINJACK,0.03551,8.598323,,SOPRA,"riferimento g10mai_20_iii, cond 7.22"
mh2_20_iii,l29d2_iii_h2,20,3.818,10,100k,S_ins,MAINJACK,9.303,3.048000,,sotto,dB in 100 ms sopra -70 dB; pieno 12.01 V da g10mai_20_iii
mh2_20_iii,l29d2_iii_h2,20,3.818,10,100k,S_rel,MAINJACK,11.31,8.349000,,sotto,dB in 100 ms sopra -70 dB; pieno 12.01 V da g10mai_20_iii
mh2_20_iii,l29d2_iii_h2,20,3.818,10,100k,A_ins,FIXJACK1,4.063,1.000031,2.000,SOPRA,riferimento g10sempre_20_iii
mh2_20_iii,l29d2_iii_h2,20,3.818,10,100k,A_rel,FIXJACK1,4.063,6.500031,2.000,SOPRA,riferimento g10mai_20_iii
mh2_20_iii,l29d2_iii_h2,20,3.818,10,100k,B2,FIXJACK1,6.375e-05,4.526385,,sotto,mute da t_ins+t_grad+20 ms a t_rel
mh2_20_iii,l29d2_iii_h2,20,3.818,10,100k,C1_ins,FIXJACK1,0.006178,2.699708,,SOPRA,"diagnostica, cond 7.22"
mh2_20_iii,l29d2_iii_h2,20,3.818,10,100k,C1_rel,FIXJACK1,0.01126,8.598323,,SOPRA,"diagnostica, cond 7.22"
mh2_20_iii,l29d2_iii_h2,20,3.818,10,100k,C2_ins,FIXJACK1,0.006178,2.699708,,SOPRA,"riferimento g10sempre_20_iii, cond 7.22"
mh2_20_iii,l29d2_iii_h2,20,3.818,10,100k,C2_rel,FIXJACK1,0.01126,8.598323,,SOPRA,"riferimento g10mai_20_iii, cond 7.22"
mh2_20_iii,l29d2_iii_h2,20,3.818,10,100k,S_ins,FIXJACK1,9.303,3.048000,,sotto,dB in 100 ms sopra -70 dB; pieno 3.813 V da g10mai_20_iii
mh2_20_iii,l29d2_iii_h2,20,3.818,10,100k,S_rel,FIXJACK1,11.31,8.349000,,sotto,dB in 100 ms sopra -70 dB; pieno 3.813 V da g10mai_20_iii
mh2_20_iii,l29d2_iii_h2,20,3.818,10,100k,A_ins,FIXJACK2,4.063,1.000031,2.000,SOPRA,riferimento g10sempre_20_iii
mh2_20_iii,l29d2_iii_h2,20,3.818,10,100k,A_rel,FIXJACK2,4.063,6.500031,2.000,SOPRA,riferimento g10mai_20_iii
mh2_20_iii,l29d2_iii_h2,20,3.818,10,100k,B2,FIXJACK2,6.375e-05,4.526385,,sotto,mute da t_ins+t_grad+20 ms a t_rel
mh2_20_iii,l29d2_iii_h2,20,3.818,10,100k,C1_ins,FIXJACK2,0.006178,2.699708,,SOPRA,"diagnostica, cond 7.22"
mh2_20_iii,l29d2_iii_h2,20,3.818,10,100k,C1_rel,FIXJACK2,0.01126,8.598323,,SOPRA,"diagnostica, cond 7.22"
mh2_20_iii,l29d2_iii_h2,20,3.818,10,100k,C2_ins,FIXJACK2,0.006178,2.699708,,SOPRA,"riferimento g10sempre_20_iii, cond 7.22"
mh2_20_iii,l29d2_iii_h2,20,3.818,10,100k,C2_rel,FIXJACK2,0.01126,8.598323,,SOPRA,"riferimento g10mai_20_iii, cond 7.22"
mh2_20_iii,l29d2_iii_h2,20,3.818,10,100k,S_ins,FIXJACK2,9.303,3.048000,,sotto,dB in 100 ms sopra -70 dB; pieno 3.813 V da g10mai_20_iii
mh2_20_iii,l29d2_iii_h2,20,3.818,10,100k,S_rel,FIXJACK2,11.31,8.349000,,sotto,dB in 100 ms sopra -70 dB; pieno 3.813 V da g10mai_20_iii
mh20_20_iii,l29d2_iii_h20,20,3.818,10,100k,A_ins,MAINJACK,12.79,1.000031,2.000,SOPRA,riferimento g10sempre_20_iii
mh20_20_iii,l29d2_iii_h20,20,3.818,10,100k,A_rel,MAINJACK,12.79,24.500031,2.000,SOPRA,riferimento g10mai_20_iii
mh20_20_iii,l29d2_iii_h20,20,3.818,10,100k,B2,MAINJACK,0.0002029,4.526323,,SOPRA,mute da t_ins+t_grad+20 ms a t_rel
mh20_20_iii,l29d2_iii_h20,20,3.818,10,100k,C1_ins,MAINJACK,0.01946,2.699646,,SOPRA,"diagnostica, cond 7.22"
mh20_20_iii,l29d2_iii_h20,20,3.818,10,100k,C1_rel,MAINJACK,0.03547,26.598323,,SOPRA,"diagnostica, cond 7.22"
mh20_20_iii,l29d2_iii_h20,20,3.818,10,100k,C2_ins,MAINJACK,0.01946,2.699646,,SOPRA,"riferimento g10sempre_20_iii, cond 7.22"
mh20_20_iii,l29d2_iii_h20,20,3.818,10,100k,C2_rel,MAINJACK,0.03551,26.598323,,SOPRA,"riferimento g10mai_20_iii, cond 7.22"
mh20_20_iii,l29d2_iii_h20,20,3.818,10,100k,S_ins,MAINJACK,9.303,3.048000,,sotto,dB in 100 ms sopra -70 dB; pieno 12.01 V da g10mai_20_iii
mh20_20_iii,l29d2_iii_h20,20,3.818,10,100k,S_rel,MAINJACK,13.52,26.225000,,sotto,dB in 100 ms sopra -70 dB; pieno 12.01 V da g10mai_20_iii
mh20_20_iii,l29d2_iii_h20,20,3.818,10,100k,A_ins,FIXJACK1,4.063,1.000031,2.000,SOPRA,riferimento g10sempre_20_iii
mh20_20_iii,l29d2_iii_h20,20,3.818,10,100k,A_rel,FIXJACK1,4.063,24.500031,2.000,SOPRA,riferimento g10mai_20_iii
mh20_20_iii,l29d2_iii_h20,20,3.818,10,100k,B2,FIXJACK1,6.375e-05,4.526385,,sotto,mute da t_ins+t_grad+20 ms a t_rel
mh20_20_iii,l29d2_iii_h20,20,3.818,10,100k,C1_ins,FIXJACK1,0.006178,2.699708,,SOPRA,"diagnostica, cond 7.22"
mh20_20_iii,l29d2_iii_h20,20,3.818,10,100k,C1_rel,FIXJACK1,0.01126,26.598323,,SOPRA,"diagnostica, cond 7.22"
mh20_20_iii,l29d2_iii_h20,20,3.818,10,100k,C2_ins,FIXJACK1,0.006178,2.699708,,SOPRA,"riferimento g10sempre_20_iii, cond 7.22"
mh20_20_iii,l29d2_iii_h20,20,3.818,10,100k,C2_rel,FIXJACK1,0.01126,26.598323,,SOPRA,"riferimento g10mai_20_iii, cond 7.22"
mh20_20_iii,l29d2_iii_h20,20,3.818,10,100k,S_ins,FIXJACK1,9.303,3.048000,,sotto,dB in 100 ms sopra -70 dB; pieno 3.813 V da g10mai_20_iii
mh20_20_iii,l29d2_iii_h20,20,3.818,10,100k,S_rel,FIXJACK1,13.52,26.225000,,sotto,dB in 100 ms sopra -70 dB; pieno 3.813 V da g10mai_20_iii
mh20_20_iii,l29d2_iii_h20,20,3.818,10,100k,A_ins,FIXJACK2,4.063,1.000031,2.000,SOPRA,riferimento g10sempre_20_iii
mh20_20_iii,l29d2_iii_h20,20,3.818,10,100k,A_rel,FIXJACK2,4.063,24.500031,2.000,SOPRA,riferimento g10mai_20_iii
mh20_20_iii,l29d2_iii_h20,20,3.818,10,100k,B2,FIXJACK2,6.375e-05,4.526385,,sotto,mute da t_ins+t_grad+20 ms a t_rel
mh20_20_iii,l29d2_iii_h20,20,3.818,10,100k,C1_ins,FIXJACK2,0.006178,2.699708,,SOPRA,"diagnostica, cond 7.22"
mh20_20_iii,l29d2_iii_h20,20,3.818,10,100k,C1_rel,FIXJACK2,0.01126,26.598323,,SOPRA,"diagnostica, cond 7.22"
mh20_20_iii,l29d2_iii_h20,20,3.818,10,100k,C2_ins,FIXJACK2,0.006178,2.699708,,SOPRA,"riferimento g10sempre_20_iii, cond 7.22"
mh20_20_iii,l29d2_iii_h20,20,3.818,10,100k,C2_rel,FIXJACK2,0.01126,26.598323,,SOPRA,"riferimento g10mai_20_iii, cond 7.22"
mh20_20_iii,l29d2_iii_h20,20,3.818,10,100k,S_ins,FIXJACK2,9.303,3.048000,,sotto,dB in 100 ms sopra -70 dB; pieno 3.813 V da g10mai_20_iii
mh20_20_iii,l29d2_iii_h20,20,3.818,10,100k,S_rel,FIXJACK2,13.52,26.225000,,sotto,dB in 100 ms sopra -70 dB; pieno 3.813 V da g10mai_20_iii
mh01_lz_iii,l29d2_iii_h01,1000,0,10,100k,A_ins,MAINJACK,1.021e-07,1.928958,2.000,sotto,riferimento g10sempre_lz_iii
mh01_lz_iii,l29d2_iii_h01,1000,0,10,100k,A_rel,MAINJACK,6.103e-08,5.903104,2.000,sotto,riferimento g10mai_lz_iii
mh01_lz_iii,l29d2_iii_h01,1000,0,10,100k,B2,MAINJACK,8.925e-10,4.520000,,sotto,mute da t_ins+t_grad+20 ms a t_rel
mh01_lz_iii,l29d2_iii_h01,1000,0,10,100k,A_ins,FIXJACK1,3.23e-08,1.929083,2.000,sotto,riferimento g10sempre_lz_iii
mh01_lz_iii,l29d2_iii_h01,1000,0,10,100k,A_rel,FIXJACK1,1.931e-08,5.903260,2.000,sotto,riferimento g10mai_lz_iii
mh01_lz_iii,l29d2_iii_h01,1000,0,10,100k,B2,FIXJACK1,1.298e-09,4.520000,,sotto,mute da t_ins+t_grad+20 ms a t_rel
mh01_lz_iii,l29d2_iii_h01,1000,0,10,100k,A_ins,FIXJACK2,3.23e-08,1.928990,2.000,sotto,riferimento g10sempre_lz_iii
mh01_lz_iii,l29d2_iii_h01,1000,0,10,100k,A_rel,FIXJACK2,1.932e-08,5.903177,2.000,sotto,riferimento g10mai_lz_iii
mh01_lz_iii,l29d2_iii_h01,1000,0,10,100k,B2,FIXJACK2,1.298e-09,4.520000,,sotto,mute da t_ins+t_grad+20 ms a t_rel
mev_lz_iii,l29d2_iii_ev,1000,0,10,100k,A_ins,MAINJACK,1.021e-07,1.928958,2.000,sotto,riferimento g10sempre_lz_iii
mev_lz_iii,l29d2_iii_ev,1000,0,10,100k,A_rel,MAINJACK,6.535e-08,6.803177,2.000,sotto,riferimento g10mai_lz_iii
mev_lz_iii,l29d2_iii_ev,1000,0,10,100k,B2,MAINJACK,8.925e-10,4.520000,,sotto,mute da t_ins+t_grad+20 ms a t_rel
mev_lz_iii,l29d2_iii_ev,1000,0,10,100k,A_ins,FIXJACK1,3.23e-08,1.929083,2.000,sotto,riferimento g10sempre_lz_iii
mev_lz_iii,l29d2_iii_ev,1000,0,10,100k,A_rel,FIXJACK1,2.068e-08,6.803271,2.000,sotto,riferimento g10mai_lz_iii
mev_lz_iii,l29d2_iii_ev,1000,0,10,100k,B2,FIXJACK1,1.298e-09,4.520000,,sotto,mute da t_ins+t_grad+20 ms a t_rel
mev_lz_iii,l29d2_iii_ev,1000,0,10,100k,A_ins,FIXJACK2,3.23e-08,1.928990,2.000,sotto,riferimento g10sempre_lz_iii
mev_lz_iii,l29d2_iii_ev,1000,0,10,100k,A_rel,FIXJACK2,2.069e-08,6.803365,2.000,sotto,riferimento g10mai_lz_iii
mev_lz_iii,l29d2_iii_ev,1000,0,10,100k,B2,FIXJACK2,1.298e-09,4.520000,,sotto,mute da t_ins+t_grad+20 ms a t_rel
mh2_lz_iii,l29d2_iii_h2,1000,0,10,100k,A_ins,MAINJACK,1.021e-07,1.928958,2.000,sotto,riferimento g10sempre_lz_iii
mh2_lz_iii,l29d2_iii_h2,1000,0,10,100k,A_rel,MAINJACK,6.846e-08,7.803250,2.000,sotto,riferimento g10mai_lz_iii
mh2_lz_iii,l29d2_iii_h2,1000,0,10,100k,B2,MAINJACK,8.925e-10,4.520000,,sotto,mute da t_ins+t_grad+20 ms a t_rel
mh2_lz_iii,l29d2_iii_h2,1000,0,10,100k,A_ins,FIXJACK1,3.23e-08,1.929083,2.000,sotto,riferimento g10sempre_lz_iii
mh2_lz_iii,l29d2_iii_h2,1000,0,10,100k,A_rel,FIXJACK1,2.166e-08,7.803260,2.000,sotto,riferimento g10mai_lz_iii
mh2_lz_iii,l29d2_iii_h2,1000,0,10,100k,B2,FIXJACK1,1.298e-09,4.520000,,sotto,mute da t_ins+t_grad+20 ms a t_rel
mh2_lz_iii,l29d2_iii_h2,1000,0,10,100k,A_ins,FIXJACK2,3.23e-08,1.928990,2.000,sotto,riferimento g10sempre_lz_iii
mh2_lz_iii,l29d2_iii_h2,1000,0,10,100k,A_rel,FIXJACK2,2.166e-08,7.803240,2.000,sotto,riferimento g10mai_lz_iii
mh2_lz_iii,l29d2_iii_h2,1000,0,10,100k,B2,FIXJACK2,1.298e-09,4.520000,,sotto,mute da t_ins+t_grad+20 ms a t_rel
mh20_lz_iii,l29d2_iii_h20,1000,0,10,100k,A_ins,MAINJACK,1.021e-07,1.928958,2.000,sotto,riferimento g10sempre_lz_iii
mh20_lz_iii,l29d2_iii_h20,1000,0,10,100k,A_rel,MAINJACK,7.259e-08,25.803167,2.000,sotto,riferimento g10mai_lz_iii
mh20_lz_iii,l29d2_iii_h20,1000,0,10,100k,B2,MAINJACK,8.925e-10,4.520000,,sotto,mute da t_ins+t_grad+20 ms a t_rel
mh20_lz_iii,l29d2_iii_h20,1000,0,10,100k,A_ins,FIXJACK1,3.23e-08,1.929083,2.000,sotto,riferimento g10sempre_lz_iii
mh20_lz_iii,l29d2_iii_h20,1000,0,10,100k,A_rel,FIXJACK1,2.297e-08,25.803281,2.000,sotto,riferimento g10mai_lz_iii
mh20_lz_iii,l29d2_iii_h20,1000,0,10,100k,B2,FIXJACK1,1.298e-09,4.520000,,sotto,mute da t_ins+t_grad+20 ms a t_rel
mh20_lz_iii,l29d2_iii_h20,1000,0,10,100k,A_ins,FIXJACK2,3.23e-08,1.928990,2.000,sotto,riferimento g10sempre_lz_iii
mh20_lz_iii,l29d2_iii_h20,1000,0,10,100k,A_rel,FIXJACK2,2.297e-08,25.803427,2.000,sotto,riferimento g10mai_lz_iii
mh20_lz_iii,l29d2_iii_h20,1000,0,10,100k,B2,FIXJACK2,1.298e-09,4.520000,,sotto,mute da t_ins+t_grad+20 ms a t_rel
pav_mev_0_iii,pavimento,1000,0,10,100k,A_pav,MAINJACK,4.346e-11,1.918156,2.000,sotto,contro mev_lz_iii
pav_mev_0_iii,pavimento,1000,0,10,100k,A_pav,FIXJACK1,1.435e-11,1.690625,2.000,sotto,contro mev_lz_iii
pav_mev_0_iii,pavimento,1000,0,10,100k,A_pav,FIXJACK2,2.833e-11,1.460458,2.000,sotto,contro mev_lz_iii
pav_mev_1_iii,pavimento,1000,0,10,100k,A_pav,MAINJACK,1.831e-09,4.500010,2.000,sotto,contro mev_lz_iii
pav_mev_1_iii,pavimento,1000,0,10,100k,A_pav,FIXJACK1,2.685e-09,4.500010,2.000,sotto,contro mev_lz_iii
pav_mev_1_iii,pavimento,1000,0,10,100k,A_pav,FIXJACK2,2.687e-09,4.500010,2.000,sotto,contro mev_lz_iii
pav_mev_2_iii,pavimento,1000,0,10,100k,A_pav,MAINJACK,4.932e-11,5.501010,2.000,sotto,contro mev_lz_iii
pav_mev_2_iii,pavimento,1000,0,10,100k,A_pav,FIXJACK1,1.493e-11,5.501010,2.000,sotto,contro mev_lz_iii
pav_mev_2_iii,pavimento,1000,0,10,100k,A_pav,FIXJACK2,2.971e-11,6.953250,2.000,sotto,contro mev_lz_iii
on_r10s_iii,accensione_iii,1000,0,10,100k,A_ins,MAINJACK,8.251e-08,0.132708,2.000,sotto,riferimento g10sempre_lz_iii
on_r10s_iii,accensione_iii,1000,0,10,100k,A_rel,MAINJACK,7.259e-08,3.903156,2.000,sotto,riferimento g10mai_lz_iii
on_r10s_iii,accensione_iii,1000,0,10,100k,B2,MAINJACK,8.251e-08,0.132708,,sotto,mute da t_ins+t_grad+20 ms a t_rel
on_r10s_iii,accensione_iii,1000,0,10,100k,A_ins,FIXJACK1,7.29e-07,0.134865,2.000,sotto,riferimento g10sempre_lz_iii
on_r10s_iii,accensione_iii,1000,0,10,100k,A_rel,FIXJACK1,2.296e-08,3.903260,2.000,sotto,riferimento g10mai_lz_iii
on_r10s_iii,accensione_iii,1000,0,10,100k,B2,FIXJACK1,7.29e-07,0.134865,,sotto,mute da t_ins+t_grad+20 ms a t_rel
on_r10s_iii,accensione_iii,1000,0,10,100k,A_ins,FIXJACK2,7.29e-07,0.134865,2.000,sotto,riferimento g10sempre_lz_iii
on_r10s_iii,accensione_iii,1000,0,10,100k,A_rel,FIXJACK2,2.297e-08,3.903188,2.000,sotto,riferimento g10mai_lz_iii
on_r10s_iii,accensione_iii,1000,0,10,100k,B2,FIXJACK2,7.29e-07,0.134865,,sotto,mute da t_ins+t_grad+20 ms a t_rel
on_r10p_iii,accensione_iii,1000,0,10,100k,A_ins,MAINJACK,3.74e-08,0.140427,2.000,sotto,riferimento g10sempre_lz_iii
on_r10p_iii,accensione_iii,1000,0,10,100k,A_rel,MAINJACK,7.259e-08,3.903208,2.000,sotto,riferimento g10mai_lz_iii
on_r10p_iii,accensione_iii,1000,0,10,100k,B2,MAINJACK,3.74e-08,0.140427,,sotto,mute da t_ins+t_grad+20 ms a t_rel
on_r10p_iii,accensione_iii,1000,0,10,100k,A_ins,FIXJACK1,2.382e-08,0.145323,2.000,sotto,riferimento g10sempre_lz_iii
on_r10p_iii,accensione_iii,1000,0,10,100k,A_rel,FIXJACK1,2.297e-08,3.903365,2.000,sotto,riferimento g10mai_lz_iii
on_r10p_iii,accensione_iii,1000,0,10,100k,B2,FIXJACK1,2.382e-08,0.145323,,sotto,mute da t_ins+t_grad+20 ms a t_rel
on_r10p_iii,accensione_iii,1000,0,10,100k,A_ins,FIXJACK2,2.382e-08,0.145323,2.000,sotto,riferimento g10sempre_lz_iii
on_r10p_iii,accensione_iii,1000,0,10,100k,A_rel,FIXJACK2,2.297e-08,3.903188,2.000,sotto,riferimento g10mai_lz_iii
on_r10p_iii,accensione_iii,1000,0,10,100k,B2,FIXJACK2,2.382e-08,0.145323,,sotto,mute da t_ins+t_grad+20 ms a t_rel
on_r10m_iii,accensione_iii,1000,0,10,100k,A_ins,MAINJACK,3.582e-08,0.180302,2.000,sotto,riferimento g10sempre_lz_iii
on_r10m_iii,accensione_iii,1000,0,10,100k,A_rel,MAINJACK,7.259e-08,3.903208,2.000,sotto,riferimento g10mai_lz_iii
on_r10m_iii,accensione_iii,1000,0,10,100k,B2,MAINJACK,3.582e-08,0.180302,,sotto,mute da t_ins+t_grad+20 ms a t_rel
on_r10m_iii,accensione_iii,1000,0,10,100k,A_ins,FIXJACK1,4.832e-07,0.184104,2.000,sotto,riferimento g10sempre_lz_iii
on_r10m_iii,accensione_iii,1000,0,10,100k,A_rel,FIXJACK1,2.297e-08,3.903365,2.000,sotto,riferimento g10mai_lz_iii
on_r10m_iii,accensione_iii,1000,0,10,100k,B2,FIXJACK1,4.832e-07,0.184104,,sotto,mute da t_ins+t_grad+20 ms a t_rel
on_r10m_iii,accensione_iii,1000,0,10,100k,A_ins,FIXJACK2,4.832e-07,0.184104,2.000,sotto,riferimento g10sempre_lz_iii
on_r10m_iii,accensione_iii,1000,0,10,100k,A_rel,FIXJACK2,2.297e-08,3.903073,2.000,sotto,riferimento g10mai_lz_iii
on_r10m_iii,accensione_iii,1000,0,10,100k,B2,FIXJACK2,4.832e-07,0.184104,,sotto,mute da t_ins+t_grad+20 ms a t_rel
on_r300s_iii,accensione_iii,1000,0,10,100k,A_ins,MAINJACK,1.711e-09,0.227531,2.000,sotto,riferimento g10sempre_lz_iii
on_r300s_iii,accensione_iii,1000,0,10,100k,A_rel,MAINJACK,7.26e-08,3.903260,2.000,sotto,riferimento g10mai_lz_iii
on_r300s_iii,accensione_iii,1000,0,10,100k,B2,MAINJACK,1.711e-09,0.227531,,sotto,mute da t_ins+t_grad+20 ms a t_rel
on_r300s_iii,accensione_iii,1000,0,10,100k,A_ins,FIXJACK1,5.309e-08,0.230896,2.000,sotto,riferimento g10sempre_lz_iii
on_r300s_iii,accensione_iii,1000,0,10,100k,A_rel,FIXJACK1,2.296e-08,3.903260,2.000,sotto,riferimento g10mai_lz_iii
on_r300s_iii,accensione_iii,1000,0,10,100k,B2,FIXJACK1,5.309e-08,0.230896,,sotto,mute da t_ins+t_grad+20 ms a t_rel
on_r300s_iii,accensione_iii,1000,0,10,100k,A_ins,FIXJACK2,5.309e-08,0.230896,2.000,sotto,riferimento g10sempre_lz_iii
on_r300s_iii,accensione_iii,1000,0,10,100k,A_rel,FIXJACK2,2.297e-08,3.903177,2.000,sotto,riferimento g10mai_lz_iii
on_r300s_iii,accensione_iii,1000,0,10,100k,B2,FIXJACK2,5.309e-08,0.230896,,sotto,mute da t_ins+t_grad+20 ms a t_rel
on_r300p_iii,accensione_iii,1000,0,10,100k,A_ins,MAINJACK,1.25e-09,0.234240,2.000,sotto,riferimento g10sempre_lz_iii
on_r300p_iii,accensione_iii,1000,0,10,100k,A_rel,MAINJACK,7.259e-08,3.903219,2.000,sotto,riferimento g10mai_lz_iii
on_r300p_iii,accensione_iii,1000,0,10,100k,B2,MAINJACK,1.25e-09,0.234240,,sotto,mute da t_ins+t_grad+20 ms a t_rel
on_r300p_iii,accensione_iii,1000,0,10,100k,A_ins,FIXJACK1,5.414e-06,0.286990,2.000,sotto,riferimento g10sempre_lz_iii
on_r300p_iii,accensione_iii,1000,0,10,100k,A_rel,FIXJACK1,2.297e-08,3.903354,2.000,sotto,riferimento g10mai_lz_iii
on_r300p_iii,accensione_iii,1000,0,10,100k,B2,FIXJACK1,5.414e-06,0.286990,,sotto,mute da t_ins+t_grad+20 ms a t_rel
on_r300p_iii,accensione_iii,1000,0,10,100k,A_ins,FIXJACK2,5.414e-06,0.286990,2.000,sotto,riferimento g10sempre_lz_iii
on_r300p_iii,accensione_iii,1000,0,10,100k,A_rel,FIXJACK2,2.297e-08,3.903479,2.000,sotto,riferimento g10mai_lz_iii
on_r300p_iii,accensione_iii,1000,0,10,100k,B2,FIXJACK2,5.414e-06,0.286990,,sotto,mute da t_ins+t_grad+20 ms a t_rel
on_r300m_iii,accensione_iii,1000,0,10,100k,A_ins,MAINJACK,6.218e-09,0.272688,2.000,sotto,riferimento g10sempre_lz_iii
on_r300m_iii,accensione_iii,1000,0,10,100k,A_rel,MAINJACK,7.259e-08,3.903323,2.000,sotto,riferimento g10mai_lz_iii
on_r300m_iii,accensione_iii,1000,0,10,100k,B2,MAINJACK,6.218e-09,0.272688,,sotto,mute da t_ins+t_grad+20 ms a t_rel
on_r300m_iii,accensione_iii,1000,0,10,100k,A_ins,FIXJACK1,2.722e-08,0.279406,2.000,sotto,riferimento g10sempre_lz_iii
on_r300m_iii,accensione_iii,1000,0,10,100k,A_rel,FIXJACK1,2.296e-08,3.903365,2.000,sotto,riferimento g10mai_lz_iii
on_r300m_iii,accensione_iii,1000,0,10,100k,B2,FIXJACK1,2.722e-08,0.279406,,sotto,mute da t_ins+t_grad+20 ms a t_rel
on_r300m_iii,accensione_iii,1000,0,10,100k,A_ins,FIXJACK2,2.722e-08,0.279406,2.000,sotto,riferimento g10sempre_lz_iii
on_r300m_iii,accensione_iii,1000,0,10,100k,A_rel,FIXJACK2,2.297e-08,3.903250,2.000,sotto,riferimento g10mai_lz_iii
on_r300m_iii,accensione_iii,1000,0,10,100k,B2,FIXJACK2,2.722e-08,0.279406,,sotto,mute da t_ins+t_grad+20 ms a t_rel
g10mai_1k_iii,rif,1000,3.818,10,100k,C_pav,MAINJACK,0.0005052,1.050510,,sotto,"pavimento di C a 1.000 s, cond 1"
g10mai_1k_iii,rif,1000,3.818,10,100k,C_pav,MAINJACK,0.0005052,5.550510,,sotto,"pavimento di C a 5.500 s, cond 1"
g10mai_1k_iii,rif,1000,3.818,10,100k,C_pav,FIXJACK1,1.916e-05,1.170167,,sotto,"pavimento di C a 1.000 s, cond 1"
g10mai_1k_iii,rif,1000,3.818,10,100k,C_pav,FIXJACK1,1.916e-05,5.521156,,sotto,"pavimento di C a 5.500 s, cond 1"
g10mai_1k_iii,rif,1000,3.818,10,100k,C_pav,FIXJACK2,1.916e-05,1.170167,,sotto,"pavimento di C a 1.000 s, cond 1"
g10mai_1k_iii,rif,1000,3.818,10,100k,C_pav,FIXJACK2,1.916e-05,5.521156,,sotto,"pavimento di C a 5.500 s, cond 1"
g10sempre_1k_iii,rif,1000,3.818,10,100k,B1,MAINJACK,4.733e-12,13.618063,,sotto,"riferimento sempre in mute, da 0,5 s"
g10sempre_1k_iii,rif,1000,3.818,10,100k,B1,FIXJACK1,2.097e-12,13.618063,,sotto,"riferimento sempre in mute, da 0,5 s"
g10sempre_1k_iii,rif,1000,3.818,10,100k,B1,FIXJACK2,2.096e-12,13.618063,,sotto,"riferimento sempre in mute, da 0,5 s"
g0mai_1k_iii,rif,1000,3.818,0,100k,C_pav,MAINJACK,1.931e-05,0.998156,,sotto,"pavimento di C a 1.000 s, cond 1"
g0mai_1k_iii,rif,1000,3.818,0,100k,C_pav,MAINJACK,1.931e-05,5.642156,,sotto,"pavimento di C a 5.500 s, cond 1"
g0mai_1k_iii,rif,1000,3.818,0,100k,C_pav,FIXJACK1,1.931e-05,1.047156,,sotto,"pavimento di C a 1.000 s, cond 1"
g0mai_1k_iii,rif,1000,3.818,0,100k,C_pav,FIXJACK1,1.931e-05,5.642156,,sotto,"pavimento di C a 5.500 s, cond 1"
g0mai_1k_iii,rif,1000,3.818,0,100k,C_pav,FIXJACK2,1.931e-05,1.047156,,sotto,"pavimento di C a 1.000 s, cond 1"
g0mai_1k_iii,rif,1000,3.818,0,100k,C_pav,FIXJACK2,1.931e-05,5.642156,,sotto,"pavimento di C a 5.500 s, cond 1"
g0sempre_1k_iii,rif,1000,3.818,0,100k,B1,MAINJACK,1.697e-12,11.676083,,sotto,"riferimento sempre in mute, da 0,5 s"
g0sempre_1k_iii,rif,1000,3.818,0,100k,B1,FIXJACK1,2.034e-12,11.676083,,sotto,"riferimento sempre in mute, da 0,5 s"
g0sempre_1k_iii,rif,1000,3.818,0,100k,B1,FIXJACK2,2.035e-12,11.676083,,sotto,"riferimento sempre in mute, da 0,5 s"
g3mai_1k_iii,rif,1000,3.818,3,100k,C_pav,MAINJACK,3.953e-05,1.195156,,sotto,"pavimento di C a 1.000 s, cond 1"
g3mai_1k_iii,rif,1000,3.818,3,100k,C_pav,MAINJACK,3.953e-05,5.525156,,sotto,"pavimento di C a 5.500 s, cond 1"
g3mai_1k_iii,rif,1000,3.818,3,100k,C_pav,FIXJACK1,1.926e-05,1.195156,,sotto,"pavimento di C a 1.000 s, cond 1"
g3mai_1k_iii,rif,1000,3.818,3,100k,C_pav,FIXJACK1,1.926e-05,5.525156,,sotto,"pavimento di C a 5.500 s, cond 1"
g3mai_1k_iii,rif,1000,3.818,3,100k,C_pav,FIXJACK2,1.926e-05,1.165156,,sotto,"pavimento di C a 1.000 s, cond 1"
g3mai_1k_iii,rif,1000,3.818,3,100k,C_pav,FIXJACK2,1.926e-05,5.525156,,sotto,"pavimento di C a 5.500 s, cond 1"
g3sempre_1k_iii,rif,1000,3.818,3,100k,B1,MAINJACK,2.29e-12,4.297052,,sotto,"riferimento sempre in mute, da 0,5 s"
g3sempre_1k_iii,rif,1000,3.818,3,100k,B1,FIXJACK1,2.073e-12,8.760510,,sotto,"riferimento sempre in mute, da 0,5 s"
g3sempre_1k_iii,rif,1000,3.818,3,100k,B1,FIXJACK2,2.073e-12,8.760510,,sotto,"riferimento sempre in mute, da 0,5 s"
g10mai_20_iii,rif,20,3.818,10,100k,C_pav,MAINJACK,0.0003563,1.074677,,sotto,"pavimento di C a 1.000 s, cond 7.22"
g10mai_20_iii,rif,20,3.818,10,100k,C_pav,MAINJACK,0.0003563,5.524677,,sotto,"pavimento di C a 5.500 s, cond 7.22"
g10mai_20_iii,rif,20,3.818,10,100k,C_pav,FIXJACK1,1.415e-06,1.047844,,sotto,"pavimento di C a 1.000 s, cond 7.22"
g10mai_20_iii,rif,20,3.818,10,100k,C_pav,FIXJACK1,1.415e-06,5.497844,,sotto,"pavimento di C a 5.500 s, cond 7.22"
g10mai_20_iii,rif,20,3.818,10,100k,C_pav,FIXJACK2,1.415e-06,1.047844,,sotto,"pavimento di C a 1.000 s, cond 7.22"
g10mai_20_iii,rif,20,3.818,10,100k,C_pav,FIXJACK2,1.415e-06,5.497844,,sotto,"pavimento di C a 5.500 s, cond 7.22"
g10sempre_20_iii,rif,20,3.818,10,100k,B1,MAINJACK,2.975e-15,19.122427,,sotto,"riferimento sempre in mute, da 0,5 s"
g10sempre_20_iii,rif,20,3.818,10,100k,B1,FIXJACK1,2.056e-15,2.222365,,sotto,"riferimento sempre in mute, da 0,5 s"
g10sempre_20_iii,rif,20,3.818,10,100k,B1,FIXJACK2,1.548e-15,8.872469,,sotto,"riferimento sempre in mute, da 0,5 s"
g0mai_20_iii,rif,20,3.818,0,100k,C_pav,MAINJACK,1.415e-06,1.147833,,sotto,"pavimento di C a 1.000 s, cond 7.22"
g0mai_20_iii,rif,20,3.818,0,100k,C_pav,MAINJACK,1.415e-06,5.547833,,sotto,"pavimento di C a 5.500 s, cond 7.22"
g0mai_20_iii,rif,20,3.818,0,100k,C_pav,FIXJACK1,1.415e-06,1.047854,,sotto,"pavimento di C a 1.000 s, cond 7.22"
g0mai_20_iii,rif,20,3.818,0,100k,C_pav,FIXJACK1,1.415e-06,5.547844,,sotto,"pavimento di C a 5.500 s, cond 7.22"
g0mai_20_iii,rif,20,3.818,0,100k,C_pav,FIXJACK2,1.415e-06,1.047854,,sotto,"pavimento di C a 1.000 s, cond 7.22"
g0mai_20_iii,rif,20,3.818,0,100k,C_pav,FIXJACK2,1.415e-06,5.547844,,sotto,"pavimento di C a 5.500 s, cond 7.22"
g0sempre_20_iii,rif,20,3.818,0,100k,B1,MAINJACK,2.411e-15,12.372490,,sotto,"riferimento sempre in mute, da 0,5 s"
g0sempre_20_iii,rif,20,3.818,0,100k,B1,FIXJACK1,2.692e-15,12.972417,,sotto,"riferimento sempre in mute, da 0,5 s"
g0sempre_20_iii,rif,20,3.818,0,100k,B1,FIXJACK2,1.724e-15,12.972417,,sotto,"riferimento sempre in mute, da 0,5 s"
g3mai_20_iii,rif,20,3.818,3,100k,C_pav,MAINJACK,3.102e-06,1.097990,,sotto,"pavimento di C a 1.000 s, cond 7.22"
g3mai_20_iii,rif,20,3.818,3,100k,C_pav,MAINJACK,3.102e-06,5.497990,,sotto,"pavimento di C a 5.500 s, cond 7.22"
g3mai_20_iii,rif,20,3.818,3,100k,C_pav,FIXJACK1,1.415e-06,1.097844,,sotto,"pavimento di C a 1.000 s, cond 7.22"
g3mai_20_iii,rif,20,3.818,3,100k,C_pav,FIXJACK1,1.415e-06,5.497844,,sotto,"pavimento di C a 5.500 s, cond 7.22"
g3mai_20_iii,rif,20,3.818,3,100k,C_pav,FIXJACK2,1.415e-06,1.097844,,sotto,"pavimento di C a 1.000 s, cond 7.22"
g3mai_20_iii,rif,20,3.818,3,100k,C_pav,FIXJACK2,1.415e-06,5.497844,,sotto,"pavimento di C a 5.500 s, cond 7.22"
g3sempre_20_iii,rif,20,3.818,3,100k,B1,MAINJACK,3.335e-15,0.972396,,sotto,"riferimento sempre in mute, da 0,5 s"
g3sempre_20_iii,rif,20,3.818,3,100k,B1,FIXJACK1,1.739e-15,9.072396,,sotto,"riferimento sempre in mute, da 0,5 s"
g3sempre_20_iii,rif,20,3.818,3,100k,B1,FIXJACK2,1.546e-15,4.722448,,sotto,"riferimento sempre in mute, da 0,5 s"
g10sempre_lz_iii,rif,1000,0,10,100k,B1,MAINJACK,5.2e-17,0.737260,,sotto,"riferimento sempre in mute, da 0,5 s"
g10sempre_lz_iii,rif,1000,0,10,100k,B1,FIXJACK1,2.082e-17,28.674552,,sotto,"riferimento sempre in mute, da 0,5 s"
g10sempre_lz_iii,rif,1000,0,10,100k,B1,FIXJACK2,4.845e-17,10.924302,,sotto,"riferimento sempre in mute, da 0,5 s"
g0sempre_lz_iii,rif,1000,0,0,100k,B1,MAINJACK,1.911e-17,7.193583,,sotto,"riferimento sempre in mute, da 0,5 s"
g0sempre_lz_iii,rif,1000,0,0,100k,B1,FIXJACK1,2.02e-17,9.123333,,sotto,"riferimento sempre in mute, da 0,5 s"
g0sempre_lz_iii,rif,1000,0,0,100k,B1,FIXJACK2,4.589e-17,12.561333,,sotto,"riferimento sempre in mute, da 0,5 s"
g3sempre_lz_iii,rif,1000,0,3,100k,B1,MAINJACK,2.421e-17,12.927583,,sotto,"riferimento sempre in mute, da 0,5 s"
g3sempre_lz_iii,rif,1000,0,3,100k,B1,FIXJACK1,2.118e-17,0.512583,,sotto,"riferimento sempre in mute, da 0,5 s"
g3sempre_lz_iii,rif,1000,0,3,100k,B1,FIXJACK2,4.703e-17,10.353333,,sotto,"riferimento sempre in mute, da 0,5 s"
t6mai_1k_iii,rif,1000,3.818,10,100k,C_pav,MAINJACK,6.576e-05,1.196156,,sotto,"pavimento di C a 1.000 s, cond 1"
t6mai_1k_iii,rif,1000,3.818,10,100k,C_pav,MAINJACK,6.576e-05,5.696156,,sotto,"pavimento di C a 5.500 s, cond 1"
t6mai_1k_iii,rif,1000,3.818,10,100k,C_pav,FIXJACK1,1.926e-05,1.178156,,sotto,"pavimento di C a 1.000 s, cond 1"
t6mai_1k_iii,rif,1000,3.818,10,100k,C_pav,FIXJACK1,1.926e-05,5.696156,,sotto,"pavimento di C a 5.500 s, cond 1"
t6mai_1k_iii,rif,1000,3.818,10,100k,C_pav,FIXJACK2,1.926e-05,1.196156,,sotto,"pavimento di C a 1.000 s, cond 1"
t6mai_1k_iii,rif,1000,3.818,10,100k,C_pav,FIXJACK2,1.926e-05,5.480156,,sotto,"pavimento di C a 5.500 s, cond 1"
t6sempre_1k_iii,rif,1000,3.818,10,100k,B1,MAINJACK,2.335e-12,5.345573,,sotto,"riferimento sempre in mute, da 0,5 s"
t6sempre_1k_iii,rif,1000,3.818,10,100k,B1,FIXJACK1,2.019e-12,5.461083,,sotto,"riferimento sempre in mute, da 0,5 s"
t6sempre_1k_iii,rif,1000,3.818,10,100k,B1,FIXJACK2,2.019e-12,5.461083,,sotto,"riferimento sempre in mute, da 0,5 s"
t12mai_1k_iii,rif,1000,3.818,10,100k,C_pav,MAINJACK,1.997e-05,1.078167,,sotto,"pavimento di C a 1.000 s, cond 1"
t12mai_1k_iii,rif,1000,3.818,10,100k,C_pav,MAINJACK,1.997e-05,5.631167,,sotto,"pavimento di C a 5.500 s, cond 1"
t12mai_1k_iii,rif,1000,3.818,10,100k,C_pav,FIXJACK1,1.925e-05,1.018156,,sotto,"pavimento di C a 1.000 s, cond 1"
t12mai_1k_iii,rif,1000,3.818,10,100k,C_pav,FIXJACK1,1.925e-05,5.657156,,sotto,"pavimento di C a 5.500 s, cond 1"
t12mai_1k_iii,rif,1000,3.818,10,100k,C_pav,FIXJACK2,1.925e-05,1.018156,,sotto,"pavimento di C a 1.000 s, cond 1"
t12mai_1k_iii,rif,1000,3.818,10,100k,C_pav,FIXJACK2,1.925e-05,5.657156,,sotto,"pavimento di C a 5.500 s, cond 1"
t12sempre_1k_iii,rif,1000,3.818,10,100k,B1,MAINJACK,1.171e-12,10.927552,,sotto,"riferimento sempre in mute, da 0,5 s"
t12sempre_1k_iii,rif,1000,3.818,10,100k,B1,FIXJACK1,1.996e-12,5.978542,,sotto,"riferimento sempre in mute, da 0,5 s"
t12sempre_1k_iii,rif,1000,3.818,10,100k,B1,FIXJACK2,1.996e-12,5.978542,,sotto,"riferimento sempre in mute, da 0,5 s"
t6sempre_lz_iii,rif,1000,0,10,100k,B1,MAINJACK,4.591e-17,6.257333,,sotto,"riferimento sempre in mute, da 0,5 s"
t6sempre_lz_iii,rif,1000,0,10,100k,B1,FIXJACK1,2.128e-17,8.573333,,sotto,"riferimento sempre in mute, da 0,5 s"
t6sempre_lz_iii,rif,1000,0,10,100k,B1,FIXJACK2,4.579e-17,2.644833,,sotto,"riferimento sempre in mute, da 0,5 s"
t12sempre_lz_iii,rif,1000,0,10,100k,B1,MAINJACK,3.487e-17,7.260333,,sotto,"riferimento sempre in mute, da 0,5 s"
t12sempre_lz_iii,rif,1000,0,10,100k,B1,FIXJACK1,2.066e-17,3.133333,,sotto,"riferimento sempre in mute, da 0,5 s"
t12sempre_lz_iii,rif,1000,0,10,100k,B1,FIXJACK2,4.225e-17,3.737052,,sotto,"riferimento sempre in mute, da 0,5 s"
rsempre_g10t0_dpamax_iii,rif_dpamax,1000,0,10,100k,B1,MAINJACK,5.17e-17,2.826333,,sotto,"riferimento sempre in mute, da 0,5 s"
rsempre_g10t0_dpamax_iii,rif_dpamax,1000,0,10,100k,B1,FIXJACK1,1.787e-17,8.045583,,sotto,"riferimento sempre in mute, da 0,5 s"
rsempre_g10t0_dpamax_iii,rif_dpamax,1000,0,10,100k,B1,FIXJACK2,4.673e-17,2.523583,,sotto,"riferimento sempre in mute, da 0,5 s"
rsempre_g0t0_dpamax_iii,rif_dpamax,1000,0,0,100k,B1,MAINJACK,1.637e-17,8.950083,,sotto,"riferimento sempre in mute, da 0,5 s"
rsempre_g0t0_dpamax_iii,rif_dpamax,1000,0,0,100k,B1,FIXJACK1,1.925e-17,2.171333,,sotto,"riferimento sempre in mute, da 0,5 s"
rsempre_g0t0_dpamax_iii,rif_dpamax,1000,0,0,100k,B1,FIXJACK2,4.477e-17,3.977063,,sotto,"riferimento sempre in mute, da 0,5 s"
rsempre_g10t12_dpamax_iii,rif_dpamax,1000,0,10,100k,B1,MAINJACK,4.056e-17,9.357313,,sotto,"riferimento sempre in mute, da 0,5 s"
rsempre_g10t12_dpamax_iii,rif_dpamax,1000,0,10,100k,B1,FIXJACK1,1.95e-17,8.954583,,sotto,"riferimento sempre in mute, da 0,5 s"
rsempre_g10t12_dpamax_iii,rif_dpamax,1000,0,10,100k,B1,FIXJACK2,4.438e-17,1.645333,,sotto,"riferimento sempre in mute, da 0,5 s"
rsempre_g10t0_dpminmax_iii,rif_dpminmax,1000,0,10,100k,B1,MAINJACK,5.06e-17,3.575896,,sotto,"riferimento sempre in mute, da 0,5 s"
rsempre_g10t0_dpminmax_iii,rif_dpminmax,1000,0,10,100k,B1,FIXJACK1,2.188e-17,9.151083,,sotto,"riferimento sempre in mute, da 0,5 s"
rsempre_g10t0_dpminmax_iii,rif_dpminmax,1000,0,10,100k,B1,FIXJACK2,2.194e-17,5.853583,,sotto,"riferimento sempre in mute, da 0,5 s"
rsempre_g0t0_dpminmax_iii,rif_dpminmax,1000,0,0,100k,B1,MAINJACK,1.82e-17,2.416583,,sotto,"riferimento sempre in mute, da 0,5 s"
rsempre_g0t0_dpminmax_iii,rif_dpminmax,1000,0,0,100k,B1,FIXJACK1,2.062e-17,11.334073,,sotto,"riferimento sempre in mute, da 0,5 s"
rsempre_g0t0_dpminmax_iii,rif_dpminmax,1000,0,0,100k,B1,FIXJACK2,2.329e-17,11.201844,,sotto,"riferimento sempre in mute, da 0,5 s"
rsempre_g10t12_dpminmax_iii,rif_dpminmax,1000,0,10,100k,B1,MAINJACK,3.932e-17,9.502333,,sotto,"riferimento sempre in mute, da 0,5 s"
rsempre_g10t12_dpminmax_iii,rif_dpminmax,1000,0,10,100k,B1,FIXJACK1,2.232e-17,6.434583,,sotto,"riferimento sempre in mute, da 0,5 s"
rsempre_g10t12_dpminmax_iii,rif_dpminmax,1000,0,10,100k,B1,FIXJACK2,2.149e-17,12.631333,,sotto,"riferimento sempre in mute, da 0,5 s"
rsempre_g10t0_dpmaxmax_iii,rif_dpmaxmax,1000,0,10,100k,B1,MAINJACK,4.903e-17,2.365323,,sotto,"riferimento sempre in mute, da 0,5 s"
rsempre_g10t0_dpmaxmax_iii,rif_dpmaxmax,1000,0,10,100k,B1,FIXJACK1,2.182e-17,10.720469,,sotto,"riferimento sempre in mute, da 0,5 s"
rsempre_g10t0_dpmaxmax_iii,rif_dpmaxmax,1000,0,10,100k,B1,FIXJACK2,2.215e-17,7.642219,,sotto,"riferimento sempre in mute, da 0,5 s"
rsempre_g0t0_dpmaxmax_iii,rif_dpmaxmax,1000,0,0,100k,B1,MAINJACK,2.157e-17,3.514219,,sotto,"riferimento sempre in mute, da 0,5 s"
rsempre_g0t0_dpmaxmax_iii,rif_dpmaxmax,1000,0,0,100k,B1,FIXJACK1,2.267e-17,4.849469,,sotto,"riferimento sempre in mute, da 0,5 s"
rsempre_g0t0_dpmaxmax_iii,rif_dpmaxmax,1000,0,0,100k,B1,FIXJACK2,2.298e-17,11.593719,,sotto,"riferimento sempre in mute, da 0,5 s"
rsempre_g10t12_dpmaxmax_iii,rif_dpmaxmax,1000,0,10,100k,B1,MAINJACK,4.231e-17,7.113042,,sotto,"riferimento sempre in mute, da 0,5 s"
rsempre_g10t12_dpmaxmax_iii,rif_dpmaxmax,1000,0,10,100k,B1,FIXJACK1,2.842e-17,10.766052,,sotto,"riferimento sempre in mute, da 0,5 s"
rsempre_g10t12_dpmaxmax_iii,rif_dpmaxmax,1000,0,10,100k,B1,FIXJACK2,2.174e-17,11.578552,,sotto,"riferimento sempre in mute, da 0,5 s"
